#dataset	row_id	split	licence	reason
multifinben-englishocr	train-00000-of-00008.parquet#000000	score	Apache-2.0	pages/finfilings scoring corpus; permanent (PLAN.md section 2c)
multifinben-englishocr	train-00000-of-00008.parquet#000002	excluded	Apache-2.0	identical transcript text (sha1 ccf6262e193aaac3fd275145078d1b5e11f8f688) to a pages/finfilings score row; treated as the same source document -- the dataset carries no document-id column to check directly
multifinben-englishocr	train-00000-of-00008.parquet#000011	score	Apache-2.0	pages/finfilings scoring corpus; permanent (PLAN.md section 2c)
multifinben-englishocr	train-00000-of-00008.parquet#000015	validation	Apache-2.0	deterministic hash-of-row-id sample of the post-exclusion candidate pool, target ~100 rows
multifinben-englishocr	train-00000-of-00008.parquet#000019	train	Apache-2.0	deterministic hash-of-row-id sample of the post-exclusion candidate pool, target ~400 rows
multifinben-englishocr	train-00000-of-00008.parquet#000022	score	Apache-2.0	pages/finfilings scoring corpus; permanent (PLAN.md section 2c)
multifinben-englishocr	train-00000-of-00008.parquet#000026	train	Apache-2.0	deterministic hash-of-row-id sample of the post-exclusion candidate pool, target ~400 rows
multifinben-englishocr	train-00000-of-00008.parquet#000033	score	Apache-2.0	pages/finfilings scoring corpus; permanent (PLAN.md section 2c)
multifinben-englishocr	train-00000-of-00008.parquet#000038	validation	Apache-2.0	deterministic hash-of-row-id sample of the post-exclusion candidate pool, target ~100 rows
multifinben-englishocr	train-00000-of-00008.parquet#000040	train	Apache-2.0	deterministic hash-of-row-id sample of the post-exclusion candidate pool, target ~400 rows
multifinben-englishocr	train-00000-of-00008.parquet#000044	score	Apache-2.0	pages/finfilings scoring corpus; permanent (PLAN.md section 2c)
multifinben-englishocr	train-00000-of-00008.parquet#000055	score	Apache-2.0	pages/finfilings scoring corpus; permanent (PLAN.md section 2c)
multifinben-englishocr	train-00000-of-00008.parquet#000058	excluded	Apache-2.0	identical transcript text (sha1 3491afd3418c2a1836bb4cfc20cbf2f7ec98ae79) to a pages/finfilings score row; treated as the same source document -- the dataset carries no document-id column to check directly
multifinben-englishocr	train-00000-of-00008.parquet#000066	score	Apache-2.0	pages/finfilings scoring corpus; permanent (PLAN.md section 2c)
multifinben-englishocr	train-00000-of-00008.parquet#000068	excluded	Apache-2.0	identical transcript text (sha1 3b955b3a67e0f84d4888f827562f9aada0836eac) to a pages/finfilings score row; treated as the same source document -- the dataset carries no document-id column to check directly
multifinben-englishocr	train-00000-of-00008.parquet#000074	train	Apache-2.0	deterministic hash-of-row-id sample of the post-exclusion candidate pool, target ~400 rows
multifinben-englishocr	train-00000-of-00008.parquet#000077	score	Apache-2.0	pages/finfilings scoring corpus; permanent (PLAN.md section 2c)
multifinben-englishocr	train-00000-of-00008.parquet#000088	score	Apache-2.0	pages/finfilings scoring corpus; permanent (PLAN.md section 2c)
multifinben-englishocr	train-00000-of-00008.parquet#000096	train	Apache-2.0	deterministic hash-of-row-id sample of the post-exclusion candidate pool, target ~400 rows
multifinben-englishocr	train-00000-of-00008.parquet#000099	score	Apache-2.0	pages/finfilings scoring corpus; permanent (PLAN.md section 2c)
multifinben-englishocr	train-00000-of-00008.parquet#000110	score	Apache-2.0	pages/finfilings scoring corpus; permanent (PLAN.md section 2c)
multifinben-englishocr	train-00000-of-00008.parquet#000116	train	Apache-2.0	deterministic hash-of-row-id sample of the post-exclusion candidate pool, target ~400 rows
multifinben-englishocr	train-00000-of-00008.parquet#000121	score	Apache-2.0	pages/finfilings scoring corpus; permanent (PLAN.md section 2c)
multifinben-englishocr	train-00000-of-00008.parquet#000127	excluded	Apache-2.0	identical transcript text (sha1 717a053c4f9b9911984dfdc96d378b9011643f46) to a pages/finfilings score row; treated as the same source document -- the dataset carries no document-id column to check directly
multifinben-englishocr	train-00000-of-00008.parquet#000128	train	Apache-2.0	deterministic hash-of-row-id sample of the post-exclusion candidate pool, target ~400 rows
multifinben-englishocr	train-00000-of-00008.parquet#000132	score	Apache-2.0	pages/finfilings scoring corpus; permanent (PLAN.md section 2c)
multifinben-englishocr	train-00000-of-00008.parquet#000134	train	Apache-2.0	deterministic hash-of-row-id sample of the post-exclusion candidate pool, target ~400 rows
multifinben-englishocr	train-00000-of-00008.parquet#000136	train	Apache-2.0	deterministic hash-of-row-id sample of the post-exclusion candidate pool, target ~400 rows
multifinben-englishocr	train-00000-of-00008.parquet#000143	score	Apache-2.0	pages/finfilings scoring corpus; permanent (PLAN.md section 2c)
multifinben-englishocr	train-00000-of-00008.parquet#000152	validation	Apache-2.0	deterministic hash-of-row-id sample of the post-exclusion candidate pool, target ~100 rows
multifinben-englishocr	train-00000-of-00008.parquet#000154	score	Apache-2.0	pages/finfilings scoring corpus; permanent (PLAN.md section 2c)
multifinben-englishocr	train-00000-of-00008.parquet#000165	score	Apache-2.0	pages/finfilings scoring corpus; permanent (PLAN.md section 2c)
multifinben-englishocr	train-00000-of-00008.parquet#000166	train	Apache-2.0	deterministic hash-of-row-id sample of the post-exclusion candidate pool, target ~400 rows
multifinben-englishocr	train-00000-of-00008.parquet#000174	train	Apache-2.0	deterministic hash-of-row-id sample of the post-exclusion candidate pool, target ~400 rows
multifinben-englishocr	train-00000-of-00008.parquet#000175	excluded	Apache-2.0	identical transcript text (sha1 717a053c4f9b9911984dfdc96d378b9011643f46) to a pages/finfilings score row; treated as the same source document -- the dataset carries no document-id column to check directly
multifinben-englishocr	train-00000-of-00008.parquet#000176	score	Apache-2.0	pages/finfilings scoring corpus; permanent (PLAN.md section 2c)
multifinben-englishocr	train-00000-of-00008.parquet#000178	train	Apache-2.0	deterministic hash-of-row-id sample of the post-exclusion candidate pool, target ~400 rows
multifinben-englishocr	train-00000-of-00008.parquet#000187	score	Apache-2.0	pages/finfilings scoring corpus; permanent (PLAN.md section 2c)
multifinben-englishocr	train-00000-of-00008.parquet#000189	train	Apache-2.0	deterministic hash-of-row-id sample of the post-exclusion candidate pool, target ~400 rows
multifinben-englishocr	train-00000-of-00008.parquet#000192	excluded	Apache-2.0	identical transcript text (sha1 8291d73a5dd786efb7b3b81b47c690673d0acda8) to a pages/finfilings score row; treated as the same source document -- the dataset carries no document-id column to check directly
multifinben-englishocr	train-00000-of-00008.parquet#000198	score	Apache-2.0	pages/finfilings scoring corpus; permanent (PLAN.md section 2c)
multifinben-englishocr	train-00000-of-00008.parquet#000201	train	Apache-2.0	deterministic hash-of-row-id sample of the post-exclusion candidate pool, target ~400 rows
multifinben-englishocr	train-00000-of-00008.parquet#000202	excluded	Apache-2.0	identical transcript text (sha1 3491afd3418c2a1836bb4cfc20cbf2f7ec98ae79) to a pages/finfilings score row; treated as the same source document -- the dataset carries no document-id column to check directly
multifinben-englishocr	train-00000-of-00008.parquet#000209	score	Apache-2.0	pages/finfilings scoring corpus; permanent (PLAN.md section 2c)
multifinben-englishocr	train-00000-of-00008.parquet#000212	excluded	Apache-2.0	identical transcript text (sha1 3b955b3a67e0f84d4888f827562f9aada0836eac) to a pages/finfilings score row; treated as the same source document -- the dataset carries no document-id column to check directly
multifinben-englishocr	train-00000-of-00008.parquet#000220	score	Apache-2.0	pages/finfilings scoring corpus; permanent (PLAN.md section 2c)
multifinben-englishocr	train-00000-of-00008.parquet#000223	excluded	Apache-2.0	identical transcript text (sha1 717a053c4f9b9911984dfdc96d378b9011643f46) to a pages/finfilings score row; treated as the same source document -- the dataset carries no document-id column to check directly
multifinben-englishocr	train-00000-of-00008.parquet#000230	excluded	Apache-2.0	identical transcript text (sha1 3491afd3418c2a1836bb4cfc20cbf2f7ec98ae79) to a pages/finfilings score row; treated as the same source document -- the dataset carries no document-id column to check directly
multifinben-englishocr	train-00000-of-00008.parquet#000231	score	Apache-2.0	pages/finfilings scoring corpus; permanent (PLAN.md section 2c)
multifinben-englishocr	train-00000-of-00008.parquet#000234	train	Apache-2.0	deterministic hash-of-row-id sample of the post-exclusion candidate pool, target ~400 rows
multifinben-englishocr	train-00000-of-00008.parquet#000237	excluded	Apache-2.0	identical transcript text (sha1 fdcd4cf0a691e50247b7738542af9510796bab02) to a pages/finfilings score row; treated as the same source document -- the dataset carries no document-id column to check directly
multifinben-englishocr	train-00000-of-00008.parquet#000240	excluded	Apache-2.0	identical transcript text (sha1 3b955b3a67e0f84d4888f827562f9aada0836eac) to a pages/finfilings score row; treated as the same source document -- the dataset carries no document-id column to check directly
multifinben-englishocr	train-00000-of-00008.parquet#000242	score	Apache-2.0	pages/finfilings scoring corpus; permanent (PLAN.md section 2c)
multifinben-englishocr	train-00000-of-00008.parquet#000250	train	Apache-2.0	deterministic hash-of-row-id sample of the post-exclusion candidate pool, target ~400 rows
multifinben-englishocr	train-00000-of-00008.parquet#000252	excluded	Apache-2.0	identical transcript text (sha1 bec1c3842fe50d5d2e6e6af32a01f58a326cc746) to a pages/finfilings score row; treated as the same source document -- the dataset carries no document-id column to check directly
multifinben-englishocr	train-00000-of-00008.parquet#000253	score	Apache-2.0	pages/finfilings scoring corpus; permanent (PLAN.md section 2c)
multifinben-englishocr	train-00000-of-00008.parquet#000258	train	Apache-2.0	deterministic hash-of-row-id sample of the post-exclusion candidate pool, target ~400 rows
multifinben-englishocr	train-00000-of-00008.parquet#000261	train	Apache-2.0	deterministic hash-of-row-id sample of the post-exclusion candidate pool, target ~400 rows
multifinben-englishocr	train-00000-of-00008.parquet#000264	score	Apache-2.0	pages/finfilings scoring corpus; permanent (PLAN.md section 2c)
multifinben-englishocr	train-00000-of-00008.parquet#000275	score	Apache-2.0	pages/finfilings scoring corpus; permanent (PLAN.md section 2c)
multifinben-englishocr	train-00000-of-00008.parquet#000286	score	Apache-2.0	pages/finfilings scoring corpus; permanent (PLAN.md section 2c)
multifinben-englishocr	train-00000-of-00008.parquet#000288	train	Apache-2.0	deterministic hash-of-row-id sample of the post-exclusion candidate pool, target ~400 rows
multifinben-englishocr	train-00000-of-00008.parquet#000293	train	Apache-2.0	deterministic hash-of-row-id sample of the post-exclusion candidate pool, target ~400 rows
multifinben-englishocr	train-00000-of-00008.parquet#000296	excluded	Apache-2.0	identical transcript text (sha1 3b955b3a67e0f84d4888f827562f9aada0836eac) to a pages/finfilings score row; treated as the same source document -- the dataset carries no document-id column to check directly
multifinben-englishocr	train-00000-of-00008.parquet#000297	score	Apache-2.0	pages/finfilings scoring corpus; permanent (PLAN.md section 2c)
multifinben-englishocr	train-00000-of-00008.parquet#000298	excluded	Apache-2.0	identical transcript text (sha1 868ea01079978fa814d37064ba962f0ab161f64b) to a pages/finfilings score row; treated as the same source document -- the dataset carries no document-id column to check directly
multifinben-englishocr	train-00000-of-00008.parquet#000307	train	Apache-2.0	deterministic hash-of-row-id sample of the post-exclusion candidate pool, target ~400 rows
multifinben-englishocr	train-00000-of-00008.parquet#000308	score	Apache-2.0	pages/finfilings scoring corpus; permanent (PLAN.md section 2c)
multifinben-englishocr	train-00000-of-00008.parquet#000319	score	Apache-2.0	pages/finfilings scoring corpus; permanent (PLAN.md section 2c)
multifinben-englishocr	train-00000-of-00008.parquet#000330	score	Apache-2.0	pages/finfilings scoring corpus; permanent (PLAN.md section 2c)
multifinben-englishocr	train-00000-of-00008.parquet#000334	excluded	Apache-2.0	identical transcript text (sha1 3491afd3418c2a1836bb4cfc20cbf2f7ec98ae79) to a pages/finfilings score row; treated as the same source document -- the dataset carries no document-id column to check directly
multifinben-englishocr	train-00000-of-00008.parquet#000338	train	Apache-2.0	deterministic hash-of-row-id sample of the post-exclusion candidate pool, target ~400 rows
multifinben-englishocr	train-00000-of-00008.parquet#000341	score	Apache-2.0	pages/finfilings scoring corpus; permanent (PLAN.md section 2c)
multifinben-englishocr	train-00000-of-00008.parquet#000352	score	Apache-2.0	pages/finfilings scoring corpus; permanent (PLAN.md section 2c)
multifinben-englishocr	train-00000-of-00008.parquet#000363	score	Apache-2.0	pages/finfilings scoring corpus; permanent (PLAN.md section 2c)
multifinben-englishocr	train-00000-of-00008.parquet#000370	excluded	Apache-2.0	identical transcript text (sha1 3491afd3418c2a1836bb4cfc20cbf2f7ec98ae79) to a pages/finfilings score row; treated as the same source document -- the dataset carries no document-id column to check directly
multifinben-englishocr	train-00000-of-00008.parquet#000374	score	Apache-2.0	pages/finfilings scoring corpus; permanent (PLAN.md section 2c)
multifinben-englishocr	train-00000-of-00008.parquet#000382	validation	Apache-2.0	deterministic hash-of-row-id sample of the post-exclusion candidate pool, target ~100 rows
multifinben-englishocr	train-00000-of-00008.parquet#000385	score	Apache-2.0	pages/finfilings scoring corpus; permanent (PLAN.md section 2c)
multifinben-englishocr	train-00000-of-00008.parquet#000387	validation	Apache-2.0	deterministic hash-of-row-id sample of the post-exclusion candidate pool, target ~100 rows
multifinben-englishocr	train-00000-of-00008.parquet#000396	score	Apache-2.0	pages/finfilings scoring corpus; permanent (PLAN.md section 2c)
multifinben-englishocr	train-00000-of-00008.parquet#000406	validation	Apache-2.0	deterministic hash-of-row-id sample of the post-exclusion candidate pool, target ~100 rows
multifinben-englishocr	train-00000-of-00008.parquet#000407	score	Apache-2.0	pages/finfilings scoring corpus; permanent (PLAN.md section 2c)
multifinben-englishocr	train-00000-of-00008.parquet#000418	score	Apache-2.0	pages/finfilings scoring corpus; permanent (PLAN.md section 2c)
multifinben-englishocr	train-00000-of-00008.parquet#000424	train	Apache-2.0	deterministic hash-of-row-id sample of the post-exclusion candidate pool, target ~400 rows
multifinben-englishocr	train-00000-of-00008.parquet#000429	score	Apache-2.0	pages/finfilings scoring corpus; permanent (PLAN.md section 2c)
multifinben-englishocr	train-00000-of-00008.parquet#000434	excluded	Apache-2.0	129 chars after whitespace normalisation, below the 200-char corpus min-chars floor (parquet_corpus.py's own --min-chars default)
multifinben-englishocr	train-00000-of-00008.parquet#000435	train	Apache-2.0	deterministic hash-of-row-id sample of the post-exclusion candidate pool, target ~400 rows
multifinben-englishocr	train-00000-of-00008.parquet#000440	score	Apache-2.0	pages/finfilings scoring corpus; permanent (PLAN.md section 2c)
multifinben-englishocr	train-00000-of-00008.parquet#000443	train	Apache-2.0	deterministic hash-of-row-id sample of the post-exclusion candidate pool, target ~400 rows
multifinben-englishocr	train-00000-of-00008.parquet#000445	train	Apache-2.0	deterministic hash-of-row-id sample of the post-exclusion candidate pool, target ~400 rows
multifinben-englishocr	train-00000-of-00008.parquet#000451	score	Apache-2.0	pages/finfilings scoring corpus; permanent (PLAN.md section 2c)
multifinben-englishocr	train-00000-of-00008.parquet#000453	excluded	Apache-2.0	149 chars after whitespace normalisation, below the 200-char corpus min-chars floor (parquet_corpus.py's own --min-chars default)
multifinben-englishocr	train-00000-of-00008.parquet#000454	excluded	Apache-2.0	192 chars after whitespace normalisation, below the 200-char corpus min-chars floor (parquet_corpus.py's own --min-chars default)
multifinben-englishocr	train-00000-of-00008.parquet#000462	score	Apache-2.0	pages/finfilings scoring corpus; permanent (PLAN.md section 2c)
multifinben-englishocr	train-00000-of-00008.parquet#000465	train	Apache-2.0	deterministic hash-of-row-id sample of the post-exclusion candidate pool, target ~400 rows
multifinben-englishocr	train-00000-of-00008.parquet#000473	score	Apache-2.0	pages/finfilings scoring corpus; permanent (PLAN.md section 2c)
multifinben-englishocr	train-00000-of-00008.parquet#000479	train	Apache-2.0	deterministic hash-of-row-id sample of the post-exclusion candidate pool, target ~400 rows
multifinben-englishocr	train-00000-of-00008.parquet#000481	train	Apache-2.0	deterministic hash-of-row-id sample of the post-exclusion candidate pool, target ~400 rows
multifinben-englishocr	train-00000-of-00008.parquet#000482	validation	Apache-2.0	deterministic hash-of-row-id sample of the post-exclusion candidate pool, target ~100 rows
multifinben-englishocr	train-00000-of-00008.parquet#000484	score	Apache-2.0	pages/finfilings scoring corpus; permanent (PLAN.md section 2c)
multifinben-englishocr	train-00000-of-00008.parquet#000487	excluded	Apache-2.0	82 chars after whitespace normalisation, below the 200-char corpus min-chars floor (parquet_corpus.py's own --min-chars default)
multifinben-englishocr	train-00000-of-00008.parquet#000491	train	Apache-2.0	deterministic hash-of-row-id sample of the post-exclusion candidate pool, target ~400 rows
multifinben-englishocr	train-00000-of-00008.parquet#000495	score	Apache-2.0	pages/finfilings scoring corpus; permanent (PLAN.md section 2c)
multifinben-englishocr	train-00000-of-00008.parquet#000501	train	Apache-2.0	deterministic hash-of-row-id sample of the post-exclusion candidate pool, target ~400 rows
multifinben-englishocr	train-00000-of-00008.parquet#000506	excluded	Apache-2.0	102 chars after whitespace normalisation, below the 200-char corpus min-chars floor (parquet_corpus.py's own --min-chars default)
multifinben-englishocr	train-00000-of-00008.parquet#000512	train	Apache-2.0	deterministic hash-of-row-id sample of the post-exclusion candidate pool, target ~400 rows
multifinben-englishocr	train-00000-of-00008.parquet#000517	score	Apache-2.0	pages/finfilings scoring corpus; permanent (PLAN.md section 2c)
multifinben-englishocr	train-00000-of-00008.parquet#000519	train	Apache-2.0	deterministic hash-of-row-id sample of the post-exclusion candidate pool, target ~400 rows
multifinben-englishocr	train-00000-of-00008.parquet#000523	train	Apache-2.0	deterministic hash-of-row-id sample of the post-exclusion candidate pool, target ~400 rows
multifinben-englishocr	train-00000-of-00008.parquet#000524	train	Apache-2.0	deterministic hash-of-row-id sample of the post-exclusion candidate pool, target ~400 rows
multifinben-englishocr	train-00000-of-00008.parquet#000528	score	Apache-2.0	pages/finfilings scoring corpus; permanent (PLAN.md section 2c)
multifinben-englishocr	train-00000-of-00008.parquet#000534	train	Apache-2.0	deterministic hash-of-row-id sample of the post-exclusion candidate pool, target ~400 rows
multifinben-englishocr	train-00000-of-00008.parquet#000535	train	Apache-2.0	deterministic hash-of-row-id sample of the post-exclusion candidate pool, target ~400 rows
multifinben-englishocr	train-00000-of-00008.parquet#000539	score	Apache-2.0	pages/finfilings scoring corpus; permanent (PLAN.md section 2c)
multifinben-englishocr	train-00000-of-00008.parquet#000548	train	Apache-2.0	deterministic hash-of-row-id sample of the post-exclusion candidate pool, target ~400 rows
multifinben-englishocr	train-00000-of-00008.parquet#000550	score	Apache-2.0	pages/finfilings scoring corpus; permanent (PLAN.md section 2c)
multifinben-englishocr	train-00000-of-00008.parquet#000551	train	Apache-2.0	deterministic hash-of-row-id sample of the post-exclusion candidate pool, target ~400 rows
multifinben-englishocr	train-00000-of-00008.parquet#000561	score	Apache-2.0	pages/finfilings scoring corpus; permanent (PLAN.md section 2c)
multifinben-englishocr	train-00000-of-00008.parquet#000563	train	Apache-2.0	deterministic hash-of-row-id sample of the post-exclusion candidate pool, target ~400 rows
multifinben-englishocr	train-00000-of-00008.parquet#000572	score	Apache-2.0	pages/finfilings scoring corpus; permanent (PLAN.md section 2c)
multifinben-englishocr	train-00000-of-00008.parquet#000581	excluded	Apache-2.0	154 chars after whitespace normalisation, below the 200-char corpus min-chars floor (parquet_corpus.py's own --min-chars default)
multifinben-englishocr	train-00000-of-00008.parquet#000583	score	Apache-2.0	pages/finfilings scoring corpus; permanent (PLAN.md section 2c)
multifinben-englishocr	train-00000-of-00008.parquet#000594	score	Apache-2.0	pages/finfilings scoring corpus; permanent (PLAN.md section 2c)
multifinben-englishocr	train-00000-of-00008.parquet#000605	score	Apache-2.0	pages/finfilings scoring corpus; permanent (PLAN.md section 2c)
multifinben-englishocr	train-00000-of-00008.parquet#000610	train	Apache-2.0	deterministic hash-of-row-id sample of the post-exclusion candidate pool, target ~400 rows
multifinben-englishocr	train-00000-of-00008.parquet#000616	score	Apache-2.0	pages/finfilings scoring corpus; permanent (PLAN.md section 2c)
multifinben-englishocr	train-00000-of-00008.parquet#000618	train	Apache-2.0	deterministic hash-of-row-id sample of the post-exclusion candidate pool, target ~400 rows
multifinben-englishocr	train-00000-of-00008.parquet#000622	train	Apache-2.0	deterministic hash-of-row-id sample of the post-exclusion candidate pool, target ~400 rows
multifinben-englishocr	train-00000-of-00008.parquet#000627	score	Apache-2.0	pages/finfilings scoring corpus; permanent (PLAN.md section 2c)
multifinben-englishocr	train-00000-of-00008.parquet#000638	score	Apache-2.0	pages/finfilings scoring corpus; permanent (PLAN.md section 2c)
multifinben-englishocr	train-00000-of-00008.parquet#000649	excluded	Apache-2.0	116 chars after whitespace normalisation, below the 200-char corpus min-chars floor (parquet_corpus.py's own --min-chars default)
multifinben-englishocr	train-00000-of-00008.parquet#000660	score	Apache-2.0	pages/finfilings scoring corpus; permanent (PLAN.md section 2c)
multifinben-englishocr	train-00000-of-00008.parquet#000671	score	Apache-2.0	pages/finfilings scoring corpus; permanent (PLAN.md section 2c)
multifinben-englishocr	train-00000-of-00008.parquet#000672	excluded	Apache-2.0	88 chars after whitespace normalisation, below the 200-char corpus min-chars floor (parquet_corpus.py's own --min-chars default)
multifinben-englishocr	train-00000-of-00008.parquet#000679	excluded	Apache-2.0	84 chars after whitespace normalisation, below the 200-char corpus min-chars floor (parquet_corpus.py's own --min-chars default)
multifinben-englishocr	train-00000-of-00008.parquet#000686	validation	Apache-2.0	deterministic hash-of-row-id sample of the post-exclusion candidate pool, target ~100 rows
multifinben-englishocr	train-00000-of-00008.parquet#000690	train	Apache-2.0	deterministic hash-of-row-id sample of the post-exclusion candidate pool, target ~400 rows
multifinben-englishocr	train-00000-of-00008.parquet#000697	train	Apache-2.0	deterministic hash-of-row-id sample of the post-exclusion candidate pool, target ~400 rows
multifinben-englishocr	train-00000-of-00008.parquet#000719	excluded	Apache-2.0	23 chars after whitespace normalisation, below the 200-char corpus min-chars floor (parquet_corpus.py's own --min-chars default)
multifinben-englishocr	train-00000-of-00008.parquet#000720	excluded	Apache-2.0	23 chars after whitespace normalisation, below the 200-char corpus min-chars floor (parquet_corpus.py's own --min-chars default)
multifinben-englishocr	train-00000-of-00008.parquet#000722	train	Apache-2.0	deterministic hash-of-row-id sample of the post-exclusion candidate pool, target ~400 rows
multifinben-englishocr	train-00000-of-00008.parquet#000731	excluded	Apache-2.0	164 chars after whitespace normalisation, below the 200-char corpus min-chars floor (parquet_corpus.py's own --min-chars default)
multifinben-englishocr	train-00000-of-00008.parquet#000739	train	Apache-2.0	deterministic hash-of-row-id sample of the post-exclusion candidate pool, target ~400 rows
multifinben-englishocr	train-00000-of-00008.parquet#000741	train	Apache-2.0	deterministic hash-of-row-id sample of the post-exclusion candidate pool, target ~400 rows
multifinben-englishocr	train-00000-of-00008.parquet#000742	train	Apache-2.0	deterministic hash-of-row-id sample of the post-exclusion candidate pool, target ~400 rows
multifinben-englishocr	train-00000-of-00008.parquet#000743	train	Apache-2.0	deterministic hash-of-row-id sample of the post-exclusion candidate pool, target ~400 rows
multifinben-englishocr	train-00000-of-00008.parquet#000767	excluded	Apache-2.0	74 chars after whitespace normalisation, below the 200-char corpus min-chars floor (parquet_corpus.py's own --min-chars default)
multifinben-englishocr	train-00000-of-00008.parquet#000776	train	Apache-2.0	deterministic hash-of-row-id sample of the post-exclusion candidate pool, target ~400 rows
multifinben-englishocr	train-00000-of-00008.parquet#000785	excluded	Apache-2.0	182 chars after whitespace normalisation, below the 200-char corpus min-chars floor (parquet_corpus.py's own --min-chars default)
multifinben-englishocr	train-00000-of-00008.parquet#000789	train	Apache-2.0	deterministic hash-of-row-id sample of the post-exclusion candidate pool, target ~400 rows
multifinben-englishocr	train-00000-of-00008.parquet#000791	train	Apache-2.0	deterministic hash-of-row-id sample of the post-exclusion candidate pool, target ~400 rows
multifinben-englishocr	train-00000-of-00008.parquet#000801	validation	Apache-2.0	deterministic hash-of-row-id sample of the post-exclusion candidate pool, target ~100 rows
multifinben-englishocr	train-00000-of-00008.parquet#000815	validation	Apache-2.0	deterministic hash-of-row-id sample of the post-exclusion candidate pool, target ~100 rows
multifinben-englishocr	train-00000-of-00008.parquet#000830	train	Apache-2.0	deterministic hash-of-row-id sample of the post-exclusion candidate pool, target ~400 rows
multifinben-englishocr	train-00000-of-00008.parquet#000837	train	Apache-2.0	deterministic hash-of-row-id sample of the post-exclusion candidate pool, target ~400 rows
multifinben-englishocr	train-00000-of-00008.parquet#000848	validation	Apache-2.0	deterministic hash-of-row-id sample of the post-exclusion candidate pool, target ~100 rows
multifinben-englishocr	train-00000-of-00008.parquet#000850	train	Apache-2.0	deterministic hash-of-row-id sample of the post-exclusion candidate pool, target ~400 rows
multifinben-englishocr	train-00000-of-00008.parquet#000888	excluded	Apache-2.0	164 chars after whitespace normalisation, below the 200-char corpus min-chars floor (parquet_corpus.py's own --min-chars default)
multifinben-englishocr	train-00000-of-00008.parquet#000894	train	Apache-2.0	deterministic hash-of-row-id sample of the post-exclusion candidate pool, target ~400 rows
multifinben-englishocr	train-00000-of-00008.parquet#000907	train	Apache-2.0	deterministic hash-of-row-id sample of the post-exclusion candidate pool, target ~400 rows
multifinben-englishocr	train-00000-of-00008.parquet#000930	train	Apache-2.0	deterministic hash-of-row-id sample of the post-exclusion candidate pool, target ~400 rows
multifinben-englishocr	train-00000-of-00008.parquet#000932	train	Apache-2.0	deterministic hash-of-row-id sample of the post-exclusion candidate pool, target ~400 rows
multifinben-englishocr	train-00000-of-00008.parquet#000960	train	Apache-2.0	deterministic hash-of-row-id sample of the post-exclusion candidate pool, target ~400 rows
multifinben-englishocr	train-00000-of-00008.parquet#000964	train	Apache-2.0	deterministic hash-of-row-id sample of the post-exclusion candidate pool, target ~400 rows
multifinben-englishocr	train-00000-of-00008.parquet#000983	train	Apache-2.0	deterministic hash-of-row-id sample of the post-exclusion candidate pool, target ~400 rows
multifinben-englishocr	train-00001-of-00008.parquet#000009	excluded	Apache-2.0	141 chars after whitespace normalisation, below the 200-char corpus min-chars floor (parquet_corpus.py's own --min-chars default)
multifinben-englishocr	train-00001-of-00008.parquet#000016	train	Apache-2.0	deterministic hash-of-row-id sample of the post-exclusion candidate pool, target ~400 rows
multifinben-englishocr	train-00001-of-00008.parquet#000020	train	Apache-2.0	deterministic hash-of-row-id sample of the post-exclusion candidate pool, target ~400 rows
multifinben-englishocr	train-00001-of-00008.parquet#000023	excluded	Apache-2.0	110 chars after whitespace normalisation, below the 200-char corpus min-chars floor (parquet_corpus.py's own --min-chars default)
multifinben-englishocr	train-00001-of-00008.parquet#000040	validation	Apache-2.0	deterministic hash-of-row-id sample of the post-exclusion candidate pool, target ~100 rows
multifinben-englishocr	train-00001-of-00008.parquet#000045	train	Apache-2.0	deterministic hash-of-row-id sample of the post-exclusion candidate pool, target ~400 rows
multifinben-englishocr	train-00001-of-00008.parquet#000050	validation	Apache-2.0	deterministic hash-of-row-id sample of the post-exclusion candidate pool, target ~100 rows
multifinben-englishocr	train-00001-of-00008.parquet#000061	train	Apache-2.0	deterministic hash-of-row-id sample of the post-exclusion candidate pool, target ~400 rows
multifinben-englishocr	train-00001-of-00008.parquet#000064	train	Apache-2.0	deterministic hash-of-row-id sample of the post-exclusion candidate pool, target ~400 rows
multifinben-englishocr	train-00001-of-00008.parquet#000086	train	Apache-2.0	deterministic hash-of-row-id sample of the post-exclusion candidate pool, target ~400 rows
multifinben-englishocr	train-00001-of-00008.parquet#000103	validation	Apache-2.0	deterministic hash-of-row-id sample of the post-exclusion candidate pool, target ~100 rows
multifinben-englishocr	train-00001-of-00008.parquet#000119	train	Apache-2.0	deterministic hash-of-row-id sample of the post-exclusion candidate pool, target ~400 rows
multifinben-englishocr	train-00001-of-00008.parquet#000121	train	Apache-2.0	deterministic hash-of-row-id sample of the post-exclusion candidate pool, target ~400 rows
multifinben-englishocr	train-00001-of-00008.parquet#000122	excluded	Apache-2.0	122 chars after whitespace normalisation, below the 200-char corpus min-chars floor (parquet_corpus.py's own --min-chars default)
multifinben-englishocr	train-00001-of-00008.parquet#000145	train	Apache-2.0	deterministic hash-of-row-id sample of the post-exclusion candidate pool, target ~400 rows
multifinben-englishocr	train-00001-of-00008.parquet#000153	train	Apache-2.0	deterministic hash-of-row-id sample of the post-exclusion candidate pool, target ~400 rows
multifinben-englishocr	train-00001-of-00008.parquet#000156	validation	Apache-2.0	deterministic hash-of-row-id sample of the post-exclusion candidate pool, target ~100 rows
multifinben-englishocr	train-00001-of-00008.parquet#000178	train	Apache-2.0	deterministic hash-of-row-id sample of the post-exclusion candidate pool, target ~400 rows
multifinben-englishocr	train-00001-of-00008.parquet#000189	train	Apache-2.0	deterministic hash-of-row-id sample of the post-exclusion candidate pool, target ~400 rows
multifinben-englishocr	train-00001-of-00008.parquet#000209	validation	Apache-2.0	deterministic hash-of-row-id sample of the post-exclusion candidate pool, target ~100 rows
multifinben-englishocr	train-00001-of-00008.parquet#000221	validation	Apache-2.0	deterministic hash-of-row-id sample of the post-exclusion candidate pool, target ~100 rows
multifinben-englishocr	train-00001-of-00008.parquet#000224	excluded	Apache-2.0	108 chars after whitespace normalisation, below the 200-char corpus min-chars floor (parquet_corpus.py's own --min-chars default)
multifinben-englishocr	train-00001-of-00008.parquet#000226	train	Apache-2.0	deterministic hash-of-row-id sample of the post-exclusion candidate pool, target ~400 rows
multifinben-englishocr	train-00001-of-00008.parquet#000245	train	Apache-2.0	deterministic hash-of-row-id sample of the post-exclusion candidate pool, target ~400 rows
multifinben-englishocr	train-00001-of-00008.parquet#000253	validation	Apache-2.0	deterministic hash-of-row-id sample of the post-exclusion candidate pool, target ~100 rows
multifinben-englishocr	train-00001-of-00008.parquet#000272	train	Apache-2.0	deterministic hash-of-row-id sample of the post-exclusion candidate pool, target ~400 rows
multifinben-englishocr	train-00001-of-00008.parquet#000281	train	Apache-2.0	deterministic hash-of-row-id sample of the post-exclusion candidate pool, target ~400 rows
multifinben-englishocr	train-00001-of-00008.parquet#000293	train	Apache-2.0	deterministic hash-of-row-id sample of the post-exclusion candidate pool, target ~400 rows
multifinben-englishocr	train-00001-of-00008.parquet#000320	train	Apache-2.0	deterministic hash-of-row-id sample of the post-exclusion candidate pool, target ~400 rows
multifinben-englishocr	train-00001-of-00008.parquet#000329	train	Apache-2.0	deterministic hash-of-row-id sample of the post-exclusion candidate pool, target ~400 rows
multifinben-englishocr	train-00001-of-00008.parquet#000344	validation	Apache-2.0	deterministic hash-of-row-id sample of the post-exclusion candidate pool, target ~100 rows
multifinben-englishocr	train-00001-of-00008.parquet#000346	train	Apache-2.0	deterministic hash-of-row-id sample of the post-exclusion candidate pool, target ~400 rows
multifinben-englishocr	train-00001-of-00008.parquet#000351	train	Apache-2.0	deterministic hash-of-row-id sample of the post-exclusion candidate pool, target ~400 rows
multifinben-englishocr	train-00001-of-00008.parquet#000362	excluded	Apache-2.0	109 chars after whitespace normalisation, below the 200-char corpus min-chars floor (parquet_corpus.py's own --min-chars default)
multifinben-englishocr	train-00001-of-00008.parquet#000377	train	Apache-2.0	deterministic hash-of-row-id sample of the post-exclusion candidate pool, target ~400 rows
multifinben-englishocr	train-00001-of-00008.parquet#000396	train	Apache-2.0	deterministic hash-of-row-id sample of the post-exclusion candidate pool, target ~400 rows
multifinben-englishocr	train-00001-of-00008.parquet#000432	train	Apache-2.0	deterministic hash-of-row-id sample of the post-exclusion candidate pool, target ~400 rows
multifinben-englishocr	train-00001-of-00008.parquet#000448	validation	Apache-2.0	deterministic hash-of-row-id sample of the post-exclusion candidate pool, target ~100 rows
multifinben-englishocr	train-00001-of-00008.parquet#000458	train	Apache-2.0	deterministic hash-of-row-id sample of the post-exclusion candidate pool, target ~400 rows
multifinben-englishocr	train-00001-of-00008.parquet#000489	train	Apache-2.0	deterministic hash-of-row-id sample of the post-exclusion candidate pool, target ~400 rows
multifinben-englishocr	train-00001-of-00008.parquet#000495	excluded	Apache-2.0	109 chars after whitespace normalisation, below the 200-char corpus min-chars floor (parquet_corpus.py's own --min-chars default)
multifinben-englishocr	train-00001-of-00008.parquet#000517	train	Apache-2.0	deterministic hash-of-row-id sample of the post-exclusion candidate pool, target ~400 rows
multifinben-englishocr	train-00001-of-00008.parquet#000521	train	Apache-2.0	deterministic hash-of-row-id sample of the post-exclusion candidate pool, target ~400 rows
multifinben-englishocr	train-00001-of-00008.parquet#000532	train	Apache-2.0	deterministic hash-of-row-id sample of the post-exclusion candidate pool, target ~400 rows
multifinben-englishocr	train-00001-of-00008.parquet#000544	validation	Apache-2.0	deterministic hash-of-row-id sample of the post-exclusion candidate pool, target ~100 rows
multifinben-englishocr	train-00001-of-00008.parquet#000566	train	Apache-2.0	deterministic hash-of-row-id sample of the post-exclusion candidate pool, target ~400 rows
multifinben-englishocr	train-00001-of-00008.parquet#000574	train	Apache-2.0	deterministic hash-of-row-id sample of the post-exclusion candidate pool, target ~400 rows
multifinben-englishocr	train-00001-of-00008.parquet#000598	train	Apache-2.0	deterministic hash-of-row-id sample of the post-exclusion candidate pool, target ~400 rows
multifinben-englishocr	train-00001-of-00008.parquet#000611	validation	Apache-2.0	deterministic hash-of-row-id sample of the post-exclusion candidate pool, target ~100 rows
multifinben-englishocr	train-00001-of-00008.parquet#000626	excluded	Apache-2.0	109 chars after whitespace normalisation, below the 200-char corpus min-chars floor (parquet_corpus.py's own --min-chars default)
multifinben-englishocr	train-00001-of-00008.parquet#000635	train	Apache-2.0	deterministic hash-of-row-id sample of the post-exclusion candidate pool, target ~400 rows
multifinben-englishocr	train-00001-of-00008.parquet#000636	train	Apache-2.0	deterministic hash-of-row-id sample of the post-exclusion candidate pool, target ~400 rows
multifinben-englishocr	train-00001-of-00008.parquet#000645	validation	Apache-2.0	deterministic hash-of-row-id sample of the post-exclusion candidate pool, target ~100 rows
multifinben-englishocr	train-00001-of-00008.parquet#000661	validation	Apache-2.0	deterministic hash-of-row-id sample of the post-exclusion candidate pool, target ~100 rows
multifinben-englishocr	train-00001-of-00008.parquet#000664	train	Apache-2.0	deterministic hash-of-row-id sample of the post-exclusion candidate pool, target ~400 rows
multifinben-englishocr	train-00001-of-00008.parquet#000665	train	Apache-2.0	deterministic hash-of-row-id sample of the post-exclusion candidate pool, target ~400 rows
multifinben-englishocr	train-00001-of-00008.parquet#000670	validation	Apache-2.0	deterministic hash-of-row-id sample of the post-exclusion candidate pool, target ~100 rows
multifinben-englishocr	train-00001-of-00008.parquet#000677	train	Apache-2.0	deterministic hash-of-row-id sample of the post-exclusion candidate pool, target ~400 rows
multifinben-englishocr	train-00001-of-00008.parquet#000702	validation	Apache-2.0	deterministic hash-of-row-id sample of the post-exclusion candidate pool, target ~100 rows
multifinben-englishocr	train-00001-of-00008.parquet#000746	excluded	Apache-2.0	108 chars after whitespace normalisation, below the 200-char corpus min-chars floor (parquet_corpus.py's own --min-chars default)
multifinben-englishocr	train-00001-of-00008.parquet#000751	validation	Apache-2.0	deterministic hash-of-row-id sample of the post-exclusion candidate pool, target ~100 rows
multifinben-englishocr	train-00001-of-00008.parquet#000761	train	Apache-2.0	deterministic hash-of-row-id sample of the post-exclusion candidate pool, target ~400 rows
multifinben-englishocr	train-00001-of-00008.parquet#000782	train	Apache-2.0	deterministic hash-of-row-id sample of the post-exclusion candidate pool, target ~400 rows
multifinben-englishocr	train-00001-of-00008.parquet#000803	validation	Apache-2.0	deterministic hash-of-row-id sample of the post-exclusion candidate pool, target ~100 rows
multifinben-englishocr	train-00001-of-00008.parquet#000811	train	Apache-2.0	deterministic hash-of-row-id sample of the post-exclusion candidate pool, target ~400 rows
multifinben-englishocr	train-00001-of-00008.parquet#000813	train	Apache-2.0	deterministic hash-of-row-id sample of the post-exclusion candidate pool, target ~400 rows
multifinben-englishocr	train-00001-of-00008.parquet#000829	train	Apache-2.0	deterministic hash-of-row-id sample of the post-exclusion candidate pool, target ~400 rows
multifinben-englishocr	train-00001-of-00008.parquet#000834	validation	Apache-2.0	deterministic hash-of-row-id sample of the post-exclusion candidate pool, target ~100 rows
multifinben-englishocr	train-00001-of-00008.parquet#000838	train	Apache-2.0	deterministic hash-of-row-id sample of the post-exclusion candidate pool, target ~400 rows
multifinben-englishocr	train-00001-of-00008.parquet#000839	train	Apache-2.0	deterministic hash-of-row-id sample of the post-exclusion candidate pool, target ~400 rows
multifinben-englishocr	train-00001-of-00008.parquet#000862	train	Apache-2.0	deterministic hash-of-row-id sample of the post-exclusion candidate pool, target ~400 rows
multifinben-englishocr	train-00001-of-00008.parquet#000871	validation	Apache-2.0	deterministic hash-of-row-id sample of the post-exclusion candidate pool, target ~100 rows
multifinben-englishocr	train-00001-of-00008.parquet#000873	train	Apache-2.0	deterministic hash-of-row-id sample of the post-exclusion candidate pool, target ~400 rows
multifinben-englishocr	train-00001-of-00008.parquet#000880	train	Apache-2.0	deterministic hash-of-row-id sample of the post-exclusion candidate pool, target ~400 rows
multifinben-englishocr	train-00001-of-00008.parquet#000884	train	Apache-2.0	deterministic hash-of-row-id sample of the post-exclusion candidate pool, target ~400 rows
multifinben-englishocr	train-00001-of-00008.parquet#000885	excluded	Apache-2.0	171 chars after whitespace normalisation, below the 200-char corpus min-chars floor (parquet_corpus.py's own --min-chars default)
multifinben-englishocr	train-00001-of-00008.parquet#000893	train	Apache-2.0	deterministic hash-of-row-id sample of the post-exclusion candidate pool, target ~400 rows
multifinben-englishocr	train-00001-of-00008.parquet#000894	train	Apache-2.0	deterministic hash-of-row-id sample of the post-exclusion candidate pool, target ~400 rows
multifinben-englishocr	train-00001-of-00008.parquet#000897	train	Apache-2.0	deterministic hash-of-row-id sample of the post-exclusion candidate pool, target ~400 rows
multifinben-englishocr	train-00001-of-00008.parquet#000921	train	Apache-2.0	deterministic hash-of-row-id sample of the post-exclusion candidate pool, target ~400 rows
multifinben-englishocr	train-00001-of-00008.parquet#000937	train	Apache-2.0	deterministic hash-of-row-id sample of the post-exclusion candidate pool, target ~400 rows
multifinben-englishocr	train-00001-of-00008.parquet#000957	train	Apache-2.0	deterministic hash-of-row-id sample of the post-exclusion candidate pool, target ~400 rows
multifinben-englishocr	train-00001-of-00008.parquet#000975	train	Apache-2.0	deterministic hash-of-row-id sample of the post-exclusion candidate pool, target ~400 rows
multifinben-englishocr	train-00002-of-00008.parquet#000012	train	Apache-2.0	deterministic hash-of-row-id sample of the post-exclusion candidate pool, target ~400 rows
multifinben-englishocr	train-00002-of-00008.parquet#000014	train	Apache-2.0	deterministic hash-of-row-id sample of the post-exclusion candidate pool, target ~400 rows
multifinben-englishocr	train-00002-of-00008.parquet#000066	train	Apache-2.0	deterministic hash-of-row-id sample of the post-exclusion candidate pool, target ~400 rows
multifinben-englishocr	train-00002-of-00008.parquet#000086	train	Apache-2.0	deterministic hash-of-row-id sample of the post-exclusion candidate pool, target ~400 rows
multifinben-englishocr	train-00002-of-00008.parquet#000101	train	Apache-2.0	deterministic hash-of-row-id sample of the post-exclusion candidate pool, target ~400 rows
multifinben-englishocr	train-00002-of-00008.parquet#000104	train	Apache-2.0	deterministic hash-of-row-id sample of the post-exclusion candidate pool, target ~400 rows
multifinben-englishocr	train-00002-of-00008.parquet#000142	train	Apache-2.0	deterministic hash-of-row-id sample of the post-exclusion candidate pool, target ~400 rows
multifinben-englishocr	train-00002-of-00008.parquet#000168	validation	Apache-2.0	deterministic hash-of-row-id sample of the post-exclusion candidate pool, target ~100 rows
multifinben-englishocr	train-00002-of-00008.parquet#000177	validation	Apache-2.0	deterministic hash-of-row-id sample of the post-exclusion candidate pool, target ~100 rows
multifinben-englishocr	train-00002-of-00008.parquet#000184	excluded	Apache-2.0	94 chars after whitespace normalisation, below the 200-char corpus min-chars floor (parquet_corpus.py's own --min-chars default)
multifinben-englishocr	train-00002-of-00008.parquet#000185	train	Apache-2.0	deterministic hash-of-row-id sample of the post-exclusion candidate pool, target ~400 rows
multifinben-englishocr	train-00002-of-00008.parquet#000188	excluded	Apache-2.0	114 chars after whitespace normalisation, below the 200-char corpus min-chars floor (parquet_corpus.py's own --min-chars default)
multifinben-englishocr	train-00002-of-00008.parquet#000192	train	Apache-2.0	deterministic hash-of-row-id sample of the post-exclusion candidate pool, target ~400 rows
multifinben-englishocr	train-00002-of-00008.parquet#000204	excluded	Apache-2.0	131 chars after whitespace normalisation, below the 200-char corpus min-chars floor (parquet_corpus.py's own --min-chars default)
multifinben-englishocr	train-00002-of-00008.parquet#000208	train	Apache-2.0	deterministic hash-of-row-id sample of the post-exclusion candidate pool, target ~400 rows
multifinben-englishocr	train-00002-of-00008.parquet#000232	train	Apache-2.0	deterministic hash-of-row-id sample of the post-exclusion candidate pool, target ~400 rows
multifinben-englishocr	train-00002-of-00008.parquet#000236	validation	Apache-2.0	deterministic hash-of-row-id sample of the post-exclusion candidate pool, target ~100 rows
multifinben-englishocr	train-00002-of-00008.parquet#000239	validation	Apache-2.0	deterministic hash-of-row-id sample of the post-exclusion candidate pool, target ~100 rows
multifinben-englishocr	train-00002-of-00008.parquet#000257	train	Apache-2.0	deterministic hash-of-row-id sample of the post-exclusion candidate pool, target ~400 rows
multifinben-englishocr	train-00002-of-00008.parquet#000265	train	Apache-2.0	deterministic hash-of-row-id sample of the post-exclusion candidate pool, target ~400 rows
multifinben-englishocr	train-00002-of-00008.parquet#000270	excluded	Apache-2.0	27 chars after whitespace normalisation, below the 200-char corpus min-chars floor (parquet_corpus.py's own --min-chars default)
multifinben-englishocr	train-00002-of-00008.parquet#000284	train	Apache-2.0	deterministic hash-of-row-id sample of the post-exclusion candidate pool, target ~400 rows
multifinben-englishocr	train-00002-of-00008.parquet#000315	train	Apache-2.0	deterministic hash-of-row-id sample of the post-exclusion candidate pool, target ~400 rows
multifinben-englishocr	train-00002-of-00008.parquet#000319	validation	Apache-2.0	deterministic hash-of-row-id sample of the post-exclusion candidate pool, target ~100 rows
multifinben-englishocr	train-00002-of-00008.parquet#000341	train	Apache-2.0	deterministic hash-of-row-id sample of the post-exclusion candidate pool, target ~400 rows
multifinben-englishocr	train-00002-of-00008.parquet#000345	train	Apache-2.0	deterministic hash-of-row-id sample of the post-exclusion candidate pool, target ~400 rows
multifinben-englishocr	train-00002-of-00008.parquet#000350	train	Apache-2.0	deterministic hash-of-row-id sample of the post-exclusion candidate pool, target ~400 rows
multifinben-englishocr	train-00002-of-00008.parquet#000372	validation	Apache-2.0	deterministic hash-of-row-id sample of the post-exclusion candidate pool, target ~100 rows
multifinben-englishocr	train-00002-of-00008.parquet#000382	train	Apache-2.0	deterministic hash-of-row-id sample of the post-exclusion candidate pool, target ~400 rows
multifinben-englishocr	train-00002-of-00008.parquet#000388	excluded	Apache-2.0	27 chars after whitespace normalisation, below the 200-char corpus min-chars floor (parquet_corpus.py's own --min-chars default)
multifinben-englishocr	train-00002-of-00008.parquet#000393	train	Apache-2.0	deterministic hash-of-row-id sample of the post-exclusion candidate pool, target ~400 rows
multifinben-englishocr	train-00002-of-00008.parquet#000397	excluded	Apache-2.0	87 chars after whitespace normalisation, below the 200-char corpus min-chars floor (parquet_corpus.py's own --min-chars default)
multifinben-englishocr	train-00002-of-00008.parquet#000399	excluded	Apache-2.0	134 chars after whitespace normalisation, below the 200-char corpus min-chars floor (parquet_corpus.py's own --min-chars default)
multifinben-englishocr	train-00002-of-00008.parquet#000411	train	Apache-2.0	deterministic hash-of-row-id sample of the post-exclusion candidate pool, target ~400 rows
multifinben-englishocr	train-00002-of-00008.parquet#000414	train	Apache-2.0	deterministic hash-of-row-id sample of the post-exclusion candidate pool, target ~400 rows
multifinben-englishocr	train-00002-of-00008.parquet#000420	train	Apache-2.0	deterministic hash-of-row-id sample of the post-exclusion candidate pool, target ~400 rows
multifinben-englishocr	train-00002-of-00008.parquet#000426	train	Apache-2.0	deterministic hash-of-row-id sample of the post-exclusion candidate pool, target ~400 rows
multifinben-englishocr	train-00002-of-00008.parquet#000432	train	Apache-2.0	deterministic hash-of-row-id sample of the post-exclusion candidate pool, target ~400 rows
multifinben-englishocr	train-00002-of-00008.parquet#000433	excluded	Apache-2.0	90 chars after whitespace normalisation, below the 200-char corpus min-chars floor (parquet_corpus.py's own --min-chars default)
multifinben-englishocr	train-00002-of-00008.parquet#000438	train	Apache-2.0	deterministic hash-of-row-id sample of the post-exclusion candidate pool, target ~400 rows
multifinben-englishocr	train-00002-of-00008.parquet#000451	train	Apache-2.0	deterministic hash-of-row-id sample of the post-exclusion candidate pool, target ~400 rows
multifinben-englishocr	train-00002-of-00008.parquet#000459	train	Apache-2.0	deterministic hash-of-row-id sample of the post-exclusion candidate pool, target ~400 rows
multifinben-englishocr	train-00002-of-00008.parquet#000461	validation	Apache-2.0	deterministic hash-of-row-id sample of the post-exclusion candidate pool, target ~100 rows
multifinben-englishocr	train-00002-of-00008.parquet#000476	validation	Apache-2.0	deterministic hash-of-row-id sample of the post-exclusion candidate pool, target ~100 rows
multifinben-englishocr	train-00002-of-00008.parquet#000502	train	Apache-2.0	deterministic hash-of-row-id sample of the post-exclusion candidate pool, target ~400 rows
multifinben-englishocr	train-00002-of-00008.parquet#000522	excluded	Apache-2.0	23 chars after whitespace normalisation, below the 200-char corpus min-chars floor (parquet_corpus.py's own --min-chars default)
multifinben-englishocr	train-00002-of-00008.parquet#000524	train	Apache-2.0	deterministic hash-of-row-id sample of the post-exclusion candidate pool, target ~400 rows
multifinben-englishocr	train-00002-of-00008.parquet#000549	validation	Apache-2.0	deterministic hash-of-row-id sample of the post-exclusion candidate pool, target ~100 rows
multifinben-englishocr	train-00002-of-00008.parquet#000558	train	Apache-2.0	deterministic hash-of-row-id sample of the post-exclusion candidate pool, target ~400 rows
multifinben-englishocr	train-00002-of-00008.parquet#000565	train	Apache-2.0	deterministic hash-of-row-id sample of the post-exclusion candidate pool, target ~400 rows
multifinben-englishocr	train-00002-of-00008.parquet#000569	train	Apache-2.0	deterministic hash-of-row-id sample of the post-exclusion candidate pool, target ~400 rows
multifinben-englishocr	train-00002-of-00008.parquet#000570	train	Apache-2.0	deterministic hash-of-row-id sample of the post-exclusion candidate pool, target ~400 rows
multifinben-englishocr	train-00002-of-00008.parquet#000606	excluded	Apache-2.0	121 chars after whitespace normalisation, below the 200-char corpus min-chars floor (parquet_corpus.py's own --min-chars default)
multifinben-englishocr	train-00002-of-00008.parquet#000610	train	Apache-2.0	deterministic hash-of-row-id sample of the post-exclusion candidate pool, target ~400 rows
multifinben-englishocr	train-00002-of-00008.parquet#000621	train	Apache-2.0	deterministic hash-of-row-id sample of the post-exclusion candidate pool, target ~400 rows
multifinben-englishocr	train-00002-of-00008.parquet#000642	validation	Apache-2.0	deterministic hash-of-row-id sample of the post-exclusion candidate pool, target ~100 rows
multifinben-englishocr	train-00002-of-00008.parquet#000665	train	Apache-2.0	deterministic hash-of-row-id sample of the post-exclusion candidate pool, target ~400 rows
multifinben-englishocr	train-00002-of-00008.parquet#000669	train	Apache-2.0	deterministic hash-of-row-id sample of the post-exclusion candidate pool, target ~400 rows
multifinben-englishocr	train-00002-of-00008.parquet#000684	train	Apache-2.0	deterministic hash-of-row-id sample of the post-exclusion candidate pool, target ~400 rows
multifinben-englishocr	train-00002-of-00008.parquet#000694	excluded	Apache-2.0	19 chars after whitespace normalisation, below the 200-char corpus min-chars floor (parquet_corpus.py's own --min-chars default)
multifinben-englishocr	train-00002-of-00008.parquet#000716	train	Apache-2.0	deterministic hash-of-row-id sample of the post-exclusion candidate pool, target ~400 rows
multifinben-englishocr	train-00002-of-00008.parquet#000720	train	Apache-2.0	deterministic hash-of-row-id sample of the post-exclusion candidate pool, target ~400 rows
multifinben-englishocr	train-00002-of-00008.parquet#000742	train	Apache-2.0	deterministic hash-of-row-id sample of the post-exclusion candidate pool, target ~400 rows
multifinben-englishocr	train-00002-of-00008.parquet#000762	train	Apache-2.0	deterministic hash-of-row-id sample of the post-exclusion candidate pool, target ~400 rows
multifinben-englishocr	train-00002-of-00008.parquet#000791	excluded	Apache-2.0	41 chars after whitespace normalisation, below the 200-char corpus min-chars floor (parquet_corpus.py's own --min-chars default)
multifinben-englishocr	train-00002-of-00008.parquet#000808	train	Apache-2.0	deterministic hash-of-row-id sample of the post-exclusion candidate pool, target ~400 rows
multifinben-englishocr	train-00002-of-00008.parquet#000818	excluded	Apache-2.0	153 chars after whitespace normalisation, below the 200-char corpus min-chars floor (parquet_corpus.py's own --min-chars default)
multifinben-englishocr	train-00002-of-00008.parquet#000836	train	Apache-2.0	deterministic hash-of-row-id sample of the post-exclusion candidate pool, target ~400 rows
multifinben-englishocr	train-00002-of-00008.parquet#000862	train	Apache-2.0	deterministic hash-of-row-id sample of the post-exclusion candidate pool, target ~400 rows
multifinben-englishocr	train-00002-of-00008.parquet#000866	train	Apache-2.0	deterministic hash-of-row-id sample of the post-exclusion candidate pool, target ~400 rows
multifinben-englishocr	train-00002-of-00008.parquet#000885	excluded	Apache-2.0	182 chars after whitespace normalisation, below the 200-char corpus min-chars floor (parquet_corpus.py's own --min-chars default)
multifinben-englishocr	train-00002-of-00008.parquet#000887	train	Apache-2.0	deterministic hash-of-row-id sample of the post-exclusion candidate pool, target ~400 rows
multifinben-englishocr	train-00002-of-00008.parquet#000937	excluded	Apache-2.0	2 chars after whitespace normalisation, below the 200-char corpus min-chars floor (parquet_corpus.py's own --min-chars default)
multifinben-englishocr	train-00002-of-00008.parquet#000954	excluded	Apache-2.0	51 chars after whitespace normalisation, below the 200-char corpus min-chars floor (parquet_corpus.py's own --min-chars default)
multifinben-englishocr	train-00002-of-00008.parquet#000971	validation	Apache-2.0	deterministic hash-of-row-id sample of the post-exclusion candidate pool, target ~100 rows
multifinben-englishocr	train-00002-of-00008.parquet#000993	excluded	Apache-2.0	169 chars after whitespace normalisation, below the 200-char corpus min-chars floor (parquet_corpus.py's own --min-chars default)
multifinben-englishocr	train-00003-of-00008.parquet#000002	excluded	Apache-2.0	101 chars after whitespace normalisation, below the 200-char corpus min-chars floor (parquet_corpus.py's own --min-chars default)
multifinben-englishocr	train-00003-of-00008.parquet#000005	train	Apache-2.0	deterministic hash-of-row-id sample of the post-exclusion candidate pool, target ~400 rows
multifinben-englishocr	train-00003-of-00008.parquet#000006	excluded	Apache-2.0	169 chars after whitespace normalisation, below the 200-char corpus min-chars floor (parquet_corpus.py's own --min-chars default)
multifinben-englishocr	train-00003-of-00008.parquet#000010	excluded	Apache-2.0	169 chars after whitespace normalisation, below the 200-char corpus min-chars floor (parquet_corpus.py's own --min-chars default)
multifinben-englishocr	train-00003-of-00008.parquet#000019	train	Apache-2.0	deterministic hash-of-row-id sample of the post-exclusion candidate pool, target ~400 rows
multifinben-englishocr	train-00003-of-00008.parquet#000027	excluded	Apache-2.0	139 chars after whitespace normalisation, below the 200-char corpus min-chars floor (parquet_corpus.py's own --min-chars default)
multifinben-englishocr	train-00003-of-00008.parquet#000033	validation	Apache-2.0	deterministic hash-of-row-id sample of the post-exclusion candidate pool, target ~100 rows
multifinben-englishocr	train-00003-of-00008.parquet#000039	excluded	Apache-2.0	115 chars after whitespace normalisation, below the 200-char corpus min-chars floor (parquet_corpus.py's own --min-chars default)
multifinben-englishocr	train-00003-of-00008.parquet#000042	train	Apache-2.0	deterministic hash-of-row-id sample of the post-exclusion candidate pool, target ~400 rows
multifinben-englishocr	train-00003-of-00008.parquet#000046	excluded	Apache-2.0	199 chars after whitespace normalisation, below the 200-char corpus min-chars floor (parquet_corpus.py's own --min-chars default)
multifinben-englishocr	train-00003-of-00008.parquet#000062	train	Apache-2.0	deterministic hash-of-row-id sample of the post-exclusion candidate pool, target ~400 rows
multifinben-englishocr	train-00003-of-00008.parquet#000063	excluded	Apache-2.0	92 chars after whitespace normalisation, below the 200-char corpus min-chars floor (parquet_corpus.py's own --min-chars default)
multifinben-englishocr	train-00003-of-00008.parquet#000068	excluded	Apache-2.0	199 chars after whitespace normalisation, below the 200-char corpus min-chars floor (parquet_corpus.py's own --min-chars default)
multifinben-englishocr	train-00003-of-00008.parquet#000098	train	Apache-2.0	deterministic hash-of-row-id sample of the post-exclusion candidate pool, target ~400 rows
multifinben-englishocr	train-00003-of-00008.parquet#000100	train	Apache-2.0	deterministic hash-of-row-id sample of the post-exclusion candidate pool, target ~400 rows
multifinben-englishocr	train-00003-of-00008.parquet#000112	train	Apache-2.0	deterministic hash-of-row-id sample of the post-exclusion candidate pool, target ~400 rows
multifinben-englishocr	train-00003-of-00008.parquet#000118	train	Apache-2.0	deterministic hash-of-row-id sample of the post-exclusion candidate pool, target ~400 rows
multifinben-englishocr	train-00003-of-00008.parquet#000125	train	Apache-2.0	deterministic hash-of-row-id sample of the post-exclusion candidate pool, target ~400 rows
multifinben-englishocr	train-00003-of-00008.parquet#000135	excluded	Apache-2.0	183 chars after whitespace normalisation, below the 200-char corpus min-chars floor (parquet_corpus.py's own --min-chars default)
multifinben-englishocr	train-00003-of-00008.parquet#000160	train	Apache-2.0	deterministic hash-of-row-id sample of the post-exclusion candidate pool, target ~400 rows
multifinben-englishocr	train-00003-of-00008.parquet#000161	train	Apache-2.0	deterministic hash-of-row-id sample of the post-exclusion candidate pool, target ~400 rows
multifinben-englishocr	train-00003-of-00008.parquet#000181	train	Apache-2.0	deterministic hash-of-row-id sample of the post-exclusion candidate pool, target ~400 rows
multifinben-englishocr	train-00003-of-00008.parquet#000194	excluded	Apache-2.0	154 chars after whitespace normalisation, below the 200-char corpus min-chars floor (parquet_corpus.py's own --min-chars default)
multifinben-englishocr	train-00003-of-00008.parquet#000201	train	Apache-2.0	deterministic hash-of-row-id sample of the post-exclusion candidate pool, target ~400 rows
multifinben-englishocr	train-00003-of-00008.parquet#000206	train	Apache-2.0	deterministic hash-of-row-id sample of the post-exclusion candidate pool, target ~400 rows
multifinben-englishocr	train-00003-of-00008.parquet#000228	train	Apache-2.0	deterministic hash-of-row-id sample of the post-exclusion candidate pool, target ~400 rows
multifinben-englishocr	train-00003-of-00008.parquet#000229	excluded	Apache-2.0	150 chars after whitespace normalisation, below the 200-char corpus min-chars floor (parquet_corpus.py's own --min-chars default)
multifinben-englishocr	train-00003-of-00008.parquet#000255	train	Apache-2.0	deterministic hash-of-row-id sample of the post-exclusion candidate pool, target ~400 rows
multifinben-englishocr	train-00003-of-00008.parquet#000262	train	Apache-2.0	deterministic hash-of-row-id sample of the post-exclusion candidate pool, target ~400 rows
multifinben-englishocr	train-00003-of-00008.parquet#000274	validation	Apache-2.0	deterministic hash-of-row-id sample of the post-exclusion candidate pool, target ~100 rows
multifinben-englishocr	train-00003-of-00008.parquet#000276	train	Apache-2.0	deterministic hash-of-row-id sample of the post-exclusion candidate pool, target ~400 rows
multifinben-englishocr	train-00003-of-00008.parquet#000280	train	Apache-2.0	deterministic hash-of-row-id sample of the post-exclusion candidate pool, target ~400 rows
multifinben-englishocr	train-00003-of-00008.parquet#000305	train	Apache-2.0	deterministic hash-of-row-id sample of the post-exclusion candidate pool, target ~400 rows
multifinben-englishocr	train-00003-of-00008.parquet#000324	train	Apache-2.0	deterministic hash-of-row-id sample of the post-exclusion candidate pool, target ~400 rows
multifinben-englishocr	train-00003-of-00008.parquet#000325	train	Apache-2.0	deterministic hash-of-row-id sample of the post-exclusion candidate pool, target ~400 rows
multifinben-englishocr	train-00003-of-00008.parquet#000326	excluded	Apache-2.0	151 chars after whitespace normalisation, below the 200-char corpus min-chars floor (parquet_corpus.py's own --min-chars default)
multifinben-englishocr	train-00003-of-00008.parquet#000329	excluded	Apache-2.0	178 chars after whitespace normalisation, below the 200-char corpus min-chars floor (parquet_corpus.py's own --min-chars default)
multifinben-englishocr	train-00003-of-00008.parquet#000338	train	Apache-2.0	deterministic hash-of-row-id sample of the post-exclusion candidate pool, target ~400 rows
multifinben-englishocr	train-00003-of-00008.parquet#000358	train	Apache-2.0	deterministic hash-of-row-id sample of the post-exclusion candidate pool, target ~400 rows
multifinben-englishocr	train-00003-of-00008.parquet#000362	train	Apache-2.0	deterministic hash-of-row-id sample of the post-exclusion candidate pool, target ~400 rows
multifinben-englishocr	train-00003-of-00008.parquet#000366	excluded	Apache-2.0	151 chars after whitespace normalisation, below the 200-char corpus min-chars floor (parquet_corpus.py's own --min-chars default)
multifinben-englishocr	train-00003-of-00008.parquet#000367	excluded	Apache-2.0	179 chars after whitespace normalisation, below the 200-char corpus min-chars floor (parquet_corpus.py's own --min-chars default)
multifinben-englishocr	train-00003-of-00008.parquet#000375	excluded	Apache-2.0	120 chars after whitespace normalisation, below the 200-char corpus min-chars floor (parquet_corpus.py's own --min-chars default)
multifinben-englishocr	train-00003-of-00008.parquet#000377	train	Apache-2.0	deterministic hash-of-row-id sample of the post-exclusion candidate pool, target ~400 rows
multifinben-englishocr	train-00003-of-00008.parquet#000388	validation	Apache-2.0	deterministic hash-of-row-id sample of the post-exclusion candidate pool, target ~100 rows
multifinben-englishocr	train-00003-of-00008.parquet#000396	train	Apache-2.0	deterministic hash-of-row-id sample of the post-exclusion candidate pool, target ~400 rows
multifinben-englishocr	train-00003-of-00008.parquet#000402	train	Apache-2.0	deterministic hash-of-row-id sample of the post-exclusion candidate pool, target ~400 rows
multifinben-englishocr	train-00003-of-00008.parquet#000418	excluded	Apache-2.0	86 chars after whitespace normalisation, below the 200-char corpus min-chars floor (parquet_corpus.py's own --min-chars default)
multifinben-englishocr	train-00003-of-00008.parquet#000422	excluded	Apache-2.0	137 chars after whitespace normalisation, below the 200-char corpus min-chars floor (parquet_corpus.py's own --min-chars default)
multifinben-englishocr	train-00003-of-00008.parquet#000426	excluded	Apache-2.0	132 chars after whitespace normalisation, below the 200-char corpus min-chars floor (parquet_corpus.py's own --min-chars default)
multifinben-englishocr	train-00003-of-00008.parquet#000439	validation	Apache-2.0	deterministic hash-of-row-id sample of the post-exclusion candidate pool, target ~100 rows
multifinben-englishocr	train-00003-of-00008.parquet#000448	excluded	Apache-2.0	32 chars after whitespace normalisation, below the 200-char corpus min-chars floor (parquet_corpus.py's own --min-chars default)
multifinben-englishocr	train-00003-of-00008.parquet#000455	excluded	Apache-2.0	32 chars after whitespace normalisation, below the 200-char corpus min-chars floor (parquet_corpus.py's own --min-chars default)
multifinben-englishocr	train-00003-of-00008.parquet#000456	excluded	Apache-2.0	32 chars after whitespace normalisation, below the 200-char corpus min-chars floor (parquet_corpus.py's own --min-chars default)
multifinben-englishocr	train-00003-of-00008.parquet#000457	excluded	Apache-2.0	32 chars after whitespace normalisation, below the 200-char corpus min-chars floor (parquet_corpus.py's own --min-chars default)
multifinben-englishocr	train-00003-of-00008.parquet#000458	excluded	Apache-2.0	32 chars after whitespace normalisation, below the 200-char corpus min-chars floor (parquet_corpus.py's own --min-chars default)
multifinben-englishocr	train-00003-of-00008.parquet#000459	excluded	Apache-2.0	32 chars after whitespace normalisation, below the 200-char corpus min-chars floor (parquet_corpus.py's own --min-chars default)
multifinben-englishocr	train-00003-of-00008.parquet#000460	excluded	Apache-2.0	32 chars after whitespace normalisation, below the 200-char corpus min-chars floor (parquet_corpus.py's own --min-chars default)
multifinben-englishocr	train-00003-of-00008.parquet#000461	excluded	Apache-2.0	32 chars after whitespace normalisation, below the 200-char corpus min-chars floor (parquet_corpus.py's own --min-chars default)
multifinben-englishocr	train-00003-of-00008.parquet#000462	excluded	Apache-2.0	32 chars after whitespace normalisation, below the 200-char corpus min-chars floor (parquet_corpus.py's own --min-chars default)
multifinben-englishocr	train-00003-of-00008.parquet#000463	excluded	Apache-2.0	32 chars after whitespace normalisation, below the 200-char corpus min-chars floor (parquet_corpus.py's own --min-chars default)
multifinben-englishocr	train-00003-of-00008.parquet#000464	excluded	Apache-2.0	32 chars after whitespace normalisation, below the 200-char corpus min-chars floor (parquet_corpus.py's own --min-chars default)
multifinben-englishocr	train-00003-of-00008.parquet#000465	excluded	Apache-2.0	32 chars after whitespace normalisation, below the 200-char corpus min-chars floor (parquet_corpus.py's own --min-chars default)
multifinben-englishocr	train-00003-of-00008.parquet#000466	excluded	Apache-2.0	32 chars after whitespace normalisation, below the 200-char corpus min-chars floor (parquet_corpus.py's own --min-chars default)
multifinben-englishocr	train-00003-of-00008.parquet#000467	excluded	Apache-2.0	32 chars after whitespace normalisation, below the 200-char corpus min-chars floor (parquet_corpus.py's own --min-chars default)
multifinben-englishocr	train-00003-of-00008.parquet#000468	excluded	Apache-2.0	32 chars after whitespace normalisation, below the 200-char corpus min-chars floor (parquet_corpus.py's own --min-chars default)
multifinben-englishocr	train-00003-of-00008.parquet#000469	excluded	Apache-2.0	32 chars after whitespace normalisation, below the 200-char corpus min-chars floor (parquet_corpus.py's own --min-chars default)
multifinben-englishocr	train-00003-of-00008.parquet#000470	excluded	Apache-2.0	32 chars after whitespace normalisation, below the 200-char corpus min-chars floor (parquet_corpus.py's own --min-chars default)
multifinben-englishocr	train-00003-of-00008.parquet#000495	train	Apache-2.0	deterministic hash-of-row-id sample of the post-exclusion candidate pool, target ~400 rows
multifinben-englishocr	train-00003-of-00008.parquet#000501	train	Apache-2.0	deterministic hash-of-row-id sample of the post-exclusion candidate pool, target ~400 rows
multifinben-englishocr	train-00003-of-00008.parquet#000502	train	Apache-2.0	deterministic hash-of-row-id sample of the post-exclusion candidate pool, target ~400 rows
multifinben-englishocr	train-00003-of-00008.parquet#000505	excluded	Apache-2.0	identical transcript text (sha1 3b955b3a67e0f84d4888f827562f9aada0836eac) to a pages/finfilings score row; treated as the same source document -- the dataset carries no document-id column to check directly
multifinben-englishocr	train-00003-of-00008.parquet#000508	train	Apache-2.0	deterministic hash-of-row-id sample of the post-exclusion candidate pool, target ~400 rows
multifinben-englishocr	train-00003-of-00008.parquet#000517	excluded	Apache-2.0	identical transcript text (sha1 bec1c3842fe50d5d2e6e6af32a01f58a326cc746) to a pages/finfilings score row; treated as the same source document -- the dataset carries no document-id column to check directly
multifinben-englishocr	train-00003-of-00008.parquet#000520	train	Apache-2.0	deterministic hash-of-row-id sample of the post-exclusion candidate pool, target ~400 rows
multifinben-englishocr	train-00003-of-00008.parquet#000529	validation	Apache-2.0	deterministic hash-of-row-id sample of the post-exclusion candidate pool, target ~100 rows
multifinben-englishocr	train-00003-of-00008.parquet#000532	train	Apache-2.0	deterministic hash-of-row-id sample of the post-exclusion candidate pool, target ~400 rows
multifinben-englishocr	train-00003-of-00008.parquet#000545	train	Apache-2.0	deterministic hash-of-row-id sample of the post-exclusion candidate pool, target ~400 rows
multifinben-englishocr	train-00003-of-00008.parquet#000546	excluded	Apache-2.0	identical transcript text (sha1 ccb147340416566121e6a31579cb135689115896) to a pages/finfilings score row; treated as the same source document -- the dataset carries no document-id column to check directly
multifinben-englishocr	train-00003-of-00008.parquet#000554	validation	Apache-2.0	deterministic hash-of-row-id sample of the post-exclusion candidate pool, target ~100 rows
multifinben-englishocr	train-00003-of-00008.parquet#000556	train	Apache-2.0	deterministic hash-of-row-id sample of the post-exclusion candidate pool, target ~400 rows
multifinben-englishocr	train-00003-of-00008.parquet#000558	excluded	Apache-2.0	identical transcript text (sha1 717a053c4f9b9911984dfdc96d378b9011643f46) to a pages/finfilings score row; treated as the same source document -- the dataset carries no document-id column to check directly
multifinben-englishocr	train-00003-of-00008.parquet#000565	excluded	Apache-2.0	identical transcript text (sha1 3491afd3418c2a1836bb4cfc20cbf2f7ec98ae79) to a pages/finfilings score row; treated as the same source document -- the dataset carries no document-id column to check directly
multifinben-englishocr	train-00003-of-00008.parquet#000575	excluded	Apache-2.0	identical transcript text (sha1 ccb147340416566121e6a31579cb135689115896) to a pages/finfilings score row; treated as the same source document -- the dataset carries no document-id column to check directly
multifinben-englishocr	train-00003-of-00008.parquet#000583	train	Apache-2.0	deterministic hash-of-row-id sample of the post-exclusion candidate pool, target ~400 rows
multifinben-englishocr	train-00003-of-00008.parquet#000591	train	Apache-2.0	deterministic hash-of-row-id sample of the post-exclusion candidate pool, target ~400 rows
multifinben-englishocr	train-00003-of-00008.parquet#000598	train	Apache-2.0	deterministic hash-of-row-id sample of the post-exclusion candidate pool, target ~400 rows
multifinben-englishocr	train-00003-of-00008.parquet#000606	excluded	Apache-2.0	identical transcript text (sha1 3491afd3418c2a1836bb4cfc20cbf2f7ec98ae79) to a pages/finfilings score row; treated as the same source document -- the dataset carries no document-id column to check directly
multifinben-englishocr	train-00003-of-00008.parquet#000616	excluded	Apache-2.0	identical transcript text (sha1 ccb147340416566121e6a31579cb135689115896) to a pages/finfilings score row; treated as the same source document -- the dataset carries no document-id column to check directly
multifinben-englishocr	train-00003-of-00008.parquet#000618	train	Apache-2.0	deterministic hash-of-row-id sample of the post-exclusion candidate pool, target ~400 rows
multifinben-englishocr	train-00003-of-00008.parquet#000626	validation	Apache-2.0	deterministic hash-of-row-id sample of the post-exclusion candidate pool, target ~100 rows
multifinben-englishocr	train-00003-of-00008.parquet#000638	train	Apache-2.0	deterministic hash-of-row-id sample of the post-exclusion candidate pool, target ~400 rows
multifinben-englishocr	train-00003-of-00008.parquet#000639	train	Apache-2.0	deterministic hash-of-row-id sample of the post-exclusion candidate pool, target ~400 rows
multifinben-englishocr	train-00003-of-00008.parquet#000647	excluded	Apache-2.0	identical transcript text (sha1 3491afd3418c2a1836bb4cfc20cbf2f7ec98ae79) to a pages/finfilings score row; treated as the same source document -- the dataset carries no document-id column to check directly
multifinben-englishocr	train-00003-of-00008.parquet#000654	train	Apache-2.0	deterministic hash-of-row-id sample of the post-exclusion candidate pool, target ~400 rows
multifinben-englishocr	train-00003-of-00008.parquet#000657	excluded	Apache-2.0	identical transcript text (sha1 ccb147340416566121e6a31579cb135689115896) to a pages/finfilings score row; treated as the same source document -- the dataset carries no document-id column to check directly
multifinben-englishocr	train-00003-of-00008.parquet#000677	train	Apache-2.0	deterministic hash-of-row-id sample of the post-exclusion candidate pool, target ~400 rows
multifinben-englishocr	train-00003-of-00008.parquet#000679	validation	Apache-2.0	deterministic hash-of-row-id sample of the post-exclusion candidate pool, target ~100 rows
multifinben-englishocr	train-00003-of-00008.parquet#000686	train	Apache-2.0	deterministic hash-of-row-id sample of the post-exclusion candidate pool, target ~400 rows
multifinben-englishocr	train-00003-of-00008.parquet#000698	excluded	Apache-2.0	identical transcript text (sha1 ccb147340416566121e6a31579cb135689115896) to a pages/finfilings score row; treated as the same source document -- the dataset carries no document-id column to check directly
multifinben-englishocr	train-00003-of-00008.parquet#000708	train	Apache-2.0	deterministic hash-of-row-id sample of the post-exclusion candidate pool, target ~400 rows
multifinben-englishocr	train-00003-of-00008.parquet#000714	train	Apache-2.0	deterministic hash-of-row-id sample of the post-exclusion candidate pool, target ~400 rows
multifinben-englishocr	train-00003-of-00008.parquet#000716	validation	Apache-2.0	deterministic hash-of-row-id sample of the post-exclusion candidate pool, target ~100 rows
multifinben-englishocr	train-00003-of-00008.parquet#000722	train	Apache-2.0	deterministic hash-of-row-id sample of the post-exclusion candidate pool, target ~400 rows
multifinben-englishocr	train-00003-of-00008.parquet#000725	validation	Apache-2.0	deterministic hash-of-row-id sample of the post-exclusion candidate pool, target ~100 rows
multifinben-englishocr	train-00003-of-00008.parquet#000734	train	Apache-2.0	deterministic hash-of-row-id sample of the post-exclusion candidate pool, target ~400 rows
multifinben-englishocr	train-00003-of-00008.parquet#000739	excluded	Apache-2.0	identical transcript text (sha1 ccb147340416566121e6a31579cb135689115896) to a pages/finfilings score row; treated as the same source document -- the dataset carries no document-id column to check directly
multifinben-englishocr	train-00003-of-00008.parquet#000740	validation	Apache-2.0	deterministic hash-of-row-id sample of the post-exclusion candidate pool, target ~100 rows
multifinben-englishocr	train-00003-of-00008.parquet#000746	train	Apache-2.0	deterministic hash-of-row-id sample of the post-exclusion candidate pool, target ~400 rows
multifinben-englishocr	train-00003-of-00008.parquet#000770	excluded	Apache-2.0	identical transcript text (sha1 3491afd3418c2a1836bb4cfc20cbf2f7ec98ae79) to a pages/finfilings score row; treated as the same source document -- the dataset carries no document-id column to check directly
multifinben-englishocr	train-00003-of-00008.parquet#000780	excluded	Apache-2.0	identical transcript text (sha1 3b955b3a67e0f84d4888f827562f9aada0836eac) to a pages/finfilings score row; treated as the same source document -- the dataset carries no document-id column to check directly
multifinben-englishocr	train-00003-of-00008.parquet#000792	excluded	Apache-2.0	identical transcript text (sha1 bec1c3842fe50d5d2e6e6af32a01f58a326cc746) to a pages/finfilings score row; treated as the same source document -- the dataset carries no document-id column to check directly
multifinben-englishocr	train-00003-of-00008.parquet#000799	validation	Apache-2.0	deterministic hash-of-row-id sample of the post-exclusion candidate pool, target ~100 rows
multifinben-englishocr	train-00003-of-00008.parquet#000811	excluded	Apache-2.0	identical transcript text (sha1 3491afd3418c2a1836bb4cfc20cbf2f7ec98ae79) to a pages/finfilings score row; treated as the same source document -- the dataset carries no document-id column to check directly
multifinben-englishocr	train-00003-of-00008.parquet#000821	excluded	Apache-2.0	identical transcript text (sha1 3b955b3a67e0f84d4888f827562f9aada0836eac) to a pages/finfilings score row; treated as the same source document -- the dataset carries no document-id column to check directly
multifinben-englishocr	train-00003-of-00008.parquet#000825	validation	Apache-2.0	deterministic hash-of-row-id sample of the post-exclusion candidate pool, target ~100 rows
multifinben-englishocr	train-00003-of-00008.parquet#000828	validation	Apache-2.0	deterministic hash-of-row-id sample of the post-exclusion candidate pool, target ~100 rows
multifinben-englishocr	train-00003-of-00008.parquet#000833	excluded	Apache-2.0	identical transcript text (sha1 bec1c3842fe50d5d2e6e6af32a01f58a326cc746) to a pages/finfilings score row; treated as the same source document -- the dataset carries no document-id column to check directly
multifinben-englishocr	train-00003-of-00008.parquet#000840	validation	Apache-2.0	deterministic hash-of-row-id sample of the post-exclusion candidate pool, target ~100 rows
multifinben-englishocr	train-00003-of-00008.parquet#000842	train	Apache-2.0	deterministic hash-of-row-id sample of the post-exclusion candidate pool, target ~400 rows
multifinben-englishocr	train-00003-of-00008.parquet#000843	train	Apache-2.0	deterministic hash-of-row-id sample of the post-exclusion candidate pool, target ~400 rows
multifinben-englishocr	train-00003-of-00008.parquet#000847	train	Apache-2.0	deterministic hash-of-row-id sample of the post-exclusion candidate pool, target ~400 rows
multifinben-englishocr	train-00003-of-00008.parquet#000850	train	Apache-2.0	deterministic hash-of-row-id sample of the post-exclusion candidate pool, target ~400 rows
multifinben-englishocr	train-00003-of-00008.parquet#000862	excluded	Apache-2.0	identical transcript text (sha1 ccb147340416566121e6a31579cb135689115896) to a pages/finfilings score row; treated as the same source document -- the dataset carries no document-id column to check directly
multifinben-englishocr	train-00003-of-00008.parquet#000868	train	Apache-2.0	deterministic hash-of-row-id sample of the post-exclusion candidate pool, target ~400 rows
multifinben-englishocr	train-00003-of-00008.parquet#000893	excluded	Apache-2.0	identical transcript text (sha1 3491afd3418c2a1836bb4cfc20cbf2f7ec98ae79) to a pages/finfilings score row; treated as the same source document -- the dataset carries no document-id column to check directly
multifinben-englishocr	train-00003-of-00008.parquet#000903	excluded	Apache-2.0	identical transcript text (sha1 3b955b3a67e0f84d4888f827562f9aada0836eac) to a pages/finfilings score row; treated as the same source document -- the dataset carries no document-id column to check directly
multifinben-englishocr	train-00003-of-00008.parquet#000914	train	Apache-2.0	deterministic hash-of-row-id sample of the post-exclusion candidate pool, target ~400 rows
multifinben-englishocr	train-00003-of-00008.parquet#000915	excluded	Apache-2.0	identical transcript text (sha1 bec1c3842fe50d5d2e6e6af32a01f58a326cc746) to a pages/finfilings score row; treated as the same source document -- the dataset carries no document-id column to check directly
multifinben-englishocr	train-00003-of-00008.parquet#000925	train	Apache-2.0	deterministic hash-of-row-id sample of the post-exclusion candidate pool, target ~400 rows
multifinben-englishocr	train-00003-of-00008.parquet#000930	train	Apache-2.0	deterministic hash-of-row-id sample of the post-exclusion candidate pool, target ~400 rows
multifinben-englishocr	train-00003-of-00008.parquet#000934	excluded	Apache-2.0	identical transcript text (sha1 3491afd3418c2a1836bb4cfc20cbf2f7ec98ae79) to a pages/finfilings score row; treated as the same source document -- the dataset carries no document-id column to check directly
multifinben-englishocr	train-00003-of-00008.parquet#000944	excluded	Apache-2.0	identical transcript text (sha1 3b955b3a67e0f84d4888f827562f9aada0836eac) to a pages/finfilings score row; treated as the same source document -- the dataset carries no document-id column to check directly
multifinben-englishocr	train-00003-of-00008.parquet#000953	train	Apache-2.0	deterministic hash-of-row-id sample of the post-exclusion candidate pool, target ~400 rows
multifinben-englishocr	train-00003-of-00008.parquet#000956	excluded	Apache-2.0	identical transcript text (sha1 bec1c3842fe50d5d2e6e6af32a01f58a326cc746) to a pages/finfilings score row; treated as the same source document -- the dataset carries no document-id column to check directly
multifinben-englishocr	train-00003-of-00008.parquet#000967	train	Apache-2.0	deterministic hash-of-row-id sample of the post-exclusion candidate pool, target ~400 rows
multifinben-englishocr	train-00003-of-00008.parquet#000975	excluded	Apache-2.0	identical transcript text (sha1 3491afd3418c2a1836bb4cfc20cbf2f7ec98ae79) to a pages/finfilings score row; treated as the same source document -- the dataset carries no document-id column to check directly
multifinben-englishocr	train-00003-of-00008.parquet#000985	excluded	Apache-2.0	identical transcript text (sha1 3b955b3a67e0f84d4888f827562f9aada0836eac) to a pages/finfilings score row; treated as the same source document -- the dataset carries no document-id column to check directly
multifinben-englishocr	train-00003-of-00008.parquet#000988	train	Apache-2.0	deterministic hash-of-row-id sample of the post-exclusion candidate pool, target ~400 rows
multifinben-englishocr	train-00004-of-00008.parquet#000005	train	Apache-2.0	deterministic hash-of-row-id sample of the post-exclusion candidate pool, target ~400 rows
multifinben-englishocr	train-00004-of-00008.parquet#000021	train	Apache-2.0	deterministic hash-of-row-id sample of the post-exclusion candidate pool, target ~400 rows
multifinben-englishocr	train-00004-of-00008.parquet#000022	train	Apache-2.0	deterministic hash-of-row-id sample of the post-exclusion candidate pool, target ~400 rows
multifinben-englishocr	train-00004-of-00008.parquet#000024	train	Apache-2.0	deterministic hash-of-row-id sample of the post-exclusion candidate pool, target ~400 rows
multifinben-englishocr	train-00004-of-00008.parquet#000031	excluded	Apache-2.0	identical transcript text (sha1 ccb147340416566121e6a31579cb135689115896) to a pages/finfilings score row; treated as the same source document -- the dataset carries no document-id column to check directly
multifinben-englishocr	train-00004-of-00008.parquet#000062	excluded	Apache-2.0	identical transcript text (sha1 3491afd3418c2a1836bb4cfc20cbf2f7ec98ae79) to a pages/finfilings score row; treated as the same source document -- the dataset carries no document-id column to check directly
multifinben-englishocr	train-00004-of-00008.parquet#000063	train	Apache-2.0	deterministic hash-of-row-id sample of the post-exclusion candidate pool, target ~400 rows
multifinben-englishocr	train-00004-of-00008.parquet#000072	excluded	Apache-2.0	identical transcript text (sha1 ccb147340416566121e6a31579cb135689115896) to a pages/finfilings score row; treated as the same source document -- the dataset carries no document-id column to check directly
multifinben-englishocr	train-00004-of-00008.parquet#000081	train	Apache-2.0	deterministic hash-of-row-id sample of the post-exclusion candidate pool, target ~400 rows
multifinben-englishocr	train-00004-of-00008.parquet#000086	train	Apache-2.0	deterministic hash-of-row-id sample of the post-exclusion candidate pool, target ~400 rows
multifinben-englishocr	train-00004-of-00008.parquet#000113	excluded	Apache-2.0	identical transcript text (sha1 ccb147340416566121e6a31579cb135689115896) to a pages/finfilings score row; treated as the same source document -- the dataset carries no document-id column to check directly
multifinben-englishocr	train-00004-of-00008.parquet#000114	train	Apache-2.0	deterministic hash-of-row-id sample of the post-exclusion candidate pool, target ~400 rows
multifinben-englishocr	train-00004-of-00008.parquet#000117	train	Apache-2.0	deterministic hash-of-row-id sample of the post-exclusion candidate pool, target ~400 rows
multifinben-englishocr	train-00004-of-00008.parquet#000142	excluded	Apache-2.0	identical transcript text (sha1 ccb147340416566121e6a31579cb135689115896) to a pages/finfilings score row; treated as the same source document -- the dataset carries no document-id column to check directly
multifinben-englishocr	train-00004-of-00008.parquet#000143	train	Apache-2.0	deterministic hash-of-row-id sample of the post-exclusion candidate pool, target ~400 rows
multifinben-englishocr	train-00004-of-00008.parquet#000145	validation	Apache-2.0	deterministic hash-of-row-id sample of the post-exclusion candidate pool, target ~100 rows
multifinben-englishocr	train-00004-of-00008.parquet#000152	train	Apache-2.0	deterministic hash-of-row-id sample of the post-exclusion candidate pool, target ~400 rows
multifinben-englishocr	train-00004-of-00008.parquet#000156	validation	Apache-2.0	deterministic hash-of-row-id sample of the post-exclusion candidate pool, target ~100 rows
multifinben-englishocr	train-00004-of-00008.parquet#000179	train	Apache-2.0	deterministic hash-of-row-id sample of the post-exclusion candidate pool, target ~400 rows
multifinben-englishocr	train-00004-of-00008.parquet#000183	excluded	Apache-2.0	identical transcript text (sha1 ccb147340416566121e6a31579cb135689115896) to a pages/finfilings score row; treated as the same source document -- the dataset carries no document-id column to check directly
multifinben-englishocr	train-00004-of-00008.parquet#000195	excluded	Apache-2.0	identical transcript text (sha1 717a053c4f9b9911984dfdc96d378b9011643f46) to a pages/finfilings score row; treated as the same source document -- the dataset carries no document-id column to check directly
multifinben-englishocr	train-00004-of-00008.parquet#000201	validation	Apache-2.0	deterministic hash-of-row-id sample of the post-exclusion candidate pool, target ~100 rows
multifinben-englishocr	train-00004-of-00008.parquet#000202	excluded	Apache-2.0	identical transcript text (sha1 3491afd3418c2a1836bb4cfc20cbf2f7ec98ae79) to a pages/finfilings score row; treated as the same source document -- the dataset carries no document-id column to check directly
multifinben-englishocr	train-00004-of-00008.parquet#000212	excluded	Apache-2.0	identical transcript text (sha1 3b955b3a67e0f84d4888f827562f9aada0836eac) to a pages/finfilings score row; treated as the same source document -- the dataset carries no document-id column to check directly
multifinben-englishocr	train-00004-of-00008.parquet#000215	train	Apache-2.0	deterministic hash-of-row-id sample of the post-exclusion candidate pool, target ~400 rows
multifinben-englishocr	train-00004-of-00008.parquet#000231	excluded	Apache-2.0	identical transcript text (sha1 3491afd3418c2a1836bb4cfc20cbf2f7ec98ae79) to a pages/finfilings score row; treated as the same source document -- the dataset carries no document-id column to check directly
multifinben-englishocr	train-00004-of-00008.parquet#000232	train	Apache-2.0	deterministic hash-of-row-id sample of the post-exclusion candidate pool, target ~400 rows
multifinben-englishocr	train-00004-of-00008.parquet#000237	validation	Apache-2.0	deterministic hash-of-row-id sample of the post-exclusion candidate pool, target ~100 rows
multifinben-englishocr	train-00004-of-00008.parquet#000241	excluded	Apache-2.0	identical transcript text (sha1 3b955b3a67e0f84d4888f827562f9aada0836eac) to a pages/finfilings score row; treated as the same source document -- the dataset carries no document-id column to check directly
multifinben-englishocr	train-00004-of-00008.parquet#000243	train	Apache-2.0	deterministic hash-of-row-id sample of the post-exclusion candidate pool, target ~400 rows
multifinben-englishocr	train-00004-of-00008.parquet#000253	excluded	Apache-2.0	identical transcript text (sha1 bec1c3842fe50d5d2e6e6af32a01f58a326cc746) to a pages/finfilings score row; treated as the same source document -- the dataset carries no document-id column to check directly
multifinben-englishocr	train-00004-of-00008.parquet#000255	train	Apache-2.0	deterministic hash-of-row-id sample of the post-exclusion candidate pool, target ~400 rows
multifinben-englishocr	train-00004-of-00008.parquet#000272	excluded	Apache-2.0	identical transcript text (sha1 3491afd3418c2a1836bb4cfc20cbf2f7ec98ae79) to a pages/finfilings score row; treated as the same source document -- the dataset carries no document-id column to check directly
multifinben-englishocr	train-00004-of-00008.parquet#000282	excluded	Apache-2.0	identical transcript text (sha1 3b955b3a67e0f84d4888f827562f9aada0836eac) to a pages/finfilings score row; treated as the same source document -- the dataset carries no document-id column to check directly
multifinben-englishocr	train-00004-of-00008.parquet#000294	excluded	Apache-2.0	identical transcript text (sha1 bec1c3842fe50d5d2e6e6af32a01f58a326cc746) to a pages/finfilings score row; treated as the same source document -- the dataset carries no document-id column to check directly
multifinben-englishocr	train-00004-of-00008.parquet#000298	train	Apache-2.0	deterministic hash-of-row-id sample of the post-exclusion candidate pool, target ~400 rows
multifinben-englishocr	train-00004-of-00008.parquet#000313	excluded	Apache-2.0	identical transcript text (sha1 3491afd3418c2a1836bb4cfc20cbf2f7ec98ae79) to a pages/finfilings score row; treated as the same source document -- the dataset carries no document-id column to check directly
multifinben-englishocr	train-00004-of-00008.parquet#000323	excluded	Apache-2.0	identical transcript text (sha1 3b955b3a67e0f84d4888f827562f9aada0836eac) to a pages/finfilings score row; treated as the same source document -- the dataset carries no document-id column to check directly
multifinben-englishocr	train-00004-of-00008.parquet#000335	excluded	Apache-2.0	identical transcript text (sha1 bec1c3842fe50d5d2e6e6af32a01f58a326cc746) to a pages/finfilings score row; treated as the same source document -- the dataset carries no document-id column to check directly
multifinben-englishocr	train-00004-of-00008.parquet#000346	train	Apache-2.0	deterministic hash-of-row-id sample of the post-exclusion candidate pool, target ~400 rows
multifinben-englishocr	train-00004-of-00008.parquet#000350	train	Apache-2.0	deterministic hash-of-row-id sample of the post-exclusion candidate pool, target ~400 rows
multifinben-englishocr	train-00004-of-00008.parquet#000354	excluded	Apache-2.0	identical transcript text (sha1 3491afd3418c2a1836bb4cfc20cbf2f7ec98ae79) to a pages/finfilings score row; treated as the same source document -- the dataset carries no document-id column to check directly
multifinben-englishocr	train-00004-of-00008.parquet#000358	train	Apache-2.0	deterministic hash-of-row-id sample of the post-exclusion candidate pool, target ~400 rows
multifinben-englishocr	train-00004-of-00008.parquet#000362	train	Apache-2.0	deterministic hash-of-row-id sample of the post-exclusion candidate pool, target ~400 rows
multifinben-englishocr	train-00004-of-00008.parquet#000370	train	Apache-2.0	deterministic hash-of-row-id sample of the post-exclusion candidate pool, target ~400 rows
multifinben-englishocr	train-00004-of-00008.parquet#000374	excluded	Apache-2.0	identical transcript text (sha1 3491afd3418c2a1836bb4cfc20cbf2f7ec98ae79) to a pages/finfilings score row; treated as the same source document -- the dataset carries no document-id column to check directly
multifinben-englishocr	train-00004-of-00008.parquet#000384	excluded	Apache-2.0	identical transcript text (sha1 3b955b3a67e0f84d4888f827562f9aada0836eac) to a pages/finfilings score row; treated as the same source document -- the dataset carries no document-id column to check directly
multifinben-englishocr	train-00004-of-00008.parquet#000392	train	Apache-2.0	deterministic hash-of-row-id sample of the post-exclusion candidate pool, target ~400 rows
multifinben-englishocr	train-00004-of-00008.parquet#000396	excluded	Apache-2.0	identical transcript text (sha1 bec1c3842fe50d5d2e6e6af32a01f58a326cc746) to a pages/finfilings score row; treated as the same source document -- the dataset carries no document-id column to check directly
multifinben-englishocr	train-00004-of-00008.parquet#000404	train	Apache-2.0	deterministic hash-of-row-id sample of the post-exclusion candidate pool, target ~400 rows
multifinben-englishocr	train-00004-of-00008.parquet#000415	excluded	Apache-2.0	identical transcript text (sha1 3491afd3418c2a1836bb4cfc20cbf2f7ec98ae79) to a pages/finfilings score row; treated as the same source document -- the dataset carries no document-id column to check directly
multifinben-englishocr	train-00004-of-00008.parquet#000425	excluded	Apache-2.0	identical transcript text (sha1 3b955b3a67e0f84d4888f827562f9aada0836eac) to a pages/finfilings score row; treated as the same source document -- the dataset carries no document-id column to check directly
multifinben-englishocr	train-00004-of-00008.parquet#000437	excluded	Apache-2.0	identical transcript text (sha1 bec1c3842fe50d5d2e6e6af32a01f58a326cc746) to a pages/finfilings score row; treated as the same source document -- the dataset carries no document-id column to check directly
multifinben-englishocr	train-00004-of-00008.parquet#000452	train	Apache-2.0	deterministic hash-of-row-id sample of the post-exclusion candidate pool, target ~400 rows
multifinben-englishocr	train-00004-of-00008.parquet#000456	excluded	Apache-2.0	identical transcript text (sha1 3491afd3418c2a1836bb4cfc20cbf2f7ec98ae79) to a pages/finfilings score row; treated as the same source document -- the dataset carries no document-id column to check directly
multifinben-englishocr	train-00004-of-00008.parquet#000460	train	Apache-2.0	deterministic hash-of-row-id sample of the post-exclusion candidate pool, target ~400 rows
multifinben-englishocr	train-00004-of-00008.parquet#000466	excluded	Apache-2.0	identical transcript text (sha1 ccb147340416566121e6a31579cb135689115896) to a pages/finfilings score row; treated as the same source document -- the dataset carries no document-id column to check directly
multifinben-englishocr	train-00004-of-00008.parquet#000497	excluded	Apache-2.0	identical transcript text (sha1 3491afd3418c2a1836bb4cfc20cbf2f7ec98ae79) to a pages/finfilings score row; treated as the same source document -- the dataset carries no document-id column to check directly
multifinben-englishocr	train-00004-of-00008.parquet#000507	excluded	Apache-2.0	identical transcript text (sha1 3b955b3a67e0f84d4888f827562f9aada0836eac) to a pages/finfilings score row; treated as the same source document -- the dataset carries no document-id column to check directly
multifinben-englishocr	train-00004-of-00008.parquet#000519	excluded	Apache-2.0	identical transcript text (sha1 bec1c3842fe50d5d2e6e6af32a01f58a326cc746) to a pages/finfilings score row; treated as the same source document -- the dataset carries no document-id column to check directly
multifinben-englishocr	train-00004-of-00008.parquet#000524	validation	Apache-2.0	deterministic hash-of-row-id sample of the post-exclusion candidate pool, target ~100 rows
multifinben-englishocr	train-00004-of-00008.parquet#000526	train	Apache-2.0	deterministic hash-of-row-id sample of the post-exclusion candidate pool, target ~400 rows
multifinben-englishocr	train-00004-of-00008.parquet#000529	train	Apache-2.0	deterministic hash-of-row-id sample of the post-exclusion candidate pool, target ~400 rows
multifinben-englishocr	train-00004-of-00008.parquet#000538	excluded	Apache-2.0	identical transcript text (sha1 3491afd3418c2a1836bb4cfc20cbf2f7ec98ae79) to a pages/finfilings score row; treated as the same source document -- the dataset carries no document-id column to check directly
multifinben-englishocr	train-00004-of-00008.parquet#000548	excluded	Apache-2.0	identical transcript text (sha1 3b955b3a67e0f84d4888f827562f9aada0836eac) to a pages/finfilings score row; treated as the same source document -- the dataset carries no document-id column to check directly
multifinben-englishocr	train-00004-of-00008.parquet#000550	train	Apache-2.0	deterministic hash-of-row-id sample of the post-exclusion candidate pool, target ~400 rows
multifinben-englishocr	train-00004-of-00008.parquet#000560	excluded	Apache-2.0	identical transcript text (sha1 bec1c3842fe50d5d2e6e6af32a01f58a326cc746) to a pages/finfilings score row; treated as the same source document -- the dataset carries no document-id column to check directly
multifinben-englishocr	train-00004-of-00008.parquet#000562	train	Apache-2.0	deterministic hash-of-row-id sample of the post-exclusion candidate pool, target ~400 rows
multifinben-englishocr	train-00004-of-00008.parquet#000578	train	Apache-2.0	deterministic hash-of-row-id sample of the post-exclusion candidate pool, target ~400 rows
multifinben-englishocr	train-00004-of-00008.parquet#000579	excluded	Apache-2.0	identical transcript text (sha1 3491afd3418c2a1836bb4cfc20cbf2f7ec98ae79) to a pages/finfilings score row; treated as the same source document -- the dataset carries no document-id column to check directly
multifinben-englishocr	train-00004-of-00008.parquet#000581	train	Apache-2.0	deterministic hash-of-row-id sample of the post-exclusion candidate pool, target ~400 rows
multifinben-englishocr	train-00004-of-00008.parquet#000589	excluded	Apache-2.0	identical transcript text (sha1 ccb147340416566121e6a31579cb135689115896) to a pages/finfilings score row; treated as the same source document -- the dataset carries no document-id column to check directly
multifinben-englishocr	train-00004-of-00008.parquet#000601	excluded	Apache-2.0	identical transcript text (sha1 717a053c4f9b9911984dfdc96d378b9011643f46) to a pages/finfilings score row; treated as the same source document -- the dataset carries no document-id column to check directly
multifinben-englishocr	train-00004-of-00008.parquet#000602	train	Apache-2.0	deterministic hash-of-row-id sample of the post-exclusion candidate pool, target ~400 rows
multifinben-englishocr	train-00004-of-00008.parquet#000608	excluded	Apache-2.0	identical transcript text (sha1 3491afd3418c2a1836bb4cfc20cbf2f7ec98ae79) to a pages/finfilings score row; treated as the same source document -- the dataset carries no document-id column to check directly
multifinben-englishocr	train-00004-of-00008.parquet#000616	train	Apache-2.0	deterministic hash-of-row-id sample of the post-exclusion candidate pool, target ~400 rows
multifinben-englishocr	train-00004-of-00008.parquet#000618	excluded	Apache-2.0	identical transcript text (sha1 3b955b3a67e0f84d4888f827562f9aada0836eac) to a pages/finfilings score row; treated as the same source document -- the dataset carries no document-id column to check directly
multifinben-englishocr	train-00004-of-00008.parquet#000627	train	Apache-2.0	deterministic hash-of-row-id sample of the post-exclusion candidate pool, target ~400 rows
multifinben-englishocr	train-00004-of-00008.parquet#000630	excluded	Apache-2.0	identical transcript text (sha1 717a053c4f9b9911984dfdc96d378b9011643f46) to a pages/finfilings score row; treated as the same source document -- the dataset carries no document-id column to check directly
multifinben-englishocr	train-00004-of-00008.parquet#000631	train	Apache-2.0	deterministic hash-of-row-id sample of the post-exclusion candidate pool, target ~400 rows
multifinben-englishocr	train-00004-of-00008.parquet#000636	train	Apache-2.0	deterministic hash-of-row-id sample of the post-exclusion candidate pool, target ~400 rows
multifinben-englishocr	train-00004-of-00008.parquet#000637	excluded	Apache-2.0	identical transcript text (sha1 3491afd3418c2a1836bb4cfc20cbf2f7ec98ae79) to a pages/finfilings score row; treated as the same source document -- the dataset carries no document-id column to check directly
multifinben-englishocr	train-00004-of-00008.parquet#000638	train	Apache-2.0	deterministic hash-of-row-id sample of the post-exclusion candidate pool, target ~400 rows
multifinben-englishocr	train-00004-of-00008.parquet#000647	excluded	Apache-2.0	identical transcript text (sha1 bec1c3842fe50d5d2e6e6af32a01f58a326cc746) to a pages/finfilings score row; treated as the same source document -- the dataset carries no document-id column to check directly
multifinben-englishocr	train-00004-of-00008.parquet#000666	excluded	Apache-2.0	identical transcript text (sha1 3491afd3418c2a1836bb4cfc20cbf2f7ec98ae79) to a pages/finfilings score row; treated as the same source document -- the dataset carries no document-id column to check directly
multifinben-englishocr	train-00004-of-00008.parquet#000676	excluded	Apache-2.0	identical transcript text (sha1 3b955b3a67e0f84d4888f827562f9aada0836eac) to a pages/finfilings score row; treated as the same source document -- the dataset carries no document-id column to check directly
multifinben-englishocr	train-00004-of-00008.parquet#000688	train	Apache-2.0	deterministic hash-of-row-id sample of the post-exclusion candidate pool, target ~400 rows
multifinben-englishocr	train-00004-of-00008.parquet#000695	train	Apache-2.0	deterministic hash-of-row-id sample of the post-exclusion candidate pool, target ~400 rows
multifinben-englishocr	train-00004-of-00008.parquet#000706	validation	Apache-2.0	deterministic hash-of-row-id sample of the post-exclusion candidate pool, target ~100 rows
multifinben-englishocr	train-00004-of-00008.parquet#000707	excluded	Apache-2.0	identical transcript text (sha1 3491afd3418c2a1836bb4cfc20cbf2f7ec98ae79) to a pages/finfilings score row; treated as the same source document -- the dataset carries no document-id column to check directly
multifinben-englishocr	train-00004-of-00008.parquet#000708	train	Apache-2.0	deterministic hash-of-row-id sample of the post-exclusion candidate pool, target ~400 rows
multifinben-englishocr	train-00004-of-00008.parquet#000716	train	Apache-2.0	deterministic hash-of-row-id sample of the post-exclusion candidate pool, target ~400 rows
multifinben-englishocr	train-00004-of-00008.parquet#000717	excluded	Apache-2.0	identical transcript text (sha1 ccb147340416566121e6a31579cb135689115896) to a pages/finfilings score row; treated as the same source document -- the dataset carries no document-id column to check directly
multifinben-englishocr	train-00004-of-00008.parquet#000727	train	Apache-2.0	deterministic hash-of-row-id sample of the post-exclusion candidate pool, target ~400 rows
multifinben-englishocr	train-00004-of-00008.parquet#000729	validation	Apache-2.0	deterministic hash-of-row-id sample of the post-exclusion candidate pool, target ~100 rows
multifinben-englishocr	train-00004-of-00008.parquet#000741	train	Apache-2.0	deterministic hash-of-row-id sample of the post-exclusion candidate pool, target ~400 rows
multifinben-englishocr	train-00004-of-00008.parquet#000747	train	Apache-2.0	deterministic hash-of-row-id sample of the post-exclusion candidate pool, target ~400 rows
multifinben-englishocr	train-00004-of-00008.parquet#000750	train	Apache-2.0	deterministic hash-of-row-id sample of the post-exclusion candidate pool, target ~400 rows
multifinben-englishocr	train-00004-of-00008.parquet#000757	excluded	Apache-2.0	37 chars after whitespace normalisation, below the 200-char corpus min-chars floor (parquet_corpus.py's own --min-chars default)
multifinben-englishocr	train-00004-of-00008.parquet#000759	train	Apache-2.0	deterministic hash-of-row-id sample of the post-exclusion candidate pool, target ~400 rows
multifinben-englishocr	train-00004-of-00008.parquet#000778	train	Apache-2.0	deterministic hash-of-row-id sample of the post-exclusion candidate pool, target ~400 rows
multifinben-englishocr	train-00004-of-00008.parquet#000800	train	Apache-2.0	deterministic hash-of-row-id sample of the post-exclusion candidate pool, target ~400 rows
multifinben-englishocr	train-00004-of-00008.parquet#000801	train	Apache-2.0	deterministic hash-of-row-id sample of the post-exclusion candidate pool, target ~400 rows
multifinben-englishocr	train-00004-of-00008.parquet#000824	train	Apache-2.0	deterministic hash-of-row-id sample of the post-exclusion candidate pool, target ~400 rows
multifinben-englishocr	train-00004-of-00008.parquet#000828	train	Apache-2.0	deterministic hash-of-row-id sample of the post-exclusion candidate pool, target ~400 rows
multifinben-englishocr	train-00004-of-00008.parquet#000858	train	Apache-2.0	deterministic hash-of-row-id sample of the post-exclusion candidate pool, target ~400 rows
multifinben-englishocr	train-00004-of-00008.parquet#000873	validation	Apache-2.0	deterministic hash-of-row-id sample of the post-exclusion candidate pool, target ~100 rows
multifinben-englishocr	train-00004-of-00008.parquet#000897	train	Apache-2.0	deterministic hash-of-row-id sample of the post-exclusion candidate pool, target ~400 rows
multifinben-englishocr	train-00004-of-00008.parquet#000914	train	Apache-2.0	deterministic hash-of-row-id sample of the post-exclusion candidate pool, target ~400 rows
multifinben-englishocr	train-00004-of-00008.parquet#000915	validation	Apache-2.0	deterministic hash-of-row-id sample of the post-exclusion candidate pool, target ~100 rows
multifinben-englishocr	train-00004-of-00008.parquet#000925	train	Apache-2.0	deterministic hash-of-row-id sample of the post-exclusion candidate pool, target ~400 rows
multifinben-englishocr	train-00004-of-00008.parquet#000963	train	Apache-2.0	deterministic hash-of-row-id sample of the post-exclusion candidate pool, target ~400 rows
multifinben-englishocr	train-00004-of-00008.parquet#000980	train	Apache-2.0	deterministic hash-of-row-id sample of the post-exclusion candidate pool, target ~400 rows
multifinben-englishocr	train-00005-of-00008.parquet#000011	train	Apache-2.0	deterministic hash-of-row-id sample of the post-exclusion candidate pool, target ~400 rows
multifinben-englishocr	train-00005-of-00008.parquet#000044	excluded	Apache-2.0	193 chars after whitespace normalisation, below the 200-char corpus min-chars floor (parquet_corpus.py's own --min-chars default)
multifinben-englishocr	train-00005-of-00008.parquet#000046	train	Apache-2.0	deterministic hash-of-row-id sample of the post-exclusion candidate pool, target ~400 rows
multifinben-englishocr	train-00005-of-00008.parquet#000047	excluded	Apache-2.0	147 chars after whitespace normalisation, below the 200-char corpus min-chars floor (parquet_corpus.py's own --min-chars default)
multifinben-englishocr	train-00005-of-00008.parquet#000056	validation	Apache-2.0	deterministic hash-of-row-id sample of the post-exclusion candidate pool, target ~100 rows
multifinben-englishocr	train-00005-of-00008.parquet#000060	train	Apache-2.0	deterministic hash-of-row-id sample of the post-exclusion candidate pool, target ~400 rows
multifinben-englishocr	train-00005-of-00008.parquet#000072	train	Apache-2.0	deterministic hash-of-row-id sample of the post-exclusion candidate pool, target ~400 rows
multifinben-englishocr	train-00005-of-00008.parquet#000078	train	Apache-2.0	deterministic hash-of-row-id sample of the post-exclusion candidate pool, target ~400 rows
multifinben-englishocr	train-00005-of-00008.parquet#000083	validation	Apache-2.0	deterministic hash-of-row-id sample of the post-exclusion candidate pool, target ~100 rows
multifinben-englishocr	train-00005-of-00008.parquet#000092	excluded	Apache-2.0	7 chars after whitespace normalisation, below the 200-char corpus min-chars floor (parquet_corpus.py's own --min-chars default)
multifinben-englishocr	train-00005-of-00008.parquet#000094	excluded	Apache-2.0	175 chars after whitespace normalisation, below the 200-char corpus min-chars floor (parquet_corpus.py's own --min-chars default)
multifinben-englishocr	train-00005-of-00008.parquet#000114	train	Apache-2.0	deterministic hash-of-row-id sample of the post-exclusion candidate pool, target ~400 rows
multifinben-englishocr	train-00005-of-00008.parquet#000128	train	Apache-2.0	deterministic hash-of-row-id sample of the post-exclusion candidate pool, target ~400 rows
multifinben-englishocr	train-00005-of-00008.parquet#000135	excluded	Apache-2.0	35 chars after whitespace normalisation, below the 200-char corpus min-chars floor (parquet_corpus.py's own --min-chars default)
multifinben-englishocr	train-00005-of-00008.parquet#000149	train	Apache-2.0	deterministic hash-of-row-id sample of the post-exclusion candidate pool, target ~400 rows
multifinben-englishocr	train-00005-of-00008.parquet#000152	train	Apache-2.0	deterministic hash-of-row-id sample of the post-exclusion candidate pool, target ~400 rows
multifinben-englishocr	train-00005-of-00008.parquet#000159	validation	Apache-2.0	deterministic hash-of-row-id sample of the post-exclusion candidate pool, target ~100 rows
multifinben-englishocr	train-00005-of-00008.parquet#000165	train	Apache-2.0	deterministic hash-of-row-id sample of the post-exclusion candidate pool, target ~400 rows
multifinben-englishocr	train-00005-of-00008.parquet#000177	excluded	Apache-2.0	36 chars after whitespace normalisation, below the 200-char corpus min-chars floor (parquet_corpus.py's own --min-chars default)
multifinben-englishocr	train-00005-of-00008.parquet#000178	excluded	Apache-2.0	6 chars after whitespace normalisation, below the 200-char corpus min-chars floor (parquet_corpus.py's own --min-chars default)
multifinben-englishocr	train-00005-of-00008.parquet#000191	train	Apache-2.0	deterministic hash-of-row-id sample of the post-exclusion candidate pool, target ~400 rows
multifinben-englishocr	train-00005-of-00008.parquet#000203	train	Apache-2.0	deterministic hash-of-row-id sample of the post-exclusion candidate pool, target ~400 rows
multifinben-englishocr	train-00005-of-00008.parquet#000204	train	Apache-2.0	deterministic hash-of-row-id sample of the post-exclusion candidate pool, target ~400 rows
multifinben-englishocr	train-00005-of-00008.parquet#000210	excluded	Apache-2.0	74 chars after whitespace normalisation, below the 200-char corpus min-chars floor (parquet_corpus.py's own --min-chars default)
multifinben-englishocr	train-00005-of-00008.parquet#000220	train	Apache-2.0	deterministic hash-of-row-id sample of the post-exclusion candidate pool, target ~400 rows
multifinben-englishocr	train-00005-of-00008.parquet#000235	train	Apache-2.0	deterministic hash-of-row-id sample of the post-exclusion candidate pool, target ~400 rows
multifinben-englishocr	train-00005-of-00008.parquet#000238	train	Apache-2.0	deterministic hash-of-row-id sample of the post-exclusion candidate pool, target ~400 rows
multifinben-englishocr	train-00005-of-00008.parquet#000251	train	Apache-2.0	deterministic hash-of-row-id sample of the post-exclusion candidate pool, target ~400 rows
multifinben-englishocr	train-00005-of-00008.parquet#000259	train	Apache-2.0	deterministic hash-of-row-id sample of the post-exclusion candidate pool, target ~400 rows
multifinben-englishocr	train-00005-of-00008.parquet#000265	train	Apache-2.0	deterministic hash-of-row-id sample of the post-exclusion candidate pool, target ~400 rows
multifinben-englishocr	train-00005-of-00008.parquet#000283	train	Apache-2.0	deterministic hash-of-row-id sample of the post-exclusion candidate pool, target ~400 rows
multifinben-englishocr	train-00005-of-00008.parquet#000292	train	Apache-2.0	deterministic hash-of-row-id sample of the post-exclusion candidate pool, target ~400 rows
multifinben-englishocr	train-00005-of-00008.parquet#000345	train	Apache-2.0	deterministic hash-of-row-id sample of the post-exclusion candidate pool, target ~400 rows
multifinben-englishocr	train-00005-of-00008.parquet#000350	train	Apache-2.0	deterministic hash-of-row-id sample of the post-exclusion candidate pool, target ~400 rows
multifinben-englishocr	train-00005-of-00008.parquet#000364	train	Apache-2.0	deterministic hash-of-row-id sample of the post-exclusion candidate pool, target ~400 rows
multifinben-englishocr	train-00005-of-00008.parquet#000368	train	Apache-2.0	deterministic hash-of-row-id sample of the post-exclusion candidate pool, target ~400 rows
multifinben-englishocr	train-00005-of-00008.parquet#000371	train	Apache-2.0	deterministic hash-of-row-id sample of the post-exclusion candidate pool, target ~400 rows
multifinben-englishocr	train-00005-of-00008.parquet#000378	validation	Apache-2.0	deterministic hash-of-row-id sample of the post-exclusion candidate pool, target ~100 rows
multifinben-englishocr	train-00005-of-00008.parquet#000453	train	Apache-2.0	deterministic hash-of-row-id sample of the post-exclusion candidate pool, target ~400 rows
multifinben-englishocr	train-00005-of-00008.parquet#000478	validation	Apache-2.0	deterministic hash-of-row-id sample of the post-exclusion candidate pool, target ~100 rows
multifinben-englishocr	train-00005-of-00008.parquet#000488	train	Apache-2.0	deterministic hash-of-row-id sample of the post-exclusion candidate pool, target ~400 rows
multifinben-englishocr	train-00005-of-00008.parquet#000498	excluded	Apache-2.0	22 chars after whitespace normalisation, below the 200-char corpus min-chars floor (parquet_corpus.py's own --min-chars default)
multifinben-englishocr	train-00005-of-00008.parquet#000501	excluded	Apache-2.0	193 chars after whitespace normalisation, below the 200-char corpus min-chars floor (parquet_corpus.py's own --min-chars default)
multifinben-englishocr	train-00005-of-00008.parquet#000502	train	Apache-2.0	deterministic hash-of-row-id sample of the post-exclusion candidate pool, target ~400 rows
multifinben-englishocr	train-00005-of-00008.parquet#000504	train	Apache-2.0	deterministic hash-of-row-id sample of the post-exclusion candidate pool, target ~400 rows
multifinben-englishocr	train-00005-of-00008.parquet#000509	train	Apache-2.0	deterministic hash-of-row-id sample of the post-exclusion candidate pool, target ~400 rows
multifinben-englishocr	train-00005-of-00008.parquet#000527	train	Apache-2.0	deterministic hash-of-row-id sample of the post-exclusion candidate pool, target ~400 rows
multifinben-englishocr	train-00005-of-00008.parquet#000537	train	Apache-2.0	deterministic hash-of-row-id sample of the post-exclusion candidate pool, target ~400 rows
multifinben-englishocr	train-00005-of-00008.parquet#000548	train	Apache-2.0	deterministic hash-of-row-id sample of the post-exclusion candidate pool, target ~400 rows
multifinben-englishocr	train-00005-of-00008.parquet#000568	excluded	Apache-2.0	139 chars after whitespace normalisation, below the 200-char corpus min-chars floor (parquet_corpus.py's own --min-chars default)
multifinben-englishocr	train-00005-of-00008.parquet#000572	validation	Apache-2.0	deterministic hash-of-row-id sample of the post-exclusion candidate pool, target ~100 rows
multifinben-englishocr	train-00005-of-00008.parquet#000578	train	Apache-2.0	deterministic hash-of-row-id sample of the post-exclusion candidate pool, target ~400 rows
multifinben-englishocr	train-00005-of-00008.parquet#000582	train	Apache-2.0	deterministic hash-of-row-id sample of the post-exclusion candidate pool, target ~400 rows
multifinben-englishocr	train-00005-of-00008.parquet#000599	excluded	Apache-2.0	identical transcript text (sha1 ccb147340416566121e6a31579cb135689115896) to a pages/finfilings score row; treated as the same source document -- the dataset carries no document-id column to check directly
multifinben-englishocr	train-00005-of-00008.parquet#000608	excluded	Apache-2.0	136 chars after whitespace normalisation, below the 200-char corpus min-chars floor (parquet_corpus.py's own --min-chars default)
multifinben-englishocr	train-00005-of-00008.parquet#000617	validation	Apache-2.0	deterministic hash-of-row-id sample of the post-exclusion candidate pool, target ~100 rows
multifinben-englishocr	train-00005-of-00008.parquet#000620	excluded	Apache-2.0	117 chars after whitespace normalisation, below the 200-char corpus min-chars floor (parquet_corpus.py's own --min-chars default)
multifinben-englishocr	train-00005-of-00008.parquet#000622	excluded	Apache-2.0	87 chars after whitespace normalisation, below the 200-char corpus min-chars floor (parquet_corpus.py's own --min-chars default)
multifinben-englishocr	train-00005-of-00008.parquet#000630	excluded	Apache-2.0	72 chars after whitespace normalisation, below the 200-char corpus min-chars floor (parquet_corpus.py's own --min-chars default)
multifinben-englishocr	train-00005-of-00008.parquet#000637	train	Apache-2.0	deterministic hash-of-row-id sample of the post-exclusion candidate pool, target ~400 rows
multifinben-englishocr	train-00005-of-00008.parquet#000652	excluded	Apache-2.0	199 chars after whitespace normalisation, below the 200-char corpus min-chars floor (parquet_corpus.py's own --min-chars default)
multifinben-englishocr	train-00005-of-00008.parquet#000672	excluded	Apache-2.0	152 chars after whitespace normalisation, below the 200-char corpus min-chars floor (parquet_corpus.py's own --min-chars default)
multifinben-englishocr	train-00005-of-00008.parquet#000685	validation	Apache-2.0	deterministic hash-of-row-id sample of the post-exclusion candidate pool, target ~100 rows
multifinben-englishocr	train-00005-of-00008.parquet#000697	train	Apache-2.0	deterministic hash-of-row-id sample of the post-exclusion candidate pool, target ~400 rows
multifinben-englishocr	train-00005-of-00008.parquet#000704	train	Apache-2.0	deterministic hash-of-row-id sample of the post-exclusion candidate pool, target ~400 rows
multifinben-englishocr	train-00005-of-00008.parquet#000714	validation	Apache-2.0	deterministic hash-of-row-id sample of the post-exclusion candidate pool, target ~100 rows
multifinben-englishocr	train-00005-of-00008.parquet#000723	excluded	Apache-2.0	137 chars after whitespace normalisation, below the 200-char corpus min-chars floor (parquet_corpus.py's own --min-chars default)
multifinben-englishocr	train-00005-of-00008.parquet#000763	train	Apache-2.0	deterministic hash-of-row-id sample of the post-exclusion candidate pool, target ~400 rows
multifinben-englishocr	train-00005-of-00008.parquet#000793	validation	Apache-2.0	deterministic hash-of-row-id sample of the post-exclusion candidate pool, target ~100 rows
multifinben-englishocr	train-00005-of-00008.parquet#000798	train	Apache-2.0	deterministic hash-of-row-id sample of the post-exclusion candidate pool, target ~400 rows
multifinben-englishocr	train-00005-of-00008.parquet#000800	train	Apache-2.0	deterministic hash-of-row-id sample of the post-exclusion candidate pool, target ~400 rows
multifinben-englishocr	train-00005-of-00008.parquet#000803	validation	Apache-2.0	deterministic hash-of-row-id sample of the post-exclusion candidate pool, target ~100 rows
multifinben-englishocr	train-00005-of-00008.parquet#000804	train	Apache-2.0	deterministic hash-of-row-id sample of the post-exclusion candidate pool, target ~400 rows
multifinben-englishocr	train-00005-of-00008.parquet#000829	excluded	Apache-2.0	86 chars after whitespace normalisation, below the 200-char corpus min-chars floor (parquet_corpus.py's own --min-chars default)
multifinben-englishocr	train-00005-of-00008.parquet#000833	validation	Apache-2.0	deterministic hash-of-row-id sample of the post-exclusion candidate pool, target ~100 rows
multifinben-englishocr	train-00005-of-00008.parquet#000851	train	Apache-2.0	deterministic hash-of-row-id sample of the post-exclusion candidate pool, target ~400 rows
multifinben-englishocr	train-00005-of-00008.parquet#000860	excluded	Apache-2.0	43 chars after whitespace normalisation, below the 200-char corpus min-chars floor (parquet_corpus.py's own --min-chars default)
multifinben-englishocr	train-00005-of-00008.parquet#000861	excluded	Apache-2.0	30 chars after whitespace normalisation, below the 200-char corpus min-chars floor (parquet_corpus.py's own --min-chars default)
multifinben-englishocr	train-00005-of-00008.parquet#000870	train	Apache-2.0	deterministic hash-of-row-id sample of the post-exclusion candidate pool, target ~400 rows
multifinben-englishocr	train-00005-of-00008.parquet#000874	train	Apache-2.0	deterministic hash-of-row-id sample of the post-exclusion candidate pool, target ~400 rows
multifinben-englishocr	train-00005-of-00008.parquet#000878	train	Apache-2.0	deterministic hash-of-row-id sample of the post-exclusion candidate pool, target ~400 rows
multifinben-englishocr	train-00005-of-00008.parquet#000879	excluded	Apache-2.0	10 chars after whitespace normalisation, below the 200-char corpus min-chars floor (parquet_corpus.py's own --min-chars default)
multifinben-englishocr	train-00005-of-00008.parquet#000912	train	Apache-2.0	deterministic hash-of-row-id sample of the post-exclusion candidate pool, target ~400 rows
multifinben-englishocr	train-00005-of-00008.parquet#000918	train	Apache-2.0	deterministic hash-of-row-id sample of the post-exclusion candidate pool, target ~400 rows
multifinben-englishocr	train-00005-of-00008.parquet#000919	train	Apache-2.0	deterministic hash-of-row-id sample of the post-exclusion candidate pool, target ~400 rows
multifinben-englishocr	train-00005-of-00008.parquet#000924	excluded	Apache-2.0	146 chars after whitespace normalisation, below the 200-char corpus min-chars floor (parquet_corpus.py's own --min-chars default)
multifinben-englishocr	train-00005-of-00008.parquet#000927	train	Apache-2.0	deterministic hash-of-row-id sample of the post-exclusion candidate pool, target ~400 rows
multifinben-englishocr	train-00005-of-00008.parquet#000928	excluded	Apache-2.0	32 chars after whitespace normalisation, below the 200-char corpus min-chars floor (parquet_corpus.py's own --min-chars default)
multifinben-englishocr	train-00005-of-00008.parquet#000974	excluded	Apache-2.0	identical transcript text (sha1 bec1c3842fe50d5d2e6e6af32a01f58a326cc746) to a pages/finfilings score row; treated as the same source document -- the dataset carries no document-id column to check directly
multifinben-englishocr	train-00005-of-00008.parquet#000993	train	Apache-2.0	deterministic hash-of-row-id sample of the post-exclusion candidate pool, target ~400 rows
multifinben-englishocr	train-00006-of-00008.parquet#000012	train	Apache-2.0	deterministic hash-of-row-id sample of the post-exclusion candidate pool, target ~400 rows
multifinben-englishocr	train-00006-of-00008.parquet#000016	excluded	Apache-2.0	identical transcript text (sha1 717a053c4f9b9911984dfdc96d378b9011643f46) to a pages/finfilings score row; treated as the same source document -- the dataset carries no document-id column to check directly
multifinben-englishocr	train-00006-of-00008.parquet#000021	excluded	Apache-2.0	identical transcript text (sha1 bec1c3842fe50d5d2e6e6af32a01f58a326cc746) to a pages/finfilings score row; treated as the same source document -- the dataset carries no document-id column to check directly
multifinben-englishocr	train-00006-of-00008.parquet#000025	validation	Apache-2.0	deterministic hash-of-row-id sample of the post-exclusion candidate pool, target ~100 rows
multifinben-englishocr	train-00006-of-00008.parquet#000026	excluded	Apache-2.0	identical transcript text (sha1 3b955b3a67e0f84d4888f827562f9aada0836eac) to a pages/finfilings score row; treated as the same source document -- the dataset carries no document-id column to check directly
multifinben-englishocr	train-00006-of-00008.parquet#000037	train	Apache-2.0	deterministic hash-of-row-id sample of the post-exclusion candidate pool, target ~400 rows
multifinben-englishocr	train-00006-of-00008.parquet#000039	train	Apache-2.0	deterministic hash-of-row-id sample of the post-exclusion candidate pool, target ~400 rows
multifinben-englishocr	train-00006-of-00008.parquet#000062	validation	Apache-2.0	deterministic hash-of-row-id sample of the post-exclusion candidate pool, target ~100 rows
multifinben-englishocr	train-00006-of-00008.parquet#000073	train	Apache-2.0	deterministic hash-of-row-id sample of the post-exclusion candidate pool, target ~400 rows
multifinben-englishocr	train-00006-of-00008.parquet#000076	excluded	Apache-2.0	91 chars after whitespace normalisation, below the 200-char corpus min-chars floor (parquet_corpus.py's own --min-chars default)
multifinben-englishocr	train-00006-of-00008.parquet#000094	validation	Apache-2.0	deterministic hash-of-row-id sample of the post-exclusion candidate pool, target ~100 rows
multifinben-englishocr	train-00006-of-00008.parquet#000095	excluded	Apache-2.0	23 chars after whitespace normalisation, below the 200-char corpus min-chars floor (parquet_corpus.py's own --min-chars default)
multifinben-englishocr	train-00006-of-00008.parquet#000106	validation	Apache-2.0	deterministic hash-of-row-id sample of the post-exclusion candidate pool, target ~100 rows
multifinben-englishocr	train-00006-of-00008.parquet#000109	train	Apache-2.0	deterministic hash-of-row-id sample of the post-exclusion candidate pool, target ~400 rows
multifinben-englishocr	train-00006-of-00008.parquet#000115	excluded	Apache-2.0	15 chars after whitespace normalisation, below the 200-char corpus min-chars floor (parquet_corpus.py's own --min-chars default)
multifinben-englishocr	train-00006-of-00008.parquet#000130	train	Apache-2.0	deterministic hash-of-row-id sample of the post-exclusion candidate pool, target ~400 rows
multifinben-englishocr	train-00006-of-00008.parquet#000132	train	Apache-2.0	deterministic hash-of-row-id sample of the post-exclusion candidate pool, target ~400 rows
multifinben-englishocr	train-00006-of-00008.parquet#000161	excluded	Apache-2.0	155 chars after whitespace normalisation, below the 200-char corpus min-chars floor (parquet_corpus.py's own --min-chars default)
multifinben-englishocr	train-00006-of-00008.parquet#000169	train	Apache-2.0	deterministic hash-of-row-id sample of the post-exclusion candidate pool, target ~400 rows
multifinben-englishocr	train-00006-of-00008.parquet#000179	train	Apache-2.0	deterministic hash-of-row-id sample of the post-exclusion candidate pool, target ~400 rows
multifinben-englishocr	train-00006-of-00008.parquet#000206	train	Apache-2.0	deterministic hash-of-row-id sample of the post-exclusion candidate pool, target ~400 rows
multifinben-englishocr	train-00006-of-00008.parquet#000257	validation	Apache-2.0	deterministic hash-of-row-id sample of the post-exclusion candidate pool, target ~100 rows
multifinben-englishocr	train-00006-of-00008.parquet#000265	train	Apache-2.0	deterministic hash-of-row-id sample of the post-exclusion candidate pool, target ~400 rows
multifinben-englishocr	train-00006-of-00008.parquet#000275	train	Apache-2.0	deterministic hash-of-row-id sample of the post-exclusion candidate pool, target ~400 rows
multifinben-englishocr	train-00006-of-00008.parquet#000277	validation	Apache-2.0	deterministic hash-of-row-id sample of the post-exclusion candidate pool, target ~100 rows
multifinben-englishocr	train-00006-of-00008.parquet#000283	excluded	Apache-2.0	identical transcript text (sha1 717a053c4f9b9911984dfdc96d378b9011643f46) to a pages/finfilings score row; treated as the same source document -- the dataset carries no document-id column to check directly
multifinben-englishocr	train-00006-of-00008.parquet#000288	excluded	Apache-2.0	identical transcript text (sha1 bec1c3842fe50d5d2e6e6af32a01f58a326cc746) to a pages/finfilings score row; treated as the same source document -- the dataset carries no document-id column to check directly
multifinben-englishocr	train-00006-of-00008.parquet#000290	train	Apache-2.0	deterministic hash-of-row-id sample of the post-exclusion candidate pool, target ~400 rows
multifinben-englishocr	train-00006-of-00008.parquet#000293	excluded	Apache-2.0	identical transcript text (sha1 3b955b3a67e0f84d4888f827562f9aada0836eac) to a pages/finfilings score row; treated as the same source document -- the dataset carries no document-id column to check directly
multifinben-englishocr	train-00006-of-00008.parquet#000324	train	Apache-2.0	deterministic hash-of-row-id sample of the post-exclusion candidate pool, target ~400 rows
multifinben-englishocr	train-00006-of-00008.parquet#000330	excluded	Apache-2.0	identical transcript text (sha1 717a053c4f9b9911984dfdc96d378b9011643f46) to a pages/finfilings score row; treated as the same source document -- the dataset carries no document-id column to check directly
multifinben-englishocr	train-00006-of-00008.parquet#000335	excluded	Apache-2.0	identical transcript text (sha1 bec1c3842fe50d5d2e6e6af32a01f58a326cc746) to a pages/finfilings score row; treated as the same source document -- the dataset carries no document-id column to check directly
multifinben-englishocr	train-00006-of-00008.parquet#000340	excluded	Apache-2.0	identical transcript text (sha1 3b955b3a67e0f84d4888f827562f9aada0836eac) to a pages/finfilings score row; treated as the same source document -- the dataset carries no document-id column to check directly
multifinben-englishocr	train-00006-of-00008.parquet#000352	train	Apache-2.0	deterministic hash-of-row-id sample of the post-exclusion candidate pool, target ~400 rows
multifinben-englishocr	train-00006-of-00008.parquet#000373	train	Apache-2.0	deterministic hash-of-row-id sample of the post-exclusion candidate pool, target ~400 rows
multifinben-englishocr	train-00006-of-00008.parquet#000377	excluded	Apache-2.0	identical transcript text (sha1 717a053c4f9b9911984dfdc96d378b9011643f46) to a pages/finfilings score row; treated as the same source document -- the dataset carries no document-id column to check directly
multifinben-englishocr	train-00006-of-00008.parquet#000378	train	Apache-2.0	deterministic hash-of-row-id sample of the post-exclusion candidate pool, target ~400 rows
multifinben-englishocr	train-00006-of-00008.parquet#000382	excluded	Apache-2.0	identical transcript text (sha1 bec1c3842fe50d5d2e6e6af32a01f58a326cc746) to a pages/finfilings score row; treated as the same source document -- the dataset carries no document-id column to check directly
multifinben-englishocr	train-00006-of-00008.parquet#000387	excluded	Apache-2.0	identical transcript text (sha1 3b955b3a67e0f84d4888f827562f9aada0836eac) to a pages/finfilings score row; treated as the same source document -- the dataset carries no document-id column to check directly
multifinben-englishocr	train-00006-of-00008.parquet#000388	train	Apache-2.0	deterministic hash-of-row-id sample of the post-exclusion candidate pool, target ~400 rows
multifinben-englishocr	train-00006-of-00008.parquet#000392	train	Apache-2.0	deterministic hash-of-row-id sample of the post-exclusion candidate pool, target ~400 rows
multifinben-englishocr	train-00006-of-00008.parquet#000403	train	Apache-2.0	deterministic hash-of-row-id sample of the post-exclusion candidate pool, target ~400 rows
multifinben-englishocr	train-00006-of-00008.parquet#000405	validation	Apache-2.0	deterministic hash-of-row-id sample of the post-exclusion candidate pool, target ~100 rows
multifinben-englishocr	train-00006-of-00008.parquet#000424	excluded	Apache-2.0	identical transcript text (sha1 717a053c4f9b9911984dfdc96d378b9011643f46) to a pages/finfilings score row; treated as the same source document -- the dataset carries no document-id column to check directly
multifinben-englishocr	train-00006-of-00008.parquet#000429	excluded	Apache-2.0	identical transcript text (sha1 bec1c3842fe50d5d2e6e6af32a01f58a326cc746) to a pages/finfilings score row; treated as the same source document -- the dataset carries no document-id column to check directly
multifinben-englishocr	train-00006-of-00008.parquet#000434	excluded	Apache-2.0	identical transcript text (sha1 3b955b3a67e0f84d4888f827562f9aada0836eac) to a pages/finfilings score row; treated as the same source document -- the dataset carries no document-id column to check directly
multifinben-englishocr	train-00006-of-00008.parquet#000465	validation	Apache-2.0	deterministic hash-of-row-id sample of the post-exclusion candidate pool, target ~100 rows
multifinben-englishocr	train-00006-of-00008.parquet#000471	excluded	Apache-2.0	identical transcript text (sha1 717a053c4f9b9911984dfdc96d378b9011643f46) to a pages/finfilings score row; treated as the same source document -- the dataset carries no document-id column to check directly
multifinben-englishocr	train-00006-of-00008.parquet#000476	excluded	Apache-2.0	identical transcript text (sha1 bec1c3842fe50d5d2e6e6af32a01f58a326cc746) to a pages/finfilings score row; treated as the same source document -- the dataset carries no document-id column to check directly
multifinben-englishocr	train-00006-of-00008.parquet#000478	train	Apache-2.0	deterministic hash-of-row-id sample of the post-exclusion candidate pool, target ~400 rows
multifinben-englishocr	train-00006-of-00008.parquet#000481	excluded	Apache-2.0	identical transcript text (sha1 3b955b3a67e0f84d4888f827562f9aada0836eac) to a pages/finfilings score row; treated as the same source document -- the dataset carries no document-id column to check directly
multifinben-englishocr	train-00006-of-00008.parquet#000483	train	Apache-2.0	deterministic hash-of-row-id sample of the post-exclusion candidate pool, target ~400 rows
multifinben-englishocr	train-00006-of-00008.parquet#000492	train	Apache-2.0	deterministic hash-of-row-id sample of the post-exclusion candidate pool, target ~400 rows
multifinben-englishocr	train-00006-of-00008.parquet#000518	excluded	Apache-2.0	identical transcript text (sha1 717a053c4f9b9911984dfdc96d378b9011643f46) to a pages/finfilings score row; treated as the same source document -- the dataset carries no document-id column to check directly
multifinben-englishocr	train-00006-of-00008.parquet#000523	excluded	Apache-2.0	identical transcript text (sha1 bec1c3842fe50d5d2e6e6af32a01f58a326cc746) to a pages/finfilings score row; treated as the same source document -- the dataset carries no document-id column to check directly
multifinben-englishocr	train-00006-of-00008.parquet#000525	train	Apache-2.0	deterministic hash-of-row-id sample of the post-exclusion candidate pool, target ~400 rows
multifinben-englishocr	train-00006-of-00008.parquet#000528	excluded	Apache-2.0	identical transcript text (sha1 3b955b3a67e0f84d4888f827562f9aada0836eac) to a pages/finfilings score row; treated as the same source document -- the dataset carries no document-id column to check directly
multifinben-englishocr	train-00006-of-00008.parquet#000530	validation	Apache-2.0	deterministic hash-of-row-id sample of the post-exclusion candidate pool, target ~100 rows
multifinben-englishocr	train-00006-of-00008.parquet#000540	validation	Apache-2.0	deterministic hash-of-row-id sample of the post-exclusion candidate pool, target ~100 rows
multifinben-englishocr	train-00006-of-00008.parquet#000554	excluded	Apache-2.0	15 chars after whitespace normalisation, below the 200-char corpus min-chars floor (parquet_corpus.py's own --min-chars default)
multifinben-englishocr	train-00006-of-00008.parquet#000559	validation	Apache-2.0	deterministic hash-of-row-id sample of the post-exclusion candidate pool, target ~100 rows
multifinben-englishocr	train-00006-of-00008.parquet#000561	train	Apache-2.0	deterministic hash-of-row-id sample of the post-exclusion candidate pool, target ~400 rows
multifinben-englishocr	train-00006-of-00008.parquet#000587	train	Apache-2.0	deterministic hash-of-row-id sample of the post-exclusion candidate pool, target ~400 rows
multifinben-englishocr	train-00006-of-00008.parquet#000626	train	Apache-2.0	deterministic hash-of-row-id sample of the post-exclusion candidate pool, target ~400 rows
multifinben-englishocr	train-00006-of-00008.parquet#000627	train	Apache-2.0	deterministic hash-of-row-id sample of the post-exclusion candidate pool, target ~400 rows
multifinben-englishocr	train-00006-of-00008.parquet#000635	validation	Apache-2.0	deterministic hash-of-row-id sample of the post-exclusion candidate pool, target ~100 rows
multifinben-englishocr	train-00006-of-00008.parquet#000637	train	Apache-2.0	deterministic hash-of-row-id sample of the post-exclusion candidate pool, target ~400 rows
multifinben-englishocr	train-00006-of-00008.parquet#000646	train	Apache-2.0	deterministic hash-of-row-id sample of the post-exclusion candidate pool, target ~400 rows
multifinben-englishocr	train-00006-of-00008.parquet#000666	excluded	Apache-2.0	193 chars after whitespace normalisation, below the 200-char corpus min-chars floor (parquet_corpus.py's own --min-chars default)
multifinben-englishocr	train-00006-of-00008.parquet#000667	excluded	Apache-2.0	123 chars after whitespace normalisation, below the 200-char corpus min-chars floor (parquet_corpus.py's own --min-chars default)
multifinben-englishocr	train-00006-of-00008.parquet#000668	excluded	Apache-2.0	152 chars after whitespace normalisation, below the 200-char corpus min-chars floor (parquet_corpus.py's own --min-chars default)
multifinben-englishocr	train-00006-of-00008.parquet#000683	train	Apache-2.0	deterministic hash-of-row-id sample of the post-exclusion candidate pool, target ~400 rows
multifinben-englishocr	train-00006-of-00008.parquet#000689	excluded	Apache-2.0	174 chars after whitespace normalisation, below the 200-char corpus min-chars floor (parquet_corpus.py's own --min-chars default)
multifinben-englishocr	train-00006-of-00008.parquet#000691	validation	Apache-2.0	deterministic hash-of-row-id sample of the post-exclusion candidate pool, target ~100 rows
multifinben-englishocr	train-00006-of-00008.parquet#000695	excluded	Apache-2.0	174 chars after whitespace normalisation, below the 200-char corpus min-chars floor (parquet_corpus.py's own --min-chars default)
multifinben-englishocr	train-00006-of-00008.parquet#000704	excluded	Apache-2.0	190 chars after whitespace normalisation, below the 200-char corpus min-chars floor (parquet_corpus.py's own --min-chars default)
multifinben-englishocr	train-00006-of-00008.parquet#000714	train	Apache-2.0	deterministic hash-of-row-id sample of the post-exclusion candidate pool, target ~400 rows
multifinben-englishocr	train-00006-of-00008.parquet#000717	validation	Apache-2.0	deterministic hash-of-row-id sample of the post-exclusion candidate pool, target ~100 rows
multifinben-englishocr	train-00006-of-00008.parquet#000720	train	Apache-2.0	deterministic hash-of-row-id sample of the post-exclusion candidate pool, target ~400 rows
multifinben-englishocr	train-00006-of-00008.parquet#000732	excluded	Apache-2.0	141 chars after whitespace normalisation, below the 200-char corpus min-chars floor (parquet_corpus.py's own --min-chars default)
multifinben-englishocr	train-00006-of-00008.parquet#000748	train	Apache-2.0	deterministic hash-of-row-id sample of the post-exclusion candidate pool, target ~400 rows
multifinben-englishocr	train-00006-of-00008.parquet#000753	train	Apache-2.0	deterministic hash-of-row-id sample of the post-exclusion candidate pool, target ~400 rows
multifinben-englishocr	train-00006-of-00008.parquet#000754	excluded	Apache-2.0	92 chars after whitespace normalisation, below the 200-char corpus min-chars floor (parquet_corpus.py's own --min-chars default)
multifinben-englishocr	train-00006-of-00008.parquet#000782	excluded	Apache-2.0	77 chars after whitespace normalisation, below the 200-char corpus min-chars floor (parquet_corpus.py's own --min-chars default)
multifinben-englishocr	train-00006-of-00008.parquet#000785	train	Apache-2.0	deterministic hash-of-row-id sample of the post-exclusion candidate pool, target ~400 rows
multifinben-englishocr	train-00006-of-00008.parquet#000797	excluded	Apache-2.0	162 chars after whitespace normalisation, below the 200-char corpus min-chars floor (parquet_corpus.py's own --min-chars default)
multifinben-englishocr	train-00006-of-00008.parquet#000818	train	Apache-2.0	deterministic hash-of-row-id sample of the post-exclusion candidate pool, target ~400 rows
multifinben-englishocr	train-00006-of-00008.parquet#000837	train	Apache-2.0	deterministic hash-of-row-id sample of the post-exclusion candidate pool, target ~400 rows
multifinben-englishocr	train-00006-of-00008.parquet#000900	train	Apache-2.0	deterministic hash-of-row-id sample of the post-exclusion candidate pool, target ~400 rows
multifinben-englishocr	train-00006-of-00008.parquet#000917	validation	Apache-2.0	deterministic hash-of-row-id sample of the post-exclusion candidate pool, target ~100 rows
multifinben-englishocr	train-00006-of-00008.parquet#000918	excluded	Apache-2.0	identical transcript text (sha1 3b955b3a67e0f84d4888f827562f9aada0836eac) to a pages/finfilings score row; treated as the same source document -- the dataset carries no document-id column to check directly
multifinben-englishocr	train-00006-of-00008.parquet#000927	excluded	Apache-2.0	identical transcript text (sha1 8291d73a5dd786efb7b3b81b47c690673d0acda8) to a pages/finfilings score row; treated as the same source document -- the dataset carries no document-id column to check directly
multifinben-englishocr	train-00006-of-00008.parquet#000932	train	Apache-2.0	deterministic hash-of-row-id sample of the post-exclusion candidate pool, target ~400 rows
multifinben-englishocr	train-00006-of-00008.parquet#000935	excluded	Apache-2.0	identical transcript text (sha1 3b955b3a67e0f84d4888f827562f9aada0836eac) to a pages/finfilings score row; treated as the same source document -- the dataset carries no document-id column to check directly
multifinben-englishocr	train-00006-of-00008.parquet#000944	train	Apache-2.0	deterministic hash-of-row-id sample of the post-exclusion candidate pool, target ~400 rows
multifinben-englishocr	train-00006-of-00008.parquet#000951	excluded	Apache-2.0	identical transcript text (sha1 3b955b3a67e0f84d4888f827562f9aada0836eac) to a pages/finfilings score row; treated as the same source document -- the dataset carries no document-id column to check directly
multifinben-englishocr	train-00006-of-00008.parquet#000982	train	Apache-2.0	deterministic hash-of-row-id sample of the post-exclusion candidate pool, target ~400 rows
multifinben-englishocr	train-00006-of-00008.parquet#000985	excluded	Apache-2.0	identical transcript text (sha1 ccb147340416566121e6a31579cb135689115896) to a pages/finfilings score row; treated as the same source document -- the dataset carries no document-id column to check directly
multifinben-englishocr	train-00006-of-00008.parquet#000992	train	Apache-2.0	deterministic hash-of-row-id sample of the post-exclusion candidate pool, target ~400 rows
multifinben-englishocr	train-00007-of-00008.parquet#000007	excluded	Apache-2.0	identical transcript text (sha1 bec1c3842fe50d5d2e6e6af32a01f58a326cc746) to a pages/finfilings score row; treated as the same source document -- the dataset carries no document-id column to check directly
multifinben-englishocr	train-00007-of-00008.parquet#000035	train	Apache-2.0	deterministic hash-of-row-id sample of the post-exclusion candidate pool, target ~400 rows
multifinben-englishocr	train-00007-of-00008.parquet#000036	train	Apache-2.0	deterministic hash-of-row-id sample of the post-exclusion candidate pool, target ~400 rows
multifinben-englishocr	train-00007-of-00008.parquet#000044	excluded	Apache-2.0	identical transcript text (sha1 717a053c4f9b9911984dfdc96d378b9011643f46) to a pages/finfilings score row; treated as the same source document -- the dataset carries no document-id column to check directly
multifinben-englishocr	train-00007-of-00008.parquet#000056	validation	Apache-2.0	deterministic hash-of-row-id sample of the post-exclusion candidate pool, target ~100 rows
multifinben-englishocr	train-00007-of-00008.parquet#000065	train	Apache-2.0	deterministic hash-of-row-id sample of the post-exclusion candidate pool, target ~400 rows
multifinben-englishocr	train-00007-of-00008.parquet#000077	excluded	Apache-2.0	identical transcript text (sha1 bec1c3842fe50d5d2e6e6af32a01f58a326cc746) to a pages/finfilings score row; treated as the same source document -- the dataset carries no document-id column to check directly
multifinben-englishocr	train-00007-of-00008.parquet#000085	excluded	Apache-2.0	identical transcript text (sha1 bec1c3842fe50d5d2e6e6af32a01f58a326cc746) to a pages/finfilings score row; treated as the same source document -- the dataset carries no document-id column to check directly
multifinben-englishocr	train-00007-of-00008.parquet#000093	excluded	Apache-2.0	identical transcript text (sha1 ccb147340416566121e6a31579cb135689115896) to a pages/finfilings score row; treated as the same source document -- the dataset carries no document-id column to check directly
multifinben-englishocr	train-00007-of-00008.parquet#000100	train	Apache-2.0	deterministic hash-of-row-id sample of the post-exclusion candidate pool, target ~400 rows
multifinben-englishocr	train-00007-of-00008.parquet#000108	train	Apache-2.0	deterministic hash-of-row-id sample of the post-exclusion candidate pool, target ~400 rows
multifinben-englishocr	train-00007-of-00008.parquet#000115	train	Apache-2.0	deterministic hash-of-row-id sample of the post-exclusion candidate pool, target ~400 rows
multifinben-englishocr	train-00007-of-00008.parquet#000118	excluded	Apache-2.0	identical transcript text (sha1 bec1c3842fe50d5d2e6e6af32a01f58a326cc746) to a pages/finfilings score row; treated as the same source document -- the dataset carries no document-id column to check directly
multifinben-englishocr	train-00007-of-00008.parquet#000142	train	Apache-2.0	deterministic hash-of-row-id sample of the post-exclusion candidate pool, target ~400 rows
multifinben-englishocr	train-00007-of-00008.parquet#000143	excluded	Apache-2.0	19 chars after whitespace normalisation, below the 200-char corpus min-chars floor (parquet_corpus.py's own --min-chars default)
multifinben-englishocr	train-00007-of-00008.parquet#000236	train	Apache-2.0	deterministic hash-of-row-id sample of the post-exclusion candidate pool, target ~400 rows
multifinben-englishocr	train-00007-of-00008.parquet#000241	validation	Apache-2.0	deterministic hash-of-row-id sample of the post-exclusion candidate pool, target ~100 rows
multifinben-englishocr	train-00007-of-00008.parquet#000264	train	Apache-2.0	deterministic hash-of-row-id sample of the post-exclusion candidate pool, target ~400 rows
multifinben-englishocr	train-00007-of-00008.parquet#000269	train	Apache-2.0	deterministic hash-of-row-id sample of the post-exclusion candidate pool, target ~400 rows
multifinben-englishocr	train-00007-of-00008.parquet#000284	excluded	Apache-2.0	180 chars after whitespace normalisation, below the 200-char corpus min-chars floor (parquet_corpus.py's own --min-chars default)
multifinben-englishocr	train-00007-of-00008.parquet#000292	excluded	Apache-2.0	199 chars after whitespace normalisation, below the 200-char corpus min-chars floor (parquet_corpus.py's own --min-chars default)
multifinben-englishocr	train-00007-of-00008.parquet#000296	excluded	Apache-2.0	181 chars after whitespace normalisation, below the 200-char corpus min-chars floor (parquet_corpus.py's own --min-chars default)
multifinben-englishocr	train-00007-of-00008.parquet#000312	train	Apache-2.0	deterministic hash-of-row-id sample of the post-exclusion candidate pool, target ~400 rows
multifinben-englishocr	train-00007-of-00008.parquet#000313	validation	Apache-2.0	deterministic hash-of-row-id sample of the post-exclusion candidate pool, target ~100 rows
multifinben-englishocr	train-00007-of-00008.parquet#000333	validation	Apache-2.0	deterministic hash-of-row-id sample of the post-exclusion candidate pool, target ~100 rows
multifinben-englishocr	train-00007-of-00008.parquet#000340	validation	Apache-2.0	deterministic hash-of-row-id sample of the post-exclusion candidate pool, target ~100 rows
multifinben-englishocr	train-00007-of-00008.parquet#000374	excluded	Apache-2.0	110 chars after whitespace normalisation, below the 200-char corpus min-chars floor (parquet_corpus.py's own --min-chars default)
multifinben-englishocr	train-00007-of-00008.parquet#000380	train	Apache-2.0	deterministic hash-of-row-id sample of the post-exclusion candidate pool, target ~400 rows
multifinben-englishocr	train-00007-of-00008.parquet#000388	train	Apache-2.0	deterministic hash-of-row-id sample of the post-exclusion candidate pool, target ~400 rows
multifinben-englishocr	train-00007-of-00008.parquet#000393	train	Apache-2.0	deterministic hash-of-row-id sample of the post-exclusion candidate pool, target ~400 rows
multifinben-englishocr	train-00007-of-00008.parquet#000394	train	Apache-2.0	deterministic hash-of-row-id sample of the post-exclusion candidate pool, target ~400 rows
multifinben-englishocr	train-00007-of-00008.parquet#000417	validation	Apache-2.0	deterministic hash-of-row-id sample of the post-exclusion candidate pool, target ~100 rows
multifinben-englishocr	train-00007-of-00008.parquet#000428	validation	Apache-2.0	deterministic hash-of-row-id sample of the post-exclusion candidate pool, target ~100 rows
multifinben-englishocr	train-00007-of-00008.parquet#000447	validation	Apache-2.0	deterministic hash-of-row-id sample of the post-exclusion candidate pool, target ~100 rows
multifinben-englishocr	train-00007-of-00008.parquet#000473	train	Apache-2.0	deterministic hash-of-row-id sample of the post-exclusion candidate pool, target ~400 rows
multifinben-englishocr	train-00007-of-00008.parquet#000474	train	Apache-2.0	deterministic hash-of-row-id sample of the post-exclusion candidate pool, target ~400 rows
multifinben-englishocr	train-00007-of-00008.parquet#000482	train	Apache-2.0	deterministic hash-of-row-id sample of the post-exclusion candidate pool, target ~400 rows
multifinben-englishocr	train-00007-of-00008.parquet#000488	train	Apache-2.0	deterministic hash-of-row-id sample of the post-exclusion candidate pool, target ~400 rows
multifinben-englishocr	train-00007-of-00008.parquet#000493	train	Apache-2.0	deterministic hash-of-row-id sample of the post-exclusion candidate pool, target ~400 rows
multifinben-englishocr	train-00007-of-00008.parquet#000556	train	Apache-2.0	deterministic hash-of-row-id sample of the post-exclusion candidate pool, target ~400 rows
multifinben-englishocr	train-00007-of-00008.parquet#000570	train	Apache-2.0	deterministic hash-of-row-id sample of the post-exclusion candidate pool, target ~400 rows
multifinben-englishocr	train-00007-of-00008.parquet#000578	train	Apache-2.0	deterministic hash-of-row-id sample of the post-exclusion candidate pool, target ~400 rows
multifinben-englishocr	train-00007-of-00008.parquet#000605	train	Apache-2.0	deterministic hash-of-row-id sample of the post-exclusion candidate pool, target ~400 rows
multifinben-englishocr	train-00007-of-00008.parquet#000608	train	Apache-2.0	deterministic hash-of-row-id sample of the post-exclusion candidate pool, target ~400 rows
multifinben-englishocr	train-00007-of-00008.parquet#000629	train	Apache-2.0	deterministic hash-of-row-id sample of the post-exclusion candidate pool, target ~400 rows
multifinben-englishocr	train-00007-of-00008.parquet#000640	train	Apache-2.0	deterministic hash-of-row-id sample of the post-exclusion candidate pool, target ~400 rows
multifinben-englishocr	train-00007-of-00008.parquet#000648	train	Apache-2.0	deterministic hash-of-row-id sample of the post-exclusion candidate pool, target ~400 rows
multifinben-englishocr	train-00007-of-00008.parquet#000660	train	Apache-2.0	deterministic hash-of-row-id sample of the post-exclusion candidate pool, target ~400 rows
multifinben-englishocr	train-00007-of-00008.parquet#000673	train	Apache-2.0	deterministic hash-of-row-id sample of the post-exclusion candidate pool, target ~400 rows
multifinben-englishocr	train-00007-of-00008.parquet#000676	train	Apache-2.0	deterministic hash-of-row-id sample of the post-exclusion candidate pool, target ~400 rows
multifinben-englishocr	train-00007-of-00008.parquet#000690	validation	Apache-2.0	deterministic hash-of-row-id sample of the post-exclusion candidate pool, target ~100 rows
multifinben-englishocr	train-00007-of-00008.parquet#000716	validation	Apache-2.0	deterministic hash-of-row-id sample of the post-exclusion candidate pool, target ~100 rows
multifinben-englishocr	train-00007-of-00008.parquet#000719	train	Apache-2.0	deterministic hash-of-row-id sample of the post-exclusion candidate pool, target ~400 rows
multifinben-englishocr	train-00007-of-00008.parquet#000723	train	Apache-2.0	deterministic hash-of-row-id sample of the post-exclusion candidate pool, target ~400 rows
multifinben-englishocr	train-00007-of-00008.parquet#000750	train	Apache-2.0	deterministic hash-of-row-id sample of the post-exclusion candidate pool, target ~400 rows
multifinben-englishocr	train-00007-of-00008.parquet#000765	train	Apache-2.0	deterministic hash-of-row-id sample of the post-exclusion candidate pool, target ~400 rows
multifinben-englishocr	train-00007-of-00008.parquet#000770	train	Apache-2.0	deterministic hash-of-row-id sample of the post-exclusion candidate pool, target ~400 rows
multifinben-englishocr	train-00007-of-00008.parquet#000795	train	Apache-2.0	deterministic hash-of-row-id sample of the post-exclusion candidate pool, target ~400 rows
multifinben-englishocr	train-00007-of-00008.parquet#000801	train	Apache-2.0	deterministic hash-of-row-id sample of the post-exclusion candidate pool, target ~400 rows
multifinben-englishocr	train-00007-of-00008.parquet#000813	train	Apache-2.0	deterministic hash-of-row-id sample of the post-exclusion candidate pool, target ~400 rows
multifinben-englishocr	train-00007-of-00008.parquet#000826	train	Apache-2.0	deterministic hash-of-row-id sample of the post-exclusion candidate pool, target ~400 rows
multifinben-englishocr	train-00007-of-00008.parquet#000831	train	Apache-2.0	deterministic hash-of-row-id sample of the post-exclusion candidate pool, target ~400 rows
multifinben-englishocr	train-00007-of-00008.parquet#000844	train	Apache-2.0	deterministic hash-of-row-id sample of the post-exclusion candidate pool, target ~400 rows
multifinben-englishocr	train-00007-of-00008.parquet#000854	train	Apache-2.0	deterministic hash-of-row-id sample of the post-exclusion candidate pool, target ~400 rows
multifinben-englishocr	train-00007-of-00008.parquet#000860	train	Apache-2.0	deterministic hash-of-row-id sample of the post-exclusion candidate pool, target ~400 rows
multifinben-englishocr	train-00007-of-00008.parquet#000884	validation	Apache-2.0	deterministic hash-of-row-id sample of the post-exclusion candidate pool, target ~100 rows
multifinben-englishocr	train-00007-of-00008.parquet#000925	train	Apache-2.0	deterministic hash-of-row-id sample of the post-exclusion candidate pool, target ~400 rows
multifinben-englishocr	train-00007-of-00008.parquet#000934	train	Apache-2.0	deterministic hash-of-row-id sample of the post-exclusion candidate pool, target ~400 rows
multifinben-englishocr	train-00007-of-00008.parquet#000940	excluded	Apache-2.0	19 chars after whitespace normalisation, below the 200-char corpus min-chars floor (parquet_corpus.py's own --min-chars default)
multifinben-englishocr	train-00007-of-00008.parquet#000948	train	Apache-2.0	deterministic hash-of-row-id sample of the post-exclusion candidate pool, target ~400 rows
multifinben-englishocr	train-00007-of-00008.parquet#000980	excluded	Apache-2.0	117 chars after whitespace normalisation, below the 200-char corpus min-chars floor (parquet_corpus.py's own --min-chars default)
cord-v2	train-00000-of-00004-b4aaeceff1d90ecb.parquet#000000	train	CC-BY-4.0	CORD-v2 official train split
cord-v2	train-00000-of-00004-b4aaeceff1d90ecb.parquet#000001	train	CC-BY-4.0	CORD-v2 official train split
cord-v2	train-00000-of-00004-b4aaeceff1d90ecb.parquet#000002	train	CC-BY-4.0	CORD-v2 official train split
cord-v2	train-00000-of-00004-b4aaeceff1d90ecb.parquet#000003	train	CC-BY-4.0	CORD-v2 official train split
cord-v2	train-00000-of-00004-b4aaeceff1d90ecb.parquet#000004	train	CC-BY-4.0	CORD-v2 official train split
cord-v2	train-00000-of-00004-b4aaeceff1d90ecb.parquet#000005	train	CC-BY-4.0	CORD-v2 official train split
cord-v2	train-00000-of-00004-b4aaeceff1d90ecb.parquet#000006	train	CC-BY-4.0	CORD-v2 official train split
cord-v2	train-00000-of-00004-b4aaeceff1d90ecb.parquet#000007	train	CC-BY-4.0	CORD-v2 official train split
cord-v2	train-00000-of-00004-b4aaeceff1d90ecb.parquet#000008	train	CC-BY-4.0	CORD-v2 official train split
cord-v2	train-00000-of-00004-b4aaeceff1d90ecb.parquet#000009	train	CC-BY-4.0	CORD-v2 official train split
cord-v2	train-00000-of-00004-b4aaeceff1d90ecb.parquet#000010	train	CC-BY-4.0	CORD-v2 official train split
cord-v2	train-00000-of-00004-b4aaeceff1d90ecb.parquet#000011	train	CC-BY-4.0	CORD-v2 official train split
cord-v2	train-00000-of-00004-b4aaeceff1d90ecb.parquet#000012	train	CC-BY-4.0	CORD-v2 official train split
cord-v2	train-00000-of-00004-b4aaeceff1d90ecb.parquet#000013	train	CC-BY-4.0	CORD-v2 official train split
cord-v2	train-00000-of-00004-b4aaeceff1d90ecb.parquet#000014	train	CC-BY-4.0	CORD-v2 official train split
cord-v2	train-00000-of-00004-b4aaeceff1d90ecb.parquet#000015	train	CC-BY-4.0	CORD-v2 official train split
cord-v2	train-00000-of-00004-b4aaeceff1d90ecb.parquet#000016	train	CC-BY-4.0	CORD-v2 official train split
cord-v2	train-00000-of-00004-b4aaeceff1d90ecb.parquet#000017	train	CC-BY-4.0	CORD-v2 official train split
cord-v2	train-00000-of-00004-b4aaeceff1d90ecb.parquet#000018	train	CC-BY-4.0	CORD-v2 official train split
cord-v2	train-00000-of-00004-b4aaeceff1d90ecb.parquet#000019	train	CC-BY-4.0	CORD-v2 official train split
cord-v2	train-00000-of-00004-b4aaeceff1d90ecb.parquet#000020	train	CC-BY-4.0	CORD-v2 official train split
cord-v2	train-00000-of-00004-b4aaeceff1d90ecb.parquet#000021	train	CC-BY-4.0	CORD-v2 official train split
cord-v2	train-00000-of-00004-b4aaeceff1d90ecb.parquet#000022	train	CC-BY-4.0	CORD-v2 official train split
cord-v2	train-00000-of-00004-b4aaeceff1d90ecb.parquet#000023	train	CC-BY-4.0	CORD-v2 official train split
cord-v2	train-00000-of-00004-b4aaeceff1d90ecb.parquet#000024	train	CC-BY-4.0	CORD-v2 official train split
cord-v2	train-00000-of-00004-b4aaeceff1d90ecb.parquet#000025	train	CC-BY-4.0	CORD-v2 official train split
cord-v2	train-00000-of-00004-b4aaeceff1d90ecb.parquet#000026	train	CC-BY-4.0	CORD-v2 official train split
cord-v2	train-00000-of-00004-b4aaeceff1d90ecb.parquet#000027	train	CC-BY-4.0	CORD-v2 official train split
cord-v2	train-00000-of-00004-b4aaeceff1d90ecb.parquet#000028	train	CC-BY-4.0	CORD-v2 official train split
cord-v2	train-00000-of-00004-b4aaeceff1d90ecb.parquet#000029	train	CC-BY-4.0	CORD-v2 official train split
cord-v2	train-00000-of-00004-b4aaeceff1d90ecb.parquet#000030	train	CC-BY-4.0	CORD-v2 official train split
cord-v2	train-00000-of-00004-b4aaeceff1d90ecb.parquet#000031	train	CC-BY-4.0	CORD-v2 official train split
cord-v2	train-00000-of-00004-b4aaeceff1d90ecb.parquet#000032	train	CC-BY-4.0	CORD-v2 official train split
cord-v2	train-00000-of-00004-b4aaeceff1d90ecb.parquet#000033	train	CC-BY-4.0	CORD-v2 official train split
cord-v2	train-00000-of-00004-b4aaeceff1d90ecb.parquet#000034	train	CC-BY-4.0	CORD-v2 official train split
cord-v2	train-00000-of-00004-b4aaeceff1d90ecb.parquet#000035	train	CC-BY-4.0	CORD-v2 official train split
cord-v2	train-00000-of-00004-b4aaeceff1d90ecb.parquet#000036	train	CC-BY-4.0	CORD-v2 official train split
cord-v2	train-00000-of-00004-b4aaeceff1d90ecb.parquet#000037	train	CC-BY-4.0	CORD-v2 official train split
cord-v2	train-00000-of-00004-b4aaeceff1d90ecb.parquet#000038	train	CC-BY-4.0	CORD-v2 official train split
cord-v2	train-00000-of-00004-b4aaeceff1d90ecb.parquet#000039	train	CC-BY-4.0	CORD-v2 official train split
cord-v2	train-00000-of-00004-b4aaeceff1d90ecb.parquet#000040	train	CC-BY-4.0	CORD-v2 official train split
cord-v2	train-00000-of-00004-b4aaeceff1d90ecb.parquet#000041	train	CC-BY-4.0	CORD-v2 official train split
cord-v2	train-00000-of-00004-b4aaeceff1d90ecb.parquet#000042	train	CC-BY-4.0	CORD-v2 official train split
cord-v2	train-00000-of-00004-b4aaeceff1d90ecb.parquet#000043	train	CC-BY-4.0	CORD-v2 official train split
cord-v2	train-00000-of-00004-b4aaeceff1d90ecb.parquet#000044	train	CC-BY-4.0	CORD-v2 official train split
cord-v2	train-00000-of-00004-b4aaeceff1d90ecb.parquet#000045	train	CC-BY-4.0	CORD-v2 official train split
cord-v2	train-00000-of-00004-b4aaeceff1d90ecb.parquet#000046	train	CC-BY-4.0	CORD-v2 official train split
cord-v2	train-00000-of-00004-b4aaeceff1d90ecb.parquet#000047	train	CC-BY-4.0	CORD-v2 official train split
cord-v2	train-00000-of-00004-b4aaeceff1d90ecb.parquet#000048	train	CC-BY-4.0	CORD-v2 official train split
cord-v2	train-00000-of-00004-b4aaeceff1d90ecb.parquet#000049	train	CC-BY-4.0	CORD-v2 official train split
cord-v2	train-00000-of-00004-b4aaeceff1d90ecb.parquet#000050	train	CC-BY-4.0	CORD-v2 official train split
cord-v2	train-00000-of-00004-b4aaeceff1d90ecb.parquet#000051	train	CC-BY-4.0	CORD-v2 official train split
cord-v2	train-00000-of-00004-b4aaeceff1d90ecb.parquet#000052	train	CC-BY-4.0	CORD-v2 official train split
cord-v2	train-00000-of-00004-b4aaeceff1d90ecb.parquet#000053	train	CC-BY-4.0	CORD-v2 official train split
cord-v2	train-00000-of-00004-b4aaeceff1d90ecb.parquet#000054	train	CC-BY-4.0	CORD-v2 official train split
cord-v2	train-00000-of-00004-b4aaeceff1d90ecb.parquet#000055	train	CC-BY-4.0	CORD-v2 official train split
cord-v2	train-00000-of-00004-b4aaeceff1d90ecb.parquet#000056	train	CC-BY-4.0	CORD-v2 official train split
cord-v2	train-00000-of-00004-b4aaeceff1d90ecb.parquet#000057	train	CC-BY-4.0	CORD-v2 official train split
cord-v2	train-00000-of-00004-b4aaeceff1d90ecb.parquet#000058	train	CC-BY-4.0	CORD-v2 official train split
cord-v2	train-00000-of-00004-b4aaeceff1d90ecb.parquet#000059	train	CC-BY-4.0	CORD-v2 official train split
cord-v2	train-00000-of-00004-b4aaeceff1d90ecb.parquet#000060	train	CC-BY-4.0	CORD-v2 official train split
cord-v2	train-00000-of-00004-b4aaeceff1d90ecb.parquet#000061	train	CC-BY-4.0	CORD-v2 official train split
cord-v2	train-00000-of-00004-b4aaeceff1d90ecb.parquet#000062	train	CC-BY-4.0	CORD-v2 official train split
cord-v2	train-00000-of-00004-b4aaeceff1d90ecb.parquet#000063	train	CC-BY-4.0	CORD-v2 official train split
cord-v2	train-00000-of-00004-b4aaeceff1d90ecb.parquet#000064	train	CC-BY-4.0	CORD-v2 official train split
cord-v2	train-00000-of-00004-b4aaeceff1d90ecb.parquet#000065	train	CC-BY-4.0	CORD-v2 official train split
cord-v2	train-00000-of-00004-b4aaeceff1d90ecb.parquet#000066	train	CC-BY-4.0	CORD-v2 official train split
cord-v2	train-00000-of-00004-b4aaeceff1d90ecb.parquet#000067	train	CC-BY-4.0	CORD-v2 official train split
cord-v2	train-00000-of-00004-b4aaeceff1d90ecb.parquet#000068	train	CC-BY-4.0	CORD-v2 official train split
cord-v2	train-00000-of-00004-b4aaeceff1d90ecb.parquet#000069	train	CC-BY-4.0	CORD-v2 official train split
cord-v2	train-00000-of-00004-b4aaeceff1d90ecb.parquet#000070	train	CC-BY-4.0	CORD-v2 official train split
cord-v2	train-00000-of-00004-b4aaeceff1d90ecb.parquet#000071	train	CC-BY-4.0	CORD-v2 official train split
cord-v2	train-00000-of-00004-b4aaeceff1d90ecb.parquet#000072	train	CC-BY-4.0	CORD-v2 official train split
cord-v2	train-00000-of-00004-b4aaeceff1d90ecb.parquet#000073	train	CC-BY-4.0	CORD-v2 official train split
cord-v2	train-00000-of-00004-b4aaeceff1d90ecb.parquet#000074	train	CC-BY-4.0	CORD-v2 official train split
cord-v2	train-00000-of-00004-b4aaeceff1d90ecb.parquet#000075	train	CC-BY-4.0	CORD-v2 official train split
cord-v2	train-00000-of-00004-b4aaeceff1d90ecb.parquet#000076	train	CC-BY-4.0	CORD-v2 official train split
cord-v2	train-00000-of-00004-b4aaeceff1d90ecb.parquet#000077	train	CC-BY-4.0	CORD-v2 official train split
cord-v2	train-00000-of-00004-b4aaeceff1d90ecb.parquet#000078	train	CC-BY-4.0	CORD-v2 official train split
cord-v2	train-00000-of-00004-b4aaeceff1d90ecb.parquet#000079	train	CC-BY-4.0	CORD-v2 official train split
cord-v2	train-00000-of-00004-b4aaeceff1d90ecb.parquet#000080	train	CC-BY-4.0	CORD-v2 official train split
cord-v2	train-00000-of-00004-b4aaeceff1d90ecb.parquet#000081	train	CC-BY-4.0	CORD-v2 official train split
cord-v2	train-00000-of-00004-b4aaeceff1d90ecb.parquet#000082	train	CC-BY-4.0	CORD-v2 official train split
cord-v2	train-00000-of-00004-b4aaeceff1d90ecb.parquet#000083	train	CC-BY-4.0	CORD-v2 official train split
cord-v2	train-00000-of-00004-b4aaeceff1d90ecb.parquet#000084	train	CC-BY-4.0	CORD-v2 official train split
cord-v2	train-00000-of-00004-b4aaeceff1d90ecb.parquet#000085	train	CC-BY-4.0	CORD-v2 official train split
cord-v2	train-00000-of-00004-b4aaeceff1d90ecb.parquet#000086	train	CC-BY-4.0	CORD-v2 official train split
cord-v2	train-00000-of-00004-b4aaeceff1d90ecb.parquet#000087	train	CC-BY-4.0	CORD-v2 official train split
cord-v2	train-00000-of-00004-b4aaeceff1d90ecb.parquet#000088	train	CC-BY-4.0	CORD-v2 official train split
cord-v2	train-00000-of-00004-b4aaeceff1d90ecb.parquet#000089	train	CC-BY-4.0	CORD-v2 official train split
cord-v2	train-00000-of-00004-b4aaeceff1d90ecb.parquet#000090	train	CC-BY-4.0	CORD-v2 official train split
cord-v2	train-00000-of-00004-b4aaeceff1d90ecb.parquet#000091	train	CC-BY-4.0	CORD-v2 official train split
cord-v2	train-00000-of-00004-b4aaeceff1d90ecb.parquet#000092	train	CC-BY-4.0	CORD-v2 official train split
cord-v2	train-00000-of-00004-b4aaeceff1d90ecb.parquet#000093	train	CC-BY-4.0	CORD-v2 official train split
cord-v2	train-00000-of-00004-b4aaeceff1d90ecb.parquet#000094	train	CC-BY-4.0	CORD-v2 official train split
cord-v2	train-00000-of-00004-b4aaeceff1d90ecb.parquet#000095	train	CC-BY-4.0	CORD-v2 official train split
cord-v2	train-00000-of-00004-b4aaeceff1d90ecb.parquet#000096	train	CC-BY-4.0	CORD-v2 official train split
cord-v2	train-00000-of-00004-b4aaeceff1d90ecb.parquet#000097	train	CC-BY-4.0	CORD-v2 official train split
cord-v2	train-00000-of-00004-b4aaeceff1d90ecb.parquet#000098	train	CC-BY-4.0	CORD-v2 official train split
cord-v2	train-00000-of-00004-b4aaeceff1d90ecb.parquet#000099	train	CC-BY-4.0	CORD-v2 official train split
cord-v2	train-00000-of-00004-b4aaeceff1d90ecb.parquet#000100	train	CC-BY-4.0	CORD-v2 official train split
cord-v2	train-00000-of-00004-b4aaeceff1d90ecb.parquet#000101	train	CC-BY-4.0	CORD-v2 official train split
cord-v2	train-00000-of-00004-b4aaeceff1d90ecb.parquet#000102	train	CC-BY-4.0	CORD-v2 official train split
cord-v2	train-00000-of-00004-b4aaeceff1d90ecb.parquet#000103	train	CC-BY-4.0	CORD-v2 official train split
cord-v2	train-00000-of-00004-b4aaeceff1d90ecb.parquet#000104	train	CC-BY-4.0	CORD-v2 official train split
cord-v2	train-00000-of-00004-b4aaeceff1d90ecb.parquet#000105	train	CC-BY-4.0	CORD-v2 official train split
cord-v2	train-00000-of-00004-b4aaeceff1d90ecb.parquet#000106	train	CC-BY-4.0	CORD-v2 official train split
cord-v2	train-00000-of-00004-b4aaeceff1d90ecb.parquet#000107	train	CC-BY-4.0	CORD-v2 official train split
cord-v2	train-00000-of-00004-b4aaeceff1d90ecb.parquet#000108	train	CC-BY-4.0	CORD-v2 official train split
cord-v2	train-00000-of-00004-b4aaeceff1d90ecb.parquet#000109	train	CC-BY-4.0	CORD-v2 official train split
cord-v2	train-00000-of-00004-b4aaeceff1d90ecb.parquet#000110	train	CC-BY-4.0	CORD-v2 official train split
cord-v2	train-00000-of-00004-b4aaeceff1d90ecb.parquet#000111	train	CC-BY-4.0	CORD-v2 official train split
cord-v2	train-00000-of-00004-b4aaeceff1d90ecb.parquet#000112	train	CC-BY-4.0	CORD-v2 official train split
cord-v2	train-00000-of-00004-b4aaeceff1d90ecb.parquet#000113	train	CC-BY-4.0	CORD-v2 official train split
cord-v2	train-00000-of-00004-b4aaeceff1d90ecb.parquet#000114	train	CC-BY-4.0	CORD-v2 official train split
cord-v2	train-00000-of-00004-b4aaeceff1d90ecb.parquet#000115	train	CC-BY-4.0	CORD-v2 official train split
cord-v2	train-00000-of-00004-b4aaeceff1d90ecb.parquet#000116	train	CC-BY-4.0	CORD-v2 official train split
cord-v2	train-00000-of-00004-b4aaeceff1d90ecb.parquet#000117	train	CC-BY-4.0	CORD-v2 official train split
cord-v2	train-00000-of-00004-b4aaeceff1d90ecb.parquet#000118	train	CC-BY-4.0	CORD-v2 official train split
cord-v2	train-00000-of-00004-b4aaeceff1d90ecb.parquet#000119	train	CC-BY-4.0	CORD-v2 official train split
cord-v2	train-00000-of-00004-b4aaeceff1d90ecb.parquet#000120	train	CC-BY-4.0	CORD-v2 official train split
cord-v2	train-00000-of-00004-b4aaeceff1d90ecb.parquet#000121	train	CC-BY-4.0	CORD-v2 official train split
cord-v2	train-00000-of-00004-b4aaeceff1d90ecb.parquet#000122	train	CC-BY-4.0	CORD-v2 official train split
cord-v2	train-00000-of-00004-b4aaeceff1d90ecb.parquet#000123	train	CC-BY-4.0	CORD-v2 official train split
cord-v2	train-00000-of-00004-b4aaeceff1d90ecb.parquet#000124	train	CC-BY-4.0	CORD-v2 official train split
cord-v2	train-00000-of-00004-b4aaeceff1d90ecb.parquet#000125	train	CC-BY-4.0	CORD-v2 official train split
cord-v2	train-00000-of-00004-b4aaeceff1d90ecb.parquet#000126	train	CC-BY-4.0	CORD-v2 official train split
cord-v2	train-00000-of-00004-b4aaeceff1d90ecb.parquet#000127	train	CC-BY-4.0	CORD-v2 official train split
cord-v2	train-00000-of-00004-b4aaeceff1d90ecb.parquet#000128	train	CC-BY-4.0	CORD-v2 official train split
cord-v2	train-00000-of-00004-b4aaeceff1d90ecb.parquet#000129	train	CC-BY-4.0	CORD-v2 official train split
cord-v2	train-00000-of-00004-b4aaeceff1d90ecb.parquet#000130	train	CC-BY-4.0	CORD-v2 official train split
cord-v2	train-00000-of-00004-b4aaeceff1d90ecb.parquet#000131	train	CC-BY-4.0	CORD-v2 official train split
cord-v2	train-00000-of-00004-b4aaeceff1d90ecb.parquet#000132	train	CC-BY-4.0	CORD-v2 official train split
cord-v2	train-00000-of-00004-b4aaeceff1d90ecb.parquet#000133	train	CC-BY-4.0	CORD-v2 official train split
cord-v2	train-00000-of-00004-b4aaeceff1d90ecb.parquet#000134	train	CC-BY-4.0	CORD-v2 official train split
cord-v2	train-00000-of-00004-b4aaeceff1d90ecb.parquet#000135	train	CC-BY-4.0	CORD-v2 official train split
cord-v2	train-00000-of-00004-b4aaeceff1d90ecb.parquet#000136	train	CC-BY-4.0	CORD-v2 official train split
cord-v2	train-00000-of-00004-b4aaeceff1d90ecb.parquet#000137	train	CC-BY-4.0	CORD-v2 official train split
cord-v2	train-00000-of-00004-b4aaeceff1d90ecb.parquet#000138	train	CC-BY-4.0	CORD-v2 official train split
cord-v2	train-00000-of-00004-b4aaeceff1d90ecb.parquet#000139	train	CC-BY-4.0	CORD-v2 official train split
cord-v2	train-00000-of-00004-b4aaeceff1d90ecb.parquet#000140	train	CC-BY-4.0	CORD-v2 official train split
cord-v2	train-00000-of-00004-b4aaeceff1d90ecb.parquet#000141	train	CC-BY-4.0	CORD-v2 official train split
cord-v2	train-00000-of-00004-b4aaeceff1d90ecb.parquet#000142	train	CC-BY-4.0	CORD-v2 official train split
cord-v2	train-00000-of-00004-b4aaeceff1d90ecb.parquet#000143	train	CC-BY-4.0	CORD-v2 official train split
cord-v2	train-00000-of-00004-b4aaeceff1d90ecb.parquet#000144	train	CC-BY-4.0	CORD-v2 official train split
cord-v2	train-00000-of-00004-b4aaeceff1d90ecb.parquet#000145	train	CC-BY-4.0	CORD-v2 official train split
cord-v2	train-00000-of-00004-b4aaeceff1d90ecb.parquet#000146	train	CC-BY-4.0	CORD-v2 official train split
cord-v2	train-00000-of-00004-b4aaeceff1d90ecb.parquet#000147	train	CC-BY-4.0	CORD-v2 official train split
cord-v2	train-00000-of-00004-b4aaeceff1d90ecb.parquet#000148	train	CC-BY-4.0	CORD-v2 official train split
cord-v2	train-00000-of-00004-b4aaeceff1d90ecb.parquet#000149	train	CC-BY-4.0	CORD-v2 official train split
cord-v2	train-00000-of-00004-b4aaeceff1d90ecb.parquet#000150	train	CC-BY-4.0	CORD-v2 official train split
cord-v2	train-00000-of-00004-b4aaeceff1d90ecb.parquet#000151	train	CC-BY-4.0	CORD-v2 official train split
cord-v2	train-00000-of-00004-b4aaeceff1d90ecb.parquet#000152	train	CC-BY-4.0	CORD-v2 official train split
cord-v2	train-00000-of-00004-b4aaeceff1d90ecb.parquet#000153	train	CC-BY-4.0	CORD-v2 official train split
cord-v2	train-00000-of-00004-b4aaeceff1d90ecb.parquet#000154	train	CC-BY-4.0	CORD-v2 official train split
cord-v2	train-00000-of-00004-b4aaeceff1d90ecb.parquet#000155	train	CC-BY-4.0	CORD-v2 official train split
cord-v2	train-00000-of-00004-b4aaeceff1d90ecb.parquet#000156	train	CC-BY-4.0	CORD-v2 official train split
cord-v2	train-00000-of-00004-b4aaeceff1d90ecb.parquet#000157	train	CC-BY-4.0	CORD-v2 official train split
cord-v2	train-00000-of-00004-b4aaeceff1d90ecb.parquet#000158	train	CC-BY-4.0	CORD-v2 official train split
cord-v2	train-00000-of-00004-b4aaeceff1d90ecb.parquet#000159	train	CC-BY-4.0	CORD-v2 official train split
cord-v2	train-00000-of-00004-b4aaeceff1d90ecb.parquet#000160	train	CC-BY-4.0	CORD-v2 official train split
cord-v2	train-00000-of-00004-b4aaeceff1d90ecb.parquet#000161	train	CC-BY-4.0	CORD-v2 official train split
cord-v2	train-00000-of-00004-b4aaeceff1d90ecb.parquet#000162	train	CC-BY-4.0	CORD-v2 official train split
cord-v2	train-00000-of-00004-b4aaeceff1d90ecb.parquet#000163	train	CC-BY-4.0	CORD-v2 official train split
cord-v2	train-00000-of-00004-b4aaeceff1d90ecb.parquet#000164	train	CC-BY-4.0	CORD-v2 official train split
cord-v2	train-00000-of-00004-b4aaeceff1d90ecb.parquet#000165	train	CC-BY-4.0	CORD-v2 official train split
cord-v2	train-00000-of-00004-b4aaeceff1d90ecb.parquet#000166	train	CC-BY-4.0	CORD-v2 official train split
cord-v2	train-00000-of-00004-b4aaeceff1d90ecb.parquet#000167	train	CC-BY-4.0	CORD-v2 official train split
cord-v2	train-00000-of-00004-b4aaeceff1d90ecb.parquet#000168	train	CC-BY-4.0	CORD-v2 official train split
cord-v2	train-00000-of-00004-b4aaeceff1d90ecb.parquet#000169	train	CC-BY-4.0	CORD-v2 official train split
cord-v2	train-00000-of-00004-b4aaeceff1d90ecb.parquet#000170	train	CC-BY-4.0	CORD-v2 official train split
cord-v2	train-00000-of-00004-b4aaeceff1d90ecb.parquet#000171	train	CC-BY-4.0	CORD-v2 official train split
cord-v2	train-00000-of-00004-b4aaeceff1d90ecb.parquet#000172	train	CC-BY-4.0	CORD-v2 official train split
cord-v2	train-00000-of-00004-b4aaeceff1d90ecb.parquet#000173	train	CC-BY-4.0	CORD-v2 official train split
cord-v2	train-00000-of-00004-b4aaeceff1d90ecb.parquet#000174	train	CC-BY-4.0	CORD-v2 official train split
cord-v2	train-00000-of-00004-b4aaeceff1d90ecb.parquet#000175	train	CC-BY-4.0	CORD-v2 official train split
cord-v2	train-00000-of-00004-b4aaeceff1d90ecb.parquet#000176	train	CC-BY-4.0	CORD-v2 official train split
cord-v2	train-00000-of-00004-b4aaeceff1d90ecb.parquet#000177	train	CC-BY-4.0	CORD-v2 official train split
cord-v2	train-00000-of-00004-b4aaeceff1d90ecb.parquet#000178	train	CC-BY-4.0	CORD-v2 official train split
cord-v2	train-00000-of-00004-b4aaeceff1d90ecb.parquet#000179	train	CC-BY-4.0	CORD-v2 official train split
cord-v2	train-00000-of-00004-b4aaeceff1d90ecb.parquet#000180	train	CC-BY-4.0	CORD-v2 official train split
cord-v2	train-00000-of-00004-b4aaeceff1d90ecb.parquet#000181	train	CC-BY-4.0	CORD-v2 official train split
cord-v2	train-00000-of-00004-b4aaeceff1d90ecb.parquet#000182	train	CC-BY-4.0	CORD-v2 official train split
cord-v2	train-00000-of-00004-b4aaeceff1d90ecb.parquet#000183	train	CC-BY-4.0	CORD-v2 official train split
cord-v2	train-00000-of-00004-b4aaeceff1d90ecb.parquet#000184	train	CC-BY-4.0	CORD-v2 official train split
cord-v2	train-00000-of-00004-b4aaeceff1d90ecb.parquet#000185	train	CC-BY-4.0	CORD-v2 official train split
cord-v2	train-00000-of-00004-b4aaeceff1d90ecb.parquet#000186	train	CC-BY-4.0	CORD-v2 official train split
cord-v2	train-00000-of-00004-b4aaeceff1d90ecb.parquet#000187	train	CC-BY-4.0	CORD-v2 official train split
cord-v2	train-00000-of-00004-b4aaeceff1d90ecb.parquet#000188	train	CC-BY-4.0	CORD-v2 official train split
cord-v2	train-00000-of-00004-b4aaeceff1d90ecb.parquet#000189	train	CC-BY-4.0	CORD-v2 official train split
cord-v2	train-00000-of-00004-b4aaeceff1d90ecb.parquet#000190	train	CC-BY-4.0	CORD-v2 official train split
cord-v2	train-00000-of-00004-b4aaeceff1d90ecb.parquet#000191	train	CC-BY-4.0	CORD-v2 official train split
cord-v2	train-00000-of-00004-b4aaeceff1d90ecb.parquet#000192	train	CC-BY-4.0	CORD-v2 official train split
cord-v2	train-00000-of-00004-b4aaeceff1d90ecb.parquet#000193	train	CC-BY-4.0	CORD-v2 official train split
cord-v2	train-00000-of-00004-b4aaeceff1d90ecb.parquet#000194	train	CC-BY-4.0	CORD-v2 official train split
cord-v2	train-00000-of-00004-b4aaeceff1d90ecb.parquet#000195	train	CC-BY-4.0	CORD-v2 official train split
cord-v2	train-00000-of-00004-b4aaeceff1d90ecb.parquet#000196	train	CC-BY-4.0	CORD-v2 official train split
cord-v2	train-00000-of-00004-b4aaeceff1d90ecb.parquet#000197	train	CC-BY-4.0	CORD-v2 official train split
cord-v2	train-00000-of-00004-b4aaeceff1d90ecb.parquet#000198	train	CC-BY-4.0	CORD-v2 official train split
cord-v2	train-00000-of-00004-b4aaeceff1d90ecb.parquet#000199	train	CC-BY-4.0	CORD-v2 official train split
cord-v2	train-00001-of-00004-7dbbe248962764c5.parquet#000000	train	CC-BY-4.0	CORD-v2 official train split
cord-v2	train-00001-of-00004-7dbbe248962764c5.parquet#000001	train	CC-BY-4.0	CORD-v2 official train split
cord-v2	train-00001-of-00004-7dbbe248962764c5.parquet#000002	train	CC-BY-4.0	CORD-v2 official train split
cord-v2	train-00001-of-00004-7dbbe248962764c5.parquet#000003	train	CC-BY-4.0	CORD-v2 official train split
cord-v2	train-00001-of-00004-7dbbe248962764c5.parquet#000004	train	CC-BY-4.0	CORD-v2 official train split
cord-v2	train-00001-of-00004-7dbbe248962764c5.parquet#000005	train	CC-BY-4.0	CORD-v2 official train split
cord-v2	train-00001-of-00004-7dbbe248962764c5.parquet#000006	train	CC-BY-4.0	CORD-v2 official train split
cord-v2	train-00001-of-00004-7dbbe248962764c5.parquet#000007	train	CC-BY-4.0	CORD-v2 official train split
cord-v2	train-00001-of-00004-7dbbe248962764c5.parquet#000008	train	CC-BY-4.0	CORD-v2 official train split
cord-v2	train-00001-of-00004-7dbbe248962764c5.parquet#000009	train	CC-BY-4.0	CORD-v2 official train split
cord-v2	train-00001-of-00004-7dbbe248962764c5.parquet#000010	train	CC-BY-4.0	CORD-v2 official train split
cord-v2	train-00001-of-00004-7dbbe248962764c5.parquet#000011	train	CC-BY-4.0	CORD-v2 official train split
cord-v2	train-00001-of-00004-7dbbe248962764c5.parquet#000012	train	CC-BY-4.0	CORD-v2 official train split
cord-v2	train-00001-of-00004-7dbbe248962764c5.parquet#000013	train	CC-BY-4.0	CORD-v2 official train split
cord-v2	train-00001-of-00004-7dbbe248962764c5.parquet#000014	train	CC-BY-4.0	CORD-v2 official train split
cord-v2	train-00001-of-00004-7dbbe248962764c5.parquet#000015	train	CC-BY-4.0	CORD-v2 official train split
cord-v2	train-00001-of-00004-7dbbe248962764c5.parquet#000016	train	CC-BY-4.0	CORD-v2 official train split
cord-v2	train-00001-of-00004-7dbbe248962764c5.parquet#000017	train	CC-BY-4.0	CORD-v2 official train split
cord-v2	train-00001-of-00004-7dbbe248962764c5.parquet#000018	train	CC-BY-4.0	CORD-v2 official train split
cord-v2	train-00001-of-00004-7dbbe248962764c5.parquet#000019	train	CC-BY-4.0	CORD-v2 official train split
cord-v2	train-00001-of-00004-7dbbe248962764c5.parquet#000020	train	CC-BY-4.0	CORD-v2 official train split
cord-v2	train-00001-of-00004-7dbbe248962764c5.parquet#000021	train	CC-BY-4.0	CORD-v2 official train split
cord-v2	train-00001-of-00004-7dbbe248962764c5.parquet#000022	train	CC-BY-4.0	CORD-v2 official train split
cord-v2	train-00001-of-00004-7dbbe248962764c5.parquet#000023	train	CC-BY-4.0	CORD-v2 official train split
cord-v2	train-00001-of-00004-7dbbe248962764c5.parquet#000024	train	CC-BY-4.0	CORD-v2 official train split
cord-v2	train-00001-of-00004-7dbbe248962764c5.parquet#000025	train	CC-BY-4.0	CORD-v2 official train split
cord-v2	train-00001-of-00004-7dbbe248962764c5.parquet#000026	train	CC-BY-4.0	CORD-v2 official train split
cord-v2	train-00001-of-00004-7dbbe248962764c5.parquet#000027	train	CC-BY-4.0	CORD-v2 official train split
cord-v2	train-00001-of-00004-7dbbe248962764c5.parquet#000028	train	CC-BY-4.0	CORD-v2 official train split
cord-v2	train-00001-of-00004-7dbbe248962764c5.parquet#000029	train	CC-BY-4.0	CORD-v2 official train split
cord-v2	train-00001-of-00004-7dbbe248962764c5.parquet#000030	train	CC-BY-4.0	CORD-v2 official train split
cord-v2	train-00001-of-00004-7dbbe248962764c5.parquet#000031	train	CC-BY-4.0	CORD-v2 official train split
cord-v2	train-00001-of-00004-7dbbe248962764c5.parquet#000032	train	CC-BY-4.0	CORD-v2 official train split
cord-v2	train-00001-of-00004-7dbbe248962764c5.parquet#000033	train	CC-BY-4.0	CORD-v2 official train split
cord-v2	train-00001-of-00004-7dbbe248962764c5.parquet#000034	train	CC-BY-4.0	CORD-v2 official train split
cord-v2	train-00001-of-00004-7dbbe248962764c5.parquet#000035	train	CC-BY-4.0	CORD-v2 official train split
cord-v2	train-00001-of-00004-7dbbe248962764c5.parquet#000036	train	CC-BY-4.0	CORD-v2 official train split
cord-v2	train-00001-of-00004-7dbbe248962764c5.parquet#000037	train	CC-BY-4.0	CORD-v2 official train split
cord-v2	train-00001-of-00004-7dbbe248962764c5.parquet#000038	train	CC-BY-4.0	CORD-v2 official train split
cord-v2	train-00001-of-00004-7dbbe248962764c5.parquet#000039	train	CC-BY-4.0	CORD-v2 official train split
cord-v2	train-00001-of-00004-7dbbe248962764c5.parquet#000040	train	CC-BY-4.0	CORD-v2 official train split
cord-v2	train-00001-of-00004-7dbbe248962764c5.parquet#000041	train	CC-BY-4.0	CORD-v2 official train split
cord-v2	train-00001-of-00004-7dbbe248962764c5.parquet#000042	train	CC-BY-4.0	CORD-v2 official train split
cord-v2	train-00001-of-00004-7dbbe248962764c5.parquet#000043	train	CC-BY-4.0	CORD-v2 official train split
cord-v2	train-00001-of-00004-7dbbe248962764c5.parquet#000044	train	CC-BY-4.0	CORD-v2 official train split
cord-v2	train-00001-of-00004-7dbbe248962764c5.parquet#000045	train	CC-BY-4.0	CORD-v2 official train split
cord-v2	train-00001-of-00004-7dbbe248962764c5.parquet#000046	train	CC-BY-4.0	CORD-v2 official train split
cord-v2	train-00001-of-00004-7dbbe248962764c5.parquet#000047	train	CC-BY-4.0	CORD-v2 official train split
cord-v2	train-00001-of-00004-7dbbe248962764c5.parquet#000048	train	CC-BY-4.0	CORD-v2 official train split
cord-v2	train-00001-of-00004-7dbbe248962764c5.parquet#000049	train	CC-BY-4.0	CORD-v2 official train split
cord-v2	train-00001-of-00004-7dbbe248962764c5.parquet#000050	train	CC-BY-4.0	CORD-v2 official train split
cord-v2	train-00001-of-00004-7dbbe248962764c5.parquet#000051	train	CC-BY-4.0	CORD-v2 official train split
cord-v2	train-00001-of-00004-7dbbe248962764c5.parquet#000052	train	CC-BY-4.0	CORD-v2 official train split
cord-v2	train-00001-of-00004-7dbbe248962764c5.parquet#000053	train	CC-BY-4.0	CORD-v2 official train split
cord-v2	train-00001-of-00004-7dbbe248962764c5.parquet#000054	train	CC-BY-4.0	CORD-v2 official train split
cord-v2	train-00001-of-00004-7dbbe248962764c5.parquet#000055	train	CC-BY-4.0	CORD-v2 official train split
cord-v2	train-00001-of-00004-7dbbe248962764c5.parquet#000056	train	CC-BY-4.0	CORD-v2 official train split
cord-v2	train-00001-of-00004-7dbbe248962764c5.parquet#000057	train	CC-BY-4.0	CORD-v2 official train split
cord-v2	train-00001-of-00004-7dbbe248962764c5.parquet#000058	train	CC-BY-4.0	CORD-v2 official train split
cord-v2	train-00001-of-00004-7dbbe248962764c5.parquet#000059	train	CC-BY-4.0	CORD-v2 official train split
cord-v2	train-00001-of-00004-7dbbe248962764c5.parquet#000060	train	CC-BY-4.0	CORD-v2 official train split
cord-v2	train-00001-of-00004-7dbbe248962764c5.parquet#000061	train	CC-BY-4.0	CORD-v2 official train split
cord-v2	train-00001-of-00004-7dbbe248962764c5.parquet#000062	train	CC-BY-4.0	CORD-v2 official train split
cord-v2	train-00001-of-00004-7dbbe248962764c5.parquet#000063	train	CC-BY-4.0	CORD-v2 official train split
cord-v2	train-00001-of-00004-7dbbe248962764c5.parquet#000064	train	CC-BY-4.0	CORD-v2 official train split
cord-v2	train-00001-of-00004-7dbbe248962764c5.parquet#000065	train	CC-BY-4.0	CORD-v2 official train split
cord-v2	train-00001-of-00004-7dbbe248962764c5.parquet#000066	train	CC-BY-4.0	CORD-v2 official train split
cord-v2	train-00001-of-00004-7dbbe248962764c5.parquet#000067	train	CC-BY-4.0	CORD-v2 official train split
cord-v2	train-00001-of-00004-7dbbe248962764c5.parquet#000068	train	CC-BY-4.0	CORD-v2 official train split
cord-v2	train-00001-of-00004-7dbbe248962764c5.parquet#000069	train	CC-BY-4.0	CORD-v2 official train split
cord-v2	train-00001-of-00004-7dbbe248962764c5.parquet#000070	train	CC-BY-4.0	CORD-v2 official train split
cord-v2	train-00001-of-00004-7dbbe248962764c5.parquet#000071	train	CC-BY-4.0	CORD-v2 official train split
cord-v2	train-00001-of-00004-7dbbe248962764c5.parquet#000072	train	CC-BY-4.0	CORD-v2 official train split
cord-v2	train-00001-of-00004-7dbbe248962764c5.parquet#000073	train	CC-BY-4.0	CORD-v2 official train split
cord-v2	train-00001-of-00004-7dbbe248962764c5.parquet#000074	train	CC-BY-4.0	CORD-v2 official train split
cord-v2	train-00001-of-00004-7dbbe248962764c5.parquet#000075	train	CC-BY-4.0	CORD-v2 official train split
cord-v2	train-00001-of-00004-7dbbe248962764c5.parquet#000076	train	CC-BY-4.0	CORD-v2 official train split
cord-v2	train-00001-of-00004-7dbbe248962764c5.parquet#000077	train	CC-BY-4.0	CORD-v2 official train split
cord-v2	train-00001-of-00004-7dbbe248962764c5.parquet#000078	train	CC-BY-4.0	CORD-v2 official train split
cord-v2	train-00001-of-00004-7dbbe248962764c5.parquet#000079	train	CC-BY-4.0	CORD-v2 official train split
cord-v2	train-00001-of-00004-7dbbe248962764c5.parquet#000080	train	CC-BY-4.0	CORD-v2 official train split
cord-v2	train-00001-of-00004-7dbbe248962764c5.parquet#000081	train	CC-BY-4.0	CORD-v2 official train split
cord-v2	train-00001-of-00004-7dbbe248962764c5.parquet#000082	train	CC-BY-4.0	CORD-v2 official train split
cord-v2	train-00001-of-00004-7dbbe248962764c5.parquet#000083	train	CC-BY-4.0	CORD-v2 official train split
cord-v2	train-00001-of-00004-7dbbe248962764c5.parquet#000084	train	CC-BY-4.0	CORD-v2 official train split
cord-v2	train-00001-of-00004-7dbbe248962764c5.parquet#000085	train	CC-BY-4.0	CORD-v2 official train split
cord-v2	train-00001-of-00004-7dbbe248962764c5.parquet#000086	train	CC-BY-4.0	CORD-v2 official train split
cord-v2	train-00001-of-00004-7dbbe248962764c5.parquet#000087	train	CC-BY-4.0	CORD-v2 official train split
cord-v2	train-00001-of-00004-7dbbe248962764c5.parquet#000088	train	CC-BY-4.0	CORD-v2 official train split
cord-v2	train-00001-of-00004-7dbbe248962764c5.parquet#000089	train	CC-BY-4.0	CORD-v2 official train split
cord-v2	train-00001-of-00004-7dbbe248962764c5.parquet#000090	train	CC-BY-4.0	CORD-v2 official train split
cord-v2	train-00001-of-00004-7dbbe248962764c5.parquet#000091	train	CC-BY-4.0	CORD-v2 official train split
cord-v2	train-00001-of-00004-7dbbe248962764c5.parquet#000092	train	CC-BY-4.0	CORD-v2 official train split
cord-v2	train-00001-of-00004-7dbbe248962764c5.parquet#000093	train	CC-BY-4.0	CORD-v2 official train split
cord-v2	train-00001-of-00004-7dbbe248962764c5.parquet#000094	train	CC-BY-4.0	CORD-v2 official train split
cord-v2	train-00001-of-00004-7dbbe248962764c5.parquet#000095	train	CC-BY-4.0	CORD-v2 official train split
cord-v2	train-00001-of-00004-7dbbe248962764c5.parquet#000096	train	CC-BY-4.0	CORD-v2 official train split
cord-v2	train-00001-of-00004-7dbbe248962764c5.parquet#000097	train	CC-BY-4.0	CORD-v2 official train split
cord-v2	train-00001-of-00004-7dbbe248962764c5.parquet#000098	train	CC-BY-4.0	CORD-v2 official train split
cord-v2	train-00001-of-00004-7dbbe248962764c5.parquet#000099	train	CC-BY-4.0	CORD-v2 official train split
cord-v2	train-00001-of-00004-7dbbe248962764c5.parquet#000100	train	CC-BY-4.0	CORD-v2 official train split
cord-v2	train-00001-of-00004-7dbbe248962764c5.parquet#000101	train	CC-BY-4.0	CORD-v2 official train split
cord-v2	train-00001-of-00004-7dbbe248962764c5.parquet#000102	train	CC-BY-4.0	CORD-v2 official train split
cord-v2	train-00001-of-00004-7dbbe248962764c5.parquet#000103	train	CC-BY-4.0	CORD-v2 official train split
cord-v2	train-00001-of-00004-7dbbe248962764c5.parquet#000104	train	CC-BY-4.0	CORD-v2 official train split
cord-v2	train-00001-of-00004-7dbbe248962764c5.parquet#000105	train	CC-BY-4.0	CORD-v2 official train split
cord-v2	train-00001-of-00004-7dbbe248962764c5.parquet#000106	train	CC-BY-4.0	CORD-v2 official train split
cord-v2	train-00001-of-00004-7dbbe248962764c5.parquet#000107	train	CC-BY-4.0	CORD-v2 official train split
cord-v2	train-00001-of-00004-7dbbe248962764c5.parquet#000108	train	CC-BY-4.0	CORD-v2 official train split
cord-v2	train-00001-of-00004-7dbbe248962764c5.parquet#000109	train	CC-BY-4.0	CORD-v2 official train split
cord-v2	train-00001-of-00004-7dbbe248962764c5.parquet#000110	train	CC-BY-4.0	CORD-v2 official train split
cord-v2	train-00001-of-00004-7dbbe248962764c5.parquet#000111	train	CC-BY-4.0	CORD-v2 official train split
cord-v2	train-00001-of-00004-7dbbe248962764c5.parquet#000112	train	CC-BY-4.0	CORD-v2 official train split
cord-v2	train-00001-of-00004-7dbbe248962764c5.parquet#000113	train	CC-BY-4.0	CORD-v2 official train split
cord-v2	train-00001-of-00004-7dbbe248962764c5.parquet#000114	train	CC-BY-4.0	CORD-v2 official train split
cord-v2	train-00001-of-00004-7dbbe248962764c5.parquet#000115	train	CC-BY-4.0	CORD-v2 official train split
cord-v2	train-00001-of-00004-7dbbe248962764c5.parquet#000116	train	CC-BY-4.0	CORD-v2 official train split
cord-v2	train-00001-of-00004-7dbbe248962764c5.parquet#000117	train	CC-BY-4.0	CORD-v2 official train split
cord-v2	train-00001-of-00004-7dbbe248962764c5.parquet#000118	train	CC-BY-4.0	CORD-v2 official train split
cord-v2	train-00001-of-00004-7dbbe248962764c5.parquet#000119	train	CC-BY-4.0	CORD-v2 official train split
cord-v2	train-00001-of-00004-7dbbe248962764c5.parquet#000120	train	CC-BY-4.0	CORD-v2 official train split
cord-v2	train-00001-of-00004-7dbbe248962764c5.parquet#000121	train	CC-BY-4.0	CORD-v2 official train split
cord-v2	train-00001-of-00004-7dbbe248962764c5.parquet#000122	train	CC-BY-4.0	CORD-v2 official train split
cord-v2	train-00001-of-00004-7dbbe248962764c5.parquet#000123	train	CC-BY-4.0	CORD-v2 official train split
cord-v2	train-00001-of-00004-7dbbe248962764c5.parquet#000124	train	CC-BY-4.0	CORD-v2 official train split
cord-v2	train-00001-of-00004-7dbbe248962764c5.parquet#000125	train	CC-BY-4.0	CORD-v2 official train split
cord-v2	train-00001-of-00004-7dbbe248962764c5.parquet#000126	train	CC-BY-4.0	CORD-v2 official train split
cord-v2	train-00001-of-00004-7dbbe248962764c5.parquet#000127	train	CC-BY-4.0	CORD-v2 official train split
cord-v2	train-00001-of-00004-7dbbe248962764c5.parquet#000128	train	CC-BY-4.0	CORD-v2 official train split
cord-v2	train-00001-of-00004-7dbbe248962764c5.parquet#000129	train	CC-BY-4.0	CORD-v2 official train split
cord-v2	train-00001-of-00004-7dbbe248962764c5.parquet#000130	train	CC-BY-4.0	CORD-v2 official train split
cord-v2	train-00001-of-00004-7dbbe248962764c5.parquet#000131	train	CC-BY-4.0	CORD-v2 official train split
cord-v2	train-00001-of-00004-7dbbe248962764c5.parquet#000132	train	CC-BY-4.0	CORD-v2 official train split
cord-v2	train-00001-of-00004-7dbbe248962764c5.parquet#000133	train	CC-BY-4.0	CORD-v2 official train split
cord-v2	train-00001-of-00004-7dbbe248962764c5.parquet#000134	train	CC-BY-4.0	CORD-v2 official train split
cord-v2	train-00001-of-00004-7dbbe248962764c5.parquet#000135	train	CC-BY-4.0	CORD-v2 official train split
cord-v2	train-00001-of-00004-7dbbe248962764c5.parquet#000136	train	CC-BY-4.0	CORD-v2 official train split
cord-v2	train-00001-of-00004-7dbbe248962764c5.parquet#000137	train	CC-BY-4.0	CORD-v2 official train split
cord-v2	train-00001-of-00004-7dbbe248962764c5.parquet#000138	train	CC-BY-4.0	CORD-v2 official train split
cord-v2	train-00001-of-00004-7dbbe248962764c5.parquet#000139	train	CC-BY-4.0	CORD-v2 official train split
cord-v2	train-00001-of-00004-7dbbe248962764c5.parquet#000140	train	CC-BY-4.0	CORD-v2 official train split
cord-v2	train-00001-of-00004-7dbbe248962764c5.parquet#000141	train	CC-BY-4.0	CORD-v2 official train split
cord-v2	train-00001-of-00004-7dbbe248962764c5.parquet#000142	train	CC-BY-4.0	CORD-v2 official train split
cord-v2	train-00001-of-00004-7dbbe248962764c5.parquet#000143	train	CC-BY-4.0	CORD-v2 official train split
cord-v2	train-00001-of-00004-7dbbe248962764c5.parquet#000144	train	CC-BY-4.0	CORD-v2 official train split
cord-v2	train-00001-of-00004-7dbbe248962764c5.parquet#000145	train	CC-BY-4.0	CORD-v2 official train split
cord-v2	train-00001-of-00004-7dbbe248962764c5.parquet#000146	train	CC-BY-4.0	CORD-v2 official train split
cord-v2	train-00001-of-00004-7dbbe248962764c5.parquet#000147	train	CC-BY-4.0	CORD-v2 official train split
cord-v2	train-00001-of-00004-7dbbe248962764c5.parquet#000148	train	CC-BY-4.0	CORD-v2 official train split
cord-v2	train-00001-of-00004-7dbbe248962764c5.parquet#000149	train	CC-BY-4.0	CORD-v2 official train split
cord-v2	train-00001-of-00004-7dbbe248962764c5.parquet#000150	train	CC-BY-4.0	CORD-v2 official train split
cord-v2	train-00001-of-00004-7dbbe248962764c5.parquet#000151	train	CC-BY-4.0	CORD-v2 official train split
cord-v2	train-00001-of-00004-7dbbe248962764c5.parquet#000152	train	CC-BY-4.0	CORD-v2 official train split
cord-v2	train-00001-of-00004-7dbbe248962764c5.parquet#000153	train	CC-BY-4.0	CORD-v2 official train split
cord-v2	train-00001-of-00004-7dbbe248962764c5.parquet#000154	train	CC-BY-4.0	CORD-v2 official train split
cord-v2	train-00001-of-00004-7dbbe248962764c5.parquet#000155	train	CC-BY-4.0	CORD-v2 official train split
cord-v2	train-00001-of-00004-7dbbe248962764c5.parquet#000156	train	CC-BY-4.0	CORD-v2 official train split
cord-v2	train-00001-of-00004-7dbbe248962764c5.parquet#000157	train	CC-BY-4.0	CORD-v2 official train split
cord-v2	train-00001-of-00004-7dbbe248962764c5.parquet#000158	train	CC-BY-4.0	CORD-v2 official train split
cord-v2	train-00001-of-00004-7dbbe248962764c5.parquet#000159	train	CC-BY-4.0	CORD-v2 official train split
cord-v2	train-00001-of-00004-7dbbe248962764c5.parquet#000160	train	CC-BY-4.0	CORD-v2 official train split
cord-v2	train-00001-of-00004-7dbbe248962764c5.parquet#000161	train	CC-BY-4.0	CORD-v2 official train split
cord-v2	train-00001-of-00004-7dbbe248962764c5.parquet#000162	train	CC-BY-4.0	CORD-v2 official train split
cord-v2	train-00001-of-00004-7dbbe248962764c5.parquet#000163	train	CC-BY-4.0	CORD-v2 official train split
cord-v2	train-00001-of-00004-7dbbe248962764c5.parquet#000164	train	CC-BY-4.0	CORD-v2 official train split
cord-v2	train-00001-of-00004-7dbbe248962764c5.parquet#000165	train	CC-BY-4.0	CORD-v2 official train split
cord-v2	train-00001-of-00004-7dbbe248962764c5.parquet#000166	train	CC-BY-4.0	CORD-v2 official train split
cord-v2	train-00001-of-00004-7dbbe248962764c5.parquet#000167	train	CC-BY-4.0	CORD-v2 official train split
cord-v2	train-00001-of-00004-7dbbe248962764c5.parquet#000168	train	CC-BY-4.0	CORD-v2 official train split
cord-v2	train-00001-of-00004-7dbbe248962764c5.parquet#000169	train	CC-BY-4.0	CORD-v2 official train split
cord-v2	train-00001-of-00004-7dbbe248962764c5.parquet#000170	train	CC-BY-4.0	CORD-v2 official train split
cord-v2	train-00001-of-00004-7dbbe248962764c5.parquet#000171	train	CC-BY-4.0	CORD-v2 official train split
cord-v2	train-00001-of-00004-7dbbe248962764c5.parquet#000172	train	CC-BY-4.0	CORD-v2 official train split
cord-v2	train-00001-of-00004-7dbbe248962764c5.parquet#000173	train	CC-BY-4.0	CORD-v2 official train split
cord-v2	train-00001-of-00004-7dbbe248962764c5.parquet#000174	train	CC-BY-4.0	CORD-v2 official train split
cord-v2	train-00001-of-00004-7dbbe248962764c5.parquet#000175	train	CC-BY-4.0	CORD-v2 official train split
cord-v2	train-00001-of-00004-7dbbe248962764c5.parquet#000176	train	CC-BY-4.0	CORD-v2 official train split
cord-v2	train-00001-of-00004-7dbbe248962764c5.parquet#000177	train	CC-BY-4.0	CORD-v2 official train split
cord-v2	train-00001-of-00004-7dbbe248962764c5.parquet#000178	train	CC-BY-4.0	CORD-v2 official train split
cord-v2	train-00001-of-00004-7dbbe248962764c5.parquet#000179	train	CC-BY-4.0	CORD-v2 official train split
cord-v2	train-00001-of-00004-7dbbe248962764c5.parquet#000180	train	CC-BY-4.0	CORD-v2 official train split
cord-v2	train-00001-of-00004-7dbbe248962764c5.parquet#000181	train	CC-BY-4.0	CORD-v2 official train split
cord-v2	train-00001-of-00004-7dbbe248962764c5.parquet#000182	train	CC-BY-4.0	CORD-v2 official train split
cord-v2	train-00001-of-00004-7dbbe248962764c5.parquet#000183	train	CC-BY-4.0	CORD-v2 official train split
cord-v2	train-00001-of-00004-7dbbe248962764c5.parquet#000184	train	CC-BY-4.0	CORD-v2 official train split
cord-v2	train-00001-of-00004-7dbbe248962764c5.parquet#000185	train	CC-BY-4.0	CORD-v2 official train split
cord-v2	train-00001-of-00004-7dbbe248962764c5.parquet#000186	train	CC-BY-4.0	CORD-v2 official train split
cord-v2	train-00001-of-00004-7dbbe248962764c5.parquet#000187	train	CC-BY-4.0	CORD-v2 official train split
cord-v2	train-00001-of-00004-7dbbe248962764c5.parquet#000188	train	CC-BY-4.0	CORD-v2 official train split
cord-v2	train-00001-of-00004-7dbbe248962764c5.parquet#000189	train	CC-BY-4.0	CORD-v2 official train split
cord-v2	train-00001-of-00004-7dbbe248962764c5.parquet#000190	train	CC-BY-4.0	CORD-v2 official train split
cord-v2	train-00001-of-00004-7dbbe248962764c5.parquet#000191	train	CC-BY-4.0	CORD-v2 official train split
cord-v2	train-00001-of-00004-7dbbe248962764c5.parquet#000192	train	CC-BY-4.0	CORD-v2 official train split
cord-v2	train-00001-of-00004-7dbbe248962764c5.parquet#000193	train	CC-BY-4.0	CORD-v2 official train split
cord-v2	train-00001-of-00004-7dbbe248962764c5.parquet#000194	train	CC-BY-4.0	CORD-v2 official train split
cord-v2	train-00001-of-00004-7dbbe248962764c5.parquet#000195	train	CC-BY-4.0	CORD-v2 official train split
cord-v2	train-00001-of-00004-7dbbe248962764c5.parquet#000196	train	CC-BY-4.0	CORD-v2 official train split
cord-v2	train-00001-of-00004-7dbbe248962764c5.parquet#000197	train	CC-BY-4.0	CORD-v2 official train split
cord-v2	train-00001-of-00004-7dbbe248962764c5.parquet#000198	train	CC-BY-4.0	CORD-v2 official train split
cord-v2	train-00001-of-00004-7dbbe248962764c5.parquet#000199	train	CC-BY-4.0	CORD-v2 official train split
cord-v2	train-00002-of-00004-688fe1305a55e5cc.parquet#000000	train	CC-BY-4.0	CORD-v2 official train split
cord-v2	train-00002-of-00004-688fe1305a55e5cc.parquet#000001	train	CC-BY-4.0	CORD-v2 official train split
cord-v2	train-00002-of-00004-688fe1305a55e5cc.parquet#000002	train	CC-BY-4.0	CORD-v2 official train split
cord-v2	train-00002-of-00004-688fe1305a55e5cc.parquet#000003	train	CC-BY-4.0	CORD-v2 official train split
cord-v2	train-00002-of-00004-688fe1305a55e5cc.parquet#000004	train	CC-BY-4.0	CORD-v2 official train split
cord-v2	train-00002-of-00004-688fe1305a55e5cc.parquet#000005	train	CC-BY-4.0	CORD-v2 official train split
cord-v2	train-00002-of-00004-688fe1305a55e5cc.parquet#000006	train	CC-BY-4.0	CORD-v2 official train split
cord-v2	train-00002-of-00004-688fe1305a55e5cc.parquet#000007	train	CC-BY-4.0	CORD-v2 official train split
cord-v2	train-00002-of-00004-688fe1305a55e5cc.parquet#000008	train	CC-BY-4.0	CORD-v2 official train split
cord-v2	train-00002-of-00004-688fe1305a55e5cc.parquet#000009	train	CC-BY-4.0	CORD-v2 official train split
cord-v2	train-00002-of-00004-688fe1305a55e5cc.parquet#000010	train	CC-BY-4.0	CORD-v2 official train split
cord-v2	train-00002-of-00004-688fe1305a55e5cc.parquet#000011	train	CC-BY-4.0	CORD-v2 official train split
cord-v2	train-00002-of-00004-688fe1305a55e5cc.parquet#000012	train	CC-BY-4.0	CORD-v2 official train split
cord-v2	train-00002-of-00004-688fe1305a55e5cc.parquet#000013	train	CC-BY-4.0	CORD-v2 official train split
cord-v2	train-00002-of-00004-688fe1305a55e5cc.parquet#000014	train	CC-BY-4.0	CORD-v2 official train split
cord-v2	train-00002-of-00004-688fe1305a55e5cc.parquet#000015	train	CC-BY-4.0	CORD-v2 official train split
cord-v2	train-00002-of-00004-688fe1305a55e5cc.parquet#000016	train	CC-BY-4.0	CORD-v2 official train split
cord-v2	train-00002-of-00004-688fe1305a55e5cc.parquet#000017	train	CC-BY-4.0	CORD-v2 official train split
cord-v2	train-00002-of-00004-688fe1305a55e5cc.parquet#000018	train	CC-BY-4.0	CORD-v2 official train split
cord-v2	train-00002-of-00004-688fe1305a55e5cc.parquet#000019	train	CC-BY-4.0	CORD-v2 official train split
cord-v2	train-00002-of-00004-688fe1305a55e5cc.parquet#000020	train	CC-BY-4.0	CORD-v2 official train split
cord-v2	train-00002-of-00004-688fe1305a55e5cc.parquet#000021	train	CC-BY-4.0	CORD-v2 official train split
cord-v2	train-00002-of-00004-688fe1305a55e5cc.parquet#000022	train	CC-BY-4.0	CORD-v2 official train split
cord-v2	train-00002-of-00004-688fe1305a55e5cc.parquet#000023	train	CC-BY-4.0	CORD-v2 official train split
cord-v2	train-00002-of-00004-688fe1305a55e5cc.parquet#000024	train	CC-BY-4.0	CORD-v2 official train split
cord-v2	train-00002-of-00004-688fe1305a55e5cc.parquet#000025	train	CC-BY-4.0	CORD-v2 official train split
cord-v2	train-00002-of-00004-688fe1305a55e5cc.parquet#000026	train	CC-BY-4.0	CORD-v2 official train split
cord-v2	train-00002-of-00004-688fe1305a55e5cc.parquet#000027	train	CC-BY-4.0	CORD-v2 official train split
cord-v2	train-00002-of-00004-688fe1305a55e5cc.parquet#000028	train	CC-BY-4.0	CORD-v2 official train split
cord-v2	train-00002-of-00004-688fe1305a55e5cc.parquet#000029	train	CC-BY-4.0	CORD-v2 official train split
cord-v2	train-00002-of-00004-688fe1305a55e5cc.parquet#000030	train	CC-BY-4.0	CORD-v2 official train split
cord-v2	train-00002-of-00004-688fe1305a55e5cc.parquet#000031	train	CC-BY-4.0	CORD-v2 official train split
cord-v2	train-00002-of-00004-688fe1305a55e5cc.parquet#000032	train	CC-BY-4.0	CORD-v2 official train split
cord-v2	train-00002-of-00004-688fe1305a55e5cc.parquet#000033	train	CC-BY-4.0	CORD-v2 official train split
cord-v2	train-00002-of-00004-688fe1305a55e5cc.parquet#000034	train	CC-BY-4.0	CORD-v2 official train split
cord-v2	train-00002-of-00004-688fe1305a55e5cc.parquet#000035	train	CC-BY-4.0	CORD-v2 official train split
cord-v2	train-00002-of-00004-688fe1305a55e5cc.parquet#000036	train	CC-BY-4.0	CORD-v2 official train split
cord-v2	train-00002-of-00004-688fe1305a55e5cc.parquet#000037	train	CC-BY-4.0	CORD-v2 official train split
cord-v2	train-00002-of-00004-688fe1305a55e5cc.parquet#000038	train	CC-BY-4.0	CORD-v2 official train split
cord-v2	train-00002-of-00004-688fe1305a55e5cc.parquet#000039	train	CC-BY-4.0	CORD-v2 official train split
cord-v2	train-00002-of-00004-688fe1305a55e5cc.parquet#000040	train	CC-BY-4.0	CORD-v2 official train split
cord-v2	train-00002-of-00004-688fe1305a55e5cc.parquet#000041	train	CC-BY-4.0	CORD-v2 official train split
cord-v2	train-00002-of-00004-688fe1305a55e5cc.parquet#000042	train	CC-BY-4.0	CORD-v2 official train split
cord-v2	train-00002-of-00004-688fe1305a55e5cc.parquet#000043	train	CC-BY-4.0	CORD-v2 official train split
cord-v2	train-00002-of-00004-688fe1305a55e5cc.parquet#000044	train	CC-BY-4.0	CORD-v2 official train split
cord-v2	train-00002-of-00004-688fe1305a55e5cc.parquet#000045	train	CC-BY-4.0	CORD-v2 official train split
cord-v2	train-00002-of-00004-688fe1305a55e5cc.parquet#000046	train	CC-BY-4.0	CORD-v2 official train split
cord-v2	train-00002-of-00004-688fe1305a55e5cc.parquet#000047	train	CC-BY-4.0	CORD-v2 official train split
cord-v2	train-00002-of-00004-688fe1305a55e5cc.parquet#000048	train	CC-BY-4.0	CORD-v2 official train split
cord-v2	train-00002-of-00004-688fe1305a55e5cc.parquet#000049	train	CC-BY-4.0	CORD-v2 official train split
cord-v2	train-00002-of-00004-688fe1305a55e5cc.parquet#000050	train	CC-BY-4.0	CORD-v2 official train split
cord-v2	train-00002-of-00004-688fe1305a55e5cc.parquet#000051	train	CC-BY-4.0	CORD-v2 official train split
cord-v2	train-00002-of-00004-688fe1305a55e5cc.parquet#000052	train	CC-BY-4.0	CORD-v2 official train split
cord-v2	train-00002-of-00004-688fe1305a55e5cc.parquet#000053	train	CC-BY-4.0	CORD-v2 official train split
cord-v2	train-00002-of-00004-688fe1305a55e5cc.parquet#000054	train	CC-BY-4.0	CORD-v2 official train split
cord-v2	train-00002-of-00004-688fe1305a55e5cc.parquet#000055	train	CC-BY-4.0	CORD-v2 official train split
cord-v2	train-00002-of-00004-688fe1305a55e5cc.parquet#000056	train	CC-BY-4.0	CORD-v2 official train split
cord-v2	train-00002-of-00004-688fe1305a55e5cc.parquet#000057	train	CC-BY-4.0	CORD-v2 official train split
cord-v2	train-00002-of-00004-688fe1305a55e5cc.parquet#000058	train	CC-BY-4.0	CORD-v2 official train split
cord-v2	train-00002-of-00004-688fe1305a55e5cc.parquet#000059	train	CC-BY-4.0	CORD-v2 official train split
cord-v2	train-00002-of-00004-688fe1305a55e5cc.parquet#000060	train	CC-BY-4.0	CORD-v2 official train split
cord-v2	train-00002-of-00004-688fe1305a55e5cc.parquet#000061	train	CC-BY-4.0	CORD-v2 official train split
cord-v2	train-00002-of-00004-688fe1305a55e5cc.parquet#000062	train	CC-BY-4.0	CORD-v2 official train split
cord-v2	train-00002-of-00004-688fe1305a55e5cc.parquet#000063	train	CC-BY-4.0	CORD-v2 official train split
cord-v2	train-00002-of-00004-688fe1305a55e5cc.parquet#000064	train	CC-BY-4.0	CORD-v2 official train split
cord-v2	train-00002-of-00004-688fe1305a55e5cc.parquet#000065	train	CC-BY-4.0	CORD-v2 official train split
cord-v2	train-00002-of-00004-688fe1305a55e5cc.parquet#000066	train	CC-BY-4.0	CORD-v2 official train split
cord-v2	train-00002-of-00004-688fe1305a55e5cc.parquet#000067	train	CC-BY-4.0	CORD-v2 official train split
cord-v2	train-00002-of-00004-688fe1305a55e5cc.parquet#000068	train	CC-BY-4.0	CORD-v2 official train split
cord-v2	train-00002-of-00004-688fe1305a55e5cc.parquet#000069	train	CC-BY-4.0	CORD-v2 official train split
cord-v2	train-00002-of-00004-688fe1305a55e5cc.parquet#000070	train	CC-BY-4.0	CORD-v2 official train split
cord-v2	train-00002-of-00004-688fe1305a55e5cc.parquet#000071	train	CC-BY-4.0	CORD-v2 official train split
cord-v2	train-00002-of-00004-688fe1305a55e5cc.parquet#000072	train	CC-BY-4.0	CORD-v2 official train split
cord-v2	train-00002-of-00004-688fe1305a55e5cc.parquet#000073	train	CC-BY-4.0	CORD-v2 official train split
cord-v2	train-00002-of-00004-688fe1305a55e5cc.parquet#000074	train	CC-BY-4.0	CORD-v2 official train split
cord-v2	train-00002-of-00004-688fe1305a55e5cc.parquet#000075	train	CC-BY-4.0	CORD-v2 official train split
cord-v2	train-00002-of-00004-688fe1305a55e5cc.parquet#000076	train	CC-BY-4.0	CORD-v2 official train split
cord-v2	train-00002-of-00004-688fe1305a55e5cc.parquet#000077	train	CC-BY-4.0	CORD-v2 official train split
cord-v2	train-00002-of-00004-688fe1305a55e5cc.parquet#000078	train	CC-BY-4.0	CORD-v2 official train split
cord-v2	train-00002-of-00004-688fe1305a55e5cc.parquet#000079	train	CC-BY-4.0	CORD-v2 official train split
cord-v2	train-00002-of-00004-688fe1305a55e5cc.parquet#000080	train	CC-BY-4.0	CORD-v2 official train split
cord-v2	train-00002-of-00004-688fe1305a55e5cc.parquet#000081	train	CC-BY-4.0	CORD-v2 official train split
cord-v2	train-00002-of-00004-688fe1305a55e5cc.parquet#000082	train	CC-BY-4.0	CORD-v2 official train split
cord-v2	train-00002-of-00004-688fe1305a55e5cc.parquet#000083	train	CC-BY-4.0	CORD-v2 official train split
cord-v2	train-00002-of-00004-688fe1305a55e5cc.parquet#000084	train	CC-BY-4.0	CORD-v2 official train split
cord-v2	train-00002-of-00004-688fe1305a55e5cc.parquet#000085	train	CC-BY-4.0	CORD-v2 official train split
cord-v2	train-00002-of-00004-688fe1305a55e5cc.parquet#000086	train	CC-BY-4.0	CORD-v2 official train split
cord-v2	train-00002-of-00004-688fe1305a55e5cc.parquet#000087	train	CC-BY-4.0	CORD-v2 official train split
cord-v2	train-00002-of-00004-688fe1305a55e5cc.parquet#000088	train	CC-BY-4.0	CORD-v2 official train split
cord-v2	train-00002-of-00004-688fe1305a55e5cc.parquet#000089	train	CC-BY-4.0	CORD-v2 official train split
cord-v2	train-00002-of-00004-688fe1305a55e5cc.parquet#000090	train	CC-BY-4.0	CORD-v2 official train split
cord-v2	train-00002-of-00004-688fe1305a55e5cc.parquet#000091	train	CC-BY-4.0	CORD-v2 official train split
cord-v2	train-00002-of-00004-688fe1305a55e5cc.parquet#000092	train	CC-BY-4.0	CORD-v2 official train split
cord-v2	train-00002-of-00004-688fe1305a55e5cc.parquet#000093	train	CC-BY-4.0	CORD-v2 official train split
cord-v2	train-00002-of-00004-688fe1305a55e5cc.parquet#000094	train	CC-BY-4.0	CORD-v2 official train split
cord-v2	train-00002-of-00004-688fe1305a55e5cc.parquet#000095	train	CC-BY-4.0	CORD-v2 official train split
cord-v2	train-00002-of-00004-688fe1305a55e5cc.parquet#000096	train	CC-BY-4.0	CORD-v2 official train split
cord-v2	train-00002-of-00004-688fe1305a55e5cc.parquet#000097	train	CC-BY-4.0	CORD-v2 official train split
cord-v2	train-00002-of-00004-688fe1305a55e5cc.parquet#000098	train	CC-BY-4.0	CORD-v2 official train split
cord-v2	train-00002-of-00004-688fe1305a55e5cc.parquet#000099	train	CC-BY-4.0	CORD-v2 official train split
cord-v2	train-00002-of-00004-688fe1305a55e5cc.parquet#000100	train	CC-BY-4.0	CORD-v2 official train split
cord-v2	train-00002-of-00004-688fe1305a55e5cc.parquet#000101	train	CC-BY-4.0	CORD-v2 official train split
cord-v2	train-00002-of-00004-688fe1305a55e5cc.parquet#000102	train	CC-BY-4.0	CORD-v2 official train split
cord-v2	train-00002-of-00004-688fe1305a55e5cc.parquet#000103	train	CC-BY-4.0	CORD-v2 official train split
cord-v2	train-00002-of-00004-688fe1305a55e5cc.parquet#000104	train	CC-BY-4.0	CORD-v2 official train split
cord-v2	train-00002-of-00004-688fe1305a55e5cc.parquet#000105	train	CC-BY-4.0	CORD-v2 official train split
cord-v2	train-00002-of-00004-688fe1305a55e5cc.parquet#000106	train	CC-BY-4.0	CORD-v2 official train split
cord-v2	train-00002-of-00004-688fe1305a55e5cc.parquet#000107	train	CC-BY-4.0	CORD-v2 official train split
cord-v2	train-00002-of-00004-688fe1305a55e5cc.parquet#000108	train	CC-BY-4.0	CORD-v2 official train split
cord-v2	train-00002-of-00004-688fe1305a55e5cc.parquet#000109	train	CC-BY-4.0	CORD-v2 official train split
cord-v2	train-00002-of-00004-688fe1305a55e5cc.parquet#000110	train	CC-BY-4.0	CORD-v2 official train split
cord-v2	train-00002-of-00004-688fe1305a55e5cc.parquet#000111	train	CC-BY-4.0	CORD-v2 official train split
cord-v2	train-00002-of-00004-688fe1305a55e5cc.parquet#000112	train	CC-BY-4.0	CORD-v2 official train split
cord-v2	train-00002-of-00004-688fe1305a55e5cc.parquet#000113	train	CC-BY-4.0	CORD-v2 official train split
cord-v2	train-00002-of-00004-688fe1305a55e5cc.parquet#000114	train	CC-BY-4.0	CORD-v2 official train split
cord-v2	train-00002-of-00004-688fe1305a55e5cc.parquet#000115	train	CC-BY-4.0	CORD-v2 official train split
cord-v2	train-00002-of-00004-688fe1305a55e5cc.parquet#000116	train	CC-BY-4.0	CORD-v2 official train split
cord-v2	train-00002-of-00004-688fe1305a55e5cc.parquet#000117	train	CC-BY-4.0	CORD-v2 official train split
cord-v2	train-00002-of-00004-688fe1305a55e5cc.parquet#000118	train	CC-BY-4.0	CORD-v2 official train split
cord-v2	train-00002-of-00004-688fe1305a55e5cc.parquet#000119	train	CC-BY-4.0	CORD-v2 official train split
cord-v2	train-00002-of-00004-688fe1305a55e5cc.parquet#000120	train	CC-BY-4.0	CORD-v2 official train split
cord-v2	train-00002-of-00004-688fe1305a55e5cc.parquet#000121	train	CC-BY-4.0	CORD-v2 official train split
cord-v2	train-00002-of-00004-688fe1305a55e5cc.parquet#000122	train	CC-BY-4.0	CORD-v2 official train split
cord-v2	train-00002-of-00004-688fe1305a55e5cc.parquet#000123	train	CC-BY-4.0	CORD-v2 official train split
cord-v2	train-00002-of-00004-688fe1305a55e5cc.parquet#000124	train	CC-BY-4.0	CORD-v2 official train split
cord-v2	train-00002-of-00004-688fe1305a55e5cc.parquet#000125	train	CC-BY-4.0	CORD-v2 official train split
cord-v2	train-00002-of-00004-688fe1305a55e5cc.parquet#000126	train	CC-BY-4.0	CORD-v2 official train split
cord-v2	train-00002-of-00004-688fe1305a55e5cc.parquet#000127	train	CC-BY-4.0	CORD-v2 official train split
cord-v2	train-00002-of-00004-688fe1305a55e5cc.parquet#000128	train	CC-BY-4.0	CORD-v2 official train split
cord-v2	train-00002-of-00004-688fe1305a55e5cc.parquet#000129	train	CC-BY-4.0	CORD-v2 official train split
cord-v2	train-00002-of-00004-688fe1305a55e5cc.parquet#000130	train	CC-BY-4.0	CORD-v2 official train split
cord-v2	train-00002-of-00004-688fe1305a55e5cc.parquet#000131	train	CC-BY-4.0	CORD-v2 official train split
cord-v2	train-00002-of-00004-688fe1305a55e5cc.parquet#000132	train	CC-BY-4.0	CORD-v2 official train split
cord-v2	train-00002-of-00004-688fe1305a55e5cc.parquet#000133	train	CC-BY-4.0	CORD-v2 official train split
cord-v2	train-00002-of-00004-688fe1305a55e5cc.parquet#000134	train	CC-BY-4.0	CORD-v2 official train split
cord-v2	train-00002-of-00004-688fe1305a55e5cc.parquet#000135	train	CC-BY-4.0	CORD-v2 official train split
cord-v2	train-00002-of-00004-688fe1305a55e5cc.parquet#000136	train	CC-BY-4.0	CORD-v2 official train split
cord-v2	train-00002-of-00004-688fe1305a55e5cc.parquet#000137	train	CC-BY-4.0	CORD-v2 official train split
cord-v2	train-00002-of-00004-688fe1305a55e5cc.parquet#000138	train	CC-BY-4.0	CORD-v2 official train split
cord-v2	train-00002-of-00004-688fe1305a55e5cc.parquet#000139	train	CC-BY-4.0	CORD-v2 official train split
cord-v2	train-00002-of-00004-688fe1305a55e5cc.parquet#000140	train	CC-BY-4.0	CORD-v2 official train split
cord-v2	train-00002-of-00004-688fe1305a55e5cc.parquet#000141	train	CC-BY-4.0	CORD-v2 official train split
cord-v2	train-00002-of-00004-688fe1305a55e5cc.parquet#000142	train	CC-BY-4.0	CORD-v2 official train split
cord-v2	train-00002-of-00004-688fe1305a55e5cc.parquet#000143	train	CC-BY-4.0	CORD-v2 official train split
cord-v2	train-00002-of-00004-688fe1305a55e5cc.parquet#000144	train	CC-BY-4.0	CORD-v2 official train split
cord-v2	train-00002-of-00004-688fe1305a55e5cc.parquet#000145	train	CC-BY-4.0	CORD-v2 official train split
cord-v2	train-00002-of-00004-688fe1305a55e5cc.parquet#000146	train	CC-BY-4.0	CORD-v2 official train split
cord-v2	train-00002-of-00004-688fe1305a55e5cc.parquet#000147	train	CC-BY-4.0	CORD-v2 official train split
cord-v2	train-00002-of-00004-688fe1305a55e5cc.parquet#000148	train	CC-BY-4.0	CORD-v2 official train split
cord-v2	train-00002-of-00004-688fe1305a55e5cc.parquet#000149	train	CC-BY-4.0	CORD-v2 official train split
cord-v2	train-00002-of-00004-688fe1305a55e5cc.parquet#000150	train	CC-BY-4.0	CORD-v2 official train split
cord-v2	train-00002-of-00004-688fe1305a55e5cc.parquet#000151	train	CC-BY-4.0	CORD-v2 official train split
cord-v2	train-00002-of-00004-688fe1305a55e5cc.parquet#000152	train	CC-BY-4.0	CORD-v2 official train split
cord-v2	train-00002-of-00004-688fe1305a55e5cc.parquet#000153	train	CC-BY-4.0	CORD-v2 official train split
cord-v2	train-00002-of-00004-688fe1305a55e5cc.parquet#000154	train	CC-BY-4.0	CORD-v2 official train split
cord-v2	train-00002-of-00004-688fe1305a55e5cc.parquet#000155	train	CC-BY-4.0	CORD-v2 official train split
cord-v2	train-00002-of-00004-688fe1305a55e5cc.parquet#000156	train	CC-BY-4.0	CORD-v2 official train split
cord-v2	train-00002-of-00004-688fe1305a55e5cc.parquet#000157	train	CC-BY-4.0	CORD-v2 official train split
cord-v2	train-00002-of-00004-688fe1305a55e5cc.parquet#000158	train	CC-BY-4.0	CORD-v2 official train split
cord-v2	train-00002-of-00004-688fe1305a55e5cc.parquet#000159	train	CC-BY-4.0	CORD-v2 official train split
cord-v2	train-00002-of-00004-688fe1305a55e5cc.parquet#000160	train	CC-BY-4.0	CORD-v2 official train split
cord-v2	train-00002-of-00004-688fe1305a55e5cc.parquet#000161	train	CC-BY-4.0	CORD-v2 official train split
cord-v2	train-00002-of-00004-688fe1305a55e5cc.parquet#000162	train	CC-BY-4.0	CORD-v2 official train split
cord-v2	train-00002-of-00004-688fe1305a55e5cc.parquet#000163	train	CC-BY-4.0	CORD-v2 official train split
cord-v2	train-00002-of-00004-688fe1305a55e5cc.parquet#000164	train	CC-BY-4.0	CORD-v2 official train split
cord-v2	train-00002-of-00004-688fe1305a55e5cc.parquet#000165	train	CC-BY-4.0	CORD-v2 official train split
cord-v2	train-00002-of-00004-688fe1305a55e5cc.parquet#000166	train	CC-BY-4.0	CORD-v2 official train split
cord-v2	train-00002-of-00004-688fe1305a55e5cc.parquet#000167	train	CC-BY-4.0	CORD-v2 official train split
cord-v2	train-00002-of-00004-688fe1305a55e5cc.parquet#000168	train	CC-BY-4.0	CORD-v2 official train split
cord-v2	train-00002-of-00004-688fe1305a55e5cc.parquet#000169	train	CC-BY-4.0	CORD-v2 official train split
cord-v2	train-00002-of-00004-688fe1305a55e5cc.parquet#000170	train	CC-BY-4.0	CORD-v2 official train split
cord-v2	train-00002-of-00004-688fe1305a55e5cc.parquet#000171	train	CC-BY-4.0	CORD-v2 official train split
cord-v2	train-00002-of-00004-688fe1305a55e5cc.parquet#000172	train	CC-BY-4.0	CORD-v2 official train split
cord-v2	train-00002-of-00004-688fe1305a55e5cc.parquet#000173	train	CC-BY-4.0	CORD-v2 official train split
cord-v2	train-00002-of-00004-688fe1305a55e5cc.parquet#000174	train	CC-BY-4.0	CORD-v2 official train split
cord-v2	train-00002-of-00004-688fe1305a55e5cc.parquet#000175	train	CC-BY-4.0	CORD-v2 official train split
cord-v2	train-00002-of-00004-688fe1305a55e5cc.parquet#000176	train	CC-BY-4.0	CORD-v2 official train split
cord-v2	train-00002-of-00004-688fe1305a55e5cc.parquet#000177	train	CC-BY-4.0	CORD-v2 official train split
cord-v2	train-00002-of-00004-688fe1305a55e5cc.parquet#000178	train	CC-BY-4.0	CORD-v2 official train split
cord-v2	train-00002-of-00004-688fe1305a55e5cc.parquet#000179	train	CC-BY-4.0	CORD-v2 official train split
cord-v2	train-00002-of-00004-688fe1305a55e5cc.parquet#000180	train	CC-BY-4.0	CORD-v2 official train split
cord-v2	train-00002-of-00004-688fe1305a55e5cc.parquet#000181	train	CC-BY-4.0	CORD-v2 official train split
cord-v2	train-00002-of-00004-688fe1305a55e5cc.parquet#000182	train	CC-BY-4.0	CORD-v2 official train split
cord-v2	train-00002-of-00004-688fe1305a55e5cc.parquet#000183	train	CC-BY-4.0	CORD-v2 official train split
cord-v2	train-00002-of-00004-688fe1305a55e5cc.parquet#000184	train	CC-BY-4.0	CORD-v2 official train split
cord-v2	train-00002-of-00004-688fe1305a55e5cc.parquet#000185	train	CC-BY-4.0	CORD-v2 official train split
cord-v2	train-00002-of-00004-688fe1305a55e5cc.parquet#000186	train	CC-BY-4.0	CORD-v2 official train split
cord-v2	train-00002-of-00004-688fe1305a55e5cc.parquet#000187	train	CC-BY-4.0	CORD-v2 official train split
cord-v2	train-00002-of-00004-688fe1305a55e5cc.parquet#000188	train	CC-BY-4.0	CORD-v2 official train split
cord-v2	train-00002-of-00004-688fe1305a55e5cc.parquet#000189	train	CC-BY-4.0	CORD-v2 official train split
cord-v2	train-00002-of-00004-688fe1305a55e5cc.parquet#000190	train	CC-BY-4.0	CORD-v2 official train split
cord-v2	train-00002-of-00004-688fe1305a55e5cc.parquet#000191	train	CC-BY-4.0	CORD-v2 official train split
cord-v2	train-00002-of-00004-688fe1305a55e5cc.parquet#000192	train	CC-BY-4.0	CORD-v2 official train split
cord-v2	train-00002-of-00004-688fe1305a55e5cc.parquet#000193	train	CC-BY-4.0	CORD-v2 official train split
cord-v2	train-00002-of-00004-688fe1305a55e5cc.parquet#000194	train	CC-BY-4.0	CORD-v2 official train split
cord-v2	train-00002-of-00004-688fe1305a55e5cc.parquet#000195	train	CC-BY-4.0	CORD-v2 official train split
cord-v2	train-00002-of-00004-688fe1305a55e5cc.parquet#000196	train	CC-BY-4.0	CORD-v2 official train split
cord-v2	train-00002-of-00004-688fe1305a55e5cc.parquet#000197	train	CC-BY-4.0	CORD-v2 official train split
cord-v2	train-00002-of-00004-688fe1305a55e5cc.parquet#000198	train	CC-BY-4.0	CORD-v2 official train split
cord-v2	train-00002-of-00004-688fe1305a55e5cc.parquet#000199	train	CC-BY-4.0	CORD-v2 official train split
cord-v2	train-00003-of-00004-2d0cd200555ed7fd.parquet#000000	train	CC-BY-4.0	CORD-v2 official train split
cord-v2	train-00003-of-00004-2d0cd200555ed7fd.parquet#000001	train	CC-BY-4.0	CORD-v2 official train split
cord-v2	train-00003-of-00004-2d0cd200555ed7fd.parquet#000002	train	CC-BY-4.0	CORD-v2 official train split
cord-v2	train-00003-of-00004-2d0cd200555ed7fd.parquet#000003	train	CC-BY-4.0	CORD-v2 official train split
cord-v2	train-00003-of-00004-2d0cd200555ed7fd.parquet#000004	train	CC-BY-4.0	CORD-v2 official train split
cord-v2	train-00003-of-00004-2d0cd200555ed7fd.parquet#000005	train	CC-BY-4.0	CORD-v2 official train split
cord-v2	train-00003-of-00004-2d0cd200555ed7fd.parquet#000006	train	CC-BY-4.0	CORD-v2 official train split
cord-v2	train-00003-of-00004-2d0cd200555ed7fd.parquet#000007	train	CC-BY-4.0	CORD-v2 official train split
cord-v2	train-00003-of-00004-2d0cd200555ed7fd.parquet#000008	train	CC-BY-4.0	CORD-v2 official train split
cord-v2	train-00003-of-00004-2d0cd200555ed7fd.parquet#000009	train	CC-BY-4.0	CORD-v2 official train split
cord-v2	train-00003-of-00004-2d0cd200555ed7fd.parquet#000010	train	CC-BY-4.0	CORD-v2 official train split
cord-v2	train-00003-of-00004-2d0cd200555ed7fd.parquet#000011	train	CC-BY-4.0	CORD-v2 official train split
cord-v2	train-00003-of-00004-2d0cd200555ed7fd.parquet#000012	train	CC-BY-4.0	CORD-v2 official train split
cord-v2	train-00003-of-00004-2d0cd200555ed7fd.parquet#000013	train	CC-BY-4.0	CORD-v2 official train split
cord-v2	train-00003-of-00004-2d0cd200555ed7fd.parquet#000014	train	CC-BY-4.0	CORD-v2 official train split
cord-v2	train-00003-of-00004-2d0cd200555ed7fd.parquet#000015	train	CC-BY-4.0	CORD-v2 official train split
cord-v2	train-00003-of-00004-2d0cd200555ed7fd.parquet#000016	train	CC-BY-4.0	CORD-v2 official train split
cord-v2	train-00003-of-00004-2d0cd200555ed7fd.parquet#000017	train	CC-BY-4.0	CORD-v2 official train split
cord-v2	train-00003-of-00004-2d0cd200555ed7fd.parquet#000018	train	CC-BY-4.0	CORD-v2 official train split
cord-v2	train-00003-of-00004-2d0cd200555ed7fd.parquet#000019	train	CC-BY-4.0	CORD-v2 official train split
cord-v2	train-00003-of-00004-2d0cd200555ed7fd.parquet#000020	train	CC-BY-4.0	CORD-v2 official train split
cord-v2	train-00003-of-00004-2d0cd200555ed7fd.parquet#000021	train	CC-BY-4.0	CORD-v2 official train split
cord-v2	train-00003-of-00004-2d0cd200555ed7fd.parquet#000022	train	CC-BY-4.0	CORD-v2 official train split
cord-v2	train-00003-of-00004-2d0cd200555ed7fd.parquet#000023	train	CC-BY-4.0	CORD-v2 official train split
cord-v2	train-00003-of-00004-2d0cd200555ed7fd.parquet#000024	train	CC-BY-4.0	CORD-v2 official train split
cord-v2	train-00003-of-00004-2d0cd200555ed7fd.parquet#000025	train	CC-BY-4.0	CORD-v2 official train split
cord-v2	train-00003-of-00004-2d0cd200555ed7fd.parquet#000026	train	CC-BY-4.0	CORD-v2 official train split
cord-v2	train-00003-of-00004-2d0cd200555ed7fd.parquet#000027	train	CC-BY-4.0	CORD-v2 official train split
cord-v2	train-00003-of-00004-2d0cd200555ed7fd.parquet#000028	train	CC-BY-4.0	CORD-v2 official train split
cord-v2	train-00003-of-00004-2d0cd200555ed7fd.parquet#000029	train	CC-BY-4.0	CORD-v2 official train split
cord-v2	train-00003-of-00004-2d0cd200555ed7fd.parquet#000030	train	CC-BY-4.0	CORD-v2 official train split
cord-v2	train-00003-of-00004-2d0cd200555ed7fd.parquet#000031	train	CC-BY-4.0	CORD-v2 official train split
cord-v2	train-00003-of-00004-2d0cd200555ed7fd.parquet#000032	train	CC-BY-4.0	CORD-v2 official train split
cord-v2	train-00003-of-00004-2d0cd200555ed7fd.parquet#000033	train	CC-BY-4.0	CORD-v2 official train split
cord-v2	train-00003-of-00004-2d0cd200555ed7fd.parquet#000034	train	CC-BY-4.0	CORD-v2 official train split
cord-v2	train-00003-of-00004-2d0cd200555ed7fd.parquet#000035	train	CC-BY-4.0	CORD-v2 official train split
cord-v2	train-00003-of-00004-2d0cd200555ed7fd.parquet#000036	train	CC-BY-4.0	CORD-v2 official train split
cord-v2	train-00003-of-00004-2d0cd200555ed7fd.parquet#000037	train	CC-BY-4.0	CORD-v2 official train split
cord-v2	train-00003-of-00004-2d0cd200555ed7fd.parquet#000038	train	CC-BY-4.0	CORD-v2 official train split
cord-v2	train-00003-of-00004-2d0cd200555ed7fd.parquet#000039	train	CC-BY-4.0	CORD-v2 official train split
cord-v2	train-00003-of-00004-2d0cd200555ed7fd.parquet#000040	train	CC-BY-4.0	CORD-v2 official train split
cord-v2	train-00003-of-00004-2d0cd200555ed7fd.parquet#000041	train	CC-BY-4.0	CORD-v2 official train split
cord-v2	train-00003-of-00004-2d0cd200555ed7fd.parquet#000042	train	CC-BY-4.0	CORD-v2 official train split
cord-v2	train-00003-of-00004-2d0cd200555ed7fd.parquet#000043	train	CC-BY-4.0	CORD-v2 official train split
cord-v2	train-00003-of-00004-2d0cd200555ed7fd.parquet#000044	train	CC-BY-4.0	CORD-v2 official train split
cord-v2	train-00003-of-00004-2d0cd200555ed7fd.parquet#000045	train	CC-BY-4.0	CORD-v2 official train split
cord-v2	train-00003-of-00004-2d0cd200555ed7fd.parquet#000046	train	CC-BY-4.0	CORD-v2 official train split
cord-v2	train-00003-of-00004-2d0cd200555ed7fd.parquet#000047	train	CC-BY-4.0	CORD-v2 official train split
cord-v2	train-00003-of-00004-2d0cd200555ed7fd.parquet#000048	train	CC-BY-4.0	CORD-v2 official train split
cord-v2	train-00003-of-00004-2d0cd200555ed7fd.parquet#000049	train	CC-BY-4.0	CORD-v2 official train split
cord-v2	train-00003-of-00004-2d0cd200555ed7fd.parquet#000050	train	CC-BY-4.0	CORD-v2 official train split
cord-v2	train-00003-of-00004-2d0cd200555ed7fd.parquet#000051	train	CC-BY-4.0	CORD-v2 official train split
cord-v2	train-00003-of-00004-2d0cd200555ed7fd.parquet#000052	train	CC-BY-4.0	CORD-v2 official train split
cord-v2	train-00003-of-00004-2d0cd200555ed7fd.parquet#000053	train	CC-BY-4.0	CORD-v2 official train split
cord-v2	train-00003-of-00004-2d0cd200555ed7fd.parquet#000054	train	CC-BY-4.0	CORD-v2 official train split
cord-v2	train-00003-of-00004-2d0cd200555ed7fd.parquet#000055	train	CC-BY-4.0	CORD-v2 official train split
cord-v2	train-00003-of-00004-2d0cd200555ed7fd.parquet#000056	train	CC-BY-4.0	CORD-v2 official train split
cord-v2	train-00003-of-00004-2d0cd200555ed7fd.parquet#000057	train	CC-BY-4.0	CORD-v2 official train split
cord-v2	train-00003-of-00004-2d0cd200555ed7fd.parquet#000058	train	CC-BY-4.0	CORD-v2 official train split
cord-v2	train-00003-of-00004-2d0cd200555ed7fd.parquet#000059	train	CC-BY-4.0	CORD-v2 official train split
cord-v2	train-00003-of-00004-2d0cd200555ed7fd.parquet#000060	train	CC-BY-4.0	CORD-v2 official train split
cord-v2	train-00003-of-00004-2d0cd200555ed7fd.parquet#000061	train	CC-BY-4.0	CORD-v2 official train split
cord-v2	train-00003-of-00004-2d0cd200555ed7fd.parquet#000062	train	CC-BY-4.0	CORD-v2 official train split
cord-v2	train-00003-of-00004-2d0cd200555ed7fd.parquet#000063	train	CC-BY-4.0	CORD-v2 official train split
cord-v2	train-00003-of-00004-2d0cd200555ed7fd.parquet#000064	train	CC-BY-4.0	CORD-v2 official train split
cord-v2	train-00003-of-00004-2d0cd200555ed7fd.parquet#000065	train	CC-BY-4.0	CORD-v2 official train split
cord-v2	train-00003-of-00004-2d0cd200555ed7fd.parquet#000066	train	CC-BY-4.0	CORD-v2 official train split
cord-v2	train-00003-of-00004-2d0cd200555ed7fd.parquet#000067	train	CC-BY-4.0	CORD-v2 official train split
cord-v2	train-00003-of-00004-2d0cd200555ed7fd.parquet#000068	train	CC-BY-4.0	CORD-v2 official train split
cord-v2	train-00003-of-00004-2d0cd200555ed7fd.parquet#000069	train	CC-BY-4.0	CORD-v2 official train split
cord-v2	train-00003-of-00004-2d0cd200555ed7fd.parquet#000070	train	CC-BY-4.0	CORD-v2 official train split
cord-v2	train-00003-of-00004-2d0cd200555ed7fd.parquet#000071	train	CC-BY-4.0	CORD-v2 official train split
cord-v2	train-00003-of-00004-2d0cd200555ed7fd.parquet#000072	train	CC-BY-4.0	CORD-v2 official train split
cord-v2	train-00003-of-00004-2d0cd200555ed7fd.parquet#000073	train	CC-BY-4.0	CORD-v2 official train split
cord-v2	train-00003-of-00004-2d0cd200555ed7fd.parquet#000074	train	CC-BY-4.0	CORD-v2 official train split
cord-v2	train-00003-of-00004-2d0cd200555ed7fd.parquet#000075	train	CC-BY-4.0	CORD-v2 official train split
cord-v2	train-00003-of-00004-2d0cd200555ed7fd.parquet#000076	train	CC-BY-4.0	CORD-v2 official train split
cord-v2	train-00003-of-00004-2d0cd200555ed7fd.parquet#000077	train	CC-BY-4.0	CORD-v2 official train split
cord-v2	train-00003-of-00004-2d0cd200555ed7fd.parquet#000078	train	CC-BY-4.0	CORD-v2 official train split
cord-v2	train-00003-of-00004-2d0cd200555ed7fd.parquet#000079	train	CC-BY-4.0	CORD-v2 official train split
cord-v2	train-00003-of-00004-2d0cd200555ed7fd.parquet#000080	train	CC-BY-4.0	CORD-v2 official train split
cord-v2	train-00003-of-00004-2d0cd200555ed7fd.parquet#000081	train	CC-BY-4.0	CORD-v2 official train split
cord-v2	train-00003-of-00004-2d0cd200555ed7fd.parquet#000082	train	CC-BY-4.0	CORD-v2 official train split
cord-v2	train-00003-of-00004-2d0cd200555ed7fd.parquet#000083	train	CC-BY-4.0	CORD-v2 official train split
cord-v2	train-00003-of-00004-2d0cd200555ed7fd.parquet#000084	train	CC-BY-4.0	CORD-v2 official train split
cord-v2	train-00003-of-00004-2d0cd200555ed7fd.parquet#000085	train	CC-BY-4.0	CORD-v2 official train split
cord-v2	train-00003-of-00004-2d0cd200555ed7fd.parquet#000086	train	CC-BY-4.0	CORD-v2 official train split
cord-v2	train-00003-of-00004-2d0cd200555ed7fd.parquet#000087	train	CC-BY-4.0	CORD-v2 official train split
cord-v2	train-00003-of-00004-2d0cd200555ed7fd.parquet#000088	train	CC-BY-4.0	CORD-v2 official train split
cord-v2	train-00003-of-00004-2d0cd200555ed7fd.parquet#000089	train	CC-BY-4.0	CORD-v2 official train split
cord-v2	train-00003-of-00004-2d0cd200555ed7fd.parquet#000090	train	CC-BY-4.0	CORD-v2 official train split
cord-v2	train-00003-of-00004-2d0cd200555ed7fd.parquet#000091	train	CC-BY-4.0	CORD-v2 official train split
cord-v2	train-00003-of-00004-2d0cd200555ed7fd.parquet#000092	train	CC-BY-4.0	CORD-v2 official train split
cord-v2	train-00003-of-00004-2d0cd200555ed7fd.parquet#000093	train	CC-BY-4.0	CORD-v2 official train split
cord-v2	train-00003-of-00004-2d0cd200555ed7fd.parquet#000094	train	CC-BY-4.0	CORD-v2 official train split
cord-v2	train-00003-of-00004-2d0cd200555ed7fd.parquet#000095	train	CC-BY-4.0	CORD-v2 official train split
cord-v2	train-00003-of-00004-2d0cd200555ed7fd.parquet#000096	train	CC-BY-4.0	CORD-v2 official train split
cord-v2	train-00003-of-00004-2d0cd200555ed7fd.parquet#000097	train	CC-BY-4.0	CORD-v2 official train split
cord-v2	train-00003-of-00004-2d0cd200555ed7fd.parquet#000098	train	CC-BY-4.0	CORD-v2 official train split
cord-v2	train-00003-of-00004-2d0cd200555ed7fd.parquet#000099	train	CC-BY-4.0	CORD-v2 official train split
cord-v2	train-00003-of-00004-2d0cd200555ed7fd.parquet#000100	train	CC-BY-4.0	CORD-v2 official train split
cord-v2	train-00003-of-00004-2d0cd200555ed7fd.parquet#000101	train	CC-BY-4.0	CORD-v2 official train split
cord-v2	train-00003-of-00004-2d0cd200555ed7fd.parquet#000102	train	CC-BY-4.0	CORD-v2 official train split
cord-v2	train-00003-of-00004-2d0cd200555ed7fd.parquet#000103	train	CC-BY-4.0	CORD-v2 official train split
cord-v2	train-00003-of-00004-2d0cd200555ed7fd.parquet#000104	train	CC-BY-4.0	CORD-v2 official train split
cord-v2	train-00003-of-00004-2d0cd200555ed7fd.parquet#000105	train	CC-BY-4.0	CORD-v2 official train split
cord-v2	train-00003-of-00004-2d0cd200555ed7fd.parquet#000106	train	CC-BY-4.0	CORD-v2 official train split
cord-v2	train-00003-of-00004-2d0cd200555ed7fd.parquet#000107	train	CC-BY-4.0	CORD-v2 official train split
cord-v2	train-00003-of-00004-2d0cd200555ed7fd.parquet#000108	train	CC-BY-4.0	CORD-v2 official train split
cord-v2	train-00003-of-00004-2d0cd200555ed7fd.parquet#000109	train	CC-BY-4.0	CORD-v2 official train split
cord-v2	train-00003-of-00004-2d0cd200555ed7fd.parquet#000110	train	CC-BY-4.0	CORD-v2 official train split
cord-v2	train-00003-of-00004-2d0cd200555ed7fd.parquet#000111	train	CC-BY-4.0	CORD-v2 official train split
cord-v2	train-00003-of-00004-2d0cd200555ed7fd.parquet#000112	train	CC-BY-4.0	CORD-v2 official train split
cord-v2	train-00003-of-00004-2d0cd200555ed7fd.parquet#000113	train	CC-BY-4.0	CORD-v2 official train split
cord-v2	train-00003-of-00004-2d0cd200555ed7fd.parquet#000114	train	CC-BY-4.0	CORD-v2 official train split
cord-v2	train-00003-of-00004-2d0cd200555ed7fd.parquet#000115	train	CC-BY-4.0	CORD-v2 official train split
cord-v2	train-00003-of-00004-2d0cd200555ed7fd.parquet#000116	train	CC-BY-4.0	CORD-v2 official train split
cord-v2	train-00003-of-00004-2d0cd200555ed7fd.parquet#000117	train	CC-BY-4.0	CORD-v2 official train split
cord-v2	train-00003-of-00004-2d0cd200555ed7fd.parquet#000118	train	CC-BY-4.0	CORD-v2 official train split
cord-v2	train-00003-of-00004-2d0cd200555ed7fd.parquet#000119	train	CC-BY-4.0	CORD-v2 official train split
cord-v2	train-00003-of-00004-2d0cd200555ed7fd.parquet#000120	train	CC-BY-4.0	CORD-v2 official train split
cord-v2	train-00003-of-00004-2d0cd200555ed7fd.parquet#000121	train	CC-BY-4.0	CORD-v2 official train split
cord-v2	train-00003-of-00004-2d0cd200555ed7fd.parquet#000122	train	CC-BY-4.0	CORD-v2 official train split
cord-v2	train-00003-of-00004-2d0cd200555ed7fd.parquet#000123	train	CC-BY-4.0	CORD-v2 official train split
cord-v2	train-00003-of-00004-2d0cd200555ed7fd.parquet#000124	train	CC-BY-4.0	CORD-v2 official train split
cord-v2	train-00003-of-00004-2d0cd200555ed7fd.parquet#000125	train	CC-BY-4.0	CORD-v2 official train split
cord-v2	train-00003-of-00004-2d0cd200555ed7fd.parquet#000126	train	CC-BY-4.0	CORD-v2 official train split
cord-v2	train-00003-of-00004-2d0cd200555ed7fd.parquet#000127	train	CC-BY-4.0	CORD-v2 official train split
cord-v2	train-00003-of-00004-2d0cd200555ed7fd.parquet#000128	train	CC-BY-4.0	CORD-v2 official train split
cord-v2	train-00003-of-00004-2d0cd200555ed7fd.parquet#000129	train	CC-BY-4.0	CORD-v2 official train split
cord-v2	train-00003-of-00004-2d0cd200555ed7fd.parquet#000130	train	CC-BY-4.0	CORD-v2 official train split
cord-v2	train-00003-of-00004-2d0cd200555ed7fd.parquet#000131	train	CC-BY-4.0	CORD-v2 official train split
cord-v2	train-00003-of-00004-2d0cd200555ed7fd.parquet#000132	train	CC-BY-4.0	CORD-v2 official train split
cord-v2	train-00003-of-00004-2d0cd200555ed7fd.parquet#000133	train	CC-BY-4.0	CORD-v2 official train split
cord-v2	train-00003-of-00004-2d0cd200555ed7fd.parquet#000134	train	CC-BY-4.0	CORD-v2 official train split
cord-v2	train-00003-of-00004-2d0cd200555ed7fd.parquet#000135	train	CC-BY-4.0	CORD-v2 official train split
cord-v2	train-00003-of-00004-2d0cd200555ed7fd.parquet#000136	train	CC-BY-4.0	CORD-v2 official train split
cord-v2	train-00003-of-00004-2d0cd200555ed7fd.parquet#000137	train	CC-BY-4.0	CORD-v2 official train split
cord-v2	train-00003-of-00004-2d0cd200555ed7fd.parquet#000138	train	CC-BY-4.0	CORD-v2 official train split
cord-v2	train-00003-of-00004-2d0cd200555ed7fd.parquet#000139	train	CC-BY-4.0	CORD-v2 official train split
cord-v2	train-00003-of-00004-2d0cd200555ed7fd.parquet#000140	train	CC-BY-4.0	CORD-v2 official train split
cord-v2	train-00003-of-00004-2d0cd200555ed7fd.parquet#000141	train	CC-BY-4.0	CORD-v2 official train split
cord-v2	train-00003-of-00004-2d0cd200555ed7fd.parquet#000142	train	CC-BY-4.0	CORD-v2 official train split
cord-v2	train-00003-of-00004-2d0cd200555ed7fd.parquet#000143	train	CC-BY-4.0	CORD-v2 official train split
cord-v2	train-00003-of-00004-2d0cd200555ed7fd.parquet#000144	train	CC-BY-4.0	CORD-v2 official train split
cord-v2	train-00003-of-00004-2d0cd200555ed7fd.parquet#000145	train	CC-BY-4.0	CORD-v2 official train split
cord-v2	train-00003-of-00004-2d0cd200555ed7fd.parquet#000146	train	CC-BY-4.0	CORD-v2 official train split
cord-v2	train-00003-of-00004-2d0cd200555ed7fd.parquet#000147	train	CC-BY-4.0	CORD-v2 official train split
cord-v2	train-00003-of-00004-2d0cd200555ed7fd.parquet#000148	train	CC-BY-4.0	CORD-v2 official train split
cord-v2	train-00003-of-00004-2d0cd200555ed7fd.parquet#000149	train	CC-BY-4.0	CORD-v2 official train split
cord-v2	train-00003-of-00004-2d0cd200555ed7fd.parquet#000150	train	CC-BY-4.0	CORD-v2 official train split
cord-v2	train-00003-of-00004-2d0cd200555ed7fd.parquet#000151	train	CC-BY-4.0	CORD-v2 official train split
cord-v2	train-00003-of-00004-2d0cd200555ed7fd.parquet#000152	train	CC-BY-4.0	CORD-v2 official train split
cord-v2	train-00003-of-00004-2d0cd200555ed7fd.parquet#000153	train	CC-BY-4.0	CORD-v2 official train split
cord-v2	train-00003-of-00004-2d0cd200555ed7fd.parquet#000154	train	CC-BY-4.0	CORD-v2 official train split
cord-v2	train-00003-of-00004-2d0cd200555ed7fd.parquet#000155	train	CC-BY-4.0	CORD-v2 official train split
cord-v2	train-00003-of-00004-2d0cd200555ed7fd.parquet#000156	train	CC-BY-4.0	CORD-v2 official train split
cord-v2	train-00003-of-00004-2d0cd200555ed7fd.parquet#000157	train	CC-BY-4.0	CORD-v2 official train split
cord-v2	train-00003-of-00004-2d0cd200555ed7fd.parquet#000158	train	CC-BY-4.0	CORD-v2 official train split
cord-v2	train-00003-of-00004-2d0cd200555ed7fd.parquet#000159	train	CC-BY-4.0	CORD-v2 official train split
cord-v2	train-00003-of-00004-2d0cd200555ed7fd.parquet#000160	train	CC-BY-4.0	CORD-v2 official train split
cord-v2	train-00003-of-00004-2d0cd200555ed7fd.parquet#000161	train	CC-BY-4.0	CORD-v2 official train split
cord-v2	train-00003-of-00004-2d0cd200555ed7fd.parquet#000162	train	CC-BY-4.0	CORD-v2 official train split
cord-v2	train-00003-of-00004-2d0cd200555ed7fd.parquet#000163	train	CC-BY-4.0	CORD-v2 official train split
cord-v2	train-00003-of-00004-2d0cd200555ed7fd.parquet#000164	train	CC-BY-4.0	CORD-v2 official train split
cord-v2	train-00003-of-00004-2d0cd200555ed7fd.parquet#000165	train	CC-BY-4.0	CORD-v2 official train split
cord-v2	train-00003-of-00004-2d0cd200555ed7fd.parquet#000166	train	CC-BY-4.0	CORD-v2 official train split
cord-v2	train-00003-of-00004-2d0cd200555ed7fd.parquet#000167	train	CC-BY-4.0	CORD-v2 official train split
cord-v2	train-00003-of-00004-2d0cd200555ed7fd.parquet#000168	train	CC-BY-4.0	CORD-v2 official train split
cord-v2	train-00003-of-00004-2d0cd200555ed7fd.parquet#000169	train	CC-BY-4.0	CORD-v2 official train split
cord-v2	train-00003-of-00004-2d0cd200555ed7fd.parquet#000170	train	CC-BY-4.0	CORD-v2 official train split
cord-v2	train-00003-of-00004-2d0cd200555ed7fd.parquet#000171	train	CC-BY-4.0	CORD-v2 official train split
cord-v2	train-00003-of-00004-2d0cd200555ed7fd.parquet#000172	train	CC-BY-4.0	CORD-v2 official train split
cord-v2	train-00003-of-00004-2d0cd200555ed7fd.parquet#000173	train	CC-BY-4.0	CORD-v2 official train split
cord-v2	train-00003-of-00004-2d0cd200555ed7fd.parquet#000174	train	CC-BY-4.0	CORD-v2 official train split
cord-v2	train-00003-of-00004-2d0cd200555ed7fd.parquet#000175	train	CC-BY-4.0	CORD-v2 official train split
cord-v2	train-00003-of-00004-2d0cd200555ed7fd.parquet#000176	train	CC-BY-4.0	CORD-v2 official train split
cord-v2	train-00003-of-00004-2d0cd200555ed7fd.parquet#000177	train	CC-BY-4.0	CORD-v2 official train split
cord-v2	train-00003-of-00004-2d0cd200555ed7fd.parquet#000178	train	CC-BY-4.0	CORD-v2 official train split
cord-v2	train-00003-of-00004-2d0cd200555ed7fd.parquet#000179	train	CC-BY-4.0	CORD-v2 official train split
cord-v2	train-00003-of-00004-2d0cd200555ed7fd.parquet#000180	train	CC-BY-4.0	CORD-v2 official train split
cord-v2	train-00003-of-00004-2d0cd200555ed7fd.parquet#000181	train	CC-BY-4.0	CORD-v2 official train split
cord-v2	train-00003-of-00004-2d0cd200555ed7fd.parquet#000182	train	CC-BY-4.0	CORD-v2 official train split
cord-v2	train-00003-of-00004-2d0cd200555ed7fd.parquet#000183	train	CC-BY-4.0	CORD-v2 official train split
cord-v2	train-00003-of-00004-2d0cd200555ed7fd.parquet#000184	train	CC-BY-4.0	CORD-v2 official train split
cord-v2	train-00003-of-00004-2d0cd200555ed7fd.parquet#000185	train	CC-BY-4.0	CORD-v2 official train split
cord-v2	train-00003-of-00004-2d0cd200555ed7fd.parquet#000186	train	CC-BY-4.0	CORD-v2 official train split
cord-v2	train-00003-of-00004-2d0cd200555ed7fd.parquet#000187	train	CC-BY-4.0	CORD-v2 official train split
cord-v2	train-00003-of-00004-2d0cd200555ed7fd.parquet#000188	train	CC-BY-4.0	CORD-v2 official train split
cord-v2	train-00003-of-00004-2d0cd200555ed7fd.parquet#000189	train	CC-BY-4.0	CORD-v2 official train split
cord-v2	train-00003-of-00004-2d0cd200555ed7fd.parquet#000190	train	CC-BY-4.0	CORD-v2 official train split
cord-v2	train-00003-of-00004-2d0cd200555ed7fd.parquet#000191	train	CC-BY-4.0	CORD-v2 official train split
cord-v2	train-00003-of-00004-2d0cd200555ed7fd.parquet#000192	train	CC-BY-4.0	CORD-v2 official train split
cord-v2	train-00003-of-00004-2d0cd200555ed7fd.parquet#000193	train	CC-BY-4.0	CORD-v2 official train split
cord-v2	train-00003-of-00004-2d0cd200555ed7fd.parquet#000194	train	CC-BY-4.0	CORD-v2 official train split
cord-v2	train-00003-of-00004-2d0cd200555ed7fd.parquet#000195	train	CC-BY-4.0	CORD-v2 official train split
cord-v2	train-00003-of-00004-2d0cd200555ed7fd.parquet#000196	train	CC-BY-4.0	CORD-v2 official train split
cord-v2	train-00003-of-00004-2d0cd200555ed7fd.parquet#000197	train	CC-BY-4.0	CORD-v2 official train split
cord-v2	train-00003-of-00004-2d0cd200555ed7fd.parquet#000198	train	CC-BY-4.0	CORD-v2 official train split
cord-v2	train-00003-of-00004-2d0cd200555ed7fd.parquet#000199	train	CC-BY-4.0	CORD-v2 official train split
cord-v2	validation-00000-of-00001-cc3c5779fe22e8ca.parquet#000000	validation	CC-BY-4.0	CORD-v2 official validation split
cord-v2	validation-00000-of-00001-cc3c5779fe22e8ca.parquet#000001	validation	CC-BY-4.0	CORD-v2 official validation split
cord-v2	validation-00000-of-00001-cc3c5779fe22e8ca.parquet#000002	validation	CC-BY-4.0	CORD-v2 official validation split
cord-v2	validation-00000-of-00001-cc3c5779fe22e8ca.parquet#000003	validation	CC-BY-4.0	CORD-v2 official validation split
cord-v2	validation-00000-of-00001-cc3c5779fe22e8ca.parquet#000004	validation	CC-BY-4.0	CORD-v2 official validation split
cord-v2	validation-00000-of-00001-cc3c5779fe22e8ca.parquet#000005	validation	CC-BY-4.0	CORD-v2 official validation split
cord-v2	validation-00000-of-00001-cc3c5779fe22e8ca.parquet#000006	validation	CC-BY-4.0	CORD-v2 official validation split
cord-v2	validation-00000-of-00001-cc3c5779fe22e8ca.parquet#000007	validation	CC-BY-4.0	CORD-v2 official validation split
cord-v2	validation-00000-of-00001-cc3c5779fe22e8ca.parquet#000008	validation	CC-BY-4.0	CORD-v2 official validation split
cord-v2	validation-00000-of-00001-cc3c5779fe22e8ca.parquet#000009	validation	CC-BY-4.0	CORD-v2 official validation split
cord-v2	validation-00000-of-00001-cc3c5779fe22e8ca.parquet#000010	validation	CC-BY-4.0	CORD-v2 official validation split
cord-v2	validation-00000-of-00001-cc3c5779fe22e8ca.parquet#000011	validation	CC-BY-4.0	CORD-v2 official validation split
cord-v2	validation-00000-of-00001-cc3c5779fe22e8ca.parquet#000012	validation	CC-BY-4.0	CORD-v2 official validation split
cord-v2	validation-00000-of-00001-cc3c5779fe22e8ca.parquet#000013	validation	CC-BY-4.0	CORD-v2 official validation split
cord-v2	validation-00000-of-00001-cc3c5779fe22e8ca.parquet#000014	validation	CC-BY-4.0	CORD-v2 official validation split
cord-v2	validation-00000-of-00001-cc3c5779fe22e8ca.parquet#000015	validation	CC-BY-4.0	CORD-v2 official validation split
cord-v2	validation-00000-of-00001-cc3c5779fe22e8ca.parquet#000016	validation	CC-BY-4.0	CORD-v2 official validation split
cord-v2	validation-00000-of-00001-cc3c5779fe22e8ca.parquet#000017	validation	CC-BY-4.0	CORD-v2 official validation split
cord-v2	validation-00000-of-00001-cc3c5779fe22e8ca.parquet#000018	validation	CC-BY-4.0	CORD-v2 official validation split
cord-v2	validation-00000-of-00001-cc3c5779fe22e8ca.parquet#000019	validation	CC-BY-4.0	CORD-v2 official validation split
cord-v2	validation-00000-of-00001-cc3c5779fe22e8ca.parquet#000020	validation	CC-BY-4.0	CORD-v2 official validation split
cord-v2	validation-00000-of-00001-cc3c5779fe22e8ca.parquet#000021	validation	CC-BY-4.0	CORD-v2 official validation split
cord-v2	validation-00000-of-00001-cc3c5779fe22e8ca.parquet#000022	validation	CC-BY-4.0	CORD-v2 official validation split
cord-v2	validation-00000-of-00001-cc3c5779fe22e8ca.parquet#000023	validation	CC-BY-4.0	CORD-v2 official validation split
cord-v2	validation-00000-of-00001-cc3c5779fe22e8ca.parquet#000024	validation	CC-BY-4.0	CORD-v2 official validation split
cord-v2	validation-00000-of-00001-cc3c5779fe22e8ca.parquet#000025	validation	CC-BY-4.0	CORD-v2 official validation split
cord-v2	validation-00000-of-00001-cc3c5779fe22e8ca.parquet#000026	validation	CC-BY-4.0	CORD-v2 official validation split
cord-v2	validation-00000-of-00001-cc3c5779fe22e8ca.parquet#000027	validation	CC-BY-4.0	CORD-v2 official validation split
cord-v2	validation-00000-of-00001-cc3c5779fe22e8ca.parquet#000028	validation	CC-BY-4.0	CORD-v2 official validation split
cord-v2	validation-00000-of-00001-cc3c5779fe22e8ca.parquet#000029	validation	CC-BY-4.0	CORD-v2 official validation split
cord-v2	validation-00000-of-00001-cc3c5779fe22e8ca.parquet#000030	validation	CC-BY-4.0	CORD-v2 official validation split
cord-v2	validation-00000-of-00001-cc3c5779fe22e8ca.parquet#000031	validation	CC-BY-4.0	CORD-v2 official validation split
cord-v2	validation-00000-of-00001-cc3c5779fe22e8ca.parquet#000032	validation	CC-BY-4.0	CORD-v2 official validation split
cord-v2	validation-00000-of-00001-cc3c5779fe22e8ca.parquet#000033	validation	CC-BY-4.0	CORD-v2 official validation split
cord-v2	validation-00000-of-00001-cc3c5779fe22e8ca.parquet#000034	validation	CC-BY-4.0	CORD-v2 official validation split
cord-v2	validation-00000-of-00001-cc3c5779fe22e8ca.parquet#000035	validation	CC-BY-4.0	CORD-v2 official validation split
cord-v2	validation-00000-of-00001-cc3c5779fe22e8ca.parquet#000036	validation	CC-BY-4.0	CORD-v2 official validation split
cord-v2	validation-00000-of-00001-cc3c5779fe22e8ca.parquet#000037	validation	CC-BY-4.0	CORD-v2 official validation split
cord-v2	validation-00000-of-00001-cc3c5779fe22e8ca.parquet#000038	validation	CC-BY-4.0	CORD-v2 official validation split
cord-v2	validation-00000-of-00001-cc3c5779fe22e8ca.parquet#000039	validation	CC-BY-4.0	CORD-v2 official validation split
cord-v2	validation-00000-of-00001-cc3c5779fe22e8ca.parquet#000040	validation	CC-BY-4.0	CORD-v2 official validation split
cord-v2	validation-00000-of-00001-cc3c5779fe22e8ca.parquet#000041	validation	CC-BY-4.0	CORD-v2 official validation split
cord-v2	validation-00000-of-00001-cc3c5779fe22e8ca.parquet#000042	validation	CC-BY-4.0	CORD-v2 official validation split
cord-v2	validation-00000-of-00001-cc3c5779fe22e8ca.parquet#000043	validation	CC-BY-4.0	CORD-v2 official validation split
cord-v2	validation-00000-of-00001-cc3c5779fe22e8ca.parquet#000044	validation	CC-BY-4.0	CORD-v2 official validation split
cord-v2	validation-00000-of-00001-cc3c5779fe22e8ca.parquet#000045	validation	CC-BY-4.0	CORD-v2 official validation split
cord-v2	validation-00000-of-00001-cc3c5779fe22e8ca.parquet#000046	validation	CC-BY-4.0	CORD-v2 official validation split
cord-v2	validation-00000-of-00001-cc3c5779fe22e8ca.parquet#000047	validation	CC-BY-4.0	CORD-v2 official validation split
cord-v2	validation-00000-of-00001-cc3c5779fe22e8ca.parquet#000048	validation	CC-BY-4.0	CORD-v2 official validation split
cord-v2	validation-00000-of-00001-cc3c5779fe22e8ca.parquet#000049	validation	CC-BY-4.0	CORD-v2 official validation split
cord-v2	validation-00000-of-00001-cc3c5779fe22e8ca.parquet#000050	validation	CC-BY-4.0	CORD-v2 official validation split
cord-v2	validation-00000-of-00001-cc3c5779fe22e8ca.parquet#000051	validation	CC-BY-4.0	CORD-v2 official validation split
cord-v2	validation-00000-of-00001-cc3c5779fe22e8ca.parquet#000052	validation	CC-BY-4.0	CORD-v2 official validation split
cord-v2	validation-00000-of-00001-cc3c5779fe22e8ca.parquet#000053	validation	CC-BY-4.0	CORD-v2 official validation split
cord-v2	validation-00000-of-00001-cc3c5779fe22e8ca.parquet#000054	validation	CC-BY-4.0	CORD-v2 official validation split
cord-v2	validation-00000-of-00001-cc3c5779fe22e8ca.parquet#000055	validation	CC-BY-4.0	CORD-v2 official validation split
cord-v2	validation-00000-of-00001-cc3c5779fe22e8ca.parquet#000056	validation	CC-BY-4.0	CORD-v2 official validation split
cord-v2	validation-00000-of-00001-cc3c5779fe22e8ca.parquet#000057	validation	CC-BY-4.0	CORD-v2 official validation split
cord-v2	validation-00000-of-00001-cc3c5779fe22e8ca.parquet#000058	validation	CC-BY-4.0	CORD-v2 official validation split
cord-v2	validation-00000-of-00001-cc3c5779fe22e8ca.parquet#000059	validation	CC-BY-4.0	CORD-v2 official validation split
cord-v2	validation-00000-of-00001-cc3c5779fe22e8ca.parquet#000060	validation	CC-BY-4.0	CORD-v2 official validation split
cord-v2	validation-00000-of-00001-cc3c5779fe22e8ca.parquet#000061	validation	CC-BY-4.0	CORD-v2 official validation split
cord-v2	validation-00000-of-00001-cc3c5779fe22e8ca.parquet#000062	validation	CC-BY-4.0	CORD-v2 official validation split
cord-v2	validation-00000-of-00001-cc3c5779fe22e8ca.parquet#000063	validation	CC-BY-4.0	CORD-v2 official validation split
cord-v2	validation-00000-of-00001-cc3c5779fe22e8ca.parquet#000064	validation	CC-BY-4.0	CORD-v2 official validation split
cord-v2	validation-00000-of-00001-cc3c5779fe22e8ca.parquet#000065	validation	CC-BY-4.0	CORD-v2 official validation split
cord-v2	validation-00000-of-00001-cc3c5779fe22e8ca.parquet#000066	validation	CC-BY-4.0	CORD-v2 official validation split
cord-v2	validation-00000-of-00001-cc3c5779fe22e8ca.parquet#000067	validation	CC-BY-4.0	CORD-v2 official validation split
cord-v2	validation-00000-of-00001-cc3c5779fe22e8ca.parquet#000068	validation	CC-BY-4.0	CORD-v2 official validation split
cord-v2	validation-00000-of-00001-cc3c5779fe22e8ca.parquet#000069	validation	CC-BY-4.0	CORD-v2 official validation split
cord-v2	validation-00000-of-00001-cc3c5779fe22e8ca.parquet#000070	validation	CC-BY-4.0	CORD-v2 official validation split
cord-v2	validation-00000-of-00001-cc3c5779fe22e8ca.parquet#000071	validation	CC-BY-4.0	CORD-v2 official validation split
cord-v2	validation-00000-of-00001-cc3c5779fe22e8ca.parquet#000072	validation	CC-BY-4.0	CORD-v2 official validation split
cord-v2	validation-00000-of-00001-cc3c5779fe22e8ca.parquet#000073	validation	CC-BY-4.0	CORD-v2 official validation split
cord-v2	validation-00000-of-00001-cc3c5779fe22e8ca.parquet#000074	validation	CC-BY-4.0	CORD-v2 official validation split
cord-v2	validation-00000-of-00001-cc3c5779fe22e8ca.parquet#000075	validation	CC-BY-4.0	CORD-v2 official validation split
cord-v2	validation-00000-of-00001-cc3c5779fe22e8ca.parquet#000076	validation	CC-BY-4.0	CORD-v2 official validation split
cord-v2	validation-00000-of-00001-cc3c5779fe22e8ca.parquet#000077	validation	CC-BY-4.0	CORD-v2 official validation split
cord-v2	validation-00000-of-00001-cc3c5779fe22e8ca.parquet#000078	validation	CC-BY-4.0	CORD-v2 official validation split
cord-v2	validation-00000-of-00001-cc3c5779fe22e8ca.parquet#000079	validation	CC-BY-4.0	CORD-v2 official validation split
cord-v2	validation-00000-of-00001-cc3c5779fe22e8ca.parquet#000080	validation	CC-BY-4.0	CORD-v2 official validation split
cord-v2	validation-00000-of-00001-cc3c5779fe22e8ca.parquet#000081	validation	CC-BY-4.0	CORD-v2 official validation split
cord-v2	validation-00000-of-00001-cc3c5779fe22e8ca.parquet#000082	validation	CC-BY-4.0	CORD-v2 official validation split
cord-v2	validation-00000-of-00001-cc3c5779fe22e8ca.parquet#000083	validation	CC-BY-4.0	CORD-v2 official validation split
cord-v2	validation-00000-of-00001-cc3c5779fe22e8ca.parquet#000084	validation	CC-BY-4.0	CORD-v2 official validation split
cord-v2	validation-00000-of-00001-cc3c5779fe22e8ca.parquet#000085	validation	CC-BY-4.0	CORD-v2 official validation split
cord-v2	validation-00000-of-00001-cc3c5779fe22e8ca.parquet#000086	validation	CC-BY-4.0	CORD-v2 official validation split
cord-v2	validation-00000-of-00001-cc3c5779fe22e8ca.parquet#000087	validation	CC-BY-4.0	CORD-v2 official validation split
cord-v2	validation-00000-of-00001-cc3c5779fe22e8ca.parquet#000088	validation	CC-BY-4.0	CORD-v2 official validation split
cord-v2	validation-00000-of-00001-cc3c5779fe22e8ca.parquet#000089	validation	CC-BY-4.0	CORD-v2 official validation split
cord-v2	validation-00000-of-00001-cc3c5779fe22e8ca.parquet#000090	validation	CC-BY-4.0	CORD-v2 official validation split
cord-v2	validation-00000-of-00001-cc3c5779fe22e8ca.parquet#000091	validation	CC-BY-4.0	CORD-v2 official validation split
cord-v2	validation-00000-of-00001-cc3c5779fe22e8ca.parquet#000092	validation	CC-BY-4.0	CORD-v2 official validation split
cord-v2	validation-00000-of-00001-cc3c5779fe22e8ca.parquet#000093	validation	CC-BY-4.0	CORD-v2 official validation split
cord-v2	validation-00000-of-00001-cc3c5779fe22e8ca.parquet#000094	validation	CC-BY-4.0	CORD-v2 official validation split
cord-v2	validation-00000-of-00001-cc3c5779fe22e8ca.parquet#000095	validation	CC-BY-4.0	CORD-v2 official validation split
cord-v2	validation-00000-of-00001-cc3c5779fe22e8ca.parquet#000096	validation	CC-BY-4.0	CORD-v2 official validation split
cord-v2	validation-00000-of-00001-cc3c5779fe22e8ca.parquet#000097	validation	CC-BY-4.0	CORD-v2 official validation split
cord-v2	validation-00000-of-00001-cc3c5779fe22e8ca.parquet#000098	validation	CC-BY-4.0	CORD-v2 official validation split
cord-v2	validation-00000-of-00001-cc3c5779fe22e8ca.parquet#000099	validation	CC-BY-4.0	CORD-v2 official validation split
cord-v2	test-00000-of-00001-9c204eb3f4e11791.parquet#000000	score	CC-BY-4.0	CORD-v2 official test split; pages/cord rendered a 95-row sample of it
cord-v2	test-00000-of-00001-9c204eb3f4e11791.parquet#000001	score	CC-BY-4.0	CORD-v2 official test split; pages/cord rendered a 95-row sample of it
cord-v2	test-00000-of-00001-9c204eb3f4e11791.parquet#000002	score	CC-BY-4.0	CORD-v2 official test split; pages/cord rendered a 95-row sample of it
cord-v2	test-00000-of-00001-9c204eb3f4e11791.parquet#000003	score	CC-BY-4.0	CORD-v2 official test split; pages/cord rendered a 95-row sample of it
cord-v2	test-00000-of-00001-9c204eb3f4e11791.parquet#000004	score	CC-BY-4.0	CORD-v2 official test split; pages/cord rendered a 95-row sample of it
cord-v2	test-00000-of-00001-9c204eb3f4e11791.parquet#000005	score	CC-BY-4.0	CORD-v2 official test split; pages/cord rendered a 95-row sample of it
cord-v2	test-00000-of-00001-9c204eb3f4e11791.parquet#000006	score	CC-BY-4.0	CORD-v2 official test split; pages/cord rendered a 95-row sample of it
cord-v2	test-00000-of-00001-9c204eb3f4e11791.parquet#000007	score	CC-BY-4.0	CORD-v2 official test split; pages/cord rendered a 95-row sample of it
cord-v2	test-00000-of-00001-9c204eb3f4e11791.parquet#000008	score	CC-BY-4.0	CORD-v2 official test split; pages/cord rendered a 95-row sample of it
cord-v2	test-00000-of-00001-9c204eb3f4e11791.parquet#000009	score	CC-BY-4.0	CORD-v2 official test split; pages/cord rendered a 95-row sample of it
cord-v2	test-00000-of-00001-9c204eb3f4e11791.parquet#000010	score	CC-BY-4.0	CORD-v2 official test split; pages/cord rendered a 95-row sample of it
cord-v2	test-00000-of-00001-9c204eb3f4e11791.parquet#000011	score	CC-BY-4.0	CORD-v2 official test split; pages/cord rendered a 95-row sample of it
cord-v2	test-00000-of-00001-9c204eb3f4e11791.parquet#000012	score	CC-BY-4.0	CORD-v2 official test split; pages/cord rendered a 95-row sample of it
cord-v2	test-00000-of-00001-9c204eb3f4e11791.parquet#000013	score	CC-BY-4.0	CORD-v2 official test split; pages/cord rendered a 95-row sample of it
cord-v2	test-00000-of-00001-9c204eb3f4e11791.parquet#000014	score	CC-BY-4.0	CORD-v2 official test split; pages/cord rendered a 95-row sample of it
cord-v2	test-00000-of-00001-9c204eb3f4e11791.parquet#000015	score	CC-BY-4.0	CORD-v2 official test split; pages/cord rendered a 95-row sample of it
cord-v2	test-00000-of-00001-9c204eb3f4e11791.parquet#000016	score	CC-BY-4.0	CORD-v2 official test split; pages/cord rendered a 95-row sample of it
cord-v2	test-00000-of-00001-9c204eb3f4e11791.parquet#000017	score	CC-BY-4.0	CORD-v2 official test split; pages/cord rendered a 95-row sample of it
cord-v2	test-00000-of-00001-9c204eb3f4e11791.parquet#000018	score	CC-BY-4.0	CORD-v2 official test split; pages/cord rendered a 95-row sample of it
cord-v2	test-00000-of-00001-9c204eb3f4e11791.parquet#000019	score	CC-BY-4.0	CORD-v2 official test split; pages/cord rendered a 95-row sample of it
cord-v2	test-00000-of-00001-9c204eb3f4e11791.parquet#000020	score	CC-BY-4.0	CORD-v2 official test split; pages/cord rendered a 95-row sample of it
cord-v2	test-00000-of-00001-9c204eb3f4e11791.parquet#000021	score	CC-BY-4.0	CORD-v2 official test split; pages/cord rendered a 95-row sample of it
cord-v2	test-00000-of-00001-9c204eb3f4e11791.parquet#000022	score	CC-BY-4.0	CORD-v2 official test split; pages/cord rendered a 95-row sample of it
cord-v2	test-00000-of-00001-9c204eb3f4e11791.parquet#000023	score	CC-BY-4.0	CORD-v2 official test split; pages/cord rendered a 95-row sample of it
cord-v2	test-00000-of-00001-9c204eb3f4e11791.parquet#000024	score	CC-BY-4.0	CORD-v2 official test split; pages/cord rendered a 95-row sample of it
cord-v2	test-00000-of-00001-9c204eb3f4e11791.parquet#000025	score	CC-BY-4.0	CORD-v2 official test split; pages/cord rendered a 95-row sample of it
cord-v2	test-00000-of-00001-9c204eb3f4e11791.parquet#000026	score	CC-BY-4.0	CORD-v2 official test split; pages/cord rendered a 95-row sample of it
cord-v2	test-00000-of-00001-9c204eb3f4e11791.parquet#000027	score	CC-BY-4.0	CORD-v2 official test split; pages/cord rendered a 95-row sample of it
cord-v2	test-00000-of-00001-9c204eb3f4e11791.parquet#000028	score	CC-BY-4.0	CORD-v2 official test split; pages/cord rendered a 95-row sample of it
cord-v2	test-00000-of-00001-9c204eb3f4e11791.parquet#000029	score	CC-BY-4.0	CORD-v2 official test split; pages/cord rendered a 95-row sample of it
cord-v2	test-00000-of-00001-9c204eb3f4e11791.parquet#000030	score	CC-BY-4.0	CORD-v2 official test split; pages/cord rendered a 95-row sample of it
cord-v2	test-00000-of-00001-9c204eb3f4e11791.parquet#000031	score	CC-BY-4.0	CORD-v2 official test split; pages/cord rendered a 95-row sample of it
cord-v2	test-00000-of-00001-9c204eb3f4e11791.parquet#000032	score	CC-BY-4.0	CORD-v2 official test split; pages/cord rendered a 95-row sample of it
cord-v2	test-00000-of-00001-9c204eb3f4e11791.parquet#000033	score	CC-BY-4.0	CORD-v2 official test split; pages/cord rendered a 95-row sample of it
cord-v2	test-00000-of-00001-9c204eb3f4e11791.parquet#000034	score	CC-BY-4.0	CORD-v2 official test split; pages/cord rendered a 95-row sample of it
cord-v2	test-00000-of-00001-9c204eb3f4e11791.parquet#000035	score	CC-BY-4.0	CORD-v2 official test split; pages/cord rendered a 95-row sample of it
cord-v2	test-00000-of-00001-9c204eb3f4e11791.parquet#000036	score	CC-BY-4.0	CORD-v2 official test split; pages/cord rendered a 95-row sample of it
cord-v2	test-00000-of-00001-9c204eb3f4e11791.parquet#000037	score	CC-BY-4.0	CORD-v2 official test split; pages/cord rendered a 95-row sample of it
cord-v2	test-00000-of-00001-9c204eb3f4e11791.parquet#000038	score	CC-BY-4.0	CORD-v2 official test split; pages/cord rendered a 95-row sample of it
cord-v2	test-00000-of-00001-9c204eb3f4e11791.parquet#000039	score	CC-BY-4.0	CORD-v2 official test split; pages/cord rendered a 95-row sample of it
cord-v2	test-00000-of-00001-9c204eb3f4e11791.parquet#000040	score	CC-BY-4.0	CORD-v2 official test split; pages/cord rendered a 95-row sample of it
cord-v2	test-00000-of-00001-9c204eb3f4e11791.parquet#000041	score	CC-BY-4.0	CORD-v2 official test split; pages/cord rendered a 95-row sample of it
cord-v2	test-00000-of-00001-9c204eb3f4e11791.parquet#000042	score	CC-BY-4.0	CORD-v2 official test split; pages/cord rendered a 95-row sample of it
cord-v2	test-00000-of-00001-9c204eb3f4e11791.parquet#000043	score	CC-BY-4.0	CORD-v2 official test split; pages/cord rendered a 95-row sample of it
cord-v2	test-00000-of-00001-9c204eb3f4e11791.parquet#000044	score	CC-BY-4.0	CORD-v2 official test split; pages/cord rendered a 95-row sample of it
cord-v2	test-00000-of-00001-9c204eb3f4e11791.parquet#000045	score	CC-BY-4.0	CORD-v2 official test split; pages/cord rendered a 95-row sample of it
cord-v2	test-00000-of-00001-9c204eb3f4e11791.parquet#000046	score	CC-BY-4.0	CORD-v2 official test split; pages/cord rendered a 95-row sample of it
cord-v2	test-00000-of-00001-9c204eb3f4e11791.parquet#000047	score	CC-BY-4.0	CORD-v2 official test split; pages/cord rendered a 95-row sample of it
cord-v2	test-00000-of-00001-9c204eb3f4e11791.parquet#000048	score	CC-BY-4.0	CORD-v2 official test split; pages/cord rendered a 95-row sample of it
cord-v2	test-00000-of-00001-9c204eb3f4e11791.parquet#000049	score	CC-BY-4.0	CORD-v2 official test split; pages/cord rendered a 95-row sample of it
cord-v2	test-00000-of-00001-9c204eb3f4e11791.parquet#000050	score	CC-BY-4.0	CORD-v2 official test split; pages/cord rendered a 95-row sample of it
cord-v2	test-00000-of-00001-9c204eb3f4e11791.parquet#000051	score	CC-BY-4.0	CORD-v2 official test split; pages/cord rendered a 95-row sample of it
cord-v2	test-00000-of-00001-9c204eb3f4e11791.parquet#000052	score	CC-BY-4.0	CORD-v2 official test split; pages/cord rendered a 95-row sample of it
cord-v2	test-00000-of-00001-9c204eb3f4e11791.parquet#000053	score	CC-BY-4.0	CORD-v2 official test split; pages/cord rendered a 95-row sample of it
cord-v2	test-00000-of-00001-9c204eb3f4e11791.parquet#000054	score	CC-BY-4.0	CORD-v2 official test split; pages/cord rendered a 95-row sample of it
cord-v2	test-00000-of-00001-9c204eb3f4e11791.parquet#000055	score	CC-BY-4.0	CORD-v2 official test split; pages/cord rendered a 95-row sample of it
cord-v2	test-00000-of-00001-9c204eb3f4e11791.parquet#000056	score	CC-BY-4.0	CORD-v2 official test split; pages/cord rendered a 95-row sample of it
cord-v2	test-00000-of-00001-9c204eb3f4e11791.parquet#000057	score	CC-BY-4.0	CORD-v2 official test split; pages/cord rendered a 95-row sample of it
cord-v2	test-00000-of-00001-9c204eb3f4e11791.parquet#000058	score	CC-BY-4.0	CORD-v2 official test split; pages/cord rendered a 95-row sample of it
cord-v2	test-00000-of-00001-9c204eb3f4e11791.parquet#000059	score	CC-BY-4.0	CORD-v2 official test split; pages/cord rendered a 95-row sample of it
cord-v2	test-00000-of-00001-9c204eb3f4e11791.parquet#000060	score	CC-BY-4.0	CORD-v2 official test split; pages/cord rendered a 95-row sample of it
cord-v2	test-00000-of-00001-9c204eb3f4e11791.parquet#000061	score	CC-BY-4.0	CORD-v2 official test split; pages/cord rendered a 95-row sample of it
cord-v2	test-00000-of-00001-9c204eb3f4e11791.parquet#000062	score	CC-BY-4.0	CORD-v2 official test split; pages/cord rendered a 95-row sample of it
cord-v2	test-00000-of-00001-9c204eb3f4e11791.parquet#000063	score	CC-BY-4.0	CORD-v2 official test split; pages/cord rendered a 95-row sample of it
cord-v2	test-00000-of-00001-9c204eb3f4e11791.parquet#000064	score	CC-BY-4.0	CORD-v2 official test split; pages/cord rendered a 95-row sample of it
cord-v2	test-00000-of-00001-9c204eb3f4e11791.parquet#000065	score	CC-BY-4.0	CORD-v2 official test split; pages/cord rendered a 95-row sample of it
cord-v2	test-00000-of-00001-9c204eb3f4e11791.parquet#000066	score	CC-BY-4.0	CORD-v2 official test split; pages/cord rendered a 95-row sample of it
cord-v2	test-00000-of-00001-9c204eb3f4e11791.parquet#000067	score	CC-BY-4.0	CORD-v2 official test split; pages/cord rendered a 95-row sample of it
cord-v2	test-00000-of-00001-9c204eb3f4e11791.parquet#000068	score	CC-BY-4.0	CORD-v2 official test split; pages/cord rendered a 95-row sample of it
cord-v2	test-00000-of-00001-9c204eb3f4e11791.parquet#000069	score	CC-BY-4.0	CORD-v2 official test split; pages/cord rendered a 95-row sample of it
cord-v2	test-00000-of-00001-9c204eb3f4e11791.parquet#000070	score	CC-BY-4.0	CORD-v2 official test split; pages/cord rendered a 95-row sample of it
cord-v2	test-00000-of-00001-9c204eb3f4e11791.parquet#000071	score	CC-BY-4.0	CORD-v2 official test split; pages/cord rendered a 95-row sample of it
cord-v2	test-00000-of-00001-9c204eb3f4e11791.parquet#000072	score	CC-BY-4.0	CORD-v2 official test split; pages/cord rendered a 95-row sample of it
cord-v2	test-00000-of-00001-9c204eb3f4e11791.parquet#000073	score	CC-BY-4.0	CORD-v2 official test split; pages/cord rendered a 95-row sample of it
cord-v2	test-00000-of-00001-9c204eb3f4e11791.parquet#000074	score	CC-BY-4.0	CORD-v2 official test split; pages/cord rendered a 95-row sample of it
cord-v2	test-00000-of-00001-9c204eb3f4e11791.parquet#000075	score	CC-BY-4.0	CORD-v2 official test split; pages/cord rendered a 95-row sample of it
cord-v2	test-00000-of-00001-9c204eb3f4e11791.parquet#000076	score	CC-BY-4.0	CORD-v2 official test split; pages/cord rendered a 95-row sample of it
cord-v2	test-00000-of-00001-9c204eb3f4e11791.parquet#000077	score	CC-BY-4.0	CORD-v2 official test split; pages/cord rendered a 95-row sample of it
cord-v2	test-00000-of-00001-9c204eb3f4e11791.parquet#000078	score	CC-BY-4.0	CORD-v2 official test split; pages/cord rendered a 95-row sample of it
cord-v2	test-00000-of-00001-9c204eb3f4e11791.parquet#000079	score	CC-BY-4.0	CORD-v2 official test split; pages/cord rendered a 95-row sample of it
cord-v2	test-00000-of-00001-9c204eb3f4e11791.parquet#000080	score	CC-BY-4.0	CORD-v2 official test split; pages/cord rendered a 95-row sample of it
cord-v2	test-00000-of-00001-9c204eb3f4e11791.parquet#000081	score	CC-BY-4.0	CORD-v2 official test split; pages/cord rendered a 95-row sample of it
cord-v2	test-00000-of-00001-9c204eb3f4e11791.parquet#000082	score	CC-BY-4.0	CORD-v2 official test split; pages/cord rendered a 95-row sample of it
cord-v2	test-00000-of-00001-9c204eb3f4e11791.parquet#000083	score	CC-BY-4.0	CORD-v2 official test split; pages/cord rendered a 95-row sample of it
cord-v2	test-00000-of-00001-9c204eb3f4e11791.parquet#000084	score	CC-BY-4.0	CORD-v2 official test split; pages/cord rendered a 95-row sample of it
cord-v2	test-00000-of-00001-9c204eb3f4e11791.parquet#000085	score	CC-BY-4.0	CORD-v2 official test split; pages/cord rendered a 95-row sample of it
cord-v2	test-00000-of-00001-9c204eb3f4e11791.parquet#000086	score	CC-BY-4.0	CORD-v2 official test split; pages/cord rendered a 95-row sample of it
cord-v2	test-00000-of-00001-9c204eb3f4e11791.parquet#000087	score	CC-BY-4.0	CORD-v2 official test split; pages/cord rendered a 95-row sample of it
cord-v2	test-00000-of-00001-9c204eb3f4e11791.parquet#000088	score	CC-BY-4.0	CORD-v2 official test split; pages/cord rendered a 95-row sample of it
cord-v2	test-00000-of-00001-9c204eb3f4e11791.parquet#000089	score	CC-BY-4.0	CORD-v2 official test split; pages/cord rendered a 95-row sample of it
cord-v2	test-00000-of-00001-9c204eb3f4e11791.parquet#000090	score	CC-BY-4.0	CORD-v2 official test split; pages/cord rendered a 95-row sample of it
cord-v2	test-00000-of-00001-9c204eb3f4e11791.parquet#000091	score	CC-BY-4.0	CORD-v2 official test split; pages/cord rendered a 95-row sample of it
cord-v2	test-00000-of-00001-9c204eb3f4e11791.parquet#000092	score	CC-BY-4.0	CORD-v2 official test split; pages/cord rendered a 95-row sample of it
cord-v2	test-00000-of-00001-9c204eb3f4e11791.parquet#000093	score	CC-BY-4.0	CORD-v2 official test split; pages/cord rendered a 95-row sample of it
cord-v2	test-00000-of-00001-9c204eb3f4e11791.parquet#000094	score	CC-BY-4.0	CORD-v2 official test split; pages/cord rendered a 95-row sample of it
cord-v2	test-00000-of-00001-9c204eb3f4e11791.parquet#000095	score	CC-BY-4.0	CORD-v2 official test split; pages/cord rendered a 95-row sample of it
cord-v2	test-00000-of-00001-9c204eb3f4e11791.parquet#000096	score	CC-BY-4.0	CORD-v2 official test split; pages/cord rendered a 95-row sample of it
cord-v2	test-00000-of-00001-9c204eb3f4e11791.parquet#000097	score	CC-BY-4.0	CORD-v2 official test split; pages/cord rendered a 95-row sample of it
cord-v2	test-00000-of-00001-9c204eb3f4e11791.parquet#000098	score	CC-BY-4.0	CORD-v2 official test split; pages/cord rendered a 95-row sample of it
cord-v2	test-00000-of-00001-9c204eb3f4e11791.parquet#000099	score	CC-BY-4.0	CORD-v2 official test split; pages/cord rendered a 95-row sample of it
sroie	train-00000-of-00001.parquet#000000	train	CC-BY-4.0	SROIE official train split (no official validation split exists)
sroie	train-00000-of-00001.parquet#000001	train	CC-BY-4.0	SROIE official train split (no official validation split exists)
sroie	train-00000-of-00001.parquet#000002	train	CC-BY-4.0	SROIE official train split (no official validation split exists)
sroie	train-00000-of-00001.parquet#000003	train	CC-BY-4.0	SROIE official train split (no official validation split exists)
sroie	train-00000-of-00001.parquet#000004	train	CC-BY-4.0	SROIE official train split (no official validation split exists)
sroie	train-00000-of-00001.parquet#000005	train	CC-BY-4.0	SROIE official train split (no official validation split exists)
sroie	train-00000-of-00001.parquet#000006	train	CC-BY-4.0	SROIE official train split (no official validation split exists)
sroie	train-00000-of-00001.parquet#000007	train	CC-BY-4.0	SROIE official train split (no official validation split exists)
sroie	train-00000-of-00001.parquet#000008	train	CC-BY-4.0	SROIE official train split (no official validation split exists)
sroie	train-00000-of-00001.parquet#000009	train	CC-BY-4.0	SROIE official train split (no official validation split exists)
sroie	train-00000-of-00001.parquet#000010	train	CC-BY-4.0	SROIE official train split (no official validation split exists)
sroie	train-00000-of-00001.parquet#000011	train	CC-BY-4.0	SROIE official train split (no official validation split exists)
sroie	train-00000-of-00001.parquet#000012	train	CC-BY-4.0	SROIE official train split (no official validation split exists)
sroie	train-00000-of-00001.parquet#000013	train	CC-BY-4.0	SROIE official train split (no official validation split exists)
sroie	train-00000-of-00001.parquet#000014	train	CC-BY-4.0	SROIE official train split (no official validation split exists)
sroie	train-00000-of-00001.parquet#000015	train	CC-BY-4.0	SROIE official train split (no official validation split exists)
sroie	train-00000-of-00001.parquet#000016	train	CC-BY-4.0	SROIE official train split (no official validation split exists)
sroie	train-00000-of-00001.parquet#000017	train	CC-BY-4.0	SROIE official train split (no official validation split exists)
sroie	train-00000-of-00001.parquet#000018	train	CC-BY-4.0	SROIE official train split (no official validation split exists)
sroie	train-00000-of-00001.parquet#000019	train	CC-BY-4.0	SROIE official train split (no official validation split exists)
sroie	train-00000-of-00001.parquet#000020	train	CC-BY-4.0	SROIE official train split (no official validation split exists)
sroie	train-00000-of-00001.parquet#000021	train	CC-BY-4.0	SROIE official train split (no official validation split exists)
sroie	train-00000-of-00001.parquet#000022	train	CC-BY-4.0	SROIE official train split (no official validation split exists)
sroie	train-00000-of-00001.parquet#000023	train	CC-BY-4.0	SROIE official train split (no official validation split exists)
sroie	train-00000-of-00001.parquet#000024	train	CC-BY-4.0	SROIE official train split (no official validation split exists)
sroie	train-00000-of-00001.parquet#000025	train	CC-BY-4.0	SROIE official train split (no official validation split exists)
sroie	train-00000-of-00001.parquet#000026	train	CC-BY-4.0	SROIE official train split (no official validation split exists)
sroie	train-00000-of-00001.parquet#000027	train	CC-BY-4.0	SROIE official train split (no official validation split exists)
sroie	train-00000-of-00001.parquet#000028	train	CC-BY-4.0	SROIE official train split (no official validation split exists)
sroie	train-00000-of-00001.parquet#000029	train	CC-BY-4.0	SROIE official train split (no official validation split exists)
sroie	train-00000-of-00001.parquet#000030	train	CC-BY-4.0	SROIE official train split (no official validation split exists)
sroie	train-00000-of-00001.parquet#000031	train	CC-BY-4.0	SROIE official train split (no official validation split exists)
sroie	train-00000-of-00001.parquet#000032	train	CC-BY-4.0	SROIE official train split (no official validation split exists)
sroie	train-00000-of-00001.parquet#000033	train	CC-BY-4.0	SROIE official train split (no official validation split exists)
sroie	train-00000-of-00001.parquet#000034	train	CC-BY-4.0	SROIE official train split (no official validation split exists)
sroie	train-00000-of-00001.parquet#000035	train	CC-BY-4.0	SROIE official train split (no official validation split exists)
sroie	train-00000-of-00001.parquet#000036	train	CC-BY-4.0	SROIE official train split (no official validation split exists)
sroie	train-00000-of-00001.parquet#000037	train	CC-BY-4.0	SROIE official train split (no official validation split exists)
sroie	train-00000-of-00001.parquet#000038	train	CC-BY-4.0	SROIE official train split (no official validation split exists)
sroie	train-00000-of-00001.parquet#000039	train	CC-BY-4.0	SROIE official train split (no official validation split exists)
sroie	train-00000-of-00001.parquet#000040	train	CC-BY-4.0	SROIE official train split (no official validation split exists)
sroie	train-00000-of-00001.parquet#000041	train	CC-BY-4.0	SROIE official train split (no official validation split exists)
sroie	train-00000-of-00001.parquet#000042	train	CC-BY-4.0	SROIE official train split (no official validation split exists)
sroie	train-00000-of-00001.parquet#000043	train	CC-BY-4.0	SROIE official train split (no official validation split exists)
sroie	train-00000-of-00001.parquet#000044	train	CC-BY-4.0	SROIE official train split (no official validation split exists)
sroie	train-00000-of-00001.parquet#000045	train	CC-BY-4.0	SROIE official train split (no official validation split exists)
sroie	train-00000-of-00001.parquet#000046	train	CC-BY-4.0	SROIE official train split (no official validation split exists)
sroie	train-00000-of-00001.parquet#000047	train	CC-BY-4.0	SROIE official train split (no official validation split exists)
sroie	train-00000-of-00001.parquet#000048	train	CC-BY-4.0	SROIE official train split (no official validation split exists)
sroie	train-00000-of-00001.parquet#000049	train	CC-BY-4.0	SROIE official train split (no official validation split exists)
sroie	train-00000-of-00001.parquet#000050	train	CC-BY-4.0	SROIE official train split (no official validation split exists)
sroie	train-00000-of-00001.parquet#000051	train	CC-BY-4.0	SROIE official train split (no official validation split exists)
sroie	train-00000-of-00001.parquet#000052	train	CC-BY-4.0	SROIE official train split (no official validation split exists)
sroie	train-00000-of-00001.parquet#000053	train	CC-BY-4.0	SROIE official train split (no official validation split exists)
sroie	train-00000-of-00001.parquet#000054	train	CC-BY-4.0	SROIE official train split (no official validation split exists)
sroie	train-00000-of-00001.parquet#000055	train	CC-BY-4.0	SROIE official train split (no official validation split exists)
sroie	train-00000-of-00001.parquet#000056	train	CC-BY-4.0	SROIE official train split (no official validation split exists)
sroie	train-00000-of-00001.parquet#000057	train	CC-BY-4.0	SROIE official train split (no official validation split exists)
sroie	train-00000-of-00001.parquet#000058	train	CC-BY-4.0	SROIE official train split (no official validation split exists)
sroie	train-00000-of-00001.parquet#000059	train	CC-BY-4.0	SROIE official train split (no official validation split exists)
sroie	train-00000-of-00001.parquet#000060	train	CC-BY-4.0	SROIE official train split (no official validation split exists)
sroie	train-00000-of-00001.parquet#000061	train	CC-BY-4.0	SROIE official train split (no official validation split exists)
sroie	train-00000-of-00001.parquet#000062	train	CC-BY-4.0	SROIE official train split (no official validation split exists)
sroie	train-00000-of-00001.parquet#000063	train	CC-BY-4.0	SROIE official train split (no official validation split exists)
sroie	train-00000-of-00001.parquet#000064	train	CC-BY-4.0	SROIE official train split (no official validation split exists)
sroie	train-00000-of-00001.parquet#000065	train	CC-BY-4.0	SROIE official train split (no official validation split exists)
sroie	train-00000-of-00001.parquet#000066	train	CC-BY-4.0	SROIE official train split (no official validation split exists)
sroie	train-00000-of-00001.parquet#000067	train	CC-BY-4.0	SROIE official train split (no official validation split exists)
sroie	train-00000-of-00001.parquet#000068	train	CC-BY-4.0	SROIE official train split (no official validation split exists)
sroie	train-00000-of-00001.parquet#000069	train	CC-BY-4.0	SROIE official train split (no official validation split exists)
sroie	train-00000-of-00001.parquet#000070	train	CC-BY-4.0	SROIE official train split (no official validation split exists)
sroie	train-00000-of-00001.parquet#000071	train	CC-BY-4.0	SROIE official train split (no official validation split exists)
sroie	train-00000-of-00001.parquet#000072	train	CC-BY-4.0	SROIE official train split (no official validation split exists)
sroie	train-00000-of-00001.parquet#000073	train	CC-BY-4.0	SROIE official train split (no official validation split exists)
sroie	train-00000-of-00001.parquet#000074	train	CC-BY-4.0	SROIE official train split (no official validation split exists)
sroie	train-00000-of-00001.parquet#000075	train	CC-BY-4.0	SROIE official train split (no official validation split exists)
sroie	train-00000-of-00001.parquet#000076	train	CC-BY-4.0	SROIE official train split (no official validation split exists)
sroie	train-00000-of-00001.parquet#000077	train	CC-BY-4.0	SROIE official train split (no official validation split exists)
sroie	train-00000-of-00001.parquet#000078	train	CC-BY-4.0	SROIE official train split (no official validation split exists)
sroie	train-00000-of-00001.parquet#000079	train	CC-BY-4.0	SROIE official train split (no official validation split exists)
sroie	train-00000-of-00001.parquet#000080	train	CC-BY-4.0	SROIE official train split (no official validation split exists)
sroie	train-00000-of-00001.parquet#000081	train	CC-BY-4.0	SROIE official train split (no official validation split exists)
sroie	train-00000-of-00001.parquet#000082	train	CC-BY-4.0	SROIE official train split (no official validation split exists)
sroie	train-00000-of-00001.parquet#000083	train	CC-BY-4.0	SROIE official train split (no official validation split exists)
sroie	train-00000-of-00001.parquet#000084	train	CC-BY-4.0	SROIE official train split (no official validation split exists)
sroie	train-00000-of-00001.parquet#000085	train	CC-BY-4.0	SROIE official train split (no official validation split exists)
sroie	train-00000-of-00001.parquet#000086	train	CC-BY-4.0	SROIE official train split (no official validation split exists)
sroie	train-00000-of-00001.parquet#000087	train	CC-BY-4.0	SROIE official train split (no official validation split exists)
sroie	train-00000-of-00001.parquet#000088	train	CC-BY-4.0	SROIE official train split (no official validation split exists)
sroie	train-00000-of-00001.parquet#000089	train	CC-BY-4.0	SROIE official train split (no official validation split exists)
sroie	train-00000-of-00001.parquet#000090	train	CC-BY-4.0	SROIE official train split (no official validation split exists)
sroie	train-00000-of-00001.parquet#000091	train	CC-BY-4.0	SROIE official train split (no official validation split exists)
sroie	train-00000-of-00001.parquet#000092	train	CC-BY-4.0	SROIE official train split (no official validation split exists)
sroie	train-00000-of-00001.parquet#000093	train	CC-BY-4.0	SROIE official train split (no official validation split exists)
sroie	train-00000-of-00001.parquet#000094	train	CC-BY-4.0	SROIE official train split (no official validation split exists)
sroie	train-00000-of-00001.parquet#000095	train	CC-BY-4.0	SROIE official train split (no official validation split exists)
sroie	train-00000-of-00001.parquet#000096	train	CC-BY-4.0	SROIE official train split (no official validation split exists)
sroie	train-00000-of-00001.parquet#000097	train	CC-BY-4.0	SROIE official train split (no official validation split exists)
sroie	train-00000-of-00001.parquet#000098	train	CC-BY-4.0	SROIE official train split (no official validation split exists)
sroie	train-00000-of-00001.parquet#000099	train	CC-BY-4.0	SROIE official train split (no official validation split exists)
sroie	train-00000-of-00001.parquet#000100	train	CC-BY-4.0	SROIE official train split (no official validation split exists)
sroie	train-00000-of-00001.parquet#000101	train	CC-BY-4.0	SROIE official train split (no official validation split exists)
sroie	train-00000-of-00001.parquet#000102	train	CC-BY-4.0	SROIE official train split (no official validation split exists)
sroie	train-00000-of-00001.parquet#000103	train	CC-BY-4.0	SROIE official train split (no official validation split exists)
sroie	train-00000-of-00001.parquet#000104	train	CC-BY-4.0	SROIE official train split (no official validation split exists)
sroie	train-00000-of-00001.parquet#000105	train	CC-BY-4.0	SROIE official train split (no official validation split exists)
sroie	train-00000-of-00001.parquet#000106	train	CC-BY-4.0	SROIE official train split (no official validation split exists)
sroie	train-00000-of-00001.parquet#000107	train	CC-BY-4.0	SROIE official train split (no official validation split exists)
sroie	train-00000-of-00001.parquet#000108	train	CC-BY-4.0	SROIE official train split (no official validation split exists)
sroie	train-00000-of-00001.parquet#000109	train	CC-BY-4.0	SROIE official train split (no official validation split exists)
sroie	train-00000-of-00001.parquet#000110	train	CC-BY-4.0	SROIE official train split (no official validation split exists)
sroie	train-00000-of-00001.parquet#000111	train	CC-BY-4.0	SROIE official train split (no official validation split exists)
sroie	train-00000-of-00001.parquet#000112	train	CC-BY-4.0	SROIE official train split (no official validation split exists)
sroie	train-00000-of-00001.parquet#000113	train	CC-BY-4.0	SROIE official train split (no official validation split exists)
sroie	train-00000-of-00001.parquet#000114	train	CC-BY-4.0	SROIE official train split (no official validation split exists)
sroie	train-00000-of-00001.parquet#000115	train	CC-BY-4.0	SROIE official train split (no official validation split exists)
sroie	train-00000-of-00001.parquet#000116	train	CC-BY-4.0	SROIE official train split (no official validation split exists)
sroie	train-00000-of-00001.parquet#000117	train	CC-BY-4.0	SROIE official train split (no official validation split exists)
sroie	train-00000-of-00001.parquet#000118	train	CC-BY-4.0	SROIE official train split (no official validation split exists)
sroie	train-00000-of-00001.parquet#000119	train	CC-BY-4.0	SROIE official train split (no official validation split exists)
sroie	train-00000-of-00001.parquet#000120	train	CC-BY-4.0	SROIE official train split (no official validation split exists)
sroie	train-00000-of-00001.parquet#000121	train	CC-BY-4.0	SROIE official train split (no official validation split exists)
sroie	train-00000-of-00001.parquet#000122	train	CC-BY-4.0	SROIE official train split (no official validation split exists)
sroie	train-00000-of-00001.parquet#000123	train	CC-BY-4.0	SROIE official train split (no official validation split exists)
sroie	train-00000-of-00001.parquet#000124	train	CC-BY-4.0	SROIE official train split (no official validation split exists)
sroie	train-00000-of-00001.parquet#000125	train	CC-BY-4.0	SROIE official train split (no official validation split exists)
sroie	train-00000-of-00001.parquet#000126	train	CC-BY-4.0	SROIE official train split (no official validation split exists)
sroie	train-00000-of-00001.parquet#000127	train	CC-BY-4.0	SROIE official train split (no official validation split exists)
sroie	train-00000-of-00001.parquet#000128	train	CC-BY-4.0	SROIE official train split (no official validation split exists)
sroie	train-00000-of-00001.parquet#000129	train	CC-BY-4.0	SROIE official train split (no official validation split exists)
sroie	train-00000-of-00001.parquet#000130	train	CC-BY-4.0	SROIE official train split (no official validation split exists)
sroie	train-00000-of-00001.parquet#000131	train	CC-BY-4.0	SROIE official train split (no official validation split exists)
sroie	train-00000-of-00001.parquet#000132	train	CC-BY-4.0	SROIE official train split (no official validation split exists)
sroie	train-00000-of-00001.parquet#000133	train	CC-BY-4.0	SROIE official train split (no official validation split exists)
sroie	train-00000-of-00001.parquet#000134	train	CC-BY-4.0	SROIE official train split (no official validation split exists)
sroie	train-00000-of-00001.parquet#000135	train	CC-BY-4.0	SROIE official train split (no official validation split exists)
sroie	train-00000-of-00001.parquet#000136	train	CC-BY-4.0	SROIE official train split (no official validation split exists)
sroie	train-00000-of-00001.parquet#000137	train	CC-BY-4.0	SROIE official train split (no official validation split exists)
sroie	train-00000-of-00001.parquet#000138	train	CC-BY-4.0	SROIE official train split (no official validation split exists)
sroie	train-00000-of-00001.parquet#000139	train	CC-BY-4.0	SROIE official train split (no official validation split exists)
sroie	train-00000-of-00001.parquet#000140	train	CC-BY-4.0	SROIE official train split (no official validation split exists)
sroie	train-00000-of-00001.parquet#000141	train	CC-BY-4.0	SROIE official train split (no official validation split exists)
sroie	train-00000-of-00001.parquet#000142	train	CC-BY-4.0	SROIE official train split (no official validation split exists)
sroie	train-00000-of-00001.parquet#000143	train	CC-BY-4.0	SROIE official train split (no official validation split exists)
sroie	train-00000-of-00001.parquet#000144	train	CC-BY-4.0	SROIE official train split (no official validation split exists)
sroie	train-00000-of-00001.parquet#000145	train	CC-BY-4.0	SROIE official train split (no official validation split exists)
sroie	train-00000-of-00001.parquet#000146	train	CC-BY-4.0	SROIE official train split (no official validation split exists)
sroie	train-00000-of-00001.parquet#000147	train	CC-BY-4.0	SROIE official train split (no official validation split exists)
sroie	train-00000-of-00001.parquet#000148	train	CC-BY-4.0	SROIE official train split (no official validation split exists)
sroie	train-00000-of-00001.parquet#000149	train	CC-BY-4.0	SROIE official train split (no official validation split exists)
sroie	train-00000-of-00001.parquet#000150	train	CC-BY-4.0	SROIE official train split (no official validation split exists)
sroie	train-00000-of-00001.parquet#000151	train	CC-BY-4.0	SROIE official train split (no official validation split exists)
sroie	train-00000-of-00001.parquet#000152	train	CC-BY-4.0	SROIE official train split (no official validation split exists)
sroie	train-00000-of-00001.parquet#000153	train	CC-BY-4.0	SROIE official train split (no official validation split exists)
sroie	train-00000-of-00001.parquet#000154	train	CC-BY-4.0	SROIE official train split (no official validation split exists)
sroie	train-00000-of-00001.parquet#000155	train	CC-BY-4.0	SROIE official train split (no official validation split exists)
sroie	train-00000-of-00001.parquet#000156	train	CC-BY-4.0	SROIE official train split (no official validation split exists)
sroie	train-00000-of-00001.parquet#000157	train	CC-BY-4.0	SROIE official train split (no official validation split exists)
sroie	train-00000-of-00001.parquet#000158	train	CC-BY-4.0	SROIE official train split (no official validation split exists)
sroie	train-00000-of-00001.parquet#000159	train	CC-BY-4.0	SROIE official train split (no official validation split exists)
sroie	train-00000-of-00001.parquet#000160	train	CC-BY-4.0	SROIE official train split (no official validation split exists)
sroie	train-00000-of-00001.parquet#000161	train	CC-BY-4.0	SROIE official train split (no official validation split exists)
sroie	train-00000-of-00001.parquet#000162	train	CC-BY-4.0	SROIE official train split (no official validation split exists)
sroie	train-00000-of-00001.parquet#000163	train	CC-BY-4.0	SROIE official train split (no official validation split exists)
sroie	train-00000-of-00001.parquet#000164	train	CC-BY-4.0	SROIE official train split (no official validation split exists)
sroie	train-00000-of-00001.parquet#000165	train	CC-BY-4.0	SROIE official train split (no official validation split exists)
sroie	train-00000-of-00001.parquet#000166	train	CC-BY-4.0	SROIE official train split (no official validation split exists)
sroie	train-00000-of-00001.parquet#000167	train	CC-BY-4.0	SROIE official train split (no official validation split exists)
sroie	train-00000-of-00001.parquet#000168	train	CC-BY-4.0	SROIE official train split (no official validation split exists)
sroie	train-00000-of-00001.parquet#000169	train	CC-BY-4.0	SROIE official train split (no official validation split exists)
sroie	train-00000-of-00001.parquet#000170	train	CC-BY-4.0	SROIE official train split (no official validation split exists)
sroie	train-00000-of-00001.parquet#000171	train	CC-BY-4.0	SROIE official train split (no official validation split exists)
sroie	train-00000-of-00001.parquet#000172	train	CC-BY-4.0	SROIE official train split (no official validation split exists)
sroie	train-00000-of-00001.parquet#000173	train	CC-BY-4.0	SROIE official train split (no official validation split exists)
sroie	train-00000-of-00001.parquet#000174	train	CC-BY-4.0	SROIE official train split (no official validation split exists)
sroie	train-00000-of-00001.parquet#000175	train	CC-BY-4.0	SROIE official train split (no official validation split exists)
sroie	train-00000-of-00001.parquet#000176	train	CC-BY-4.0	SROIE official train split (no official validation split exists)
sroie	train-00000-of-00001.parquet#000177	train	CC-BY-4.0	SROIE official train split (no official validation split exists)
sroie	train-00000-of-00001.parquet#000178	train	CC-BY-4.0	SROIE official train split (no official validation split exists)
sroie	train-00000-of-00001.parquet#000179	train	CC-BY-4.0	SROIE official train split (no official validation split exists)
sroie	train-00000-of-00001.parquet#000180	train	CC-BY-4.0	SROIE official train split (no official validation split exists)
sroie	train-00000-of-00001.parquet#000181	train	CC-BY-4.0	SROIE official train split (no official validation split exists)
sroie	train-00000-of-00001.parquet#000182	train	CC-BY-4.0	SROIE official train split (no official validation split exists)
sroie	train-00000-of-00001.parquet#000183	train	CC-BY-4.0	SROIE official train split (no official validation split exists)
sroie	train-00000-of-00001.parquet#000184	train	CC-BY-4.0	SROIE official train split (no official validation split exists)
sroie	train-00000-of-00001.parquet#000185	train	CC-BY-4.0	SROIE official train split (no official validation split exists)
sroie	train-00000-of-00001.parquet#000186	train	CC-BY-4.0	SROIE official train split (no official validation split exists)
sroie	train-00000-of-00001.parquet#000187	train	CC-BY-4.0	SROIE official train split (no official validation split exists)
sroie	train-00000-of-00001.parquet#000188	train	CC-BY-4.0	SROIE official train split (no official validation split exists)
sroie	train-00000-of-00001.parquet#000189	train	CC-BY-4.0	SROIE official train split (no official validation split exists)
sroie	train-00000-of-00001.parquet#000190	train	CC-BY-4.0	SROIE official train split (no official validation split exists)
sroie	train-00000-of-00001.parquet#000191	train	CC-BY-4.0	SROIE official train split (no official validation split exists)
sroie	train-00000-of-00001.parquet#000192	train	CC-BY-4.0	SROIE official train split (no official validation split exists)
sroie	train-00000-of-00001.parquet#000193	train	CC-BY-4.0	SROIE official train split (no official validation split exists)
sroie	train-00000-of-00001.parquet#000194	train	CC-BY-4.0	SROIE official train split (no official validation split exists)
sroie	train-00000-of-00001.parquet#000195	train	CC-BY-4.0	SROIE official train split (no official validation split exists)
sroie	train-00000-of-00001.parquet#000196	train	CC-BY-4.0	SROIE official train split (no official validation split exists)
sroie	train-00000-of-00001.parquet#000197	train	CC-BY-4.0	SROIE official train split (no official validation split exists)
sroie	train-00000-of-00001.parquet#000198	train	CC-BY-4.0	SROIE official train split (no official validation split exists)
sroie	train-00000-of-00001.parquet#000199	train	CC-BY-4.0	SROIE official train split (no official validation split exists)
sroie	train-00000-of-00001.parquet#000200	train	CC-BY-4.0	SROIE official train split (no official validation split exists)
sroie	train-00000-of-00001.parquet#000201	train	CC-BY-4.0	SROIE official train split (no official validation split exists)
sroie	train-00000-of-00001.parquet#000202	train	CC-BY-4.0	SROIE official train split (no official validation split exists)
sroie	train-00000-of-00001.parquet#000203	train	CC-BY-4.0	SROIE official train split (no official validation split exists)
sroie	train-00000-of-00001.parquet#000204	train	CC-BY-4.0	SROIE official train split (no official validation split exists)
sroie	train-00000-of-00001.parquet#000205	train	CC-BY-4.0	SROIE official train split (no official validation split exists)
sroie	train-00000-of-00001.parquet#000206	train	CC-BY-4.0	SROIE official train split (no official validation split exists)
sroie	train-00000-of-00001.parquet#000207	train	CC-BY-4.0	SROIE official train split (no official validation split exists)
sroie	train-00000-of-00001.parquet#000208	train	CC-BY-4.0	SROIE official train split (no official validation split exists)
sroie	train-00000-of-00001.parquet#000209	train	CC-BY-4.0	SROIE official train split (no official validation split exists)
sroie	train-00000-of-00001.parquet#000210	train	CC-BY-4.0	SROIE official train split (no official validation split exists)
sroie	train-00000-of-00001.parquet#000211	train	CC-BY-4.0	SROIE official train split (no official validation split exists)
sroie	train-00000-of-00001.parquet#000212	train	CC-BY-4.0	SROIE official train split (no official validation split exists)
sroie	train-00000-of-00001.parquet#000213	train	CC-BY-4.0	SROIE official train split (no official validation split exists)
sroie	train-00000-of-00001.parquet#000214	train	CC-BY-4.0	SROIE official train split (no official validation split exists)
sroie	train-00000-of-00001.parquet#000215	train	CC-BY-4.0	SROIE official train split (no official validation split exists)
sroie	train-00000-of-00001.parquet#000216	train	CC-BY-4.0	SROIE official train split (no official validation split exists)
sroie	train-00000-of-00001.parquet#000217	train	CC-BY-4.0	SROIE official train split (no official validation split exists)
sroie	train-00000-of-00001.parquet#000218	train	CC-BY-4.0	SROIE official train split (no official validation split exists)
sroie	train-00000-of-00001.parquet#000219	train	CC-BY-4.0	SROIE official train split (no official validation split exists)
sroie	train-00000-of-00001.parquet#000220	train	CC-BY-4.0	SROIE official train split (no official validation split exists)
sroie	train-00000-of-00001.parquet#000221	train	CC-BY-4.0	SROIE official train split (no official validation split exists)
sroie	train-00000-of-00001.parquet#000222	train	CC-BY-4.0	SROIE official train split (no official validation split exists)
sroie	train-00000-of-00001.parquet#000223	train	CC-BY-4.0	SROIE official train split (no official validation split exists)
sroie	train-00000-of-00001.parquet#000224	train	CC-BY-4.0	SROIE official train split (no official validation split exists)
sroie	train-00000-of-00001.parquet#000225	train	CC-BY-4.0	SROIE official train split (no official validation split exists)
sroie	train-00000-of-00001.parquet#000226	train	CC-BY-4.0	SROIE official train split (no official validation split exists)
sroie	train-00000-of-00001.parquet#000227	train	CC-BY-4.0	SROIE official train split (no official validation split exists)
sroie	train-00000-of-00001.parquet#000228	train	CC-BY-4.0	SROIE official train split (no official validation split exists)
sroie	train-00000-of-00001.parquet#000229	train	CC-BY-4.0	SROIE official train split (no official validation split exists)
sroie	train-00000-of-00001.parquet#000230	train	CC-BY-4.0	SROIE official train split (no official validation split exists)
sroie	train-00000-of-00001.parquet#000231	train	CC-BY-4.0	SROIE official train split (no official validation split exists)
sroie	train-00000-of-00001.parquet#000232	train	CC-BY-4.0	SROIE official train split (no official validation split exists)
sroie	train-00000-of-00001.parquet#000233	train	CC-BY-4.0	SROIE official train split (no official validation split exists)
sroie	train-00000-of-00001.parquet#000234	train	CC-BY-4.0	SROIE official train split (no official validation split exists)
sroie	train-00000-of-00001.parquet#000235	train	CC-BY-4.0	SROIE official train split (no official validation split exists)
sroie	train-00000-of-00001.parquet#000236	train	CC-BY-4.0	SROIE official train split (no official validation split exists)
sroie	train-00000-of-00001.parquet#000237	train	CC-BY-4.0	SROIE official train split (no official validation split exists)
sroie	train-00000-of-00001.parquet#000238	train	CC-BY-4.0	SROIE official train split (no official validation split exists)
sroie	train-00000-of-00001.parquet#000239	train	CC-BY-4.0	SROIE official train split (no official validation split exists)
sroie	train-00000-of-00001.parquet#000240	train	CC-BY-4.0	SROIE official train split (no official validation split exists)
sroie	train-00000-of-00001.parquet#000241	train	CC-BY-4.0	SROIE official train split (no official validation split exists)
sroie	train-00000-of-00001.parquet#000242	train	CC-BY-4.0	SROIE official train split (no official validation split exists)
sroie	train-00000-of-00001.parquet#000243	train	CC-BY-4.0	SROIE official train split (no official validation split exists)
sroie	train-00000-of-00001.parquet#000244	train	CC-BY-4.0	SROIE official train split (no official validation split exists)
sroie	train-00000-of-00001.parquet#000245	train	CC-BY-4.0	SROIE official train split (no official validation split exists)
sroie	train-00000-of-00001.parquet#000246	train	CC-BY-4.0	SROIE official train split (no official validation split exists)
sroie	train-00000-of-00001.parquet#000247	train	CC-BY-4.0	SROIE official train split (no official validation split exists)
sroie	train-00000-of-00001.parquet#000248	train	CC-BY-4.0	SROIE official train split (no official validation split exists)
sroie	train-00000-of-00001.parquet#000249	train	CC-BY-4.0	SROIE official train split (no official validation split exists)
sroie	train-00000-of-00001.parquet#000250	train	CC-BY-4.0	SROIE official train split (no official validation split exists)
sroie	train-00000-of-00001.parquet#000251	train	CC-BY-4.0	SROIE official train split (no official validation split exists)
sroie	train-00000-of-00001.parquet#000252	train	CC-BY-4.0	SROIE official train split (no official validation split exists)
sroie	train-00000-of-00001.parquet#000253	train	CC-BY-4.0	SROIE official train split (no official validation split exists)
sroie	train-00000-of-00001.parquet#000254	train	CC-BY-4.0	SROIE official train split (no official validation split exists)
sroie	train-00000-of-00001.parquet#000255	train	CC-BY-4.0	SROIE official train split (no official validation split exists)
sroie	train-00000-of-00001.parquet#000256	train	CC-BY-4.0	SROIE official train split (no official validation split exists)
sroie	train-00000-of-00001.parquet#000257	train	CC-BY-4.0	SROIE official train split (no official validation split exists)
sroie	train-00000-of-00001.parquet#000258	train	CC-BY-4.0	SROIE official train split (no official validation split exists)
sroie	train-00000-of-00001.parquet#000259	train	CC-BY-4.0	SROIE official train split (no official validation split exists)
sroie	train-00000-of-00001.parquet#000260	train	CC-BY-4.0	SROIE official train split (no official validation split exists)
sroie	train-00000-of-00001.parquet#000261	train	CC-BY-4.0	SROIE official train split (no official validation split exists)
sroie	train-00000-of-00001.parquet#000262	train	CC-BY-4.0	SROIE official train split (no official validation split exists)
sroie	train-00000-of-00001.parquet#000263	train	CC-BY-4.0	SROIE official train split (no official validation split exists)
sroie	train-00000-of-00001.parquet#000264	train	CC-BY-4.0	SROIE official train split (no official validation split exists)
sroie	train-00000-of-00001.parquet#000265	train	CC-BY-4.0	SROIE official train split (no official validation split exists)
sroie	train-00000-of-00001.parquet#000266	train	CC-BY-4.0	SROIE official train split (no official validation split exists)
sroie	train-00000-of-00001.parquet#000267	train	CC-BY-4.0	SROIE official train split (no official validation split exists)
sroie	train-00000-of-00001.parquet#000268	train	CC-BY-4.0	SROIE official train split (no official validation split exists)
sroie	train-00000-of-00001.parquet#000269	train	CC-BY-4.0	SROIE official train split (no official validation split exists)
sroie	train-00000-of-00001.parquet#000270	train	CC-BY-4.0	SROIE official train split (no official validation split exists)
sroie	train-00000-of-00001.parquet#000271	train	CC-BY-4.0	SROIE official train split (no official validation split exists)
sroie	train-00000-of-00001.parquet#000272	train	CC-BY-4.0	SROIE official train split (no official validation split exists)
sroie	train-00000-of-00001.parquet#000273	train	CC-BY-4.0	SROIE official train split (no official validation split exists)
sroie	train-00000-of-00001.parquet#000274	train	CC-BY-4.0	SROIE official train split (no official validation split exists)
sroie	train-00000-of-00001.parquet#000275	train	CC-BY-4.0	SROIE official train split (no official validation split exists)
sroie	train-00000-of-00001.parquet#000276	train	CC-BY-4.0	SROIE official train split (no official validation split exists)
sroie	train-00000-of-00001.parquet#000277	train	CC-BY-4.0	SROIE official train split (no official validation split exists)
sroie	train-00000-of-00001.parquet#000278	train	CC-BY-4.0	SROIE official train split (no official validation split exists)
sroie	train-00000-of-00001.parquet#000279	train	CC-BY-4.0	SROIE official train split (no official validation split exists)
sroie	train-00000-of-00001.parquet#000280	train	CC-BY-4.0	SROIE official train split (no official validation split exists)
sroie	train-00000-of-00001.parquet#000281	train	CC-BY-4.0	SROIE official train split (no official validation split exists)
sroie	train-00000-of-00001.parquet#000282	train	CC-BY-4.0	SROIE official train split (no official validation split exists)
sroie	train-00000-of-00001.parquet#000283	train	CC-BY-4.0	SROIE official train split (no official validation split exists)
sroie	train-00000-of-00001.parquet#000284	train	CC-BY-4.0	SROIE official train split (no official validation split exists)
sroie	train-00000-of-00001.parquet#000285	train	CC-BY-4.0	SROIE official train split (no official validation split exists)
sroie	train-00000-of-00001.parquet#000286	train	CC-BY-4.0	SROIE official train split (no official validation split exists)
sroie	train-00000-of-00001.parquet#000287	train	CC-BY-4.0	SROIE official train split (no official validation split exists)
sroie	train-00000-of-00001.parquet#000288	train	CC-BY-4.0	SROIE official train split (no official validation split exists)
sroie	train-00000-of-00001.parquet#000289	train	CC-BY-4.0	SROIE official train split (no official validation split exists)
sroie	train-00000-of-00001.parquet#000290	train	CC-BY-4.0	SROIE official train split (no official validation split exists)
sroie	train-00000-of-00001.parquet#000291	train	CC-BY-4.0	SROIE official train split (no official validation split exists)
sroie	train-00000-of-00001.parquet#000292	train	CC-BY-4.0	SROIE official train split (no official validation split exists)
sroie	train-00000-of-00001.parquet#000293	train	CC-BY-4.0	SROIE official train split (no official validation split exists)
sroie	train-00000-of-00001.parquet#000294	train	CC-BY-4.0	SROIE official train split (no official validation split exists)
sroie	train-00000-of-00001.parquet#000295	train	CC-BY-4.0	SROIE official train split (no official validation split exists)
sroie	train-00000-of-00001.parquet#000296	train	CC-BY-4.0	SROIE official train split (no official validation split exists)
sroie	train-00000-of-00001.parquet#000297	train	CC-BY-4.0	SROIE official train split (no official validation split exists)
sroie	train-00000-of-00001.parquet#000298	train	CC-BY-4.0	SROIE official train split (no official validation split exists)
sroie	train-00000-of-00001.parquet#000299	train	CC-BY-4.0	SROIE official train split (no official validation split exists)
sroie	train-00000-of-00001.parquet#000300	train	CC-BY-4.0	SROIE official train split (no official validation split exists)
sroie	train-00000-of-00001.parquet#000301	train	CC-BY-4.0	SROIE official train split (no official validation split exists)
sroie	train-00000-of-00001.parquet#000302	train	CC-BY-4.0	SROIE official train split (no official validation split exists)
sroie	train-00000-of-00001.parquet#000303	train	CC-BY-4.0	SROIE official train split (no official validation split exists)
sroie	train-00000-of-00001.parquet#000304	train	CC-BY-4.0	SROIE official train split (no official validation split exists)
sroie	train-00000-of-00001.parquet#000305	train	CC-BY-4.0	SROIE official train split (no official validation split exists)
sroie	train-00000-of-00001.parquet#000306	train	CC-BY-4.0	SROIE official train split (no official validation split exists)
sroie	train-00000-of-00001.parquet#000307	train	CC-BY-4.0	SROIE official train split (no official validation split exists)
sroie	train-00000-of-00001.parquet#000308	train	CC-BY-4.0	SROIE official train split (no official validation split exists)
sroie	train-00000-of-00001.parquet#000309	train	CC-BY-4.0	SROIE official train split (no official validation split exists)
sroie	train-00000-of-00001.parquet#000310	train	CC-BY-4.0	SROIE official train split (no official validation split exists)
sroie	train-00000-of-00001.parquet#000311	train	CC-BY-4.0	SROIE official train split (no official validation split exists)
sroie	train-00000-of-00001.parquet#000312	train	CC-BY-4.0	SROIE official train split (no official validation split exists)
sroie	train-00000-of-00001.parquet#000313	train	CC-BY-4.0	SROIE official train split (no official validation split exists)
sroie	train-00000-of-00001.parquet#000314	train	CC-BY-4.0	SROIE official train split (no official validation split exists)
sroie	train-00000-of-00001.parquet#000315	train	CC-BY-4.0	SROIE official train split (no official validation split exists)
sroie	train-00000-of-00001.parquet#000316	train	CC-BY-4.0	SROIE official train split (no official validation split exists)
sroie	train-00000-of-00001.parquet#000317	train	CC-BY-4.0	SROIE official train split (no official validation split exists)
sroie	train-00000-of-00001.parquet#000318	train	CC-BY-4.0	SROIE official train split (no official validation split exists)
sroie	train-00000-of-00001.parquet#000319	train	CC-BY-4.0	SROIE official train split (no official validation split exists)
sroie	train-00000-of-00001.parquet#000320	train	CC-BY-4.0	SROIE official train split (no official validation split exists)
sroie	train-00000-of-00001.parquet#000321	train	CC-BY-4.0	SROIE official train split (no official validation split exists)
sroie	train-00000-of-00001.parquet#000322	train	CC-BY-4.0	SROIE official train split (no official validation split exists)
sroie	train-00000-of-00001.parquet#000323	train	CC-BY-4.0	SROIE official train split (no official validation split exists)
sroie	train-00000-of-00001.parquet#000324	train	CC-BY-4.0	SROIE official train split (no official validation split exists)
sroie	train-00000-of-00001.parquet#000325	train	CC-BY-4.0	SROIE official train split (no official validation split exists)
sroie	train-00000-of-00001.parquet#000326	train	CC-BY-4.0	SROIE official train split (no official validation split exists)
sroie	train-00000-of-00001.parquet#000327	train	CC-BY-4.0	SROIE official train split (no official validation split exists)
sroie	train-00000-of-00001.parquet#000328	train	CC-BY-4.0	SROIE official train split (no official validation split exists)
sroie	train-00000-of-00001.parquet#000329	train	CC-BY-4.0	SROIE official train split (no official validation split exists)
sroie	train-00000-of-00001.parquet#000330	train	CC-BY-4.0	SROIE official train split (no official validation split exists)
sroie	train-00000-of-00001.parquet#000331	train	CC-BY-4.0	SROIE official train split (no official validation split exists)
sroie	train-00000-of-00001.parquet#000332	train	CC-BY-4.0	SROIE official train split (no official validation split exists)
sroie	train-00000-of-00001.parquet#000333	train	CC-BY-4.0	SROIE official train split (no official validation split exists)
sroie	train-00000-of-00001.parquet#000334	train	CC-BY-4.0	SROIE official train split (no official validation split exists)
sroie	train-00000-of-00001.parquet#000335	train	CC-BY-4.0	SROIE official train split (no official validation split exists)
sroie	train-00000-of-00001.parquet#000336	train	CC-BY-4.0	SROIE official train split (no official validation split exists)
sroie	train-00000-of-00001.parquet#000337	train	CC-BY-4.0	SROIE official train split (no official validation split exists)
sroie	train-00000-of-00001.parquet#000338	train	CC-BY-4.0	SROIE official train split (no official validation split exists)
sroie	train-00000-of-00001.parquet#000339	train	CC-BY-4.0	SROIE official train split (no official validation split exists)
sroie	train-00000-of-00001.parquet#000340	train	CC-BY-4.0	SROIE official train split (no official validation split exists)
sroie	train-00000-of-00001.parquet#000341	train	CC-BY-4.0	SROIE official train split (no official validation split exists)
sroie	train-00000-of-00001.parquet#000342	train	CC-BY-4.0	SROIE official train split (no official validation split exists)
sroie	train-00000-of-00001.parquet#000343	train	CC-BY-4.0	SROIE official train split (no official validation split exists)
sroie	train-00000-of-00001.parquet#000344	train	CC-BY-4.0	SROIE official train split (no official validation split exists)
sroie	train-00000-of-00001.parquet#000345	train	CC-BY-4.0	SROIE official train split (no official validation split exists)
sroie	train-00000-of-00001.parquet#000346	train	CC-BY-4.0	SROIE official train split (no official validation split exists)
sroie	train-00000-of-00001.parquet#000347	train	CC-BY-4.0	SROIE official train split (no official validation split exists)
sroie	train-00000-of-00001.parquet#000348	train	CC-BY-4.0	SROIE official train split (no official validation split exists)
sroie	train-00000-of-00001.parquet#000349	train	CC-BY-4.0	SROIE official train split (no official validation split exists)
sroie	train-00000-of-00001.parquet#000350	train	CC-BY-4.0	SROIE official train split (no official validation split exists)
sroie	train-00000-of-00001.parquet#000351	train	CC-BY-4.0	SROIE official train split (no official validation split exists)
sroie	train-00000-of-00001.parquet#000352	train	CC-BY-4.0	SROIE official train split (no official validation split exists)
sroie	train-00000-of-00001.parquet#000353	train	CC-BY-4.0	SROIE official train split (no official validation split exists)
sroie	train-00000-of-00001.parquet#000354	train	CC-BY-4.0	SROIE official train split (no official validation split exists)
sroie	train-00000-of-00001.parquet#000355	train	CC-BY-4.0	SROIE official train split (no official validation split exists)
sroie	train-00000-of-00001.parquet#000356	train	CC-BY-4.0	SROIE official train split (no official validation split exists)
sroie	train-00000-of-00001.parquet#000357	train	CC-BY-4.0	SROIE official train split (no official validation split exists)
sroie	train-00000-of-00001.parquet#000358	train	CC-BY-4.0	SROIE official train split (no official validation split exists)
sroie	train-00000-of-00001.parquet#000359	train	CC-BY-4.0	SROIE official train split (no official validation split exists)
sroie	train-00000-of-00001.parquet#000360	train	CC-BY-4.0	SROIE official train split (no official validation split exists)
sroie	train-00000-of-00001.parquet#000361	train	CC-BY-4.0	SROIE official train split (no official validation split exists)
sroie	train-00000-of-00001.parquet#000362	train	CC-BY-4.0	SROIE official train split (no official validation split exists)
sroie	train-00000-of-00001.parquet#000363	train	CC-BY-4.0	SROIE official train split (no official validation split exists)
sroie	train-00000-of-00001.parquet#000364	train	CC-BY-4.0	SROIE official train split (no official validation split exists)
sroie	train-00000-of-00001.parquet#000365	train	CC-BY-4.0	SROIE official train split (no official validation split exists)
sroie	train-00000-of-00001.parquet#000366	train	CC-BY-4.0	SROIE official train split (no official validation split exists)
sroie	train-00000-of-00001.parquet#000367	train	CC-BY-4.0	SROIE official train split (no official validation split exists)
sroie	train-00000-of-00001.parquet#000368	train	CC-BY-4.0	SROIE official train split (no official validation split exists)
sroie	train-00000-of-00001.parquet#000369	train	CC-BY-4.0	SROIE official train split (no official validation split exists)
sroie	train-00000-of-00001.parquet#000370	train	CC-BY-4.0	SROIE official train split (no official validation split exists)
sroie	train-00000-of-00001.parquet#000371	train	CC-BY-4.0	SROIE official train split (no official validation split exists)
sroie	train-00000-of-00001.parquet#000372	train	CC-BY-4.0	SROIE official train split (no official validation split exists)
sroie	train-00000-of-00001.parquet#000373	train	CC-BY-4.0	SROIE official train split (no official validation split exists)
sroie	train-00000-of-00001.parquet#000374	train	CC-BY-4.0	SROIE official train split (no official validation split exists)
sroie	train-00000-of-00001.parquet#000375	train	CC-BY-4.0	SROIE official train split (no official validation split exists)
sroie	train-00000-of-00001.parquet#000376	train	CC-BY-4.0	SROIE official train split (no official validation split exists)
sroie	train-00000-of-00001.parquet#000377	train	CC-BY-4.0	SROIE official train split (no official validation split exists)
sroie	train-00000-of-00001.parquet#000378	train	CC-BY-4.0	SROIE official train split (no official validation split exists)
sroie	train-00000-of-00001.parquet#000379	train	CC-BY-4.0	SROIE official train split (no official validation split exists)
sroie	train-00000-of-00001.parquet#000380	train	CC-BY-4.0	SROIE official train split (no official validation split exists)
sroie	train-00000-of-00001.parquet#000381	train	CC-BY-4.0	SROIE official train split (no official validation split exists)
sroie	train-00000-of-00001.parquet#000382	train	CC-BY-4.0	SROIE official train split (no official validation split exists)
sroie	train-00000-of-00001.parquet#000383	train	CC-BY-4.0	SROIE official train split (no official validation split exists)
sroie	train-00000-of-00001.parquet#000384	train	CC-BY-4.0	SROIE official train split (no official validation split exists)
sroie	train-00000-of-00001.parquet#000385	train	CC-BY-4.0	SROIE official train split (no official validation split exists)
sroie	train-00000-of-00001.parquet#000386	train	CC-BY-4.0	SROIE official train split (no official validation split exists)
sroie	train-00000-of-00001.parquet#000387	train	CC-BY-4.0	SROIE official train split (no official validation split exists)
sroie	train-00000-of-00001.parquet#000388	train	CC-BY-4.0	SROIE official train split (no official validation split exists)
sroie	train-00000-of-00001.parquet#000389	train	CC-BY-4.0	SROIE official train split (no official validation split exists)
sroie	train-00000-of-00001.parquet#000390	train	CC-BY-4.0	SROIE official train split (no official validation split exists)
sroie	train-00000-of-00001.parquet#000391	train	CC-BY-4.0	SROIE official train split (no official validation split exists)
sroie	train-00000-of-00001.parquet#000392	train	CC-BY-4.0	SROIE official train split (no official validation split exists)
sroie	train-00000-of-00001.parquet#000393	train	CC-BY-4.0	SROIE official train split (no official validation split exists)
sroie	train-00000-of-00001.parquet#000394	train	CC-BY-4.0	SROIE official train split (no official validation split exists)
sroie	train-00000-of-00001.parquet#000395	train	CC-BY-4.0	SROIE official train split (no official validation split exists)
sroie	train-00000-of-00001.parquet#000396	train	CC-BY-4.0	SROIE official train split (no official validation split exists)
sroie	train-00000-of-00001.parquet#000397	train	CC-BY-4.0	SROIE official train split (no official validation split exists)
sroie	train-00000-of-00001.parquet#000398	train	CC-BY-4.0	SROIE official train split (no official validation split exists)
sroie	train-00000-of-00001.parquet#000399	train	CC-BY-4.0	SROIE official train split (no official validation split exists)
sroie	train-00000-of-00001.parquet#000400	train	CC-BY-4.0	SROIE official train split (no official validation split exists)
sroie	train-00000-of-00001.parquet#000401	train	CC-BY-4.0	SROIE official train split (no official validation split exists)
sroie	train-00000-of-00001.parquet#000402	train	CC-BY-4.0	SROIE official train split (no official validation split exists)
sroie	train-00000-of-00001.parquet#000403	train	CC-BY-4.0	SROIE official train split (no official validation split exists)
sroie	train-00000-of-00001.parquet#000404	train	CC-BY-4.0	SROIE official train split (no official validation split exists)
sroie	train-00000-of-00001.parquet#000405	train	CC-BY-4.0	SROIE official train split (no official validation split exists)
sroie	train-00000-of-00001.parquet#000406	train	CC-BY-4.0	SROIE official train split (no official validation split exists)
sroie	train-00000-of-00001.parquet#000407	train	CC-BY-4.0	SROIE official train split (no official validation split exists)
sroie	train-00000-of-00001.parquet#000408	train	CC-BY-4.0	SROIE official train split (no official validation split exists)
sroie	train-00000-of-00001.parquet#000409	train	CC-BY-4.0	SROIE official train split (no official validation split exists)
sroie	train-00000-of-00001.parquet#000410	train	CC-BY-4.0	SROIE official train split (no official validation split exists)
sroie	train-00000-of-00001.parquet#000411	train	CC-BY-4.0	SROIE official train split (no official validation split exists)
sroie	train-00000-of-00001.parquet#000412	train	CC-BY-4.0	SROIE official train split (no official validation split exists)
sroie	train-00000-of-00001.parquet#000413	train	CC-BY-4.0	SROIE official train split (no official validation split exists)
sroie	train-00000-of-00001.parquet#000414	train	CC-BY-4.0	SROIE official train split (no official validation split exists)
sroie	train-00000-of-00001.parquet#000415	train	CC-BY-4.0	SROIE official train split (no official validation split exists)
sroie	train-00000-of-00001.parquet#000416	train	CC-BY-4.0	SROIE official train split (no official validation split exists)
sroie	train-00000-of-00001.parquet#000417	train	CC-BY-4.0	SROIE official train split (no official validation split exists)
sroie	train-00000-of-00001.parquet#000418	train	CC-BY-4.0	SROIE official train split (no official validation split exists)
sroie	train-00000-of-00001.parquet#000419	train	CC-BY-4.0	SROIE official train split (no official validation split exists)
sroie	train-00000-of-00001.parquet#000420	train	CC-BY-4.0	SROIE official train split (no official validation split exists)
sroie	train-00000-of-00001.parquet#000421	train	CC-BY-4.0	SROIE official train split (no official validation split exists)
sroie	train-00000-of-00001.parquet#000422	train	CC-BY-4.0	SROIE official train split (no official validation split exists)
sroie	train-00000-of-00001.parquet#000423	train	CC-BY-4.0	SROIE official train split (no official validation split exists)
sroie	train-00000-of-00001.parquet#000424	train	CC-BY-4.0	SROIE official train split (no official validation split exists)
sroie	train-00000-of-00001.parquet#000425	train	CC-BY-4.0	SROIE official train split (no official validation split exists)
sroie	train-00000-of-00001.parquet#000426	train	CC-BY-4.0	SROIE official train split (no official validation split exists)
sroie	train-00000-of-00001.parquet#000427	train	CC-BY-4.0	SROIE official train split (no official validation split exists)
sroie	train-00000-of-00001.parquet#000428	train	CC-BY-4.0	SROIE official train split (no official validation split exists)
sroie	train-00000-of-00001.parquet#000429	train	CC-BY-4.0	SROIE official train split (no official validation split exists)
sroie	train-00000-of-00001.parquet#000430	train	CC-BY-4.0	SROIE official train split (no official validation split exists)
sroie	train-00000-of-00001.parquet#000431	train	CC-BY-4.0	SROIE official train split (no official validation split exists)
sroie	train-00000-of-00001.parquet#000432	train	CC-BY-4.0	SROIE official train split (no official validation split exists)
sroie	train-00000-of-00001.parquet#000433	train	CC-BY-4.0	SROIE official train split (no official validation split exists)
sroie	train-00000-of-00001.parquet#000434	train	CC-BY-4.0	SROIE official train split (no official validation split exists)
sroie	train-00000-of-00001.parquet#000435	train	CC-BY-4.0	SROIE official train split (no official validation split exists)
sroie	train-00000-of-00001.parquet#000436	train	CC-BY-4.0	SROIE official train split (no official validation split exists)
sroie	train-00000-of-00001.parquet#000437	train	CC-BY-4.0	SROIE official train split (no official validation split exists)
sroie	train-00000-of-00001.parquet#000438	train	CC-BY-4.0	SROIE official train split (no official validation split exists)
sroie	train-00000-of-00001.parquet#000439	train	CC-BY-4.0	SROIE official train split (no official validation split exists)
sroie	train-00000-of-00001.parquet#000440	train	CC-BY-4.0	SROIE official train split (no official validation split exists)
sroie	train-00000-of-00001.parquet#000441	train	CC-BY-4.0	SROIE official train split (no official validation split exists)
sroie	train-00000-of-00001.parquet#000442	train	CC-BY-4.0	SROIE official train split (no official validation split exists)
sroie	train-00000-of-00001.parquet#000443	train	CC-BY-4.0	SROIE official train split (no official validation split exists)
sroie	train-00000-of-00001.parquet#000444	train	CC-BY-4.0	SROIE official train split (no official validation split exists)
sroie	train-00000-of-00001.parquet#000445	train	CC-BY-4.0	SROIE official train split (no official validation split exists)
sroie	train-00000-of-00001.parquet#000446	train	CC-BY-4.0	SROIE official train split (no official validation split exists)
sroie	train-00000-of-00001.parquet#000447	train	CC-BY-4.0	SROIE official train split (no official validation split exists)
sroie	train-00000-of-00001.parquet#000448	train	CC-BY-4.0	SROIE official train split (no official validation split exists)
sroie	train-00000-of-00001.parquet#000449	train	CC-BY-4.0	SROIE official train split (no official validation split exists)
sroie	train-00000-of-00001.parquet#000450	train	CC-BY-4.0	SROIE official train split (no official validation split exists)
sroie	train-00000-of-00001.parquet#000451	train	CC-BY-4.0	SROIE official train split (no official validation split exists)
sroie	train-00000-of-00001.parquet#000452	train	CC-BY-4.0	SROIE official train split (no official validation split exists)
sroie	train-00000-of-00001.parquet#000453	train	CC-BY-4.0	SROIE official train split (no official validation split exists)
sroie	train-00000-of-00001.parquet#000454	train	CC-BY-4.0	SROIE official train split (no official validation split exists)
sroie	train-00000-of-00001.parquet#000455	train	CC-BY-4.0	SROIE official train split (no official validation split exists)
sroie	train-00000-of-00001.parquet#000456	train	CC-BY-4.0	SROIE official train split (no official validation split exists)
sroie	train-00000-of-00001.parquet#000457	train	CC-BY-4.0	SROIE official train split (no official validation split exists)
sroie	train-00000-of-00001.parquet#000458	train	CC-BY-4.0	SROIE official train split (no official validation split exists)
sroie	train-00000-of-00001.parquet#000459	train	CC-BY-4.0	SROIE official train split (no official validation split exists)
sroie	train-00000-of-00001.parquet#000460	train	CC-BY-4.0	SROIE official train split (no official validation split exists)
sroie	train-00000-of-00001.parquet#000461	train	CC-BY-4.0	SROIE official train split (no official validation split exists)
sroie	train-00000-of-00001.parquet#000462	train	CC-BY-4.0	SROIE official train split (no official validation split exists)
sroie	train-00000-of-00001.parquet#000463	train	CC-BY-4.0	SROIE official train split (no official validation split exists)
sroie	train-00000-of-00001.parquet#000464	train	CC-BY-4.0	SROIE official train split (no official validation split exists)
sroie	train-00000-of-00001.parquet#000465	train	CC-BY-4.0	SROIE official train split (no official validation split exists)
sroie	train-00000-of-00001.parquet#000466	train	CC-BY-4.0	SROIE official train split (no official validation split exists)
sroie	train-00000-of-00001.parquet#000467	train	CC-BY-4.0	SROIE official train split (no official validation split exists)
sroie	train-00000-of-00001.parquet#000468	train	CC-BY-4.0	SROIE official train split (no official validation split exists)
sroie	train-00000-of-00001.parquet#000469	train	CC-BY-4.0	SROIE official train split (no official validation split exists)
sroie	train-00000-of-00001.parquet#000470	train	CC-BY-4.0	SROIE official train split (no official validation split exists)
sroie	train-00000-of-00001.parquet#000471	train	CC-BY-4.0	SROIE official train split (no official validation split exists)
sroie	train-00000-of-00001.parquet#000472	train	CC-BY-4.0	SROIE official train split (no official validation split exists)
sroie	train-00000-of-00001.parquet#000473	train	CC-BY-4.0	SROIE official train split (no official validation split exists)
sroie	train-00000-of-00001.parquet#000474	train	CC-BY-4.0	SROIE official train split (no official validation split exists)
sroie	train-00000-of-00001.parquet#000475	train	CC-BY-4.0	SROIE official train split (no official validation split exists)
sroie	train-00000-of-00001.parquet#000476	train	CC-BY-4.0	SROIE official train split (no official validation split exists)
sroie	train-00000-of-00001.parquet#000477	train	CC-BY-4.0	SROIE official train split (no official validation split exists)
sroie	train-00000-of-00001.parquet#000478	train	CC-BY-4.0	SROIE official train split (no official validation split exists)
sroie	train-00000-of-00001.parquet#000479	train	CC-BY-4.0	SROIE official train split (no official validation split exists)
sroie	train-00000-of-00001.parquet#000480	train	CC-BY-4.0	SROIE official train split (no official validation split exists)
sroie	train-00000-of-00001.parquet#000481	train	CC-BY-4.0	SROIE official train split (no official validation split exists)
sroie	train-00000-of-00001.parquet#000482	train	CC-BY-4.0	SROIE official train split (no official validation split exists)
sroie	train-00000-of-00001.parquet#000483	train	CC-BY-4.0	SROIE official train split (no official validation split exists)
sroie	train-00000-of-00001.parquet#000484	train	CC-BY-4.0	SROIE official train split (no official validation split exists)
sroie	train-00000-of-00001.parquet#000485	train	CC-BY-4.0	SROIE official train split (no official validation split exists)
sroie	train-00000-of-00001.parquet#000486	train	CC-BY-4.0	SROIE official train split (no official validation split exists)
sroie	train-00000-of-00001.parquet#000487	train	CC-BY-4.0	SROIE official train split (no official validation split exists)
sroie	train-00000-of-00001.parquet#000488	train	CC-BY-4.0	SROIE official train split (no official validation split exists)
sroie	train-00000-of-00001.parquet#000489	train	CC-BY-4.0	SROIE official train split (no official validation split exists)
sroie	train-00000-of-00001.parquet#000490	train	CC-BY-4.0	SROIE official train split (no official validation split exists)
sroie	train-00000-of-00001.parquet#000491	train	CC-BY-4.0	SROIE official train split (no official validation split exists)
sroie	train-00000-of-00001.parquet#000492	train	CC-BY-4.0	SROIE official train split (no official validation split exists)
sroie	train-00000-of-00001.parquet#000493	train	CC-BY-4.0	SROIE official train split (no official validation split exists)
sroie	train-00000-of-00001.parquet#000494	train	CC-BY-4.0	SROIE official train split (no official validation split exists)
sroie	train-00000-of-00001.parquet#000495	train	CC-BY-4.0	SROIE official train split (no official validation split exists)
sroie	train-00000-of-00001.parquet#000496	train	CC-BY-4.0	SROIE official train split (no official validation split exists)
sroie	train-00000-of-00001.parquet#000497	train	CC-BY-4.0	SROIE official train split (no official validation split exists)
sroie	train-00000-of-00001.parquet#000498	train	CC-BY-4.0	SROIE official train split (no official validation split exists)
sroie	train-00000-of-00001.parquet#000499	train	CC-BY-4.0	SROIE official train split (no official validation split exists)
sroie	train-00000-of-00001.parquet#000500	train	CC-BY-4.0	SROIE official train split (no official validation split exists)
sroie	train-00000-of-00001.parquet#000501	train	CC-BY-4.0	SROIE official train split (no official validation split exists)
sroie	train-00000-of-00001.parquet#000502	train	CC-BY-4.0	SROIE official train split (no official validation split exists)
sroie	train-00000-of-00001.parquet#000503	train	CC-BY-4.0	SROIE official train split (no official validation split exists)
sroie	train-00000-of-00001.parquet#000504	train	CC-BY-4.0	SROIE official train split (no official validation split exists)
sroie	train-00000-of-00001.parquet#000505	train	CC-BY-4.0	SROIE official train split (no official validation split exists)
sroie	train-00000-of-00001.parquet#000506	train	CC-BY-4.0	SROIE official train split (no official validation split exists)
sroie	train-00000-of-00001.parquet#000507	train	CC-BY-4.0	SROIE official train split (no official validation split exists)
sroie	train-00000-of-00001.parquet#000508	train	CC-BY-4.0	SROIE official train split (no official validation split exists)
sroie	train-00000-of-00001.parquet#000509	train	CC-BY-4.0	SROIE official train split (no official validation split exists)
sroie	train-00000-of-00001.parquet#000510	train	CC-BY-4.0	SROIE official train split (no official validation split exists)
sroie	train-00000-of-00001.parquet#000511	train	CC-BY-4.0	SROIE official train split (no official validation split exists)
sroie	train-00000-of-00001.parquet#000512	train	CC-BY-4.0	SROIE official train split (no official validation split exists)
sroie	train-00000-of-00001.parquet#000513	train	CC-BY-4.0	SROIE official train split (no official validation split exists)
sroie	train-00000-of-00001.parquet#000514	train	CC-BY-4.0	SROIE official train split (no official validation split exists)
sroie	train-00000-of-00001.parquet#000515	train	CC-BY-4.0	SROIE official train split (no official validation split exists)
sroie	train-00000-of-00001.parquet#000516	train	CC-BY-4.0	SROIE official train split (no official validation split exists)
sroie	train-00000-of-00001.parquet#000517	train	CC-BY-4.0	SROIE official train split (no official validation split exists)
sroie	train-00000-of-00001.parquet#000518	train	CC-BY-4.0	SROIE official train split (no official validation split exists)
sroie	train-00000-of-00001.parquet#000519	train	CC-BY-4.0	SROIE official train split (no official validation split exists)
sroie	train-00000-of-00001.parquet#000520	train	CC-BY-4.0	SROIE official train split (no official validation split exists)
sroie	train-00000-of-00001.parquet#000521	train	CC-BY-4.0	SROIE official train split (no official validation split exists)
sroie	train-00000-of-00001.parquet#000522	train	CC-BY-4.0	SROIE official train split (no official validation split exists)
sroie	train-00000-of-00001.parquet#000523	train	CC-BY-4.0	SROIE official train split (no official validation split exists)
sroie	train-00000-of-00001.parquet#000524	train	CC-BY-4.0	SROIE official train split (no official validation split exists)
sroie	train-00000-of-00001.parquet#000525	train	CC-BY-4.0	SROIE official train split (no official validation split exists)
sroie	train-00000-of-00001.parquet#000526	train	CC-BY-4.0	SROIE official train split (no official validation split exists)
sroie	train-00000-of-00001.parquet#000527	train	CC-BY-4.0	SROIE official train split (no official validation split exists)
sroie	train-00000-of-00001.parquet#000528	train	CC-BY-4.0	SROIE official train split (no official validation split exists)
sroie	train-00000-of-00001.parquet#000529	train	CC-BY-4.0	SROIE official train split (no official validation split exists)
sroie	train-00000-of-00001.parquet#000530	train	CC-BY-4.0	SROIE official train split (no official validation split exists)
sroie	train-00000-of-00001.parquet#000531	train	CC-BY-4.0	SROIE official train split (no official validation split exists)
sroie	train-00000-of-00001.parquet#000532	train	CC-BY-4.0	SROIE official train split (no official validation split exists)
sroie	train-00000-of-00001.parquet#000533	train	CC-BY-4.0	SROIE official train split (no official validation split exists)
sroie	train-00000-of-00001.parquet#000534	train	CC-BY-4.0	SROIE official train split (no official validation split exists)
sroie	train-00000-of-00001.parquet#000535	train	CC-BY-4.0	SROIE official train split (no official validation split exists)
sroie	train-00000-of-00001.parquet#000536	train	CC-BY-4.0	SROIE official train split (no official validation split exists)
sroie	train-00000-of-00001.parquet#000537	train	CC-BY-4.0	SROIE official train split (no official validation split exists)
sroie	train-00000-of-00001.parquet#000538	train	CC-BY-4.0	SROIE official train split (no official validation split exists)
sroie	train-00000-of-00001.parquet#000539	train	CC-BY-4.0	SROIE official train split (no official validation split exists)
sroie	train-00000-of-00001.parquet#000540	train	CC-BY-4.0	SROIE official train split (no official validation split exists)
sroie	train-00000-of-00001.parquet#000541	train	CC-BY-4.0	SROIE official train split (no official validation split exists)
sroie	train-00000-of-00001.parquet#000542	train	CC-BY-4.0	SROIE official train split (no official validation split exists)
sroie	train-00000-of-00001.parquet#000543	train	CC-BY-4.0	SROIE official train split (no official validation split exists)
sroie	train-00000-of-00001.parquet#000544	train	CC-BY-4.0	SROIE official train split (no official validation split exists)
sroie	train-00000-of-00001.parquet#000545	train	CC-BY-4.0	SROIE official train split (no official validation split exists)
sroie	train-00000-of-00001.parquet#000546	train	CC-BY-4.0	SROIE official train split (no official validation split exists)
sroie	train-00000-of-00001.parquet#000547	train	CC-BY-4.0	SROIE official train split (no official validation split exists)
sroie	train-00000-of-00001.parquet#000548	train	CC-BY-4.0	SROIE official train split (no official validation split exists)
sroie	train-00000-of-00001.parquet#000549	train	CC-BY-4.0	SROIE official train split (no official validation split exists)
sroie	train-00000-of-00001.parquet#000550	train	CC-BY-4.0	SROIE official train split (no official validation split exists)
sroie	train-00000-of-00001.parquet#000551	train	CC-BY-4.0	SROIE official train split (no official validation split exists)
sroie	train-00000-of-00001.parquet#000552	train	CC-BY-4.0	SROIE official train split (no official validation split exists)
sroie	train-00000-of-00001.parquet#000553	train	CC-BY-4.0	SROIE official train split (no official validation split exists)
sroie	train-00000-of-00001.parquet#000554	train	CC-BY-4.0	SROIE official train split (no official validation split exists)
sroie	train-00000-of-00001.parquet#000555	train	CC-BY-4.0	SROIE official train split (no official validation split exists)
sroie	train-00000-of-00001.parquet#000556	train	CC-BY-4.0	SROIE official train split (no official validation split exists)
sroie	train-00000-of-00001.parquet#000557	train	CC-BY-4.0	SROIE official train split (no official validation split exists)
sroie	train-00000-of-00001.parquet#000558	train	CC-BY-4.0	SROIE official train split (no official validation split exists)
sroie	train-00000-of-00001.parquet#000559	train	CC-BY-4.0	SROIE official train split (no official validation split exists)
sroie	train-00000-of-00001.parquet#000560	train	CC-BY-4.0	SROIE official train split (no official validation split exists)
sroie	train-00000-of-00001.parquet#000561	train	CC-BY-4.0	SROIE official train split (no official validation split exists)
sroie	train-00000-of-00001.parquet#000562	train	CC-BY-4.0	SROIE official train split (no official validation split exists)
sroie	train-00000-of-00001.parquet#000563	train	CC-BY-4.0	SROIE official train split (no official validation split exists)
sroie	train-00000-of-00001.parquet#000564	train	CC-BY-4.0	SROIE official train split (no official validation split exists)
sroie	train-00000-of-00001.parquet#000565	train	CC-BY-4.0	SROIE official train split (no official validation split exists)
sroie	train-00000-of-00001.parquet#000566	train	CC-BY-4.0	SROIE official train split (no official validation split exists)
sroie	train-00000-of-00001.parquet#000567	train	CC-BY-4.0	SROIE official train split (no official validation split exists)
sroie	train-00000-of-00001.parquet#000568	train	CC-BY-4.0	SROIE official train split (no official validation split exists)
sroie	train-00000-of-00001.parquet#000569	train	CC-BY-4.0	SROIE official train split (no official validation split exists)
sroie	train-00000-of-00001.parquet#000570	train	CC-BY-4.0	SROIE official train split (no official validation split exists)
sroie	train-00000-of-00001.parquet#000571	train	CC-BY-4.0	SROIE official train split (no official validation split exists)
sroie	train-00000-of-00001.parquet#000572	train	CC-BY-4.0	SROIE official train split (no official validation split exists)
sroie	train-00000-of-00001.parquet#000573	train	CC-BY-4.0	SROIE official train split (no official validation split exists)
sroie	train-00000-of-00001.parquet#000574	train	CC-BY-4.0	SROIE official train split (no official validation split exists)
sroie	train-00000-of-00001.parquet#000575	train	CC-BY-4.0	SROIE official train split (no official validation split exists)
sroie	train-00000-of-00001.parquet#000576	train	CC-BY-4.0	SROIE official train split (no official validation split exists)
sroie	train-00000-of-00001.parquet#000577	train	CC-BY-4.0	SROIE official train split (no official validation split exists)
sroie	train-00000-of-00001.parquet#000578	train	CC-BY-4.0	SROIE official train split (no official validation split exists)
sroie	train-00000-of-00001.parquet#000579	train	CC-BY-4.0	SROIE official train split (no official validation split exists)
sroie	train-00000-of-00001.parquet#000580	train	CC-BY-4.0	SROIE official train split (no official validation split exists)
sroie	train-00000-of-00001.parquet#000581	train	CC-BY-4.0	SROIE official train split (no official validation split exists)
sroie	train-00000-of-00001.parquet#000582	train	CC-BY-4.0	SROIE official train split (no official validation split exists)
sroie	train-00000-of-00001.parquet#000583	train	CC-BY-4.0	SROIE official train split (no official validation split exists)
sroie	train-00000-of-00001.parquet#000584	train	CC-BY-4.0	SROIE official train split (no official validation split exists)
sroie	train-00000-of-00001.parquet#000585	train	CC-BY-4.0	SROIE official train split (no official validation split exists)
sroie	train-00000-of-00001.parquet#000586	train	CC-BY-4.0	SROIE official train split (no official validation split exists)
sroie	train-00000-of-00001.parquet#000587	train	CC-BY-4.0	SROIE official train split (no official validation split exists)
sroie	train-00000-of-00001.parquet#000588	train	CC-BY-4.0	SROIE official train split (no official validation split exists)
sroie	train-00000-of-00001.parquet#000589	train	CC-BY-4.0	SROIE official train split (no official validation split exists)
sroie	train-00000-of-00001.parquet#000590	train	CC-BY-4.0	SROIE official train split (no official validation split exists)
sroie	train-00000-of-00001.parquet#000591	train	CC-BY-4.0	SROIE official train split (no official validation split exists)
sroie	train-00000-of-00001.parquet#000592	train	CC-BY-4.0	SROIE official train split (no official validation split exists)
sroie	train-00000-of-00001.parquet#000593	train	CC-BY-4.0	SROIE official train split (no official validation split exists)
sroie	train-00000-of-00001.parquet#000594	train	CC-BY-4.0	SROIE official train split (no official validation split exists)
sroie	train-00000-of-00001.parquet#000595	train	CC-BY-4.0	SROIE official train split (no official validation split exists)
sroie	train-00000-of-00001.parquet#000596	train	CC-BY-4.0	SROIE official train split (no official validation split exists)
sroie	train-00000-of-00001.parquet#000597	train	CC-BY-4.0	SROIE official train split (no official validation split exists)
sroie	train-00000-of-00001.parquet#000598	train	CC-BY-4.0	SROIE official train split (no official validation split exists)
sroie	train-00000-of-00001.parquet#000599	train	CC-BY-4.0	SROIE official train split (no official validation split exists)
sroie	train-00000-of-00001.parquet#000600	train	CC-BY-4.0	SROIE official train split (no official validation split exists)
sroie	train-00000-of-00001.parquet#000601	train	CC-BY-4.0	SROIE official train split (no official validation split exists)
sroie	train-00000-of-00001.parquet#000602	train	CC-BY-4.0	SROIE official train split (no official validation split exists)
sroie	train-00000-of-00001.parquet#000603	train	CC-BY-4.0	SROIE official train split (no official validation split exists)
sroie	train-00000-of-00001.parquet#000604	train	CC-BY-4.0	SROIE official train split (no official validation split exists)
sroie	train-00000-of-00001.parquet#000605	train	CC-BY-4.0	SROIE official train split (no official validation split exists)
sroie	train-00000-of-00001.parquet#000606	train	CC-BY-4.0	SROIE official train split (no official validation split exists)
sroie	train-00000-of-00001.parquet#000607	train	CC-BY-4.0	SROIE official train split (no official validation split exists)
sroie	train-00000-of-00001.parquet#000608	train	CC-BY-4.0	SROIE official train split (no official validation split exists)
sroie	train-00000-of-00001.parquet#000609	train	CC-BY-4.0	SROIE official train split (no official validation split exists)
sroie	train-00000-of-00001.parquet#000610	train	CC-BY-4.0	SROIE official train split (no official validation split exists)
sroie	train-00000-of-00001.parquet#000611	train	CC-BY-4.0	SROIE official train split (no official validation split exists)
sroie	train-00000-of-00001.parquet#000612	train	CC-BY-4.0	SROIE official train split (no official validation split exists)
sroie	train-00000-of-00001.parquet#000613	train	CC-BY-4.0	SROIE official train split (no official validation split exists)
sroie	train-00000-of-00001.parquet#000614	train	CC-BY-4.0	SROIE official train split (no official validation split exists)
sroie	train-00000-of-00001.parquet#000615	train	CC-BY-4.0	SROIE official train split (no official validation split exists)
sroie	train-00000-of-00001.parquet#000616	train	CC-BY-4.0	SROIE official train split (no official validation split exists)
sroie	train-00000-of-00001.parquet#000617	train	CC-BY-4.0	SROIE official train split (no official validation split exists)
sroie	train-00000-of-00001.parquet#000618	train	CC-BY-4.0	SROIE official train split (no official validation split exists)
sroie	train-00000-of-00001.parquet#000619	train	CC-BY-4.0	SROIE official train split (no official validation split exists)
sroie	train-00000-of-00001.parquet#000620	train	CC-BY-4.0	SROIE official train split (no official validation split exists)
sroie	train-00000-of-00001.parquet#000621	train	CC-BY-4.0	SROIE official train split (no official validation split exists)
sroie	train-00000-of-00001.parquet#000622	train	CC-BY-4.0	SROIE official train split (no official validation split exists)
sroie	train-00000-of-00001.parquet#000623	train	CC-BY-4.0	SROIE official train split (no official validation split exists)
sroie	train-00000-of-00001.parquet#000624	train	CC-BY-4.0	SROIE official train split (no official validation split exists)
sroie	train-00000-of-00001.parquet#000625	train	CC-BY-4.0	SROIE official train split (no official validation split exists)
sroie	test-00000-of-00001.parquet#000000	score	CC-BY-4.0	SROIE official test split; pages/sroie rendered a 120-row sample of it
sroie	test-00000-of-00001.parquet#000001	score	CC-BY-4.0	SROIE official test split; pages/sroie rendered a 120-row sample of it
sroie	test-00000-of-00001.parquet#000002	score	CC-BY-4.0	SROIE official test split; pages/sroie rendered a 120-row sample of it
sroie	test-00000-of-00001.parquet#000003	score	CC-BY-4.0	SROIE official test split; pages/sroie rendered a 120-row sample of it
sroie	test-00000-of-00001.parquet#000004	score	CC-BY-4.0	SROIE official test split; pages/sroie rendered a 120-row sample of it
sroie	test-00000-of-00001.parquet#000005	score	CC-BY-4.0	SROIE official test split; pages/sroie rendered a 120-row sample of it
sroie	test-00000-of-00001.parquet#000006	score	CC-BY-4.0	SROIE official test split; pages/sroie rendered a 120-row sample of it
sroie	test-00000-of-00001.parquet#000007	score	CC-BY-4.0	SROIE official test split; pages/sroie rendered a 120-row sample of it
sroie	test-00000-of-00001.parquet#000008	score	CC-BY-4.0	SROIE official test split; pages/sroie rendered a 120-row sample of it
sroie	test-00000-of-00001.parquet#000009	score	CC-BY-4.0	SROIE official test split; pages/sroie rendered a 120-row sample of it
sroie	test-00000-of-00001.parquet#000010	score	CC-BY-4.0	SROIE official test split; pages/sroie rendered a 120-row sample of it
sroie	test-00000-of-00001.parquet#000011	score	CC-BY-4.0	SROIE official test split; pages/sroie rendered a 120-row sample of it
sroie	test-00000-of-00001.parquet#000012	score	CC-BY-4.0	SROIE official test split; pages/sroie rendered a 120-row sample of it
sroie	test-00000-of-00001.parquet#000013	score	CC-BY-4.0	SROIE official test split; pages/sroie rendered a 120-row sample of it
sroie	test-00000-of-00001.parquet#000014	score	CC-BY-4.0	SROIE official test split; pages/sroie rendered a 120-row sample of it
sroie	test-00000-of-00001.parquet#000015	score	CC-BY-4.0	SROIE official test split; pages/sroie rendered a 120-row sample of it
sroie	test-00000-of-00001.parquet#000016	score	CC-BY-4.0	SROIE official test split; pages/sroie rendered a 120-row sample of it
sroie	test-00000-of-00001.parquet#000017	score	CC-BY-4.0	SROIE official test split; pages/sroie rendered a 120-row sample of it
sroie	test-00000-of-00001.parquet#000018	score	CC-BY-4.0	SROIE official test split; pages/sroie rendered a 120-row sample of it
sroie	test-00000-of-00001.parquet#000019	score	CC-BY-4.0	SROIE official test split; pages/sroie rendered a 120-row sample of it
sroie	test-00000-of-00001.parquet#000020	score	CC-BY-4.0	SROIE official test split; pages/sroie rendered a 120-row sample of it
sroie	test-00000-of-00001.parquet#000021	score	CC-BY-4.0	SROIE official test split; pages/sroie rendered a 120-row sample of it
sroie	test-00000-of-00001.parquet#000022	score	CC-BY-4.0	SROIE official test split; pages/sroie rendered a 120-row sample of it
sroie	test-00000-of-00001.parquet#000023	score	CC-BY-4.0	SROIE official test split; pages/sroie rendered a 120-row sample of it
sroie	test-00000-of-00001.parquet#000024	score	CC-BY-4.0	SROIE official test split; pages/sroie rendered a 120-row sample of it
sroie	test-00000-of-00001.parquet#000025	score	CC-BY-4.0	SROIE official test split; pages/sroie rendered a 120-row sample of it
sroie	test-00000-of-00001.parquet#000026	score	CC-BY-4.0	SROIE official test split; pages/sroie rendered a 120-row sample of it
sroie	test-00000-of-00001.parquet#000027	score	CC-BY-4.0	SROIE official test split; pages/sroie rendered a 120-row sample of it
sroie	test-00000-of-00001.parquet#000028	score	CC-BY-4.0	SROIE official test split; pages/sroie rendered a 120-row sample of it
sroie	test-00000-of-00001.parquet#000029	score	CC-BY-4.0	SROIE official test split; pages/sroie rendered a 120-row sample of it
sroie	test-00000-of-00001.parquet#000030	score	CC-BY-4.0	SROIE official test split; pages/sroie rendered a 120-row sample of it
sroie	test-00000-of-00001.parquet#000031	score	CC-BY-4.0	SROIE official test split; pages/sroie rendered a 120-row sample of it
sroie	test-00000-of-00001.parquet#000032	score	CC-BY-4.0	SROIE official test split; pages/sroie rendered a 120-row sample of it
sroie	test-00000-of-00001.parquet#000033	score	CC-BY-4.0	SROIE official test split; pages/sroie rendered a 120-row sample of it
sroie	test-00000-of-00001.parquet#000034	score	CC-BY-4.0	SROIE official test split; pages/sroie rendered a 120-row sample of it
sroie	test-00000-of-00001.parquet#000035	score	CC-BY-4.0	SROIE official test split; pages/sroie rendered a 120-row sample of it
sroie	test-00000-of-00001.parquet#000036	score	CC-BY-4.0	SROIE official test split; pages/sroie rendered a 120-row sample of it
sroie	test-00000-of-00001.parquet#000037	score	CC-BY-4.0	SROIE official test split; pages/sroie rendered a 120-row sample of it
sroie	test-00000-of-00001.parquet#000038	score	CC-BY-4.0	SROIE official test split; pages/sroie rendered a 120-row sample of it
sroie	test-00000-of-00001.parquet#000039	score	CC-BY-4.0	SROIE official test split; pages/sroie rendered a 120-row sample of it
sroie	test-00000-of-00001.parquet#000040	score	CC-BY-4.0	SROIE official test split; pages/sroie rendered a 120-row sample of it
sroie	test-00000-of-00001.parquet#000041	score	CC-BY-4.0	SROIE official test split; pages/sroie rendered a 120-row sample of it
sroie	test-00000-of-00001.parquet#000042	score	CC-BY-4.0	SROIE official test split; pages/sroie rendered a 120-row sample of it
sroie	test-00000-of-00001.parquet#000043	score	CC-BY-4.0	SROIE official test split; pages/sroie rendered a 120-row sample of it
sroie	test-00000-of-00001.parquet#000044	score	CC-BY-4.0	SROIE official test split; pages/sroie rendered a 120-row sample of it
sroie	test-00000-of-00001.parquet#000045	score	CC-BY-4.0	SROIE official test split; pages/sroie rendered a 120-row sample of it
sroie	test-00000-of-00001.parquet#000046	score	CC-BY-4.0	SROIE official test split; pages/sroie rendered a 120-row sample of it
sroie	test-00000-of-00001.parquet#000047	score	CC-BY-4.0	SROIE official test split; pages/sroie rendered a 120-row sample of it
sroie	test-00000-of-00001.parquet#000048	score	CC-BY-4.0	SROIE official test split; pages/sroie rendered a 120-row sample of it
sroie	test-00000-of-00001.parquet#000049	score	CC-BY-4.0	SROIE official test split; pages/sroie rendered a 120-row sample of it
sroie	test-00000-of-00001.parquet#000050	score	CC-BY-4.0	SROIE official test split; pages/sroie rendered a 120-row sample of it
sroie	test-00000-of-00001.parquet#000051	score	CC-BY-4.0	SROIE official test split; pages/sroie rendered a 120-row sample of it
sroie	test-00000-of-00001.parquet#000052	score	CC-BY-4.0	SROIE official test split; pages/sroie rendered a 120-row sample of it
sroie	test-00000-of-00001.parquet#000053	score	CC-BY-4.0	SROIE official test split; pages/sroie rendered a 120-row sample of it
sroie	test-00000-of-00001.parquet#000054	score	CC-BY-4.0	SROIE official test split; pages/sroie rendered a 120-row sample of it
sroie	test-00000-of-00001.parquet#000055	score	CC-BY-4.0	SROIE official test split; pages/sroie rendered a 120-row sample of it
sroie	test-00000-of-00001.parquet#000056	score	CC-BY-4.0	SROIE official test split; pages/sroie rendered a 120-row sample of it
sroie	test-00000-of-00001.parquet#000057	score	CC-BY-4.0	SROIE official test split; pages/sroie rendered a 120-row sample of it
sroie	test-00000-of-00001.parquet#000058	score	CC-BY-4.0	SROIE official test split; pages/sroie rendered a 120-row sample of it
sroie	test-00000-of-00001.parquet#000059	score	CC-BY-4.0	SROIE official test split; pages/sroie rendered a 120-row sample of it
sroie	test-00000-of-00001.parquet#000060	score	CC-BY-4.0	SROIE official test split; pages/sroie rendered a 120-row sample of it
sroie	test-00000-of-00001.parquet#000061	score	CC-BY-4.0	SROIE official test split; pages/sroie rendered a 120-row sample of it
sroie	test-00000-of-00001.parquet#000062	score	CC-BY-4.0	SROIE official test split; pages/sroie rendered a 120-row sample of it
sroie	test-00000-of-00001.parquet#000063	score	CC-BY-4.0	SROIE official test split; pages/sroie rendered a 120-row sample of it
sroie	test-00000-of-00001.parquet#000064	score	CC-BY-4.0	SROIE official test split; pages/sroie rendered a 120-row sample of it
sroie	test-00000-of-00001.parquet#000065	score	CC-BY-4.0	SROIE official test split; pages/sroie rendered a 120-row sample of it
sroie	test-00000-of-00001.parquet#000066	score	CC-BY-4.0	SROIE official test split; pages/sroie rendered a 120-row sample of it
sroie	test-00000-of-00001.parquet#000067	score	CC-BY-4.0	SROIE official test split; pages/sroie rendered a 120-row sample of it
sroie	test-00000-of-00001.parquet#000068	score	CC-BY-4.0	SROIE official test split; pages/sroie rendered a 120-row sample of it
sroie	test-00000-of-00001.parquet#000069	score	CC-BY-4.0	SROIE official test split; pages/sroie rendered a 120-row sample of it
sroie	test-00000-of-00001.parquet#000070	score	CC-BY-4.0	SROIE official test split; pages/sroie rendered a 120-row sample of it
sroie	test-00000-of-00001.parquet#000071	score	CC-BY-4.0	SROIE official test split; pages/sroie rendered a 120-row sample of it
sroie	test-00000-of-00001.parquet#000072	score	CC-BY-4.0	SROIE official test split; pages/sroie rendered a 120-row sample of it
sroie	test-00000-of-00001.parquet#000073	score	CC-BY-4.0	SROIE official test split; pages/sroie rendered a 120-row sample of it
sroie	test-00000-of-00001.parquet#000074	score	CC-BY-4.0	SROIE official test split; pages/sroie rendered a 120-row sample of it
sroie	test-00000-of-00001.parquet#000075	score	CC-BY-4.0	SROIE official test split; pages/sroie rendered a 120-row sample of it
sroie	test-00000-of-00001.parquet#000076	score	CC-BY-4.0	SROIE official test split; pages/sroie rendered a 120-row sample of it
sroie	test-00000-of-00001.parquet#000077	score	CC-BY-4.0	SROIE official test split; pages/sroie rendered a 120-row sample of it
sroie	test-00000-of-00001.parquet#000078	score	CC-BY-4.0	SROIE official test split; pages/sroie rendered a 120-row sample of it
sroie	test-00000-of-00001.parquet#000079	score	CC-BY-4.0	SROIE official test split; pages/sroie rendered a 120-row sample of it
sroie	test-00000-of-00001.parquet#000080	score	CC-BY-4.0	SROIE official test split; pages/sroie rendered a 120-row sample of it
sroie	test-00000-of-00001.parquet#000081	score	CC-BY-4.0	SROIE official test split; pages/sroie rendered a 120-row sample of it
sroie	test-00000-of-00001.parquet#000082	score	CC-BY-4.0	SROIE official test split; pages/sroie rendered a 120-row sample of it
sroie	test-00000-of-00001.parquet#000083	score	CC-BY-4.0	SROIE official test split; pages/sroie rendered a 120-row sample of it
sroie	test-00000-of-00001.parquet#000084	score	CC-BY-4.0	SROIE official test split; pages/sroie rendered a 120-row sample of it
sroie	test-00000-of-00001.parquet#000085	score	CC-BY-4.0	SROIE official test split; pages/sroie rendered a 120-row sample of it
sroie	test-00000-of-00001.parquet#000086	score	CC-BY-4.0	SROIE official test split; pages/sroie rendered a 120-row sample of it
sroie	test-00000-of-00001.parquet#000087	score	CC-BY-4.0	SROIE official test split; pages/sroie rendered a 120-row sample of it
sroie	test-00000-of-00001.parquet#000088	score	CC-BY-4.0	SROIE official test split; pages/sroie rendered a 120-row sample of it
sroie	test-00000-of-00001.parquet#000089	score	CC-BY-4.0	SROIE official test split; pages/sroie rendered a 120-row sample of it
sroie	test-00000-of-00001.parquet#000090	score	CC-BY-4.0	SROIE official test split; pages/sroie rendered a 120-row sample of it
sroie	test-00000-of-00001.parquet#000091	score	CC-BY-4.0	SROIE official test split; pages/sroie rendered a 120-row sample of it
sroie	test-00000-of-00001.parquet#000092	score	CC-BY-4.0	SROIE official test split; pages/sroie rendered a 120-row sample of it
sroie	test-00000-of-00001.parquet#000093	score	CC-BY-4.0	SROIE official test split; pages/sroie rendered a 120-row sample of it
sroie	test-00000-of-00001.parquet#000094	score	CC-BY-4.0	SROIE official test split; pages/sroie rendered a 120-row sample of it
sroie	test-00000-of-00001.parquet#000095	score	CC-BY-4.0	SROIE official test split; pages/sroie rendered a 120-row sample of it
sroie	test-00000-of-00001.parquet#000096	score	CC-BY-4.0	SROIE official test split; pages/sroie rendered a 120-row sample of it
sroie	test-00000-of-00001.parquet#000097	score	CC-BY-4.0	SROIE official test split; pages/sroie rendered a 120-row sample of it
sroie	test-00000-of-00001.parquet#000098	score	CC-BY-4.0	SROIE official test split; pages/sroie rendered a 120-row sample of it
sroie	test-00000-of-00001.parquet#000099	score	CC-BY-4.0	SROIE official test split; pages/sroie rendered a 120-row sample of it
sroie	test-00000-of-00001.parquet#000100	score	CC-BY-4.0	SROIE official test split; pages/sroie rendered a 120-row sample of it
sroie	test-00000-of-00001.parquet#000101	score	CC-BY-4.0	SROIE official test split; pages/sroie rendered a 120-row sample of it
sroie	test-00000-of-00001.parquet#000102	score	CC-BY-4.0	SROIE official test split; pages/sroie rendered a 120-row sample of it
sroie	test-00000-of-00001.parquet#000103	score	CC-BY-4.0	SROIE official test split; pages/sroie rendered a 120-row sample of it
sroie	test-00000-of-00001.parquet#000104	score	CC-BY-4.0	SROIE official test split; pages/sroie rendered a 120-row sample of it
sroie	test-00000-of-00001.parquet#000105	score	CC-BY-4.0	SROIE official test split; pages/sroie rendered a 120-row sample of it
sroie	test-00000-of-00001.parquet#000106	score	CC-BY-4.0	SROIE official test split; pages/sroie rendered a 120-row sample of it
sroie	test-00000-of-00001.parquet#000107	score	CC-BY-4.0	SROIE official test split; pages/sroie rendered a 120-row sample of it
sroie	test-00000-of-00001.parquet#000108	score	CC-BY-4.0	SROIE official test split; pages/sroie rendered a 120-row sample of it
sroie	test-00000-of-00001.parquet#000109	score	CC-BY-4.0	SROIE official test split; pages/sroie rendered a 120-row sample of it
sroie	test-00000-of-00001.parquet#000110	score	CC-BY-4.0	SROIE official test split; pages/sroie rendered a 120-row sample of it
sroie	test-00000-of-00001.parquet#000111	score	CC-BY-4.0	SROIE official test split; pages/sroie rendered a 120-row sample of it
sroie	test-00000-of-00001.parquet#000112	score	CC-BY-4.0	SROIE official test split; pages/sroie rendered a 120-row sample of it
sroie	test-00000-of-00001.parquet#000113	score	CC-BY-4.0	SROIE official test split; pages/sroie rendered a 120-row sample of it
sroie	test-00000-of-00001.parquet#000114	score	CC-BY-4.0	SROIE official test split; pages/sroie rendered a 120-row sample of it
sroie	test-00000-of-00001.parquet#000115	score	CC-BY-4.0	SROIE official test split; pages/sroie rendered a 120-row sample of it
sroie	test-00000-of-00001.parquet#000116	score	CC-BY-4.0	SROIE official test split; pages/sroie rendered a 120-row sample of it
sroie	test-00000-of-00001.parquet#000117	score	CC-BY-4.0	SROIE official test split; pages/sroie rendered a 120-row sample of it
sroie	test-00000-of-00001.parquet#000118	score	CC-BY-4.0	SROIE official test split; pages/sroie rendered a 120-row sample of it
sroie	test-00000-of-00001.parquet#000119	score	CC-BY-4.0	SROIE official test split; pages/sroie rendered a 120-row sample of it
sroie	test-00000-of-00001.parquet#000120	score	CC-BY-4.0	SROIE official test split; pages/sroie rendered a 120-row sample of it
sroie	test-00000-of-00001.parquet#000121	score	CC-BY-4.0	SROIE official test split; pages/sroie rendered a 120-row sample of it
sroie	test-00000-of-00001.parquet#000122	score	CC-BY-4.0	SROIE official test split; pages/sroie rendered a 120-row sample of it
sroie	test-00000-of-00001.parquet#000123	score	CC-BY-4.0	SROIE official test split; pages/sroie rendered a 120-row sample of it
sroie	test-00000-of-00001.parquet#000124	score	CC-BY-4.0	SROIE official test split; pages/sroie rendered a 120-row sample of it
sroie	test-00000-of-00001.parquet#000125	score	CC-BY-4.0	SROIE official test split; pages/sroie rendered a 120-row sample of it
sroie	test-00000-of-00001.parquet#000126	score	CC-BY-4.0	SROIE official test split; pages/sroie rendered a 120-row sample of it
sroie	test-00000-of-00001.parquet#000127	score	CC-BY-4.0	SROIE official test split; pages/sroie rendered a 120-row sample of it
sroie	test-00000-of-00001.parquet#000128	score	CC-BY-4.0	SROIE official test split; pages/sroie rendered a 120-row sample of it
sroie	test-00000-of-00001.parquet#000129	score	CC-BY-4.0	SROIE official test split; pages/sroie rendered a 120-row sample of it
sroie	test-00000-of-00001.parquet#000130	score	CC-BY-4.0	SROIE official test split; pages/sroie rendered a 120-row sample of it
sroie	test-00000-of-00001.parquet#000131	score	CC-BY-4.0	SROIE official test split; pages/sroie rendered a 120-row sample of it
sroie	test-00000-of-00001.parquet#000132	score	CC-BY-4.0	SROIE official test split; pages/sroie rendered a 120-row sample of it
sroie	test-00000-of-00001.parquet#000133	score	CC-BY-4.0	SROIE official test split; pages/sroie rendered a 120-row sample of it
sroie	test-00000-of-00001.parquet#000134	score	CC-BY-4.0	SROIE official test split; pages/sroie rendered a 120-row sample of it
sroie	test-00000-of-00001.parquet#000135	score	CC-BY-4.0	SROIE official test split; pages/sroie rendered a 120-row sample of it
sroie	test-00000-of-00001.parquet#000136	score	CC-BY-4.0	SROIE official test split; pages/sroie rendered a 120-row sample of it
sroie	test-00000-of-00001.parquet#000137	score	CC-BY-4.0	SROIE official test split; pages/sroie rendered a 120-row sample of it
sroie	test-00000-of-00001.parquet#000138	score	CC-BY-4.0	SROIE official test split; pages/sroie rendered a 120-row sample of it
sroie	test-00000-of-00001.parquet#000139	score	CC-BY-4.0	SROIE official test split; pages/sroie rendered a 120-row sample of it
sroie	test-00000-of-00001.parquet#000140	score	CC-BY-4.0	SROIE official test split; pages/sroie rendered a 120-row sample of it
sroie	test-00000-of-00001.parquet#000141	score	CC-BY-4.0	SROIE official test split; pages/sroie rendered a 120-row sample of it
sroie	test-00000-of-00001.parquet#000142	score	CC-BY-4.0	SROIE official test split; pages/sroie rendered a 120-row sample of it
sroie	test-00000-of-00001.parquet#000143	score	CC-BY-4.0	SROIE official test split; pages/sroie rendered a 120-row sample of it
sroie	test-00000-of-00001.parquet#000144	score	CC-BY-4.0	SROIE official test split; pages/sroie rendered a 120-row sample of it
sroie	test-00000-of-00001.parquet#000145	score	CC-BY-4.0	SROIE official test split; pages/sroie rendered a 120-row sample of it
sroie	test-00000-of-00001.parquet#000146	score	CC-BY-4.0	SROIE official test split; pages/sroie rendered a 120-row sample of it
sroie	test-00000-of-00001.parquet#000147	score	CC-BY-4.0	SROIE official test split; pages/sroie rendered a 120-row sample of it
sroie	test-00000-of-00001.parquet#000148	score	CC-BY-4.0	SROIE official test split; pages/sroie rendered a 120-row sample of it
sroie	test-00000-of-00001.parquet#000149	score	CC-BY-4.0	SROIE official test split; pages/sroie rendered a 120-row sample of it
sroie	test-00000-of-00001.parquet#000150	score	CC-BY-4.0	SROIE official test split; pages/sroie rendered a 120-row sample of it
sroie	test-00000-of-00001.parquet#000151	score	CC-BY-4.0	SROIE official test split; pages/sroie rendered a 120-row sample of it
sroie	test-00000-of-00001.parquet#000152	score	CC-BY-4.0	SROIE official test split; pages/sroie rendered a 120-row sample of it
sroie	test-00000-of-00001.parquet#000153	score	CC-BY-4.0	SROIE official test split; pages/sroie rendered a 120-row sample of it
sroie	test-00000-of-00001.parquet#000154	score	CC-BY-4.0	SROIE official test split; pages/sroie rendered a 120-row sample of it
sroie	test-00000-of-00001.parquet#000155	score	CC-BY-4.0	SROIE official test split; pages/sroie rendered a 120-row sample of it
sroie	test-00000-of-00001.parquet#000156	score	CC-BY-4.0	SROIE official test split; pages/sroie rendered a 120-row sample of it
sroie	test-00000-of-00001.parquet#000157	score	CC-BY-4.0	SROIE official test split; pages/sroie rendered a 120-row sample of it
sroie	test-00000-of-00001.parquet#000158	score	CC-BY-4.0	SROIE official test split; pages/sroie rendered a 120-row sample of it
sroie	test-00000-of-00001.parquet#000159	score	CC-BY-4.0	SROIE official test split; pages/sroie rendered a 120-row sample of it
sroie	test-00000-of-00001.parquet#000160	score	CC-BY-4.0	SROIE official test split; pages/sroie rendered a 120-row sample of it
sroie	test-00000-of-00001.parquet#000161	score	CC-BY-4.0	SROIE official test split; pages/sroie rendered a 120-row sample of it
sroie	test-00000-of-00001.parquet#000162	score	CC-BY-4.0	SROIE official test split; pages/sroie rendered a 120-row sample of it
sroie	test-00000-of-00001.parquet#000163	score	CC-BY-4.0	SROIE official test split; pages/sroie rendered a 120-row sample of it
sroie	test-00000-of-00001.parquet#000164	score	CC-BY-4.0	SROIE official test split; pages/sroie rendered a 120-row sample of it
sroie	test-00000-of-00001.parquet#000165	score	CC-BY-4.0	SROIE official test split; pages/sroie rendered a 120-row sample of it
sroie	test-00000-of-00001.parquet#000166	score	CC-BY-4.0	SROIE official test split; pages/sroie rendered a 120-row sample of it
sroie	test-00000-of-00001.parquet#000167	score	CC-BY-4.0	SROIE official test split; pages/sroie rendered a 120-row sample of it
sroie	test-00000-of-00001.parquet#000168	score	CC-BY-4.0	SROIE official test split; pages/sroie rendered a 120-row sample of it
sroie	test-00000-of-00001.parquet#000169	score	CC-BY-4.0	SROIE official test split; pages/sroie rendered a 120-row sample of it
sroie	test-00000-of-00001.parquet#000170	score	CC-BY-4.0	SROIE official test split; pages/sroie rendered a 120-row sample of it
sroie	test-00000-of-00001.parquet#000171	score	CC-BY-4.0	SROIE official test split; pages/sroie rendered a 120-row sample of it
sroie	test-00000-of-00001.parquet#000172	score	CC-BY-4.0	SROIE official test split; pages/sroie rendered a 120-row sample of it
sroie	test-00000-of-00001.parquet#000173	score	CC-BY-4.0	SROIE official test split; pages/sroie rendered a 120-row sample of it
sroie	test-00000-of-00001.parquet#000174	score	CC-BY-4.0	SROIE official test split; pages/sroie rendered a 120-row sample of it
sroie	test-00000-of-00001.parquet#000175	score	CC-BY-4.0	SROIE official test split; pages/sroie rendered a 120-row sample of it
sroie	test-00000-of-00001.parquet#000176	score	CC-BY-4.0	SROIE official test split; pages/sroie rendered a 120-row sample of it
sroie	test-00000-of-00001.parquet#000177	score	CC-BY-4.0	SROIE official test split; pages/sroie rendered a 120-row sample of it
sroie	test-00000-of-00001.parquet#000178	score	CC-BY-4.0	SROIE official test split; pages/sroie rendered a 120-row sample of it
sroie	test-00000-of-00001.parquet#000179	score	CC-BY-4.0	SROIE official test split; pages/sroie rendered a 120-row sample of it
sroie	test-00000-of-00001.parquet#000180	score	CC-BY-4.0	SROIE official test split; pages/sroie rendered a 120-row sample of it
sroie	test-00000-of-00001.parquet#000181	score	CC-BY-4.0	SROIE official test split; pages/sroie rendered a 120-row sample of it
sroie	test-00000-of-00001.parquet#000182	score	CC-BY-4.0	SROIE official test split; pages/sroie rendered a 120-row sample of it
sroie	test-00000-of-00001.parquet#000183	score	CC-BY-4.0	SROIE official test split; pages/sroie rendered a 120-row sample of it
sroie	test-00000-of-00001.parquet#000184	score	CC-BY-4.0	SROIE official test split; pages/sroie rendered a 120-row sample of it
sroie	test-00000-of-00001.parquet#000185	score	CC-BY-4.0	SROIE official test split; pages/sroie rendered a 120-row sample of it
sroie	test-00000-of-00001.parquet#000186	score	CC-BY-4.0	SROIE official test split; pages/sroie rendered a 120-row sample of it
sroie	test-00000-of-00001.parquet#000187	score	CC-BY-4.0	SROIE official test split; pages/sroie rendered a 120-row sample of it
sroie	test-00000-of-00001.parquet#000188	score	CC-BY-4.0	SROIE official test split; pages/sroie rendered a 120-row sample of it
sroie	test-00000-of-00001.parquet#000189	score	CC-BY-4.0	SROIE official test split; pages/sroie rendered a 120-row sample of it
sroie	test-00000-of-00001.parquet#000190	score	CC-BY-4.0	SROIE official test split; pages/sroie rendered a 120-row sample of it
sroie	test-00000-of-00001.parquet#000191	score	CC-BY-4.0	SROIE official test split; pages/sroie rendered a 120-row sample of it
sroie	test-00000-of-00001.parquet#000192	score	CC-BY-4.0	SROIE official test split; pages/sroie rendered a 120-row sample of it
sroie	test-00000-of-00001.parquet#000193	score	CC-BY-4.0	SROIE official test split; pages/sroie rendered a 120-row sample of it
sroie	test-00000-of-00001.parquet#000194	score	CC-BY-4.0	SROIE official test split; pages/sroie rendered a 120-row sample of it
sroie	test-00000-of-00001.parquet#000195	score	CC-BY-4.0	SROIE official test split; pages/sroie rendered a 120-row sample of it
sroie	test-00000-of-00001.parquet#000196	score	CC-BY-4.0	SROIE official test split; pages/sroie rendered a 120-row sample of it
sroie	test-00000-of-00001.parquet#000197	score	CC-BY-4.0	SROIE official test split; pages/sroie rendered a 120-row sample of it
sroie	test-00000-of-00001.parquet#000198	score	CC-BY-4.0	SROIE official test split; pages/sroie rendered a 120-row sample of it
sroie	test-00000-of-00001.parquet#000199	score	CC-BY-4.0	SROIE official test split; pages/sroie rendered a 120-row sample of it
sroie	test-00000-of-00001.parquet#000200	score	CC-BY-4.0	SROIE official test split; pages/sroie rendered a 120-row sample of it
sroie	test-00000-of-00001.parquet#000201	score	CC-BY-4.0	SROIE official test split; pages/sroie rendered a 120-row sample of it
sroie	test-00000-of-00001.parquet#000202	score	CC-BY-4.0	SROIE official test split; pages/sroie rendered a 120-row sample of it
sroie	test-00000-of-00001.parquet#000203	score	CC-BY-4.0	SROIE official test split; pages/sroie rendered a 120-row sample of it
sroie	test-00000-of-00001.parquet#000204	score	CC-BY-4.0	SROIE official test split; pages/sroie rendered a 120-row sample of it
sroie	test-00000-of-00001.parquet#000205	score	CC-BY-4.0	SROIE official test split; pages/sroie rendered a 120-row sample of it
sroie	test-00000-of-00001.parquet#000206	score	CC-BY-4.0	SROIE official test split; pages/sroie rendered a 120-row sample of it
sroie	test-00000-of-00001.parquet#000207	score	CC-BY-4.0	SROIE official test split; pages/sroie rendered a 120-row sample of it
sroie	test-00000-of-00001.parquet#000208	score	CC-BY-4.0	SROIE official test split; pages/sroie rendered a 120-row sample of it
sroie	test-00000-of-00001.parquet#000209	score	CC-BY-4.0	SROIE official test split; pages/sroie rendered a 120-row sample of it
sroie	test-00000-of-00001.parquet#000210	score	CC-BY-4.0	SROIE official test split; pages/sroie rendered a 120-row sample of it
sroie	test-00000-of-00001.parquet#000211	score	CC-BY-4.0	SROIE official test split; pages/sroie rendered a 120-row sample of it
sroie	test-00000-of-00001.parquet#000212	score	CC-BY-4.0	SROIE official test split; pages/sroie rendered a 120-row sample of it
sroie	test-00000-of-00001.parquet#000213	score	CC-BY-4.0	SROIE official test split; pages/sroie rendered a 120-row sample of it
sroie	test-00000-of-00001.parquet#000214	score	CC-BY-4.0	SROIE official test split; pages/sroie rendered a 120-row sample of it
sroie	test-00000-of-00001.parquet#000215	score	CC-BY-4.0	SROIE official test split; pages/sroie rendered a 120-row sample of it
sroie	test-00000-of-00001.parquet#000216	score	CC-BY-4.0	SROIE official test split; pages/sroie rendered a 120-row sample of it
sroie	test-00000-of-00001.parquet#000217	score	CC-BY-4.0	SROIE official test split; pages/sroie rendered a 120-row sample of it
sroie	test-00000-of-00001.parquet#000218	score	CC-BY-4.0	SROIE official test split; pages/sroie rendered a 120-row sample of it
sroie	test-00000-of-00001.parquet#000219	score	CC-BY-4.0	SROIE official test split; pages/sroie rendered a 120-row sample of it
sroie	test-00000-of-00001.parquet#000220	score	CC-BY-4.0	SROIE official test split; pages/sroie rendered a 120-row sample of it
sroie	test-00000-of-00001.parquet#000221	score	CC-BY-4.0	SROIE official test split; pages/sroie rendered a 120-row sample of it
sroie	test-00000-of-00001.parquet#000222	score	CC-BY-4.0	SROIE official test split; pages/sroie rendered a 120-row sample of it
sroie	test-00000-of-00001.parquet#000223	score	CC-BY-4.0	SROIE official test split; pages/sroie rendered a 120-row sample of it
sroie	test-00000-of-00001.parquet#000224	score	CC-BY-4.0	SROIE official test split; pages/sroie rendered a 120-row sample of it
sroie	test-00000-of-00001.parquet#000225	score	CC-BY-4.0	SROIE official test split; pages/sroie rendered a 120-row sample of it
sroie	test-00000-of-00001.parquet#000226	score	CC-BY-4.0	SROIE official test split; pages/sroie rendered a 120-row sample of it
sroie	test-00000-of-00001.parquet#000227	score	CC-BY-4.0	SROIE official test split; pages/sroie rendered a 120-row sample of it
sroie	test-00000-of-00001.parquet#000228	score	CC-BY-4.0	SROIE official test split; pages/sroie rendered a 120-row sample of it
sroie	test-00000-of-00001.parquet#000229	score	CC-BY-4.0	SROIE official test split; pages/sroie rendered a 120-row sample of it
sroie	test-00000-of-00001.parquet#000230	score	CC-BY-4.0	SROIE official test split; pages/sroie rendered a 120-row sample of it
sroie	test-00000-of-00001.parquet#000231	score	CC-BY-4.0	SROIE official test split; pages/sroie rendered a 120-row sample of it
sroie	test-00000-of-00001.parquet#000232	score	CC-BY-4.0	SROIE official test split; pages/sroie rendered a 120-row sample of it
sroie	test-00000-of-00001.parquet#000233	score	CC-BY-4.0	SROIE official test split; pages/sroie rendered a 120-row sample of it
sroie	test-00000-of-00001.parquet#000234	score	CC-BY-4.0	SROIE official test split; pages/sroie rendered a 120-row sample of it
sroie	test-00000-of-00001.parquet#000235	score	CC-BY-4.0	SROIE official test split; pages/sroie rendered a 120-row sample of it
sroie	test-00000-of-00001.parquet#000236	score	CC-BY-4.0	SROIE official test split; pages/sroie rendered a 120-row sample of it
sroie	test-00000-of-00001.parquet#000237	score	CC-BY-4.0	SROIE official test split; pages/sroie rendered a 120-row sample of it
sroie	test-00000-of-00001.parquet#000238	score	CC-BY-4.0	SROIE official test split; pages/sroie rendered a 120-row sample of it
sroie	test-00000-of-00001.parquet#000239	score	CC-BY-4.0	SROIE official test split; pages/sroie rendered a 120-row sample of it
sroie	test-00000-of-00001.parquet#000240	score	CC-BY-4.0	SROIE official test split; pages/sroie rendered a 120-row sample of it
sroie	test-00000-of-00001.parquet#000241	score	CC-BY-4.0	SROIE official test split; pages/sroie rendered a 120-row sample of it
sroie	test-00000-of-00001.parquet#000242	score	CC-BY-4.0	SROIE official test split; pages/sroie rendered a 120-row sample of it
sroie	test-00000-of-00001.parquet#000243	score	CC-BY-4.0	SROIE official test split; pages/sroie rendered a 120-row sample of it
sroie	test-00000-of-00001.parquet#000244	score	CC-BY-4.0	SROIE official test split; pages/sroie rendered a 120-row sample of it
sroie	test-00000-of-00001.parquet#000245	score	CC-BY-4.0	SROIE official test split; pages/sroie rendered a 120-row sample of it
sroie	test-00000-of-00001.parquet#000246	score	CC-BY-4.0	SROIE official test split; pages/sroie rendered a 120-row sample of it
sroie	test-00000-of-00001.parquet#000247	score	CC-BY-4.0	SROIE official test split; pages/sroie rendered a 120-row sample of it
sroie	test-00000-of-00001.parquet#000248	score	CC-BY-4.0	SROIE official test split; pages/sroie rendered a 120-row sample of it
sroie	test-00000-of-00001.parquet#000249	score	CC-BY-4.0	SROIE official test split; pages/sroie rendered a 120-row sample of it
sroie	test-00000-of-00001.parquet#000250	score	CC-BY-4.0	SROIE official test split; pages/sroie rendered a 120-row sample of it
sroie	test-00000-of-00001.parquet#000251	score	CC-BY-4.0	SROIE official test split; pages/sroie rendered a 120-row sample of it
sroie	test-00000-of-00001.parquet#000252	score	CC-BY-4.0	SROIE official test split; pages/sroie rendered a 120-row sample of it
sroie	test-00000-of-00001.parquet#000253	score	CC-BY-4.0	SROIE official test split; pages/sroie rendered a 120-row sample of it
sroie	test-00000-of-00001.parquet#000254	score	CC-BY-4.0	SROIE official test split; pages/sroie rendered a 120-row sample of it
sroie	test-00000-of-00001.parquet#000255	score	CC-BY-4.0	SROIE official test split; pages/sroie rendered a 120-row sample of it
sroie	test-00000-of-00001.parquet#000256	score	CC-BY-4.0	SROIE official test split; pages/sroie rendered a 120-row sample of it
sroie	test-00000-of-00001.parquet#000257	score	CC-BY-4.0	SROIE official test split; pages/sroie rendered a 120-row sample of it
sroie	test-00000-of-00001.parquet#000258	score	CC-BY-4.0	SROIE official test split; pages/sroie rendered a 120-row sample of it
sroie	test-00000-of-00001.parquet#000259	score	CC-BY-4.0	SROIE official test split; pages/sroie rendered a 120-row sample of it
sroie	test-00000-of-00001.parquet#000260	score	CC-BY-4.0	SROIE official test split; pages/sroie rendered a 120-row sample of it
sroie	test-00000-of-00001.parquet#000261	score	CC-BY-4.0	SROIE official test split; pages/sroie rendered a 120-row sample of it
sroie	test-00000-of-00001.parquet#000262	score	CC-BY-4.0	SROIE official test split; pages/sroie rendered a 120-row sample of it
sroie	test-00000-of-00001.parquet#000263	score	CC-BY-4.0	SROIE official test split; pages/sroie rendered a 120-row sample of it
sroie	test-00000-of-00001.parquet#000264	score	CC-BY-4.0	SROIE official test split; pages/sroie rendered a 120-row sample of it
sroie	test-00000-of-00001.parquet#000265	score	CC-BY-4.0	SROIE official test split; pages/sroie rendered a 120-row sample of it
sroie	test-00000-of-00001.parquet#000266	score	CC-BY-4.0	SROIE official test split; pages/sroie rendered a 120-row sample of it
sroie	test-00000-of-00001.parquet#000267	score	CC-BY-4.0	SROIE official test split; pages/sroie rendered a 120-row sample of it
sroie	test-00000-of-00001.parquet#000268	score	CC-BY-4.0	SROIE official test split; pages/sroie rendered a 120-row sample of it
sroie	test-00000-of-00001.parquet#000269	score	CC-BY-4.0	SROIE official test split; pages/sroie rendered a 120-row sample of it
sroie	test-00000-of-00001.parquet#000270	score	CC-BY-4.0	SROIE official test split; pages/sroie rendered a 120-row sample of it
sroie	test-00000-of-00001.parquet#000271	score	CC-BY-4.0	SROIE official test split; pages/sroie rendered a 120-row sample of it
sroie	test-00000-of-00001.parquet#000272	score	CC-BY-4.0	SROIE official test split; pages/sroie rendered a 120-row sample of it
sroie	test-00000-of-00001.parquet#000273	score	CC-BY-4.0	SROIE official test split; pages/sroie rendered a 120-row sample of it
sroie	test-00000-of-00001.parquet#000274	score	CC-BY-4.0	SROIE official test split; pages/sroie rendered a 120-row sample of it
sroie	test-00000-of-00001.parquet#000275	score	CC-BY-4.0	SROIE official test split; pages/sroie rendered a 120-row sample of it
sroie	test-00000-of-00001.parquet#000276	score	CC-BY-4.0	SROIE official test split; pages/sroie rendered a 120-row sample of it
sroie	test-00000-of-00001.parquet#000277	score	CC-BY-4.0	SROIE official test split; pages/sroie rendered a 120-row sample of it
sroie	test-00000-of-00001.parquet#000278	score	CC-BY-4.0	SROIE official test split; pages/sroie rendered a 120-row sample of it
sroie	test-00000-of-00001.parquet#000279	score	CC-BY-4.0	SROIE official test split; pages/sroie rendered a 120-row sample of it
sroie	test-00000-of-00001.parquet#000280	score	CC-BY-4.0	SROIE official test split; pages/sroie rendered a 120-row sample of it
sroie	test-00000-of-00001.parquet#000281	score	CC-BY-4.0	SROIE official test split; pages/sroie rendered a 120-row sample of it
sroie	test-00000-of-00001.parquet#000282	score	CC-BY-4.0	SROIE official test split; pages/sroie rendered a 120-row sample of it
sroie	test-00000-of-00001.parquet#000283	score	CC-BY-4.0	SROIE official test split; pages/sroie rendered a 120-row sample of it
sroie	test-00000-of-00001.parquet#000284	score	CC-BY-4.0	SROIE official test split; pages/sroie rendered a 120-row sample of it
sroie	test-00000-of-00001.parquet#000285	score	CC-BY-4.0	SROIE official test split; pages/sroie rendered a 120-row sample of it
sroie	test-00000-of-00001.parquet#000286	score	CC-BY-4.0	SROIE official test split; pages/sroie rendered a 120-row sample of it
sroie	test-00000-of-00001.parquet#000287	score	CC-BY-4.0	SROIE official test split; pages/sroie rendered a 120-row sample of it
sroie	test-00000-of-00001.parquet#000288	score	CC-BY-4.0	SROIE official test split; pages/sroie rendered a 120-row sample of it
sroie	test-00000-of-00001.parquet#000289	score	CC-BY-4.0	SROIE official test split; pages/sroie rendered a 120-row sample of it
sroie	test-00000-of-00001.parquet#000290	score	CC-BY-4.0	SROIE official test split; pages/sroie rendered a 120-row sample of it
sroie	test-00000-of-00001.parquet#000291	score	CC-BY-4.0	SROIE official test split; pages/sroie rendered a 120-row sample of it
sroie	test-00000-of-00001.parquet#000292	score	CC-BY-4.0	SROIE official test split; pages/sroie rendered a 120-row sample of it
sroie	test-00000-of-00001.parquet#000293	score	CC-BY-4.0	SROIE official test split; pages/sroie rendered a 120-row sample of it
sroie	test-00000-of-00001.parquet#000294	score	CC-BY-4.0	SROIE official test split; pages/sroie rendered a 120-row sample of it
sroie	test-00000-of-00001.parquet#000295	score	CC-BY-4.0	SROIE official test split; pages/sroie rendered a 120-row sample of it
sroie	test-00000-of-00001.parquet#000296	score	CC-BY-4.0	SROIE official test split; pages/sroie rendered a 120-row sample of it
sroie	test-00000-of-00001.parquet#000297	score	CC-BY-4.0	SROIE official test split; pages/sroie rendered a 120-row sample of it
sroie	test-00000-of-00001.parquet#000298	score	CC-BY-4.0	SROIE official test split; pages/sroie rendered a 120-row sample of it
sroie	test-00000-of-00001.parquet#000299	score	CC-BY-4.0	SROIE official test split; pages/sroie rendered a 120-row sample of it
sroie	test-00000-of-00001.parquet#000300	score	CC-BY-4.0	SROIE official test split; pages/sroie rendered a 120-row sample of it
sroie	test-00000-of-00001.parquet#000301	score	CC-BY-4.0	SROIE official test split; pages/sroie rendered a 120-row sample of it
sroie	test-00000-of-00001.parquet#000302	score	CC-BY-4.0	SROIE official test split; pages/sroie rendered a 120-row sample of it
sroie	test-00000-of-00001.parquet#000303	score	CC-BY-4.0	SROIE official test split; pages/sroie rendered a 120-row sample of it
sroie	test-00000-of-00001.parquet#000304	score	CC-BY-4.0	SROIE official test split; pages/sroie rendered a 120-row sample of it
sroie	test-00000-of-00001.parquet#000305	score	CC-BY-4.0	SROIE official test split; pages/sroie rendered a 120-row sample of it
sroie	test-00000-of-00001.parquet#000306	score	CC-BY-4.0	SROIE official test split; pages/sroie rendered a 120-row sample of it
sroie	test-00000-of-00001.parquet#000307	score	CC-BY-4.0	SROIE official test split; pages/sroie rendered a 120-row sample of it
sroie	test-00000-of-00001.parquet#000308	score	CC-BY-4.0	SROIE official test split; pages/sroie rendered a 120-row sample of it
sroie	test-00000-of-00001.parquet#000309	score	CC-BY-4.0	SROIE official test split; pages/sroie rendered a 120-row sample of it
sroie	test-00000-of-00001.parquet#000310	score	CC-BY-4.0	SROIE official test split; pages/sroie rendered a 120-row sample of it
sroie	test-00000-of-00001.parquet#000311	score	CC-BY-4.0	SROIE official test split; pages/sroie rendered a 120-row sample of it
sroie	test-00000-of-00001.parquet#000312	score	CC-BY-4.0	SROIE official test split; pages/sroie rendered a 120-row sample of it
sroie	test-00000-of-00001.parquet#000313	score	CC-BY-4.0	SROIE official test split; pages/sroie rendered a 120-row sample of it
sroie	test-00000-of-00001.parquet#000314	score	CC-BY-4.0	SROIE official test split; pages/sroie rendered a 120-row sample of it
sroie	test-00000-of-00001.parquet#000315	score	CC-BY-4.0	SROIE official test split; pages/sroie rendered a 120-row sample of it
sroie	test-00000-of-00001.parquet#000316	score	CC-BY-4.0	SROIE official test split; pages/sroie rendered a 120-row sample of it
sroie	test-00000-of-00001.parquet#000317	score	CC-BY-4.0	SROIE official test split; pages/sroie rendered a 120-row sample of it
sroie	test-00000-of-00001.parquet#000318	score	CC-BY-4.0	SROIE official test split; pages/sroie rendered a 120-row sample of it
sroie	test-00000-of-00001.parquet#000319	score	CC-BY-4.0	SROIE official test split; pages/sroie rendered a 120-row sample of it
sroie	test-00000-of-00001.parquet#000320	score	CC-BY-4.0	SROIE official test split; pages/sroie rendered a 120-row sample of it
sroie	test-00000-of-00001.parquet#000321	score	CC-BY-4.0	SROIE official test split; pages/sroie rendered a 120-row sample of it
sroie	test-00000-of-00001.parquet#000322	score	CC-BY-4.0	SROIE official test split; pages/sroie rendered a 120-row sample of it
sroie	test-00000-of-00001.parquet#000323	score	CC-BY-4.0	SROIE official test split; pages/sroie rendered a 120-row sample of it
sroie	test-00000-of-00001.parquet#000324	score	CC-BY-4.0	SROIE official test split; pages/sroie rendered a 120-row sample of it
sroie	test-00000-of-00001.parquet#000325	score	CC-BY-4.0	SROIE official test split; pages/sroie rendered a 120-row sample of it
sroie	test-00000-of-00001.parquet#000326	score	CC-BY-4.0	SROIE official test split; pages/sroie rendered a 120-row sample of it
sroie	test-00000-of-00001.parquet#000327	score	CC-BY-4.0	SROIE official test split; pages/sroie rendered a 120-row sample of it
sroie	test-00000-of-00001.parquet#000328	score	CC-BY-4.0	SROIE official test split; pages/sroie rendered a 120-row sample of it
sroie	test-00000-of-00001.parquet#000329	score	CC-BY-4.0	SROIE official test split; pages/sroie rendered a 120-row sample of it
sroie	test-00000-of-00001.parquet#000330	score	CC-BY-4.0	SROIE official test split; pages/sroie rendered a 120-row sample of it
sroie	test-00000-of-00001.parquet#000331	score	CC-BY-4.0	SROIE official test split; pages/sroie rendered a 120-row sample of it
sroie	test-00000-of-00001.parquet#000332	score	CC-BY-4.0	SROIE official test split; pages/sroie rendered a 120-row sample of it
sroie	test-00000-of-00001.parquet#000333	score	CC-BY-4.0	SROIE official test split; pages/sroie rendered a 120-row sample of it
sroie	test-00000-of-00001.parquet#000334	score	CC-BY-4.0	SROIE official test split; pages/sroie rendered a 120-row sample of it
sroie	test-00000-of-00001.parquet#000335	score	CC-BY-4.0	SROIE official test split; pages/sroie rendered a 120-row sample of it
sroie	test-00000-of-00001.parquet#000336	score	CC-BY-4.0	SROIE official test split; pages/sroie rendered a 120-row sample of it
sroie	test-00000-of-00001.parquet#000337	score	CC-BY-4.0	SROIE official test split; pages/sroie rendered a 120-row sample of it
sroie	test-00000-of-00001.parquet#000338	score	CC-BY-4.0	SROIE official test split; pages/sroie rendered a 120-row sample of it
sroie	test-00000-of-00001.parquet#000339	score	CC-BY-4.0	SROIE official test split; pages/sroie rendered a 120-row sample of it
sroie	test-00000-of-00001.parquet#000340	score	CC-BY-4.0	SROIE official test split; pages/sroie rendered a 120-row sample of it
sroie	test-00000-of-00001.parquet#000341	score	CC-BY-4.0	SROIE official test split; pages/sroie rendered a 120-row sample of it
sroie	test-00000-of-00001.parquet#000342	score	CC-BY-4.0	SROIE official test split; pages/sroie rendered a 120-row sample of it
sroie	test-00000-of-00001.parquet#000343	score	CC-BY-4.0	SROIE official test split; pages/sroie rendered a 120-row sample of it
sroie	test-00000-of-00001.parquet#000344	score	CC-BY-4.0	SROIE official test split; pages/sroie rendered a 120-row sample of it
sroie	test-00000-of-00001.parquet#000345	score	CC-BY-4.0	SROIE official test split; pages/sroie rendered a 120-row sample of it
sroie	test-00000-of-00001.parquet#000346	score	CC-BY-4.0	SROIE official test split; pages/sroie rendered a 120-row sample of it
sroie	test-00000-of-00001.parquet#000347	score	CC-BY-4.0	SROIE official test split; pages/sroie rendered a 120-row sample of it
sroie	test-00000-of-00001.parquet#000348	score	CC-BY-4.0	SROIE official test split; pages/sroie rendered a 120-row sample of it
sroie	test-00000-of-00001.parquet#000349	score	CC-BY-4.0	SROIE official test split; pages/sroie rendered a 120-row sample of it
sroie	test-00000-of-00001.parquet#000350	score	CC-BY-4.0	SROIE official test split; pages/sroie rendered a 120-row sample of it
sroie	test-00000-of-00001.parquet#000351	score	CC-BY-4.0	SROIE official test split; pages/sroie rendered a 120-row sample of it
sroie	test-00000-of-00001.parquet#000352	score	CC-BY-4.0	SROIE official test split; pages/sroie rendered a 120-row sample of it
sroie	test-00000-of-00001.parquet#000353	score	CC-BY-4.0	SROIE official test split; pages/sroie rendered a 120-row sample of it
sroie	test-00000-of-00001.parquet#000354	score	CC-BY-4.0	SROIE official test split; pages/sroie rendered a 120-row sample of it
sroie	test-00000-of-00001.parquet#000355	score	CC-BY-4.0	SROIE official test split; pages/sroie rendered a 120-row sample of it
sroie	test-00000-of-00001.parquet#000356	score	CC-BY-4.0	SROIE official test split; pages/sroie rendered a 120-row sample of it
sroie	test-00000-of-00001.parquet#000357	score	CC-BY-4.0	SROIE official test split; pages/sroie rendered a 120-row sample of it
sroie	test-00000-of-00001.parquet#000358	score	CC-BY-4.0	SROIE official test split; pages/sroie rendered a 120-row sample of it
sroie	test-00000-of-00001.parquet#000359	score	CC-BY-4.0	SROIE official test split; pages/sroie rendered a 120-row sample of it
sroie	test-00000-of-00001.parquet#000360	score	CC-BY-4.0	SROIE official test split; pages/sroie rendered a 120-row sample of it
