#shard	row	sha1	chars
train-00000-of-00008.parquet	000000	ccf6262e193aaac3fd275145078d1b5e11f8f688	3167
train-00000-of-00008.parquet	000001	7b826d1df2ac9ada76d0323bf350b3dff3c4086d	1653
train-00000-of-00008.parquet	000002	ccf6262e193aaac3fd275145078d1b5e11f8f688	3167
train-00000-of-00008.parquet	000003	35b2821020c5bff77325f325675a13346b445502	1650
train-00000-of-00008.parquet	000004	deb9b83476ef603d8e7d7c4a6b594c80d1653e49	2800
train-00000-of-00008.parquet	000005	4ba64648664d5b802772f0657a2454eda1d3045e	2978
train-00000-of-00008.parquet	000006	bfe62c9519170325cfcc5fb3536e58f64a4d3060	3046
train-00000-of-00008.parquet	000007	5222cbfcf49263195a371d8770e8cf0ef594c8cd	3337
train-00000-of-00008.parquet	000008	4e0c7a8e7566f30521e171dfe45ac30f7e3e3f6b	2393
train-00000-of-00008.parquet	000009	1cac80592a3b1cf50b1e542b49677cd3f1dcf028	2844
train-00000-of-00008.parquet	000010	99a189add902856df1fab7442c7faad233b97a6e	2976
train-00000-of-00008.parquet	000011	704d52de6cbeeae46e359c828caa7e70597b220d	2791
train-00000-of-00008.parquet	000012	4c8761c20c8bfc0535caef28f97b4b2b7f225eef	2395
train-00000-of-00008.parquet	000013	9c0d1e1efc9eaf5e71c59d4611d2fe0bddcdad3e	1421
train-00000-of-00008.parquet	000014	1971ac1d77f15fb7b8860a5a1745cc8860d86d71	1940
train-00000-of-00008.parquet	000015	7ac336e0908de5f8fa2bda2634b99044e677cc7a	2946
train-00000-of-00008.parquet	000016	8d3572095eb5d772f131d71e6d1787efb6386d91	5380
train-00000-of-00008.parquet	000017	2055b596ef4258d70978efafde780454a695b93d	4439
train-00000-of-00008.parquet	000018	b51de883b225c55a06dab121874aacc67dd86d7a	1152
train-00000-of-00008.parquet	000019	1a8a113f156e9662a175dab056aaf6193914bf86	1602
train-00000-of-00008.parquet	000020	88ab9c125a7c3926a5710a5ee2eb539b2b8d77db	2365
train-00000-of-00008.parquet	000021	220f995d4d4637e04d9321b78c1b8245c0d29a5b	1535
train-00000-of-00008.parquet	000022	ddd0829409c974cb2759e75c392d8fbd1ac0fe12	1604
train-00000-of-00008.parquet	000023	3f8f4cd66d8c8f5928bfaf41cb41b748cb46a3b0	2158
train-00000-of-00008.parquet	000024	92a93435764015ab8672b6ec6c8ed13803887c42	1832
train-00000-of-00008.parquet	000025	c96cbf816f1ebf7c2fd2281f7a4d2e8e3827c304	1609
train-00000-of-00008.parquet	000026	84147efaf8bfd38b8ea6341b25d2fab82a70f488	1119
train-00000-of-00008.parquet	000027	71410e65873b4968f98d0673f247500f07020553	870
train-00000-of-00008.parquet	000028	426861530e5be48bbc5cc5b5229ca5d614ef892f	870
train-00000-of-00008.parquet	000029	115e7018a6c4e1f4e5a0bde610695ff7aabcc007	872
train-00000-of-00008.parquet	000030	09f8ce764020becd9f91d47e744c456cc343b2ad	1533
train-00000-of-00008.parquet	000031	1c1593cc1ed8ddfc91375107af3151b565f6ad74	1694
train-00000-of-00008.parquet	000032	644ff59c1a87d03f2fa22773fd3fc626e6959bdf	1817
train-00000-of-00008.parquet	000033	8300d591857f99022387aaca3eb2aff924a4b4f7	1919
train-00000-of-00008.parquet	000034	d5e4abbd5163ad1a0591d3f3a4b969f83c778ada	3801
train-00000-of-00008.parquet	000035	b0bf315e8a698b55a6cf803cd77827445d4040c4	3751
train-00000-of-00008.parquet	000036	e148fb0b2f70819d2f7a7f5bb80e352d28206a60	4473
train-00000-of-00008.parquet	000037	33cf1754ad6e8129121b4649e52da4a79bdb2c45	4247
train-00000-of-00008.parquet	000038	0ea8017d112fb430a5e0434915fc1b1ebbac42a4	4221
train-00000-of-00008.parquet	000039	f1b97962f3df4abafeb8b059235153ef8d7dc986	1620
train-00000-of-00008.parquet	000040	addd7efd7e25b1f6f6d4835e2784aee5526588af	3812
train-00000-of-00008.parquet	000041	34c6c0630ad5a5ee35d7d51bfded5622cd8de73b	1425
train-00000-of-00008.parquet	000042	2c87e515a56c7da479fa2742e74c2c83f5a025f0	2222
train-00000-of-00008.parquet	000043	5061d188f04dbbc4bafb28f473842287f15a9f7d	3096
train-00000-of-00008.parquet	000044	f607833d8fcd4f2581d81e51c277881250176d88	1752
train-00000-of-00008.parquet	000045	ea77885272c4af050c8e7f87e951d47839e75448	1759
train-00000-of-00008.parquet	000046	bcdb19552cb7e1d2cf6da5457e34e2f1918305ef	1741
train-00000-of-00008.parquet	000047	cc401fa22ee3a65f3338d039979dcaded7ad8213	1794
train-00000-of-00008.parquet	000048	e028afb1b97a8c87847618300adcafe63649b3e9	1690
train-00000-of-00008.parquet	000049	57b11c127e8b390453042534edc713f763f74360	1863
train-00000-of-00008.parquet	000050	e45ea9a712b0cf7e6c4741ef12b39125569732a7	1718
train-00000-of-00008.parquet	000051	8d999ec1e78e643115982a7063321bee8beb9102	1800
train-00000-of-00008.parquet	000052	99864fc6c92c7e9fdda4a739d327209de92732a5	1749
train-00000-of-00008.parquet	000053	34269fa4a7163559cbd54b39f12eab4c3b782ad0	1740
train-00000-of-00008.parquet	000054	4cf8c9888355949fe816af0d8fc78c60f2d4e106	1741
train-00000-of-00008.parquet	000055	63c3e916a8b3db454a7118874f9c69d15e756e69	3218
train-00000-of-00008.parquet	000056	e0d0ccde89eb0ec7be82d342ebf61db508f4bae1	3212
train-00000-of-00008.parquet	000057	5b90d65ed5c2231d90d68041b602c66660e13307	3015
train-00000-of-00008.parquet	000058	3491afd3418c2a1836bb4cfc20cbf2f7ec98ae79	3606
train-00000-of-00008.parquet	000059	9a91127eb39067bd2be7a8c9a65621291cd524ec	2719
train-00000-of-00008.parquet	000060	5995de6e3702cb24c0bbc3a1806375dc10f6a690	3738
train-00000-of-00008.parquet	000061	7203193f2987c69d5c8e0f29a5ffd23ba9372dfb	3229
train-00000-of-00008.parquet	000062	ba87076c780d3cb5755ff6afe92372beeaea54b2	2745
train-00000-of-00008.parquet	000063	ba63eda6692f697ac21cd01d618c1e2748242de8	3298
train-00000-of-00008.parquet	000064	54f193f956158efbf971c0130c92d12c2d3596b2	2990
train-00000-of-00008.parquet	000065	95593055b7343d864c90d2dc9e1ab24b28612250	3475
train-00000-of-00008.parquet	000066	9c2b8fc990b1ab9647a1af9724891ef833865a65	3187
train-00000-of-00008.parquet	000067	0811a2d5c26cb3a23cc600cb2000fb35119a8400	3360
train-00000-of-00008.parquet	000068	3b955b3a67e0f84d4888f827562f9aada0836eac	2883
train-00000-of-00008.parquet	000069	cdb881a47ebd93a9ea0e203ea299f5253316fcc7	2947
train-00000-of-00008.parquet	000070	80509d82375db033b7a366b212fd1d00bcc00311	3585
train-00000-of-00008.parquet	000071	c14a57fd76f82346d8ff99e3acab868abccf8cee	2890
train-00000-of-00008.parquet	000072	0e1997a69ffd11218c30e4d451080ee7bfcc58b7	3751
train-00000-of-00008.parquet	000073	57326ebce2660164dee8a29991039acdb14440d8	3074
train-00000-of-00008.parquet	000074	dfb3e529c04f17f5f1e49b4242f15ba28383d400	2542
train-00000-of-00008.parquet	000075	d05549df1faa4d8cdc2dab434b5d746e9c26df14	3621
train-00000-of-00008.parquet	000076	5ccdf17825556b12a2e3942a3b84b36d8da2555d	3038
train-00000-of-00008.parquet	000077	fe8906be8e3d9f6c3a773babb65cf1ccda7772af	3527
train-00000-of-00008.parquet	000078	0b64c308071a0e269a7f48adc469e58b1464d65d	2588
train-00000-of-00008.parquet	000079	b1e902e4e208aade23a0e13fc0724b2f47918577	2543
train-00000-of-00008.parquet	000080	7e97f6d1f25e2d218082db39dce9d4b58a0c4ac5	3707
train-00000-of-00008.parquet	000081	f0492796862820fe8d21a42049cbfade12a1a567	3220
train-00000-of-00008.parquet	000082	323cbd8d4ddcb779b04fd987bbfb990379dc13e8	2723
train-00000-of-00008.parquet	000083	ba63eda6692f697ac21cd01d618c1e2748242de8	3298
train-00000-of-00008.parquet	000084	912e161a8c24843b1488a452a65a6e9aabae0abd	3004
train-00000-of-00008.parquet	000085	f3d8ea0a86cf2306fecfa5a3e2619cf214d7b1e6	3476
train-00000-of-00008.parquet	000086	473774b4acb7aeaae2ab02264321f337674b3355	3157
train-00000-of-00008.parquet	000087	9e6e15225e512e9eea0531a653aa5d426c7009e4	3356
train-00000-of-00008.parquet	000088	3b955b3a67e0f84d4888f827562f9aada0836eac	2883
train-00000-of-00008.parquet	000089	8e72d71a74b6f6f7569463c391bef3a8a58aa851	2983
train-00000-of-00008.parquet	000090	e5032174e6254990185272b28232f98b8053b70b	3624
train-00000-of-00008.parquet	000091	009a4751235ecb87dfbd675a26f2a6bd5e43252a	2860
train-00000-of-00008.parquet	000092	9138e30f3f0459874c9e62b2629af3d5ee7587fc	3746
train-00000-of-00008.parquet	000093	57326ebce2660164dee8a29991039acdb14440d8	3074
train-00000-of-00008.parquet	000094	13aed1819d5443b742165a41dd8ee5f80610367b	2653
train-00000-of-00008.parquet	000095	d9e78d141e94682301581a63187ee77a71bb475b	3622
train-00000-of-00008.parquet	000096	d30d048d1b72b6573f090084c0418fb1f8317e08	2138
train-00000-of-00008.parquet	000097	907cceb09a1047f75dcc4ceed0560dfdbc2ad47e	3110
train-00000-of-00008.parquet	000098	998c859e711de5e39ce04b24c13104ad5e2ef619	3581
train-00000-of-00008.parquet	000099	153f09304e4e05dacf94a03efaf1bf54bc9ca1e7	2266
train-00000-of-00008.parquet	000100	7f65aec7cd152f2ccecae2a7ecf10a58bbb6a66f	2926
train-00000-of-00008.parquet	000101	fda9d7efb1c9196d13d88a388bbdd93f0de61c5e	3391
train-00000-of-00008.parquet	000102	ee9d0b39bd4626730f195061c707b0dbf9475c1b	3056
train-00000-of-00008.parquet	000103	b33c80e64a627d55ea17e0f7ccf8a08a2a5d33a9	3724
train-00000-of-00008.parquet	000104	ef27c66b6f98a518cbff37c9c31999ddd5a7c30d	2556
train-00000-of-00008.parquet	000105	0f4073d797ab09aa4e913847db6123f891c56295	3124
train-00000-of-00008.parquet	000106	c1e37053ef482f098fa8a97756713c76191654b8	3575
train-00000-of-00008.parquet	000107	6a6ad3c5aa94abac0996ef82bdbf2f542ad430cb	2221
train-00000-of-00008.parquet	000108	3d969a1dad0fba53100356f311a3f0311b34c74c	2978
train-00000-of-00008.parquet	000109	5e6d46e5f8436cc7dd04e66545ad4cd4f665671c	3369
train-00000-of-00008.parquet	000110	f7ba2a0898b7c8bfaaa6b44227b298c6ad248c4f	3099
train-00000-of-00008.parquet	000111	7b31b0f87bbc87d38624fc24d5a9bf7db2081cb9	3788
train-00000-of-00008.parquet	000112	2a26c93a7816d68dc9cea8297f15520668ea8d28	2641
train-00000-of-00008.parquet	000113	1dd2a780cc673d64be4e5b7d99995017e7b65d83	3072
train-00000-of-00008.parquet	000114	f77cd822c5ad02f1f242fe5735e0349be970d115	3541
train-00000-of-00008.parquet	000115	a09ca0988f10a06134c432bd894090ec4fb555f4	2268
train-00000-of-00008.parquet	000116	b794436062c82ff13a4640587a2b760176e10b8a	2983
train-00000-of-00008.parquet	000117	26e61593e26579acbac08a79719d34dff0397c01	3412
train-00000-of-00008.parquet	000118	7d0cabe6808f0142fb9c19c30da0e77237a57b49	3008
train-00000-of-00008.parquet	000119	dc257c0c767e001feaa2e9d3b7cafbca4c86f508	3817
train-00000-of-00008.parquet	000120	e7adc5104fb5974432a430e2a5467abf2f58b34d	2851
train-00000-of-00008.parquet	000121	df229a29674e40236f79840495956a72b436b89d	2733
train-00000-of-00008.parquet	000122	0fb6dc58b36fd8f04e56fba86487b3e9427ef361	3615
train-00000-of-00008.parquet	000123	ff3b9b53e6150e92651ba387751c78795b7184cf	2864
train-00000-of-00008.parquet	000124	2462b7b69bb934e555e044050a91e3d662925c89	3577
train-00000-of-00008.parquet	000125	460233fbdaa455cd2d86ff884dc74f9cd2aadb7a	3222
train-00000-of-00008.parquet	000126	5c7caf680e9e4976ff1d837c60f55178d044acf7	2701
train-00000-of-00008.parquet	000127	717a053c4f9b9911984dfdc96d378b9011643f46	3487
train-00000-of-00008.parquet	000128	34384399daf4ccc962a975c152eb4a231ced1c01	2957
train-00000-of-00008.parquet	000129	fda9d7efb1c9196d13d88a388bbdd93f0de61c5e	3391
train-00000-of-00008.parquet	000130	40dcac3ac4b590dde8bbecbc0eff771ad30fc16f	3265
train-00000-of-00008.parquet	000131	a87ac72060bfe4a78cec2bdc6dbe1905e45daa3e	3344
train-00000-of-00008.parquet	000132	cfbddd8405f5dd475a7551424cb42cadf624b3ce	2939
train-00000-of-00008.parquet	000133	e11ef19134db9c975d3acab410eca0bce8d5c362	2586
train-00000-of-00008.parquet	000134	165ff70213ac9f60fc3d12b99f4c3351829583f7	2847
train-00000-of-00008.parquet	000135	4666d3a666f30d09563110b2289fe59264f2535d	3245
train-00000-of-00008.parquet	000136	e687f7dd812ca83747e81b80cfeec153fc21af26	2842
train-00000-of-00008.parquet	000137	43572618bc12e9348d2c8163737c821f68c94004	2563
train-00000-of-00008.parquet	000138	e27c40a30bb5192b223dcbf0dd4d66618f9f5cdf	3539
train-00000-of-00008.parquet	000139	eda9a0f360d0547987aabe1a5b35a77788a5bb7f	2947
train-00000-of-00008.parquet	000140	42f30b5a0117913d2b5c70594b6d62b9df628e99	3452
train-00000-of-00008.parquet	000141	762816876ab8cd5b6c9d706c0761f27b7bc22078	3101
train-00000-of-00008.parquet	000142	24ded8bf59249b401c97eebfc515e016d2caf602	3097
train-00000-of-00008.parquet	000143	ccb147340416566121e6a31579cb135689115896	3229
train-00000-of-00008.parquet	000144	0d4b06c47ef0fd6dad71d9cbd28b4bd614d4a413	3046
train-00000-of-00008.parquet	000145	eb8161095f910fe410b62f8691d876192a72f3ae	3522
train-00000-of-00008.parquet	000146	c8c0b7def86c21ff562abaf2b196ed42a6ecc0fa	2835
train-00000-of-00008.parquet	000147	237bc3499a268b680161e74d99e91c2fb0852554	3903
train-00000-of-00008.parquet	000148	ce6b269cda4e377abaef1a679db04bccdfa9f7a1	3122
train-00000-of-00008.parquet	000149	543415b3c738e8b80ad758c87e9725b9e2a8bddb	2517
train-00000-of-00008.parquet	000150	38289cfdb23caf8bb29113cbeafb3ebb3fdf9108	3604
train-00000-of-00008.parquet	000151	7f7972fdab70e4451a5de00178f83728527ad83a	2922
train-00000-of-00008.parquet	000152	af13683807bb9309d60894b50c469919742064c3	3610
train-00000-of-00008.parquet	000153	0701f3b114af42eef6493f6061f4169bf1ab52d5	3254
train-00000-of-00008.parquet	000154	85de3506596b76434d87ab2c933d4888137f802a	2693
train-00000-of-00008.parquet	000155	d2955ac307aa397baa93de9f77e0aba2b04b65de	3546
train-00000-of-00008.parquet	000156	8c21afbf8e3b25cee3f31c4dc30f545c04e424a0	2975
train-00000-of-00008.parquet	000157	3cd1c9096110c242088c378a9acc7d7728f4cc54	3373
train-00000-of-00008.parquet	000158	0bedcab35692d10047ae287331c5298460c48cc8	3063
train-00000-of-00008.parquet	000159	0e40e6cc5f5a619d0a7c44e1acee03bc3e41065f	3782
train-00000-of-00008.parquet	000160	2a26c93a7816d68dc9cea8297f15520668ea8d28	2641
train-00000-of-00008.parquet	000161	11b357bdd5bac3e1929ea592caba7f4a7c4e1b32	2956
train-00000-of-00008.parquet	000162	6c8d6c5ae44b2d082046118a59c955156bd01eba	3619
train-00000-of-00008.parquet	000163	37bb34daca0c10614823463ea63bf755db6c7f7b	2790
train-00000-of-00008.parquet	000164	6451ff2c6b36b2612f0674c1ed497faf14099e2a	3651
train-00000-of-00008.parquet	000165	288e724c575694c78260bb3736a28d8524343c22	3227
train-00000-of-00008.parquet	000166	2c597047e28bdeab8acfdf3a09fdf39d9f5c4f86	2709
train-00000-of-00008.parquet	000167	e27ce44571aa09b1bede37d54b2338bb19a36b4f	3273
train-00000-of-00008.parquet	000168	5a0e88d6a3096e3ec8ed32c00b0c98b39b94df10	3215
train-00000-of-00008.parquet	000169	7295ebc5f6d7d129017c8899db562358d17ad6db	3433
train-00000-of-00008.parquet	000170	45453abc7e996b66e4163b9196006826fb8f5fcc	2577
train-00000-of-00008.parquet	000171	6b31b453787841823a2603a5c3899e449654aed0	2627
train-00000-of-00008.parquet	000172	5db74277b2efbdc49deffc263d6e56053d25d72c	3590
train-00000-of-00008.parquet	000173	b2e40974d3af2ba7ae173c419f970ae07c163310	3204
train-00000-of-00008.parquet	000174	0c5116f9bc226b2a1fac04935fe425c0a7aa663d	2702
train-00000-of-00008.parquet	000175	717a053c4f9b9911984dfdc96d378b9011643f46	3487
train-00000-of-00008.parquet	000176	5e819e903c82bfef4a22da0ab4a5c2a00849ce16	2954
train-00000-of-00008.parquet	000177	fda9d7efb1c9196d13d88a388bbdd93f0de61c5e	3391
train-00000-of-00008.parquet	000178	8d61bb304df01fe06e31c03882db16357101d291	3101
train-00000-of-00008.parquet	000179	84b150a0d0f56e2b6a142a77b3ed8fc48df46f21	3709
train-00000-of-00008.parquet	000180	ef27c66b6f98a518cbff37c9c31999ddd5a7c30d	2556
train-00000-of-00008.parquet	000181	555efd5ef21057fedcdd51c5d3a4aba0c099e702	3125
train-00000-of-00008.parquet	000182	c1e37053ef482f098fa8a97756713c76191654b8	3575
train-00000-of-00008.parquet	000183	bee57a82bffe1c55d7a34262dc988e62b41608dc	2243
train-00000-of-00008.parquet	000184	ed1972df619156eb18653b77dc43267946db45c7	2963
train-00000-of-00008.parquet	000185	5e6d46e5f8436cc7dd04e66545ad4cd4f665671c	3369
train-00000-of-00008.parquet	000186	1c238f4cbe5021d1f12d1a6ae9486bfbbaa3b15c	3075
train-00000-of-00008.parquet	000187	fe91bbbe90a37b244c7daf22f9da359010c6ae6b	3773
train-00000-of-00008.parquet	000188	2a26c93a7816d68dc9cea8297f15520668ea8d28	2641
train-00000-of-00008.parquet	000189	6cb54088632f01b10944672cf2c649623e29aa28	2968
train-00000-of-00008.parquet	000190	6c8d6c5ae44b2d082046118a59c955156bd01eba	3619
train-00000-of-00008.parquet	000191	5e170596ccc461c64bfc39f3b33e952119c825c8	2777
train-00000-of-00008.parquet	000192	8291d73a5dd786efb7b3b81b47c690673d0acda8	3632
train-00000-of-00008.parquet	000193	c983a676858184bcfa03722a9b0e645ff95890fe	3175
train-00000-of-00008.parquet	000194	6e8730a153a25c8cb72148be9ac3948e09a02b66	2714
train-00000-of-00008.parquet	000195	e27ce44571aa09b1bede37d54b2338bb19a36b4f	3273
train-00000-of-00008.parquet	000196	90390e1361d86c6d5112ceb925fbde3d3ea6676c	3131
train-00000-of-00008.parquet	000197	77f7be7125a814ab744f0a43e38677ad10af0860	3410
train-00000-of-00008.parquet	000198	6b5d693cdb6a7d3f5ca73ad2fa293150ca5cc91d	3095
train-00000-of-00008.parquet	000199	5a49caa12d344715217d2e749f3a3f0b664c50b2	3670
train-00000-of-00008.parquet	000200	c845cf6f6a1e8ae2f50297fe4201c56effbb0b5d	2630
train-00000-of-00008.parquet	000201	f58e73281ce055b248e655ce6f5131f1d5a5f8c9	3023
train-00000-of-00008.parquet	000202	3491afd3418c2a1836bb4cfc20cbf2f7ec98ae79	3606
train-00000-of-00008.parquet	000203	e96dd025c4d05ebb2195c7ebd7167ebac38e46df	2727
train-00000-of-00008.parquet	000204	51b1515c5b7db1dbccf1be5f407773bf632e77d7	3739
train-00000-of-00008.parquet	000205	4dbc043b672d6dafd219247b24a4063a559e4866	3195
train-00000-of-00008.parquet	000206	cfbfadbed3b8cb456d0c2499cb62696211475bfa	2704
train-00000-of-00008.parquet	000207	ba63eda6692f697ac21cd01d618c1e2748242de8	3298
train-00000-of-00008.parquet	000208	d49772110fdbb8e0239195da738d011b7f8ce2df	2998
train-00000-of-00008.parquet	000209	fdcd4cf0a691e50247b7738542af9510796bab02	3520
train-00000-of-00008.parquet	000210	9a7bc5ed3447275980a43df185a316837def703b	3166
train-00000-of-00008.parquet	000211	b030c80cc70d32b6423314570f37eef5fe058aa9	3346
train-00000-of-00008.parquet	000212	3b955b3a67e0f84d4888f827562f9aada0836eac	2883
train-00000-of-00008.parquet	000213	374a414ae0a24bc6843973aca937bb6e7b943f4b	3086
train-00000-of-00008.parquet	000214	02519ce85af7ee43638368e16816f533a87bcda9	3344
train-00000-of-00008.parquet	000215	2984f17da9577574756e3e211b99a70a725bbcfc	2496
train-00000-of-00008.parquet	000216	7c22bcb18aff01c45ad8c73f60b48264cfcd4835	3017
train-00000-of-00008.parquet	000217	7295ebc5f6d7d129017c8899db562358d17ad6db	3433
train-00000-of-00008.parquet	000218	5b762388fcabf24a64385006d8f48ee2b6146cb8	2563
train-00000-of-00008.parquet	000219	5e3579bcf400b528da08f7a700d1d5e392236deb	2641
train-00000-of-00008.parquet	000220	3e823c505cfd863852f294f6a95596d5295f14d3	3637
train-00000-of-00008.parquet	000221	f0f4eed4e44260c10b777efb7d1e2165d5e68b14	3204
train-00000-of-00008.parquet	000222	fbf71e7d6674e594f715fd178ab4d37b06fc7df7	2743
train-00000-of-00008.parquet	000223	717a053c4f9b9911984dfdc96d378b9011643f46	3487
train-00000-of-00008.parquet	000224	e000b721a24ae619989252d5915777d6d9fbe557	2965
train-00000-of-00008.parquet	000225	d5455268d2a08507cf8460dd93ecf7d4ecfa35d7	3392
train-00000-of-00008.parquet	000226	33dc0462df5922309f869acaa2df1d7d56298127	3091
train-00000-of-00008.parquet	000227	68b4cd8ce15734499976d8e2e17c1b5d26613f7a	3696
train-00000-of-00008.parquet	000228	ef27c66b6f98a518cbff37c9c31999ddd5a7c30d	2556
train-00000-of-00008.parquet	000229	0399062cfbd6fb72d4697504dba9bc4fb1fba1c4	3005
train-00000-of-00008.parquet	000230	3491afd3418c2a1836bb4cfc20cbf2f7ec98ae79	3606
train-00000-of-00008.parquet	000231	b1dfb4211485113eca73aff4f64f375fbcae02fb	2751
train-00000-of-00008.parquet	000232	37009b28abed45e16428aa2bd245c3e7fedd4223	3740
train-00000-of-00008.parquet	000233	4151fcb721f4e0c32624c0b50ab3d130cda1989e	3213
train-00000-of-00008.parquet	000234	32bced9a0e1fed29988bf3520b6bb3f25745e6ab	2779
train-00000-of-00008.parquet	000235	ba63eda6692f697ac21cd01d618c1e2748242de8	3298
train-00000-of-00008.parquet	000236	6b9d57d5976ec8ffc35e758a147fa6b2def08599	2993
train-00000-of-00008.parquet	000237	fdcd4cf0a691e50247b7738542af9510796bab02	3520
train-00000-of-00008.parquet	000238	78444bfd842f1c5ab273f63be387158fa7bbbc32	3187
train-00000-of-00008.parquet	000239	726f194924592b73aa65d1a611fe8fe956a96487	3401
train-00000-of-00008.parquet	000240	3b955b3a67e0f84d4888f827562f9aada0836eac	2883
train-00000-of-00008.parquet	000241	bec0227fc666fcb954cbff62cd0286c405af6665	2947
train-00000-of-00008.parquet	000242	868ea01079978fa814d37064ba962f0ab161f64b	3577
train-00000-of-00008.parquet	000243	c7b045c13a8960c4b6059806dd128a25761a5782	2856
train-00000-of-00008.parquet	000244	e262ea4d8a2c55d4abb23dce644dac453809d554	3746
train-00000-of-00008.parquet	000245	57326ebce2660164dee8a29991039acdb14440d8	3074
train-00000-of-00008.parquet	000246	62b38930dc69318fd7fd26031c728ebdd23574ba	2547
train-00000-of-00008.parquet	000247	d05549df1faa4d8cdc2dab434b5d746e9c26df14	3621
train-00000-of-00008.parquet	000248	ae9b665f479118f30d412e2ded783a4882a76a06	2930
train-00000-of-00008.parquet	000249	9942ea3afbd61f0681d7371949f0ccba8e9602f5	3495
train-00000-of-00008.parquet	000250	b8defe6ea7da30db554383682255f2a1624a3d6b	3133
train-00000-of-00008.parquet	000251	1f84d0ee67b6d212e82c29fa35f28b3b3d6260a2	2840
train-00000-of-00008.parquet	000252	bec1c3842fe50d5d2e6e6af32a01f58a326cc746	3447
train-00000-of-00008.parquet	000253	9d35fee4055d7e1dd5b9b2e79fe3e236ab802ef4	2977
train-00000-of-00008.parquet	000254	765ce387a1e61d7369cefbcf6446b84141fadaea	3320
train-00000-of-00008.parquet	000255	9d402ef73a5431430df021df41ec364bbddf6118	3082
train-00000-of-00008.parquet	000256	fe767c10c408941faaab1361addbde094e490b90	3759
train-00000-of-00008.parquet	000257	835ce0aa9596e9262fec498fddace28e566e9945	2745
train-00000-of-00008.parquet	000258	f387b08237b618a1a905439c7c9bb8d963a8b649	2884
train-00000-of-00008.parquet	000259	d9e78d141e94682301581a63187ee77a71bb475b	3622
train-00000-of-00008.parquet	000260	44ef3184cbc9975801e07160f702d9eb490e97a4	2816
train-00000-of-00008.parquet	000261	a1b5f62ce45cc62e25dd3a454bfad6c94d01ebfd	3741
train-00000-of-00008.parquet	000262	24ee14a68a37f7aa2bea4b198ea39cc563bc1693	2639
train-00000-of-00008.parquet	000263	8721fef7cd59d9e6d1762f206e1a7ea66b4b449c	2623
train-00000-of-00008.parquet	000264	53215afe43c4487294a9e082d407f7558cdd66ad	3759
train-00000-of-00008.parquet	000265	4250cadab1c3867938c7d902922202ea9fab380d	2649
train-00000-of-00008.parquet	000266	f7c7e636163e1b4b43ab423bb983c73981b972fa	2512
train-00000-of-00008.parquet	000267	bfabdb31ffb15f216ff1bb45f5e6bfb169924f14	3430
train-00000-of-00008.parquet	000268	cc939bc4a2ebc30dca4ffb3add4599e50553ef42	2796
train-00000-of-00008.parquet	000269	5596800bea411b26a3a9c249fda54b1333570670	2962
train-00000-of-00008.parquet	000270	8f63c03955b25350540ad67c1a86b60da693fa87	3560
train-00000-of-00008.parquet	000271	bab2a7036950573342fea7d40a71ddaec786778c	2990
train-00000-of-00008.parquet	000272	17b523944cdebeccca0f6716002a4950dc88992d	3809
train-00000-of-00008.parquet	000273	a9918c91f89f5fc28d5a887cbb2bebfa6c092ae9	2596
train-00000-of-00008.parquet	000274	a5b3ab1287c032d7760d152129c190081479f47d	2461
train-00000-of-00008.parquet	000275	8fc1a9ceee4111a353bbaa2a7bb1d539d56e02e4	3663
train-00000-of-00008.parquet	000276	4afe9559392f979e3db99d0b24159857e98761a7	2591
train-00000-of-00008.parquet	000277	ede5971bdb8112d8b4fc85da61d21d8d154cd2a1	3124
train-00000-of-00008.parquet	000278	c1e37053ef482f098fa8a97756713c76191654b8	3575
train-00000-of-00008.parquet	000279	c2910880960851551630ba215632cdd7bd830ed7	2225
train-00000-of-00008.parquet	000280	915182e20aaaed56cbca584be82fda53f59daa13	3211
train-00000-of-00008.parquet	000281	c891622dcee47922c5d9c6c5e2222edb457e58ca	3434
train-00000-of-00008.parquet	000282	fc4ce19abe6e0aba07d550fab618199c0148ab07	3114
train-00000-of-00008.parquet	000283	6ee75f4d9578a6d64f8111bc7059d0182525de71	3644
train-00000-of-00008.parquet	000284	c845cf6f6a1e8ae2f50297fe4201c56effbb0b5d	2630
train-00000-of-00008.parquet	000285	0fc4bcde8b03aef8a6fe354547143a65292c8afa	3046
train-00000-of-00008.parquet	000286	3491afd3418c2a1836bb4cfc20cbf2f7ec98ae79	3606
train-00000-of-00008.parquet	000287	b885234abe317345381be63ba44909b4d4b4ec19	2767
train-00000-of-00008.parquet	000288	1cd9e13b547a2e7b5dd1f045cc998b76749e77a2	3785
train-00000-of-00008.parquet	000289	7f49234187ef5ab0bdfb0a890800ef8d59d6d6be	3205
train-00000-of-00008.parquet	000290	7761d249f13f7a2d1e4b094f225fa3e44f2bd709	2731
train-00000-of-00008.parquet	000291	ba63eda6692f697ac21cd01d618c1e2748242de8	3298
train-00000-of-00008.parquet	000292	8930702bdf1de39d9519aaeb9471154316f5d56e	3000
train-00000-of-00008.parquet	000293	c299110a4ad9946fc39a7660b71bcc9d746ddced	3475
train-00000-of-00008.parquet	000294	013da5cc9d5e63bc7f9852c3c4b207b72c23ea24	3195
train-00000-of-00008.parquet	000295	ecf24d4b54a4c63e7d18f60c0f8fafe05f6e4892	3346
train-00000-of-00008.parquet	000296	3b955b3a67e0f84d4888f827562f9aada0836eac	2883
train-00000-of-00008.parquet	000297	f75986ca7becccf6b22aa337430bb881cda05b9c	2940
train-00000-of-00008.parquet	000298	868ea01079978fa814d37064ba962f0ab161f64b	3577
train-00000-of-00008.parquet	000299	b3f606a848ad0de7da767297e30552cdb63033b7	2895
train-00000-of-00008.parquet	000300	44118c94b64cadb4906a8c267edfd186fb97db55	3746
train-00000-of-00008.parquet	000301	57326ebce2660164dee8a29991039acdb14440d8	3074
train-00000-of-00008.parquet	000302	eacd6b7f3b6694ec786952588d8724645ae1a902	2650
train-00000-of-00008.parquet	000303	f5afd1ea186ed4cef828c1b8414a6b09cac7c293	3645
train-00000-of-00008.parquet	000304	0c734b13d844e7eb9d14a325f9fdd051c62bf8e3	2916
train-00000-of-00008.parquet	000305	e90a17e2ac376fc55f1d9ab5b553fb2cf0f9ae56	3511
train-00000-of-00008.parquet	000306	d473de5a545775317bda67beed5490d1e3fc1f85	3127
train-00000-of-00008.parquet	000307	6e0319c52619f5fb6ed11acb1966af975d6ed39c	2831
train-00000-of-00008.parquet	000308	bec1c3842fe50d5d2e6e6af32a01f58a326cc746	3447
train-00000-of-00008.parquet	000309	239789d00a3ead8de4f6715e968952498eadcf67	3071
train-00000-of-00008.parquet	000310	76272303789e67d625a72e57c57ab4bdff976128	3346
train-00000-of-00008.parquet	000311	a937aa6c39737e0e6e9e8b6733aaa342e7ffb3ca	3131
train-00000-of-00008.parquet	000312	d1cb1c32365807a19143ebe403a76e938ddcb1fa	3778
train-00000-of-00008.parquet	000313	835ce0aa9596e9262fec498fddace28e566e9945	2745
train-00000-of-00008.parquet	000314	3e5f4d9bf99372d1955885624da0a6039ec057af	2863
train-00000-of-00008.parquet	000315	d9e78d141e94682301581a63187ee77a71bb475b	3622
train-00000-of-00008.parquet	000316	624a906cf2bd82ba247f7464e5f582fac9fd9bd0	2816
train-00000-of-00008.parquet	000317	a1b5f62ce45cc62e25dd3a454bfad6c94d01ebfd	3741
train-00000-of-00008.parquet	000318	1abb79e78b3835029eab6e4d190b065c628284b1	2640
train-00000-of-00008.parquet	000319	56c31526cce77617f84726b9a74c469e6d875416	2624
train-00000-of-00008.parquet	000320	336dafb4b4d26fa7de1b14436bcb550b04cfd356	3761
train-00000-of-00008.parquet	000321	4250cadab1c3867938c7d902922202ea9fab380d	2649
train-00000-of-00008.parquet	000322	801dd954efb9320ede4d0fd913f8ff1a26a86707	2525
train-00000-of-00008.parquet	000323	c1ab01571d0ae6c53cd52e700ca01c95e8f88cb7	3432
train-00000-of-00008.parquet	000324	cc939bc4a2ebc30dca4ffb3add4599e50553ef42	2796
train-00000-of-00008.parquet	000325	43e0e9d67fd5bfc4d3cd92dbede0138cef9d4a54	2967
train-00000-of-00008.parquet	000326	99ae0cedb200bf28a766798fdae327926ca2a23c	3561
train-00000-of-00008.parquet	000327	39a18b70f736d0c2041b1a02f43923b22e6a421c	2989
train-00000-of-00008.parquet	000328	1d2098bcf2ebdb6a6b79b819a6fef5b27f391356	3809
train-00000-of-00008.parquet	000329	724dd611110ea38276c793f84224b35e4478e034	2596
train-00000-of-00008.parquet	000330	e258f2ee886aa61dbe69a701d4a95f957c6938eb	2459
train-00000-of-00008.parquet	000331	3271c3002c121cdaec9b00e5b0adb6bb4a54a4d3	3662
train-00000-of-00008.parquet	000332	4afe9559392f979e3db99d0b24159857e98761a7	2591
train-00000-of-00008.parquet	000333	fdeff342bc2e03d068fe13fbf36d902fdeddf02a	2980
train-00000-of-00008.parquet	000334	3491afd3418c2a1836bb4cfc20cbf2f7ec98ae79	3606
train-00000-of-00008.parquet	000335	e4276df5c5e8e924e2236406516ce1bc704cbd34	2934
train-00000-of-00008.parquet	000336	569575cd1e6abac94c1a8a2bb288d2440947ee72	3758
train-00000-of-00008.parquet	000337	ff67b412d13c7feda4290c599f95a859dd1a0c4e	3104
train-00000-of-00008.parquet	000338	b6f1952289bbbd2b7f80713999a75d4b041290ba	2646
train-00000-of-00008.parquet	000339	0fb6dc58b36fd8f04e56fba86487b3e9427ef361	3615
train-00000-of-00008.parquet	000340	a02786ece426ea8c7e0f499b8aead1f988f36240	2172
train-00000-of-00008.parquet	000341	fd567de1cc365007ccf788c15d72f11d65a56f14	3124
train-00000-of-00008.parquet	000342	c1e37053ef482f098fa8a97756713c76191654b8	3575
train-00000-of-00008.parquet	000343	3f8c1a9d9f8d8b0c19e2ceb70f4729099758856f	2217
train-00000-of-00008.parquet	000344	353140837a5c52e440b82fc72cd0e3d507fa0965	2958
train-00000-of-00008.parquet	000345	8e3665aaa6eeea952804df723527c263c1f7f277	3368
train-00000-of-00008.parquet	000346	5b57ecde1e2feb5e980be05e506c791956735531	3075
train-00000-of-00008.parquet	000347	a52e80ce964c2e64f9637c0770073a883d1254e9	3786
train-00000-of-00008.parquet	000348	2a26c93a7816d68dc9cea8297f15520668ea8d28	2641
train-00000-of-00008.parquet	000349	6f09f52fc1c3cf9ff3854ff613336dd17cd2eb3a	2941
train-00000-of-00008.parquet	000350	6c8d6c5ae44b2d082046118a59c955156bd01eba	3619
train-00000-of-00008.parquet	000351	f7e28e71256c172c3944f164128842a99bcfe533	2783
train-00000-of-00008.parquet	000352	8291d73a5dd786efb7b3b81b47c690673d0acda8	3632
train-00000-of-00008.parquet	000353	d2056e6ab3de1786fe2c3556bfd84e428825c6b8	3224
train-00000-of-00008.parquet	000354	5308e9f75f4088ddf51b781083aeaf9c4143d234	2730
train-00000-of-00008.parquet	000355	e27ce44571aa09b1bede37d54b2338bb19a36b4f	3273
train-00000-of-00008.parquet	000356	f286d50b2176ce09f672965ff51fa56dd14886f9	3214
train-00000-of-00008.parquet	000357	7295ebc5f6d7d129017c8899db562358d17ad6db	3433
train-00000-of-00008.parquet	000358	e8a808f4396807db874a00d41f1fca070a5e995f	2582
train-00000-of-00008.parquet	000359	3b833a559fd88823eedcde801487f8e629aa536b	2663
train-00000-of-00008.parquet	000360	188392c50a75466c4b783eebaae76920bb2f977b	3596
train-00000-of-00008.parquet	000361	9215c0c922d0dcbf02ec0a755c70106eec957e70	3231
train-00000-of-00008.parquet	000362	f2b04fc8802e67961d362247d4d644f2541f2901	2688
train-00000-of-00008.parquet	000363	717a053c4f9b9911984dfdc96d378b9011643f46	3487
train-00000-of-00008.parquet	000364	e03d6b3e1b5a2fb2ec8a86e0958feffc0a4426c5	2984
train-00000-of-00008.parquet	000365	26ebffb200bc6c2ac08ebc5ac5a2c6a6dbecdce5	3408
train-00000-of-00008.parquet	000366	f681943ec5f23cdcd49e624a55affca234cbd1e3	3063
train-00000-of-00008.parquet	000367	c31af0d44450e3bbd49b1a480d83fbc66bed3d31	3709
train-00000-of-00008.parquet	000368	ef27c66b6f98a518cbff37c9c31999ddd5a7c30d	2556
train-00000-of-00008.parquet	000369	8e1e3d9d0905a596fa86e6d59fe1ddbe0a16f410	3027
train-00000-of-00008.parquet	000370	3491afd3418c2a1836bb4cfc20cbf2f7ec98ae79	3606
train-00000-of-00008.parquet	000371	1e16c0de62b9dacc4d5cc858ef8bd58b25d86f84	2769
train-00000-of-00008.parquet	000372	642f5252909dd601e2c0b74935f06a1c99099e13	3756
train-00000-of-00008.parquet	000373	f33617af828e76fc2b1d2a58516e13e650f72492	3196
train-00000-of-00008.parquet	000374	dcf80a529e65af5e2cb6a70d8268e21ffdbbfe1e	2716
train-00000-of-00008.parquet	000375	ba63eda6692f697ac21cd01d618c1e2748242de8	3298
train-00000-of-00008.parquet	000376	9a4c718bc0707cc5dfdff986c0dfb96773ebc483	3018
train-00000-of-00008.parquet	000377	96f20ed05230056702ac5ad61c2a5a9213837d0c	3477
train-00000-of-00008.parquet	000378	219386e5238157c343c9409ef5d0dc674f4380cb	3225
train-00000-of-00008.parquet	000379	69c9a7652d2d9fd842901ded4c1325e81812a320	2891
train-00000-of-00008.parquet	000380	26830c3e8b9d80ddc17767233ac715824d90ba58	3455
train-00000-of-00008.parquet	000381	24aa4141e9776ca782be7bdbb8c74869936052b9	2607
train-00000-of-00008.parquet	000382	f4fa061a2ac028fc4b2c047068b719d1fbfa2ae3	2712
train-00000-of-00008.parquet	000383	e27ce44571aa09b1bede37d54b2338bb19a36b4f	3273
train-00000-of-00008.parquet	000384	ad1e874392fafa761b6577ce7b0f2b14ccfe99bf	1243
train-00000-of-00008.parquet	000385	ce1cac04483a7625279f44ba85f2bee54d8a1096	2424
train-00000-of-00008.parquet	000386	4b39fdb64a98f5b1c4b76b6f8993403c4fda5677	741
train-00000-of-00008.parquet	000387	3b0d9e7d0da5683fcab85323404743e3737cca1f	1206
train-00000-of-00008.parquet	000388	52aa2021958a13b3fe9a241efa8d3458a857de39	2486
train-00000-of-00008.parquet	000389	92fd6cc642ee7f28fdfc5a83648e41dc8c8d60f6	3105
train-00000-of-00008.parquet	000390	bac1004cac5ebef0ef6505ba6f2d3c7fd53b3d62	2320
train-00000-of-00008.parquet	000391	770e1ef99527f668d79ceda4e3f6129f546b7eff	2661
train-00000-of-00008.parquet	000392	0131b94cf4bf67e15f68e3f85bcad3e1f8cc4a68	3152
train-00000-of-00008.parquet	000393	08d7069b1b7fe58fba6cb844bad37e8188026ff3	2898
train-00000-of-00008.parquet	000394	2fe8df624c39b710ed9ddb9d130da1607115d913	2788
train-00000-of-00008.parquet	000395	9b2dd03e0b26c99d574ef5da91732b471f8487cf	2489
train-00000-of-00008.parquet	000396	26f82679fdc6be76e6474df80598077eb55c7949	2363
train-00000-of-00008.parquet	000397	a0c153043d1c821d2c0317aa9b5fa46b26f5b1f3	1894
train-00000-of-00008.parquet	000398	3cb638d62e7a8f3d95f4b14e6c32b70882860e7a	1694
train-00000-of-00008.parquet	000399	4fbc006fe82c00dd239347f77ed9501acb48b258	1963
train-00000-of-00008.parquet	000400	515be07967ce9fed005e61a9cc96537afd28fc43	2071
train-00000-of-00008.parquet	000401	ed0a0b49573e524811252f05594bc94bf6c9702a	1895
train-00000-of-00008.parquet	000402	ec0b6e69f80e9681f2eef27c0465eb829b991a13	2044
train-00000-of-00008.parquet	000403	8e9002c2f3c493df9b35d144fb54b937a18cce65	2151
train-00000-of-00008.parquet	000404	876a9ec32f7444c4cc9fbdbc179ec8f3344584ef	1921
train-00000-of-00008.parquet	000405	7abc08f11ce87029442235d96a9d7e0a14a9211e	2056
train-00000-of-00008.parquet	000406	5a3de3cfb72d87f8958106950296426b4fcb972c	2080
train-00000-of-00008.parquet	000407	731d5ac47d52d70056877b93669abc98cf00e613	1929
train-00000-of-00008.parquet	000408	1aa5dc93d268e2f0eaf49f180dc0f73d30034e89	2015
train-00000-of-00008.parquet	000409	e56680dd04601b0aeed65876747b97fdcc4bb354	2063
train-00000-of-00008.parquet	000410	cb2000de5722a400dc7491e7d9fc7c9eb7952ac6	1953
train-00000-of-00008.parquet	000411	ca6a7ce905425547b4d5e2cf224ee40cc9ec819b	2032
train-00000-of-00008.parquet	000412	f5a27ac67e7c3ac848fac6f29425c58599cf3257	1922
train-00000-of-00008.parquet	000413	0d1e77ea23a356a2836504ffc012175b87326b63	2013
train-00000-of-00008.parquet	000414	85610eda7867d4668fe458488bb6cf7f17b4adee	2042
train-00000-of-00008.parquet	000415	2f485187a680f975aefff84b44abdc1df8c78d4f	1923
train-00000-of-00008.parquet	000416	24ff15625db0c42cff6861e5b0b4db75d25fadb3	1966
train-00000-of-00008.parquet	000417	0e4060ec9262a5ec117b632ab846696d59b9dd43	2037
train-00000-of-00008.parquet	000418	506f748bc83e7052679a15384e9d0c9ac5dac68d	1986
train-00000-of-00008.parquet	000419	5b27df1b013e3e3dce7c1b26e91a4cbed6b6181f	1867
train-00000-of-00008.parquet	000420	f0adb56d0a0840a5530652c05512af6ebe12ff0a	3573
train-00000-of-00008.parquet	000421	33f1497f848136e28d9481255b09657f8bdf2e9a	1674
train-00000-of-00008.parquet	000422	46d45d39a1bd5a53a8e06c7f8526c367886e143b	1617
train-00000-of-00008.parquet	000423	63682fd17e2e2fe17102cc2c4ddd6b593513a57e	1994
train-00000-of-00008.parquet	000424	b157020b3b1b336f06a8d4f579332c2103e97b39	2013
train-00000-of-00008.parquet	000425	4bbee53930a620ca2126a54106af65a280e2b0fe	2426
train-00000-of-00008.parquet	000426	2ded4fc918e649393933185fe6ef9fb3f16c333d	2666
train-00000-of-00008.parquet	000427	cf5aaa07c2864c9b122b144c593202430e0154b3	1525
train-00000-of-00008.parquet	000428	bee397fdf0dee6a0877a7f7be29028e21eebc5b6	2257
train-00000-of-00008.parquet	000429	d3543529bddc4fbbfc6bf4c59d198e8187fc278d	238
train-00000-of-00008.parquet	000430	8ae8fe278398ec2e693464a17bbe52cef9ed1d79	207
train-00000-of-00008.parquet	000431	90582c061affae4609cc38a688530d39a7bc7861	1800
train-00000-of-00008.parquet	000432	ffca9a920d4d8cfc0189810bd50abf734c2948fe	657
train-00000-of-00008.parquet	000433	e9c12b7e9289293d942bb1876197e71ceda9c4d9	3260
train-00000-of-00008.parquet	000434	0caf2e3cea3c0ac48cd2a73d9a437e9ac0812362	129
train-00000-of-00008.parquet	000435	a721c87db5c8cbbb71c8ee9ad05b3bc144c92b93	2185
train-00000-of-00008.parquet	000436	b66e168042ce9da3a442e787c6fdddb6c887a4d0	813
train-00000-of-00008.parquet	000437	fd12756d4f8535a2391b0d578866e93d692ac379	2933
train-00000-of-00008.parquet	000438	453a9f13ee364310ba45b3fc5c0923be732b7f37	3373
train-00000-of-00008.parquet	000439	7bc5bf17ff0145be1f281eb787ba7997545efcca	3335
train-00000-of-00008.parquet	000440	c4f1edcf97f3e6c87ac7aa816f64ef50d88fe740	2612
train-00000-of-00008.parquet	000441	698c0cb045fcaa8d215cc77341a2450d49817ad9	1942
train-00000-of-00008.parquet	000442	bf212c4fc3e5ec397ddfa1ca43638b0f23029337	2247
train-00000-of-00008.parquet	000443	d07c9e32f369a7a3b4aa8e802f61f6a0314f1f93	3431
train-00000-of-00008.parquet	000444	f064169377818eb6e54e0cbeb4f6228217c203ef	3040
train-00000-of-00008.parquet	000445	616d818ee6cc022d5b4d9a9d567e5aba039049d3	5161
train-00000-of-00008.parquet	000446	55dc762ad1fed8e7fb8fc49ed8e618287975d148	1270
train-00000-of-00008.parquet	000447	4d48a22b9ca013180af9185e31f13d9c6e504099	1383
train-00000-of-00008.parquet	000448	c254ebd1e09d7dcda7aac578b73a512277a1ace9	808
train-00000-of-00008.parquet	000449	7335d4bcf45417c6af10a06a0fd6e43ad49b43db	3137
train-00000-of-00008.parquet	000450	51e45e95c4c3cb8a9805d9565fe0591cf19e536e	1679
train-00000-of-00008.parquet	000451	367cba6c0f4a8c197d9f533c117a17914af12714	503
train-00000-of-00008.parquet	000452	ec20a3e57517c6172a7bb493853da4fbd21cad5e	649
train-00000-of-00008.parquet	000453	0ee0a0077034c4c1fb4013d983d48bb95d7ebb6e	149
train-00000-of-00008.parquet	000454	dc223921d118de5cd2c4e47e7dac49c70742132f	192
train-00000-of-00008.parquet	000455	3fded1e50deadeb6bed09a04b01d151d717ad961	1252
train-00000-of-00008.parquet	000456	30f2f475ca78b771f8a131fea499b7f3edd52158	1424
train-00000-of-00008.parquet	000457	ac9162efb107c799becdcc7e54fd2a9753f8e441	1405
train-00000-of-00008.parquet	000458	ff375ffe6d09ddc17c937a14de5f70147f532e5d	303
train-00000-of-00008.parquet	000459	0d81781460bd43fdd452027e2c08db162d07400f	1346
train-00000-of-00008.parquet	000460	fe64cf02551153fac958d7105fa5e81a670d9c0f	2033
train-00000-of-00008.parquet	000461	39f84a52da509819192b49bfb0f1d5cca7e669e1	1534
train-00000-of-00008.parquet	000462	4db7ec88c9c0716cb70d4b3f8841db794c164434	1591
train-00000-of-00008.parquet	000463	2a181b4a4651732bcee3d6eabdbed1b204dce3fd	1389
train-00000-of-00008.parquet	000464	0637f430d471d92590f5e3acb0b232177e17dd1b	270
train-00000-of-00008.parquet	000465	3ae870317c7ec1e659cf086cab73e5466326e1aa	510
train-00000-of-00008.parquet	000466	d3a2cf2be96ce6c682761a63e87d96614996261b	3408
train-00000-of-00008.parquet	000467	e03c780f59bd7c7081fe268169a5e182aa5ba6d6	5791
train-00000-of-00008.parquet	000468	a627c7e0bccd9c8649c54f5de75c12f662e917d9	613
train-00000-of-00008.parquet	000469	7d10f337dd0b3cd40d86176c7605b36207b96417	4087
train-00000-of-00008.parquet	000470	5e83302cec401809f58e838262bd9dda3fe31be7	1826
train-00000-of-00008.parquet	000471	d60d3dfa655b157f182e4bd4c9b7c62b8b6a7dd7	2876
train-00000-of-00008.parquet	000472	e234ba58dd06ef18b4b6fabb32eda72623f65aca	1873
train-00000-of-00008.parquet	000473	bfed6c92064a7140e9d98ea4daec70b0a56b24ee	1358
train-00000-of-00008.parquet	000474	ed46bb00313635849a6500cb3ede931e573c58ee	1353
train-00000-of-00008.parquet	000475	d4ed9bb1815a575eb3657c76d0fc085f7232302c	1495
train-00000-of-00008.parquet	000476	33df9d1b8a1bfa6fd93808e9d9b1fe33b282ffd8	1194
train-00000-of-00008.parquet	000477	283d4868e7f0b4f9529c07e394a7e4220ad0283a	1268
train-00000-of-00008.parquet	000478	3f19d09c2f3493bd1feb0985091d59934f85b998	1336
train-00000-of-00008.parquet	000479	1a2ed8c1d0d37e6be75d41d035a6befe7dd3c7f1	1341
train-00000-of-00008.parquet	000480	885a15c9b1f26ca49bfc15e7ecbe2710dbe02299	1316
train-00000-of-00008.parquet	000481	ba43aa8f599c71378653679abb5a9d867856e534	3318
train-00000-of-00008.parquet	000482	5e3eb838a29a1a786056ae7dee1ed569c35820f3	3581
train-00000-of-00008.parquet	000483	68ac4c7cb3dc3d9143a5e1452864ab5dfb404fd7	2633
train-00000-of-00008.parquet	000484	76db7ef654dca8fa1f9c755753fe7f47481808e2	938
train-00000-of-00008.parquet	000485	fa9682c2030eff2317d625ed454c75f59a0cce98	2136
train-00000-of-00008.parquet	000486	4e2276cef8bc40d41085ff0800b2244137d31592	581
train-00000-of-00008.parquet	000487	e8b6446cd567b0db03f5a9a56b317f55e8df6581	82
train-00000-of-00008.parquet	000488	3e49799d4f7e18af3e4e9a6677cc2bef6494d80d	320
train-00000-of-00008.parquet	000489	77c452eeb48713b1b4d7d9e23b9884d356e08fdc	1399
train-00000-of-00008.parquet	000490	8119531d92cb275728ded30c1a83bd9c3130d45d	1569
train-00000-of-00008.parquet	000491	fbbf64678fe22a460deb694ec196b7ad92712927	4358
train-00000-of-00008.parquet	000492	b521cff7424f23ed78f5092cc019ce88d44e5eaa	4918
train-00000-of-00008.parquet	000493	bc59421ea176c3e2d4c6eaaa90eb38cf4ed0d1ea	2096
train-00000-of-00008.parquet	000494	64ad71e8498e755939912f919aaeb3f8d9d35770	3972
train-00000-of-00008.parquet	000495	7c41c75c402d77ecd6625adf1bc63a6507a266eb	4573
train-00000-of-00008.parquet	000496	10ab9bf2474762f35a8dd19133030d8485248759	2022
train-00000-of-00008.parquet	000497	4995c02742783d277501653111b6fabc50ffca6f	3642
train-00000-of-00008.parquet	000498	9b87904a4babde9ff91f354d6719a2f90a21d1b4	5407
train-00000-of-00008.parquet	000499	0097eadf9a1de4d8538fba1f454041e49e394782	6969
train-00000-of-00008.parquet	000500	f38e19bf13902120be0d8b826e3dbeba9de4b56d	1555
train-00000-of-00008.parquet	000501	0aa4937b473f11e2e911ff94bc1d1b4d787c8332	2687
train-00000-of-00008.parquet	000502	3f8e86e7ca3d013fb7d6497320fceaace5aba0aa	2804
train-00000-of-00008.parquet	000503	3ad791d442e545ab7989c8f26fc818ca0c57d767	2514
train-00000-of-00008.parquet	000504	4eb0a4c689c0b4fc981daa1f019ccec9d107aa50	709
train-00000-of-00008.parquet	000505	7801b89187aef32a4a61c17c3d74fc53d4a84752	797
train-00000-of-00008.parquet	000506	3de82d26555fc43b87a7cb3d7b5225bf84975902	102
train-00000-of-00008.parquet	000507	2247394e8457d2cb524d87c794bf5d924ee9fbf9	321
train-00000-of-00008.parquet	000508	3f143a6e0ec5c5ca15a4e2be616f4221fdd90d60	1312
train-00000-of-00008.parquet	000509	a37b33c80b2e5a824c92aff565f8de90d0bb97ff	1622
train-00000-of-00008.parquet	000510	89775c890be322b098cb2fc36e2f43a7cf20d90f	1921
train-00000-of-00008.parquet	000511	c5c7fdf55faf0ca21fc4d7f6c3a0a2af0ffc86f6	1377
train-00000-of-00008.parquet	000512	d08c7be965ab10bc0b5b8929e74cf11a80acf40f	2103
train-00000-of-00008.parquet	000513	e361fd1dc59d539ce2236700cc42413bd8473905	1522
train-00000-of-00008.parquet	000514	85618a8b205d6ca3353188a66455bc7ef7e64d2d	1554
train-00000-of-00008.parquet	000515	a88a9f18ec2a3492bfcde4e7ef1f1d3c544b5f05	1733
train-00000-of-00008.parquet	000516	d363fba0f3cf0bc84fefb0b8b011b4a70169493c	3785
train-00000-of-00008.parquet	000517	e6396de51947b2bbf6b44f657c61f39285f7cb98	372
train-00000-of-00008.parquet	000518	ee36d48ff1de1316c7d1f4dd9ba01073c946238d	4126
train-00000-of-00008.parquet	000519	2d4e5dbd7c91bfcdc121900648528614af92fa69	4001
train-00000-of-00008.parquet	000520	ad3c28529fb0e5f6f7d30125e33250d18ebb770f	641
train-00000-of-00008.parquet	000521	9592e9d5099ae719f720a1645dec777611d4780c	638
train-00000-of-00008.parquet	000522	5a11108a77c764bb5e1593507aa57a1a7659201b	3473
train-00000-of-00008.parquet	000523	a102411471aac532092e45d6eab60b75bab3f9dc	5101
train-00000-of-00008.parquet	000524	7e17f2e50cbe8957d53a3b096ea3d26f5f33440e	6424
train-00000-of-00008.parquet	000525	64ec5536cd15e971be75424e47237c855b214fb9	1526
train-00000-of-00008.parquet	000526	3e52a01dfd8922b933f98c9b82b04b524c28284c	657
train-00000-of-00008.parquet	000527	5d69e88c4ac73980bfc923e98d8af1aeea150c45	3546
train-00000-of-00008.parquet	000528	5387a4ae35db188096783cffe716ee6de3043891	3855
train-00000-of-00008.parquet	000529	c1630c2b6d052c1f84e5cb436fc239e108596184	859
train-00000-of-00008.parquet	000530	30109c210e73cd2c54264317c70a72a6d700cfd0	5888
train-00000-of-00008.parquet	000531	c40185f052376eb47a182b12df6ae90ce6b07ad4	3840
train-00000-of-00008.parquet	000532	2a9aaf6f9b1615112f27516bd6c3dede94ba7033	1990
train-00000-of-00008.parquet	000533	aa2ad94f1576afd79677e0b5362195ebc4c2988e	276
train-00000-of-00008.parquet	000534	c4bf13a24ab0c3a981c3264a55912caf01742a74	2371
train-00000-of-00008.parquet	000535	96848e5017a11958d8e2b6b23ae926bbf97a5cde	1909
train-00000-of-00008.parquet	000536	6c6daf83350ef91a1def757f9302de2a3c282bc2	5384
train-00000-of-00008.parquet	000537	ee9b84cea3da9a8b8d7c39cba2172020a653cf7c	5730
train-00000-of-00008.parquet	000538	d109fc08ebe032fd61fa346e173fe9c0ee49f411	4610
train-00000-of-00008.parquet	000539	6053b7b5983b1dd6c56b15300a105a857a37e517	5797
train-00000-of-00008.parquet	000540	b2f1766d4f3e0580bccd779b03e27cc5702445a0	7552
train-00000-of-00008.parquet	000541	07bbd65ad7d8acea876d2be079d61c12f9416de7	4595
train-00000-of-00008.parquet	000542	27585cf8ddb8a98a19d57ff8c083eb1320c45488	5294
train-00000-of-00008.parquet	000543	47c6270962a2f67d161a3ae64461aa769e506e47	3707
train-00000-of-00008.parquet	000544	476597d7a03ad2e3c8bffdf55fb9256d4d2bcf2a	5814
train-00000-of-00008.parquet	000545	023b4cd6a18d4455399cbaaa47945f91ce664100	529
train-00000-of-00008.parquet	000546	aa5bbbb6b9d35e6955ea42d6e434c045638a67be	5886
train-00000-of-00008.parquet	000547	2fd0ba2201dd5daea8212ef263af97545e57e089	4810
train-00000-of-00008.parquet	000548	67c18aa92f4735988a8d5f6de41e765fcddfc868	3753
train-00000-of-00008.parquet	000549	adcac50ed7a3cd69362e6730601616fdadcaa2cf	5473
train-00000-of-00008.parquet	000550	7ec4f0afb0f33b7b1f65ed6774338104f26219a9	4687
train-00000-of-00008.parquet	000551	645a1516dd62d5301b13867eafff2fc8fa6d2d70	4372
train-00000-of-00008.parquet	000552	069a806071c5eb5c70e763036218bde2a3a53b2a	6546
train-00000-of-00008.parquet	000553	486c82deae6229cd0efcda7b75432d09487f9c57	5698
train-00000-of-00008.parquet	000554	ed5a71eebab7c9fb491ffe7819e947141e2c6e4b	5563
train-00000-of-00008.parquet	000555	b742148b2631aaa7c9478789a17832ada51f72d8	2341
train-00000-of-00008.parquet	000556	a36ddc2f75a5e349a3f8893dd467c037c758534d	5327
train-00000-of-00008.parquet	000557	784a818ef7bc0ac5a22dc75928fb6736e9b571d5	6985
train-00000-of-00008.parquet	000558	e0883fbbd8feab472e6afbb8a5328a355efaabfa	2947
train-00000-of-00008.parquet	000559	c182f2f3cf0cdfa234ce721e1095bfacfd7661ef	2196
train-00000-of-00008.parquet	000560	6f47491497a4437a07f009212f6a4aed2e5e6a03	5888
train-00000-of-00008.parquet	000561	f6659e5130e7e26e4e3cd6b4b24d893fb3d3a63d	5512
train-00000-of-00008.parquet	000562	6d536c4e9ac54bb5d9560547a86ebe3d39ea9612	4544
train-00000-of-00008.parquet	000563	82eb3242d7b8269e41c3f7cfef828138f83565c9	4236
train-00000-of-00008.parquet	000564	b35125ad6126be17212d25f755e758b57c3f6078	4110
train-00000-of-00008.parquet	000565	0211c53ca851ed36089dca06eebab3170bb38e6d	4342
train-00000-of-00008.parquet	000566	772f4fa26f1057de0368f248e43c2efe1a49804c	6059
train-00000-of-00008.parquet	000567	bb2eed58a0b31676c5693ed0c13788d422e57768	6902
train-00000-of-00008.parquet	000568	2d96e9d65b06e908842ac8ff513c161d3d9fe62c	4578
train-00000-of-00008.parquet	000569	8c37cb1aa9d789b819f9992754e6b96aaa183921	4804
train-00000-of-00008.parquet	000570	9460dc3d8f3fb1df30d1762cce0e7dc93ee02a90	7856
train-00000-of-00008.parquet	000571	8741a3971a30fd90f782fe4559df3450a40b09c6	5408
train-00000-of-00008.parquet	000572	8608569d3b022ba08abcc238adaffbdfc6b5404e	5035
train-00000-of-00008.parquet	000573	681d36f510e4fb254bd2a183e67d9b64cab8e1d3	7049
train-00000-of-00008.parquet	000574	d8a3e4ae62a162421c8ace4742ee7eb1b80a6d92	5324
train-00000-of-00008.parquet	000575	fcd53e8f6afdd854a4aa17d40c97eed741f1a966	5736
train-00000-of-00008.parquet	000576	3644043ca8c52d5b4bac50e041b737db920a1f6d	5239
train-00000-of-00008.parquet	000577	2e2c22c605c3d2ef719880f50e6dd46596d0dad3	5394
train-00000-of-00008.parquet	000578	ef9f4cb0f06a2809461a6cd9697f39d8aac4aa3a	4826
train-00000-of-00008.parquet	000579	b8d37a1db26b7c17f24fd067f28be61612fdbb84	3045
train-00000-of-00008.parquet	000580	e1a23bbe0bacc6a6ab4fce74b36997add5f67683	1090
train-00000-of-00008.parquet	000581	abffc8d7ccd8e6f57f95d4d2abcc0c336a9b15c6	154
train-00000-of-00008.parquet	000582	6f25b1ccdc80443dfd235388527c6476f0a1981e	5059
train-00000-of-00008.parquet	000583	cf3a8ded897238f6b561883afd05f3d5ae3bf697	1095
train-00000-of-00008.parquet	000584	dcde2159551d33a8aadaa8270c63c4389a4ad402	3627
train-00000-of-00008.parquet	000585	3b5c0dca613e7b6da2cc0323233d0bcbf6a48a0e	5110
train-00000-of-00008.parquet	000586	a82d7efaa95bb0ef7029c8280c4f6b1649ee539a	665
train-00000-of-00008.parquet	000587	9592e9d5099ae719f720a1645dec777611d4780c	638
train-00000-of-00008.parquet	000588	5a11108a77c764bb5e1593507aa57a1a7659201b	3473
train-00000-of-00008.parquet	000589	634b3241e7cbb6029f9029230f4d227d11fb82fc	5167
train-00000-of-00008.parquet	000590	5bd2d55ccb9ac022d3299c4f9c12bd01188afd58	6394
train-00000-of-00008.parquet	000591	64ec5536cd15e971be75424e47237c855b214fb9	1526
train-00000-of-00008.parquet	000592	f689954b376e1c19a0da77ef57331e5260a2ee16	673
train-00000-of-00008.parquet	000593	5d69e88c4ac73980bfc923e98d8af1aeea150c45	3546
train-00000-of-00008.parquet	000594	eed2f0815c1e67359afc8ea956e12e45f2f6e6d1	3938
train-00000-of-00008.parquet	000595	c85339be5ac763f7e3edd5f418f11520f764c448	1424
train-00000-of-00008.parquet	000596	30109c210e73cd2c54264317c70a72a6d700cfd0	5888
train-00000-of-00008.parquet	000597	c40185f052376eb47a182b12df6ae90ce6b07ad4	3840
train-00000-of-00008.parquet	000598	76451069c36d7554ccc65231ae74967e5d5c7026	2014
train-00000-of-00008.parquet	000599	760299d071e5b78692d470ec651732ec8a56ff8a	292
train-00000-of-00008.parquet	000600	3295f2855c755c06760a0a649a83c556a7e99fb3	2399
train-00000-of-00008.parquet	000601	9f6c817cbd3d1faa2e8c435b0d10a5ceaf2667f1	1922
train-00000-of-00008.parquet	000602	4c90df741caa8227fa863d16f98df0b779005bdb	5468
train-00000-of-00008.parquet	000603	9476be1cde1ae94fd0ee7cd8d82dd42d3e5c72f0	5744
train-00000-of-00008.parquet	000604	d109fc08ebe032fd61fa346e173fe9c0ee49f411	4610
train-00000-of-00008.parquet	000605	6053b7b5983b1dd6c56b15300a105a857a37e517	5797
train-00000-of-00008.parquet	000606	b2f1766d4f3e0580bccd779b03e27cc5702445a0	7552
train-00000-of-00008.parquet	000607	07bbd65ad7d8acea876d2be079d61c12f9416de7	4595
train-00000-of-00008.parquet	000608	27585cf8ddb8a98a19d57ff8c083eb1320c45488	5294
train-00000-of-00008.parquet	000609	47c6270962a2f67d161a3ae64461aa769e506e47	3707
train-00000-of-00008.parquet	000610	476597d7a03ad2e3c8bffdf55fb9256d4d2bcf2a	5814
train-00000-of-00008.parquet	000611	023b4cd6a18d4455399cbaaa47945f91ce664100	529
train-00000-of-00008.parquet	000612	aa5bbbb6b9d35e6955ea42d6e434c045638a67be	5886
train-00000-of-00008.parquet	000613	2fd0ba2201dd5daea8212ef263af97545e57e089	4810
train-00000-of-00008.parquet	000614	67c18aa92f4735988a8d5f6de41e765fcddfc868	3753
train-00000-of-00008.parquet	000615	adcac50ed7a3cd69362e6730601616fdadcaa2cf	5473
train-00000-of-00008.parquet	000616	7ec4f0afb0f33b7b1f65ed6774338104f26219a9	4687
train-00000-of-00008.parquet	000617	b01c3f35987865ada987ef1c16274d1559aa6369	5812
train-00000-of-00008.parquet	000618	47131dc6316cd63a13d4c74d0ddc2696aefbf1b9	6552
train-00000-of-00008.parquet	000619	73cb98a4643ce15682cd96fd0f2e24ee249c4336	6771
train-00000-of-00008.parquet	000620	ed5a71eebab7c9fb491ffe7819e947141e2c6e4b	5563
train-00000-of-00008.parquet	000621	b742148b2631aaa7c9478789a17832ada51f72d8	2341
train-00000-of-00008.parquet	000622	a36ddc2f75a5e349a3f8893dd467c037c758534d	5327
train-00000-of-00008.parquet	000623	784a818ef7bc0ac5a22dc75928fb6736e9b571d5	6985
train-00000-of-00008.parquet	000624	e0883fbbd8feab472e6afbb8a5328a355efaabfa	2947
train-00000-of-00008.parquet	000625	c182f2f3cf0cdfa234ce721e1095bfacfd7661ef	2196
train-00000-of-00008.parquet	000626	6f47491497a4437a07f009212f6a4aed2e5e6a03	5888
train-00000-of-00008.parquet	000627	f6659e5130e7e26e4e3cd6b4b24d893fb3d3a63d	5512
train-00000-of-00008.parquet	000628	6d536c4e9ac54bb5d9560547a86ebe3d39ea9612	4544
train-00000-of-00008.parquet	000629	82eb3242d7b8269e41c3f7cfef828138f83565c9	4236
train-00000-of-00008.parquet	000630	b35125ad6126be17212d25f755e758b57c3f6078	4110
train-00000-of-00008.parquet	000631	0211c53ca851ed36089dca06eebab3170bb38e6d	4342
train-00000-of-00008.parquet	000632	772f4fa26f1057de0368f248e43c2efe1a49804c	6059
train-00000-of-00008.parquet	000633	bb2eed58a0b31676c5693ed0c13788d422e57768	6902
train-00000-of-00008.parquet	000634	2d96e9d65b06e908842ac8ff513c161d3d9fe62c	4578
train-00000-of-00008.parquet	000635	8c37cb1aa9d789b819f9992754e6b96aaa183921	4804
train-00000-of-00008.parquet	000636	9460dc3d8f3fb1df30d1762cce0e7dc93ee02a90	7856
train-00000-of-00008.parquet	000637	8741a3971a30fd90f782fe4559df3450a40b09c6	5408
train-00000-of-00008.parquet	000638	8608569d3b022ba08abcc238adaffbdfc6b5404e	5035
train-00000-of-00008.parquet	000639	681d36f510e4fb254bd2a183e67d9b64cab8e1d3	7049
train-00000-of-00008.parquet	000640	d8a3e4ae62a162421c8ace4742ee7eb1b80a6d92	5324
train-00000-of-00008.parquet	000641	fcd53e8f6afdd854a4aa17d40c97eed741f1a966	5736
train-00000-of-00008.parquet	000642	3644043ca8c52d5b4bac50e041b737db920a1f6d	5239
train-00000-of-00008.parquet	000643	2e2c22c605c3d2ef719880f50e6dd46596d0dad3	5394
train-00000-of-00008.parquet	000644	ef9f4cb0f06a2809461a6cd9697f39d8aac4aa3a	4826
train-00000-of-00008.parquet	000645	b8d37a1db26b7c17f24fd067f28be61612fdbb84	3045
train-00000-of-00008.parquet	000646	e1a23bbe0bacc6a6ab4fce74b36997add5f67683	1090
train-00000-of-00008.parquet	000647	714f36fd4fce9e95741f361c7652580d940ad2a0	367
train-00000-of-00008.parquet	000648	9f0d8b91e98edfe1846e85b7251c000a156ebdd3	3648
train-00000-of-00008.parquet	000649	9dd25f2e83012d95ca887099cd1035abe43ca23f	116
train-00000-of-00008.parquet	000650	cc5937f1acfc037089c0d9a03de853731cd5ad7c	2759
train-00000-of-00008.parquet	000651	de935eb9347a0aa859df25e4c275649f9a73f210	3094
train-00000-of-00008.parquet	000652	4aa2dde30cfcc7e7758a0ea6a5f6cfb7ac79ebee	742
train-00000-of-00008.parquet	000653	6ffab4d6b55625cfa21e191f98b235a73de8ed4a	578
train-00000-of-00008.parquet	000654	42ebe7df3424bcf4c59c48f39468b2a670aa1800	3261
train-00000-of-00008.parquet	000655	7bee08a3cab2130ae13212d2440880c278101394	2627
train-00000-of-00008.parquet	000656	71a9d97780385398b9510ede4748d23c106c9bc5	4381
train-00000-of-00008.parquet	000657	dd728e67111c518e8ca57ae78fd9d666ef229cdd	3478
train-00000-of-00008.parquet	000658	a30f17abd6a20c2bfb93597533455efa921fd0d5	2976
train-00000-of-00008.parquet	000659	b9cbb68c7388a3ec1596f206d34c3ee417af2d93	4259
train-00000-of-00008.parquet	000660	91df32b1df46a3975758b9e939e8a214dc0041ef	3439
train-00000-of-00008.parquet	000661	bdf4f06a7f6a6e4d9c158e97a2dd03041e0fe340	3889
train-00000-of-00008.parquet	000662	b4f92ba7090faa77384ffc520a12414b70809676	4027
train-00000-of-00008.parquet	000663	dd2051e590114c2f93aa1772ff63c2966cd60733	2824
train-00000-of-00008.parquet	000664	609d8571d6c17c78c36674947b0c70f33c56c6d6	4092
train-00000-of-00008.parquet	000665	718eed779714e8df60b89ed741d76797c099d897	3618
train-00000-of-00008.parquet	000666	d115e9ca64629002b6a0d61b4470d2eb820282ff	3726
train-00000-of-00008.parquet	000667	ed260668ce82ca16cb6133c5ed3cb22ca94730bd	4157
train-00000-of-00008.parquet	000668	6e121e98d8d74ec8ee62c1eca700ddcb4bfa90ac	3453
train-00000-of-00008.parquet	000669	679de35b86cb2a0d461339e6e679734df420f7d5	1456
train-00000-of-00008.parquet	000670	ff95c30ecf0aac952252647a36bdc9fb8ad5fb43	1789
train-00000-of-00008.parquet	000671	bd589f1628da43ceb16191e8df7b24a031116c5a	2352
train-00000-of-00008.parquet	000672	5728c046da9ffabdce468f78ca695af1244f1e8b	88
train-00000-of-00008.parquet	000673	b552521e1798a8c9329969861ee63a4b8067f719	4900
train-00000-of-00008.parquet	000674	1c214067839716f8658a1e9b5ef44ab5847341eb	5405
train-00000-of-00008.parquet	000675	97aafb691ace04e253f6ce6ebfb18656833e5480	3935
train-00000-of-00008.parquet	000676	5707d041ec9ce91109bb403898abb61999bbb9c6	237
train-00000-of-00008.parquet	000677	4adb309afefe2ecf0d4dd3a04d310a30160a75d9	581
train-00000-of-00008.parquet	000678	47fbbed37cc6de5984b8b3665c694c919986fbb3	791
train-00000-of-00008.parquet	000679	b949a6d2c72529b71d562751531decec395577a6	84
train-00000-of-00008.parquet	000680	14d9c69461c6bf4b6488a282c21a8004e2456e8e	319
train-00000-of-00008.parquet	000681	2df9dab2f4c2f42983a2c2091c549ba7c99d68d4	1826
train-00000-of-00008.parquet	000682	df19103ada1f9482424eae9eecf6988e45d37c5f	2062
train-00000-of-00008.parquet	000683	265ad970a29db78c5a3739f19b9b61399c255409	1817
train-00000-of-00008.parquet	000684	660831f33dd21bcc337a894de7fd7164852d1b48	4205
train-00000-of-00008.parquet	000685	7f058af3796e08873b396c50703c079d9a2652b2	834
train-00000-of-00008.parquet	000686	2aedad7f0a984c16f220f27c2c78e6329fca93c4	800
train-00000-of-00008.parquet	000687	e2820c0981964469c9cc2e86d760d3e43dbda6c7	2091
train-00000-of-00008.parquet	000688	e25389f5fccedba22f7179fee47dfaa5dc8a94ba	3704
train-00000-of-00008.parquet	000689	e4080b32177a9b408274067a56fbd0b61e4a9bb9	2761
train-00000-of-00008.parquet	000690	50b4fb49f9ab645fa7d377358f11eedf35d08152	2629
train-00000-of-00008.parquet	000691	e65a4a7fe28b99f38e5e8712ba7eaa47f8691032	1827
train-00000-of-00008.parquet	000692	d6eeb4bd5fbae9b95e48430dd4db41c6a4362a8a	3090
train-00000-of-00008.parquet	000693	36c63a9c50d01e69a828a59b27f4d42c3eafd857	1007
train-00000-of-00008.parquet	000694	7ec2d30bd5de4e196cd4034048432bd6914c3488	1690
train-00000-of-00008.parquet	000695	78944894c7d28043b62e4d2b3176a1802b548dc9	2034
train-00000-of-00008.parquet	000696	8ba3eb316522c9470d22c10fbe185dac3cab8565	458
train-00000-of-00008.parquet	000697	75bd0915419481ffeed51a11648b7772c113bc76	3295
train-00000-of-00008.parquet	000698	b1f6db4ad7f342cd50d217795659f0897973f96e	2646
train-00000-of-00008.parquet	000699	10d51b11a6590b3564db5e50a10b35de3a103953	778
train-00000-of-00008.parquet	000700	e3bb2f0bdd9ca6a760feeb7f7ccf285d5d0e6daf	2008
train-00000-of-00008.parquet	000701	12e78e278fe746c08e86b7c5cba7d6c002473af9	1575
train-00000-of-00008.parquet	000702	b46b2edcf22ebf953c82b5a3dee9e48d47d39da8	786
train-00000-of-00008.parquet	000703	c2fd36b7c7baa2a8455e6d4ce9949670bf3e0a07	1969
train-00000-of-00008.parquet	000704	c215a856b2068fc9932f97f3dcae4b055c8ddf05	1604
train-00000-of-00008.parquet	000705	02fd3fb53a338ae6a10546bc2d66827bf74382b5	3053
train-00000-of-00008.parquet	000706	124dfb4e49b4a9644d40342aa2c57f2c399d72c7	3688
train-00000-of-00008.parquet	000707	bc88bc5241567bc2e468bca7a5cb09e0be054224	2440
train-00000-of-00008.parquet	000708	0e24604914372577a9bf1d373768ff0a3ca45670	4332
train-00000-of-00008.parquet	000709	d4dd3240a7a6c65da8cbe4758d2e17ea51c0c296	3725
train-00000-of-00008.parquet	000710	e0063baa4510de642a10b9729d7e191aeb087ae0	3349
train-00000-of-00008.parquet	000711	148e9af8c837e15e1635a18744d706271ecbae91	3531
train-00000-of-00008.parquet	000712	4eaa1b4ba0f2e4f8bb58c3d6c5e98474a4342006	3616
train-00000-of-00008.parquet	000713	6e4ad295fd985932c440a24f3e2a21d264901491	4240
train-00000-of-00008.parquet	000714	167cada12c378b364b59fbf8ec1efefddaf10a3b	4274
train-00000-of-00008.parquet	000715	7cb9cde63e2cbf84c3a562da0ca9b24eef611d9e	2805
train-00000-of-00008.parquet	000716	4124eafd5dd3fb0be2609a2074d389c29099efdf	3110
train-00000-of-00008.parquet	000717	6165ba85f8995039e8cf1fd52ab5d65173ea6183	1097
train-00000-of-00008.parquet	000718	5605ff9d86b49a6615df80c3feca32ab35e9f38c	274
train-00000-of-00008.parquet	000719	cd244a9e01406d0108f68f088c22c1e3ea8d4f39	23
train-00000-of-00008.parquet	000720	2cbec306acd728e0f6045f729c0903da9662b7f0	23
train-00000-of-00008.parquet	000721	162d2f691a1efa6a9941404c68f479259f351088	3571
train-00000-of-00008.parquet	000722	5044356e4bacd711d347931a871374b7cf29c0b3	2467
train-00000-of-00008.parquet	000723	112443b6cdbe7ba08073dda7ea2feb524c1f190b	3740
train-00000-of-00008.parquet	000724	3b3b22c5adcb764c484ee050d7b535eaa74434d7	3357
train-00000-of-00008.parquet	000725	35526398a9c52439edca09411b9867928f6bb94f	760
train-00000-of-00008.parquet	000726	b4da0e11790d95204ea73eecab5e8c43288ddee6	1955
train-00000-of-00008.parquet	000727	964d2a25bfc410294fd56fd5ff068539aefd7c25	2447
train-00000-of-00008.parquet	000728	4f244f872343251e4b9b9dd268b19f39bc8d1b78	802
train-00000-of-00008.parquet	000729	e404df2ecab7eb29c5e790dc40b84ec4ea4f39ba	2613
train-00000-of-00008.parquet	000730	403a71778cc066dc02267c9ae75b7775f647a65a	4139
train-00000-of-00008.parquet	000731	705bc8082e2b00f9bf3e3ce3e873b4e257ffa68f	164
train-00000-of-00008.parquet	000732	cc4ae78c5d417e97d11a16d3d8645c5cd4b63f3b	3352
train-00000-of-00008.parquet	000733	8463ec4b1e97971929068c01e647efff34853571	2207
train-00000-of-00008.parquet	000734	b59123322a06aaaeffbb31f88253e354b4717800	4762
train-00000-of-00008.parquet	000735	963d6e1a07a00200a14df29ae3f0c178ebd26c41	798
train-00000-of-00008.parquet	000736	73a0734c89bae9738e603192efe9f305015a3513	2090
train-00000-of-00008.parquet	000737	9417f3722974b1a36f4dbe735a29b30e2dc6ed61	5548
train-00000-of-00008.parquet	000738	ad4bc0f74e0384622636323a63aad1f7cadb6a39	338
train-00000-of-00008.parquet	000739	4f5ff01a56114d727e4e3f24d28ad9a3f9902899	782
train-00000-of-00008.parquet	000740	94ad8c9dd117643dd021f8f7d4a36dc58def231f	1060
train-00000-of-00008.parquet	000741	9cf70c042cd9a92ffc8789fba12809a45d3a6b81	2525
train-00000-of-00008.parquet	000742	47b77d99a29e9472d6a3b8394b312b6a9f6a7660	2581
train-00000-of-00008.parquet	000743	76bd8853e48b8b8b2a181d76b266a8a2df35f381	4594
train-00000-of-00008.parquet	000744	75cc1c83e12a39845f4131810d0ccd91909f4b94	3896
train-00000-of-00008.parquet	000745	910a18dea75014cbda302a400289b5940ee29b38	3771
train-00000-of-00008.parquet	000746	cc228555f2360905a102e877ecf6034fbd7c8e1b	588
train-00000-of-00008.parquet	000747	aae05d8db351cb59b480af6e8df33dde3ac958d9	2545
train-00000-of-00008.parquet	000748	af097d1f1122d625b6d795c2df8316995520981e	483
train-00000-of-00008.parquet	000749	0f9b2a443da72f48b6114bceaa5338d620fd5847	308
train-00000-of-00008.parquet	000750	68d4bb9f90a445f6bf416cc455daa7f052b9d7e6	845
train-00000-of-00008.parquet	000751	9798fa1bbe381bcef610a3f709a89a6d1dec705d	2042
train-00000-of-00008.parquet	000752	44f3268430da7cc693be361374e84d42c2d82bc6	308
train-00000-of-00008.parquet	000753	c6b9fba1cb9836ddd184689a95b8d1e8b3cc349c	846
train-00000-of-00008.parquet	000754	579d0e000dc74c69159e3f0558dcd80feabdfcf0	1163
train-00000-of-00008.parquet	000755	8bac3aa59eca5f9b9a04e7166700d32b5e34f31a	307
train-00000-of-00008.parquet	000756	f6283cbec40590e2fe1fb639496bda3a6f68b3f1	599
train-00000-of-00008.parquet	000757	945a068a8f16ef357794dacd10d58b1632b7c4a8	659
train-00000-of-00008.parquet	000758	90ff6f90992c418a7e7b9db20c1f1c1b195487b5	845
train-00000-of-00008.parquet	000759	f5bab3571759a20f0c694bdd268e022b000ab15e	2667
train-00000-of-00008.parquet	000760	7f5fbc1cdec8128628fdd3940284cc572b53b12f	308
train-00000-of-00008.parquet	000761	7f29f2ce9ac4899294a354886c37037f9d01665c	842
train-00000-of-00008.parquet	000762	4a958a9575e41389e85c1e22b7ec4380a6dbb62c	1012
train-00000-of-00008.parquet	000763	51b5689e895d37f4087e3d97bee3c033e3b9d22f	304
train-00000-of-00008.parquet	000764	73842234ce4169d9eff413bf928d7bd201dd67c9	842
train-00000-of-00008.parquet	000765	e9418ba4e8d23941c91806b342fc2f3f28ec5e88	1006
train-00000-of-00008.parquet	000766	a4abf8cec8398c9e9da79d07d4d71dc9424cf2fd	305
train-00000-of-00008.parquet	000767	b3d8d7906ed9126d371dc61a2d9601e303e0075f	74
train-00000-of-00008.parquet	000768	96f79457553ce835c5fbe3f952c6439be45125f9	1771
train-00000-of-00008.parquet	000769	487d2cc45467e833325d6b792be03b3ed51b9f80	3568
train-00000-of-00008.parquet	000770	9de4c1152ac7c7af4f1093f8a577e891ef8e696e	543
train-00000-of-00008.parquet	000771	0d1bc7ea026c4bde13eeca65ead02f54702a48aa	2489
train-00000-of-00008.parquet	000772	2236f24400a0f97edc4ccada7c259b7d19868edb	654
train-00000-of-00008.parquet	000773	985b1da6a2455a894e93c1e75bf3ff19ad979886	2328
train-00000-of-00008.parquet	000774	9670e9f192636ee938a8b56b179ec1b73bfc2b44	1656
train-00000-of-00008.parquet	000775	048f9ba136d002c4e11b65d164ebda87f69952f3	2319
train-00000-of-00008.parquet	000776	4ee837f5581b2035020dbcee8c80a83406834350	2869
train-00000-of-00008.parquet	000777	6dee5e07f6c94d9485c42f35a7e6b179404ee2d7	1803
train-00000-of-00008.parquet	000778	ca41e5ee916bc715efe2e95716cf0216ca0393f6	1937
train-00000-of-00008.parquet	000779	6e5cf6ea8494a66a1b21b752447aa7724bb229de	1967
train-00000-of-00008.parquet	000780	cddd93d8e9473a92b1e20617a0bcbbb40508b123	1955
train-00000-of-00008.parquet	000781	f693fa631ef93f7be2a61dcef3b08eec01f6063a	1436
train-00000-of-00008.parquet	000782	8dc797c899bc8d2921262ca623dfd61b4ea4fa12	1810
train-00000-of-00008.parquet	000783	932e8a7538241f9f9c060cafb514d9c4acac3231	593
train-00000-of-00008.parquet	000784	0918bdd9c74dc779bcd12cc46ff44e27976116fb	3278
train-00000-of-00008.parquet	000785	1707f9b98cd269f7e083edb947b2549f214952c3	182
train-00000-of-00008.parquet	000786	6272cfb36af5ca68dcab04d2d032d96beea56e60	3867
train-00000-of-00008.parquet	000787	533e19e543de3cf7b4e585a11329a1fab8254886	263
train-00000-of-00008.parquet	000788	60de3caa3d00d69f8cb09e395cbc4d676b0866cc	1045
train-00000-of-00008.parquet	000789	6f624d50f5dfbc07e76d7571a72e147f6797535a	689
train-00000-of-00008.parquet	000790	a1f82037d0253caa0355b34be42b0f604039c111	458
train-00000-of-00008.parquet	000791	1f5192c2c9b663112133252be4c37dfa799a6d74	1221
train-00000-of-00008.parquet	000792	7b965420b736fc47bfeed35be4e2f7fbc8321ed6	500
train-00000-of-00008.parquet	000793	b434383d761df5c41056ea85582c7649487d9d32	2160
train-00000-of-00008.parquet	000794	f4d0dee8ffd4851e6bcaaef2907d5620a2e78004	2634
train-00000-of-00008.parquet	000795	ec08a836aa34572ab5def8227fdf5d2895494c38	2865
train-00000-of-00008.parquet	000796	632870f1859fa41f0d69066e77d327091a50d17e	2681
train-00000-of-00008.parquet	000797	91fe23c30c26cca81e246c317eeac3b98153b376	3121
train-00000-of-00008.parquet	000798	bcb6b10548fc16c1dbf6ea6afb2c30c697d949ac	2138
train-00000-of-00008.parquet	000799	f47f47a7df62ef923b0358800b86ea5df792d44c	1460
train-00000-of-00008.parquet	000800	8afb8b0b601226cb9ba8f5d5f908466c2bdfb23c	1886
train-00000-of-00008.parquet	000801	b23f3df7b09ac2fdee796d181784e8d93d131d95	1674
train-00000-of-00008.parquet	000802	d90307da12f280dd8f9693bf080a0962329fa569	2447
train-00000-of-00008.parquet	000803	af941cfe665f167ed330c317a6e7d57411d13f33	2487
train-00000-of-00008.parquet	000804	07ea565a27684bad474a70d93e1a0eaaab06176b	1057
train-00000-of-00008.parquet	000805	07f345e3ca82f3b9e7d755640651e2cc8e5361c5	859
train-00000-of-00008.parquet	000806	0389889ea103f929ab50d948ef5c079980c77c23	541
train-00000-of-00008.parquet	000807	79df657420ae0e924f492727b9bbb28e481746eb	1583
train-00000-of-00008.parquet	000808	f5922945a501ee4485feb40d4680a06114c5ee3f	896
train-00000-of-00008.parquet	000809	0805f8bc2c7c98007f1cbaafd710d396cc251522	3737
train-00000-of-00008.parquet	000810	82046585217a2af17cd8aece7f956c95c289efe0	1831
train-00000-of-00008.parquet	000811	c076500c0d50e3135689c1a88f5fc24c8052f6cf	3414
train-00000-of-00008.parquet	000812	90ca1e2fe574d665b7ad0a8e9a71f8dca7c702ed	3569
train-00000-of-00008.parquet	000813	484ad1de0167ff9061b9ff9726f4aa93b592adb8	3080
train-00000-of-00008.parquet	000814	8d2eec7c9ae19b4d8bf8ce164b54747e25cc1bf4	4090
train-00000-of-00008.parquet	000815	36809f0f04a1024cb2c41cca460201b755679a99	3815
train-00000-of-00008.parquet	000816	82cb68a97d559be03a7bae42dedcf99db192f3e0	1288
train-00000-of-00008.parquet	000817	2fa9dc7b20811e4d930222519e2978225b9731c5	3482
train-00000-of-00008.parquet	000818	ea72aaa9b272b4b0421f2e48db71b9a0603375ff	3638
train-00000-of-00008.parquet	000819	5e0627e2832fb0d1362c8d22e39993275885e753	3028
train-00000-of-00008.parquet	000820	773129529ce3fe41a22835fdc2cb10db7a7a38a7	3316
train-00000-of-00008.parquet	000821	9d02b1fce321d321f799ee2638e2c47e9365b99d	3041
train-00000-of-00008.parquet	000822	4e13673531246d078d9ef13c2c98a652b3655d8c	3758
train-00000-of-00008.parquet	000823	b215b53cc6701ff3da66fcc41034d0f73bfb4211	1865
train-00000-of-00008.parquet	000824	57426c010bd22a7ac1463bf298b49952d288fbda	3866
train-00000-of-00008.parquet	000825	8b6f19a7bb307d622d79813ca012063f8cf3c079	2934
train-00000-of-00008.parquet	000826	b984813af5e13b4e84470a0fb97950c0f4d49830	1000
train-00000-of-00008.parquet	000827	4ada65a0002b6fd3a4c76dceb43e38554ae162f0	511
train-00000-of-00008.parquet	000828	93ff5fea64c26c86b4899c4e59c2fa8ef9846cfc	2227
train-00000-of-00008.parquet	000829	a56b35ca0bda2575f0e195fba1650ba907f56ac7	4976
train-00000-of-00008.parquet	000830	0e11d44f0a8cf3402594254ab1ba2c634b7a97be	5785
train-00000-of-00008.parquet	000831	af754870cc61adf3f386826b929aab6b3443ab42	1872
train-00000-of-00008.parquet	000832	b0b5761042271bf34b4b4a49d667c7833f081cd0	5201
train-00000-of-00008.parquet	000833	c0e7e07f67743260f03941a4fa98d28761c6cfff	4705
train-00000-of-00008.parquet	000834	d155359a91096d703828e783627e27ed122d433e	3528
train-00000-of-00008.parquet	000835	45f78266ff4bf89bc7d33378cc26561707116f05	2863
train-00000-of-00008.parquet	000836	35d8035f58d9a19d876c577223d6e264c5236360	2609
train-00000-of-00008.parquet	000837	dc8f5ac130ca321f7500b9b9aa3ce15a6762aab9	3829
train-00000-of-00008.parquet	000838	8f7055a4d0beb8a2eeb76e9612ad9e32dff1a055	4325
train-00000-of-00008.parquet	000839	09c64ea4809a1ae9586b892e6b3d728c103b5ddf	4351
train-00000-of-00008.parquet	000840	1f38c0075aa97ec0c293319bd2d5f9d24a20f9a7	5731
train-00000-of-00008.parquet	000841	01c694d9bddba6d0dd45052f69d1d4776648562e	4088
train-00000-of-00008.parquet	000842	6da5aead192dfe7aec723ce9cf86e912116bfa42	5230
train-00000-of-00008.parquet	000843	32c1aa834d0ccd856ed482a636df18e51a2983b8	2866
train-00000-of-00008.parquet	000844	b766a874869824387ae153499418162ff7e45622	5086
train-00000-of-00008.parquet	000845	f780ba39d66c2726ee5e6d3d9bdf2760f717dfaa	5570
train-00000-of-00008.parquet	000846	9c8537ab5f5341cacd3ab2cfd587b9b99f2c2ea3	5169
train-00000-of-00008.parquet	000847	d45b4ceb00124c4b72c899ef77bc9929b70153be	5254
train-00000-of-00008.parquet	000848	0ee4b2b8d1cad6c9fef4116f5cf625b35c32f635	5154
train-00000-of-00008.parquet	000849	ff2aa30ed39bbf77bb599b5d6c937487b479c9e4	5393
train-00000-of-00008.parquet	000850	bb3b3db474b5d7fb5ccbba275b1bc03ebebe285d	5393
train-00000-of-00008.parquet	000851	fab27fbdfd50a500ecf061ae921de0a957c84fc9	4930
train-00000-of-00008.parquet	000852	c59467215c00e39da57e6048807771a0b25d46d6	5174
train-00000-of-00008.parquet	000853	f92ec4df73055b69e430c99f1250fe6b591cb9b7	4810
train-00000-of-00008.parquet	000854	98058d0b85fdaf7bc89a2e065e7dd1e028b71034	4332
train-00000-of-00008.parquet	000855	ec8e556eed43fce8f7ec289909b6c7c0f17fe29e	4390
train-00000-of-00008.parquet	000856	dfe349eaa95eb2b519f193feb991da99d59ca8fd	4568
train-00000-of-00008.parquet	000857	37bd731021af8943ae33b73217024b058e25616c	2993
train-00000-of-00008.parquet	000858	8642c200e49dfcad2535b64550d450871cb31b97	2766
train-00000-of-00008.parquet	000859	4cd79383626435a733ecafc4c437ee4a365f39e0	5253
train-00000-of-00008.parquet	000860	80732a81d787e805c94a4d0cff89b03b522c7248	5627
train-00000-of-00008.parquet	000861	1e7df6800ea01e0ef3bfb26f7c78589a596c478e	4446
train-00000-of-00008.parquet	000862	ac4f67ac4f74092718399cfab08e3ac1375c9b38	5577
train-00000-of-00008.parquet	000863	a890fde61f4db2a347a8945502e7c6e68cf49ad8	5532
train-00000-of-00008.parquet	000864	66ad399e50b16f6aef5526b7eb6e280721cf3011	3144
train-00000-of-00008.parquet	000865	286dce2b39a398690489992fe973c3f0ccc73154	3918
train-00000-of-00008.parquet	000866	0454cf2af53630c56af888b0933e3abaf6f52a7b	797
train-00000-of-00008.parquet	000867	d400902b03340aac720bae41af3b78d56a52015e	1494
train-00000-of-00008.parquet	000868	9ae85090f771ece53180ade4cb1f152de0e60813	637
train-00000-of-00008.parquet	000869	f76694618cd224dd0ec49162de0652bea7c44c84	962
train-00000-of-00008.parquet	000870	3154364813a46e2fcbec2de8af13156259abec2c	4765
train-00000-of-00008.parquet	000871	a122fbc00d4152a0e58bcc20d243573714f3cd0f	4503
train-00000-of-00008.parquet	000872	2f392c59f2c51849e4ed9e2d36023f7c44ba886b	4737
train-00000-of-00008.parquet	000873	66926013b967d7cc99aa6d19a4aeca88c03baf46	5561
train-00000-of-00008.parquet	000874	1df7ded3e62e858b63687671c7c98762b8032ded	5510
train-00000-of-00008.parquet	000875	ba44a12c9c1145be622b0dcb4182b53756f4b70e	4121
train-00000-of-00008.parquet	000876	6999ea39ed03ef8e1ff1c8df518fcc151879d096	2877
train-00000-of-00008.parquet	000877	429a666fca18db65509fc3242d1a2d41571b9a1b	3896
train-00000-of-00008.parquet	000878	6d141589d494dbbe5831ca04d80b8e6a1a1f1957	3875
train-00000-of-00008.parquet	000879	da5f4d45378bc8b8113ee5496a80e62f10a4decc	2964
train-00000-of-00008.parquet	000880	8652e41526c615cca24eb06f4d6bd9d6c1e379cd	289
train-00000-of-00008.parquet	000881	6745cfff0604448bbf1c070733b4d07e5416d2ee	3633
train-00000-of-00008.parquet	000882	547570bad4a21fa2a7de457d825e96bed5d026ec	5032
train-00000-of-00008.parquet	000883	7a7a1a3013f91877b5957bfb7bbd78ffb644b4d3	5630
train-00000-of-00008.parquet	000884	22be508c6170ed3023bd9336a6943a14e2ed3061	407
train-00000-of-00008.parquet	000885	2664419857b7ab75f24e1fa2c32fba43dc3a9edd	4582
train-00000-of-00008.parquet	000886	53dd4a1c88d646dfba318943db2485ae66a3231a	3615
train-00000-of-00008.parquet	000887	792a8eebc42d54f1e306bd973fe5c07323a9c255	2440
train-00000-of-00008.parquet	000888	42ea8944e9b5939118a664ce3e5f7c2eb9da6ae0	164
train-00000-of-00008.parquet	000889	c96d510958a19b508d921323b4f3eeef5863fbcf	874
train-00000-of-00008.parquet	000890	6b181f92a6822cfdda7dd55fd460f4e7573685d0	3953
train-00000-of-00008.parquet	000891	6bffff637508bedabbc2462d8efb96dc20b8a65d	4653
train-00000-of-00008.parquet	000892	57c43c14845fabefbc1fd0ac8a686199fcc356b5	3773
train-00000-of-00008.parquet	000893	ea7b1cd7ad2e5653e9f9eb766a2f6296afddccea	4432
train-00000-of-00008.parquet	000894	d51ccfec1a1fa9efb4b2e757e660e33ca12f4414	3806
train-00000-of-00008.parquet	000895	181861c2f6463e6f2a151a8ee56ea13343411225	4433
train-00000-of-00008.parquet	000896	311f0d99ce04550f631a5b80a1f18cf58261a7bc	4818
train-00000-of-00008.parquet	000897	33efa9286be420b875c8ab12fd5fbb4877ba0c55	4138
train-00000-of-00008.parquet	000898	22f3315ab2325799e262e21fed8708daba4cea5c	2917
train-00000-of-00008.parquet	000899	a55ebb2a0ac3925ef7a3135a11c5f7ec954d0686	5454
train-00000-of-00008.parquet	000900	ec82346421715ec09cb8ba50b0503535cc395e18	5297
train-00000-of-00008.parquet	000901	f1e554b888f2a3007e52667ffc8fa8d9fd8323e2	893
train-00000-of-00008.parquet	000902	e47763c5f62db456f85e60c56850e77280aa9d01	5204
train-00000-of-00008.parquet	000903	fdfd034413859f5afe13c043f4153102ffc18b6e	5561
train-00000-of-00008.parquet	000904	80de59cb65a2fa632229b1a66a9c9b74e0384c59	4960
train-00000-of-00008.parquet	000905	f4f5dacbbbabd126c11fdb51a84e3f66306e5d96	5088
train-00000-of-00008.parquet	000906	a7da56b0b05e52529c5564fbe9ec76713f08fc1e	5597
train-00000-of-00008.parquet	000907	0d35bf821079c235f4b47e03734b0efeebcb83f1	5034
train-00000-of-00008.parquet	000908	0fa392d55abda13c3f6e82b3e262d834c62bb7ef	5497
train-00000-of-00008.parquet	000909	1c016c6e6fd47947a0fc87a65556f2aeeb5951e2	3614
train-00000-of-00008.parquet	000910	f7cf3fcac39a14c195c2adb6be553252be11ca87	4970
train-00000-of-00008.parquet	000911	19a5478dab4ae658e0fe2836e08b98c49fe5df43	5124
train-00000-of-00008.parquet	000912	248efea959e6d00eea3f179da9047daff25579f3	4830
train-00000-of-00008.parquet	000913	c9a08f25dc0906b7fd10e96a2b3366b1d16c80d6	5327
train-00000-of-00008.parquet	000914	e0917167dc98e2b19fa1712ca87a7b455abcbb93	5742
train-00000-of-00008.parquet	000915	1729ca8246d6906f3a9868a3822ecba147908c97	4746
train-00000-of-00008.parquet	000916	04ba3b767ae8a86875477fe54baf5d45548abd0c	4682
train-00000-of-00008.parquet	000917	a379bc33d14ded4553e3ba7e37dc832043249039	5488
train-00000-of-00008.parquet	000918	acd810d751e0874931e2a9ae03dfeb1016efee68	5081
train-00000-of-00008.parquet	000919	ddd6844f63aa3e1cf7e8fad85b60a8149eefc5af	5210
train-00000-of-00008.parquet	000920	b4e9066dcb46ce698c6627ed4e22f831e441d257	4478
train-00000-of-00008.parquet	000921	fae9f8287ac3d5df3bc5ae3caeb98cd8891e43f5	2835
train-00000-of-00008.parquet	000922	dde982bf0779455a7cb8df2fdfd8e36bda532506	4526
train-00000-of-00008.parquet	000923	eb547c98afc124d20bcdac2a8e79738f6d1ac703	4425
train-00000-of-00008.parquet	000924	fd5b16910d3177ff066afdf66b946f196f69faef	4638
train-00000-of-00008.parquet	000925	03cc09794b7e02efa3e29359e93abf7609371ef3	5462
train-00000-of-00008.parquet	000926	2089252ec6e1baac98c7b6f9dec786645c6bd976	5778
train-00000-of-00008.parquet	000927	96fad3eeb54f29c2356a874b54c56f75c1b2cd45	5417
train-00000-of-00008.parquet	000928	e8339dbe4f6cf91a664a9200cbb6766ffd3a036f	4358
train-00000-of-00008.parquet	000929	c45ea97cc57aacd8b62a106901b9590f7a146b0a	5387
train-00000-of-00008.parquet	000930	afc26558454db4c696f4ab3d912535eb5e9ed6bb	4499
train-00000-of-00008.parquet	000931	615aa33fcfe1616611cd692ce8893e07ff3daab7	4475
train-00000-of-00008.parquet	000932	fb7c26c13b35a5ab158b8263157f09c771c1a01b	4750
train-00000-of-00008.parquet	000933	d5b8e69d189f75b65ca0bceed1fb6a941e496996	4875
train-00000-of-00008.parquet	000934	4b0a6ff18bd107a19736c9fe81ef2f037100af77	4412
train-00000-of-00008.parquet	000935	98d6419b56aeb25ece4a6878fe3773cdf8222440	4820
train-00000-of-00008.parquet	000936	ba38652d5fb9d056bc412687601c535cff00becd	5044
train-00000-of-00008.parquet	000937	80f752c5c9e23c84463ec2dff77948d4d7cdbe16	5134
train-00000-of-00008.parquet	000938	a945a3ac4664bcc70f7ad39e7804c85ab2315c49	4670
train-00000-of-00008.parquet	000939	3ab875d31a18717648b3130ecf200b101270002f	5596
train-00000-of-00008.parquet	000940	7308742a5a85df71043895715e70a350a76977d8	5596
train-00000-of-00008.parquet	000941	7a4bc212506cda8f035faaa67ef090a3f0863483	4836
train-00000-of-00008.parquet	000942	61ee7edcf1650a13fad76f60b360fd1555ec3ce1	901
train-00000-of-00008.parquet	000943	124f5f91f8efde8a921216f52f2b28de25a178e3	1993
train-00000-of-00008.parquet	000944	ee28702457b09e3d9493e7be1a7c03dbc20a13d8	1540
train-00000-of-00008.parquet	000945	4dd8900cc50752c9392658af16fd08602f32ec7f	1390
train-00000-of-00008.parquet	000946	cae107a7d5a8f35c9cdeb0ffe4e2a37ee6bbf1ed	1418
train-00000-of-00008.parquet	000947	ba20674f5c7307cde6e3277b6a8d1e6d7a30250b	1232
train-00000-of-00008.parquet	000948	632c08edf545a25ac792b613320dad6ab25ffbd5	1431
train-00000-of-00008.parquet	000949	7ddb2720015aa78e485c1943ca95860b0092ab4f	748
train-00000-of-00008.parquet	000950	963dc73fecd1ef84d65ff323b59d171eba4648e6	1982
train-00000-of-00008.parquet	000951	8231bc28cd84096d658dac47b661fe1d9374c449	3046
train-00000-of-00008.parquet	000952	77f67ba6eec10614d856c007a06d36a98effe197	3398
train-00000-of-00008.parquet	000953	0ba74a6f86abd6cbccfd4add10bddd2873522dc9	4109
train-00000-of-00008.parquet	000954	dd3c4fb503c5719c65fe714a5572ae1de2191ef3	3621
train-00000-of-00008.parquet	000955	e50f67013d7311f0d964239e7c0a3aadfa9089fa	1218
train-00000-of-00008.parquet	000956	6315c30a98a2bc9e5b2c6a0b09b48b1d6053eead	1686
train-00000-of-00008.parquet	000957	8bf96c635d076f4651e2bd0f9e305e13cd378ed0	4374
train-00000-of-00008.parquet	000958	3ca3fa00613a7f92cb96cf2d53c8f820613151e4	2320
train-00000-of-00008.parquet	000959	8a096a0048b5176aac31d13b5f7287db1b15cd4e	1662
train-00000-of-00008.parquet	000960	ee5ca441c874258b58ef259f9b718eb1511dce59	1496
train-00000-of-00008.parquet	000961	611d5da2dd26d749d08687a1e2f4ab3ab739ec8b	1421
train-00000-of-00008.parquet	000962	47e7a955b4f3a345eaacce1fc9e31b051adb52cd	1976
train-00000-of-00008.parquet	000963	8789e6a5897341e55a48dec0c9c829333fde079c	441
train-00000-of-00008.parquet	000964	f7885219dc810c60a7e268a5dd3481fa117a148b	1007
train-00000-of-00008.parquet	000965	25a1a97dbedbb640e8767aca3a57ae7a4a9ed203	4428
train-00000-of-00008.parquet	000966	5ebcb67a86889ad3682a9cafb54b7a201e4da52c	3240
train-00000-of-00008.parquet	000967	a9de776685ab12ca5875ed774258aadfa5c05320	3476
train-00000-of-00008.parquet	000968	c0a7fc4977f5f6e569be8976ae0f158c964bf8d8	3227
train-00000-of-00008.parquet	000969	8ebb74f4f1686d9b708b225a5602dd7dbf294736	5161
train-00000-of-00008.parquet	000970	35319959ac1f3856e4c9ec5aa533b1e432d53519	3371
train-00000-of-00008.parquet	000971	8416f4ddf2c5297c3da4d1ca7cdf5ad12dc2460d	3038
train-00000-of-00008.parquet	000972	041d5e4f3e60541515e78c4e42c3993226517071	273
train-00000-of-00008.parquet	000973	fd45353bc1f5192b59ba080d4b98ee45692defa2	1686
train-00000-of-00008.parquet	000974	478e101e34a65b8280cf0120b553b488a02b9c4c	3932
train-00000-of-00008.parquet	000975	2dd6465749cca85baef2c01a304626de71b98cb7	3477
train-00000-of-00008.parquet	000976	79a346fe3bf86f94d28755c2c48381ac9a19cc08	4335
train-00000-of-00008.parquet	000977	3d10af00b3863b3251406b12007b9252e2c97c2a	1130
train-00000-of-00008.parquet	000978	66d7e5052ca18690463a48cd599a0ec7003190d4	1785
train-00000-of-00008.parquet	000979	a80b817850e8afae04abf148dd221ad9f47e094e	1871
train-00000-of-00008.parquet	000980	85a6c379f1b28a1feb6f6571e622febf7742c08a	923
train-00000-of-00008.parquet	000981	ef05eff5dfecfe8da67978ffaa6ab854047d0af7	1976
train-00000-of-00008.parquet	000982	80e737c83d7d0a4b7935af56badaf89859a71331	441
train-00000-of-00008.parquet	000983	7588b48888f50b5a255686a0082fb01a6582a30a	1266
train-00000-of-00008.parquet	000984	238f96011ba087f15d17f29cd90eb26876eea171	2009
train-00000-of-00008.parquet	000985	e80d3a886e4e62edb91757f7521bcba33b82e5e5	2711
train-00000-of-00008.parquet	000986	ef7396181f3b1daa52bd71fa4136f3b7136c98a6	926
train-00000-of-00008.parquet	000987	9fb987cb71503df060f185197ddb0e21dd423d29	3636
train-00000-of-00008.parquet	000988	d597c03f0d820e4319ec734c1076c99803598c2f	2266
train-00000-of-00008.parquet	000989	1f175e46304d2a6775db4886eb3bf1bf220109b9	654
train-00000-of-00008.parquet	000990	13da61287bf11e73df7c0c2c2c899343d23815b0	1008
train-00000-of-00008.parquet	000991	7367ca6a51940bc49ec4546ca3c9093660281c29	3194
train-00000-of-00008.parquet	000992	24ce219f8c06f6279de4f0e9431c5464b4ab9e87	1365
train-00000-of-00008.parquet	000993	bddb22f59b06d711df5dd64e7aef4f9b913bd8da	232
train-00000-of-00008.parquet	000994	beeee985c1e1633c8fc40fe8249a311d6d37b673	2616
train-00000-of-00008.parquet	000995	ecc3c7a8f50578f63207ab702cfde8c3ac0845e3	1254
train-00001-of-00008.parquet	000000	949308d558032b6cefec77857b965d1a354661a8	2396
train-00001-of-00008.parquet	000001	ccb3b2b26c2b2f8a1aaadc3b36d92dd215798f9f	1816
train-00001-of-00008.parquet	000002	b67dc2dd808052ca08f37549c8cd20796377cab1	2855
train-00001-of-00008.parquet	000003	0a1c1f0d580f6e88f443275c3da182ab0d4a22ad	1684
train-00001-of-00008.parquet	000004	9267b9c1081218b531b733b09d37a4f042cb779b	2069
train-00001-of-00008.parquet	000005	e12b2eb9914bd38a8636fa83c23c01689bb6ef95	1996
train-00001-of-00008.parquet	000006	a98b8bbfce84b832754d074943fd88f7567733ec	4696
train-00001-of-00008.parquet	000007	3106e5ff4b5aa8f2e3bde51fef5127f54b072f31	2845
train-00001-of-00008.parquet	000008	1fde60bff06e96abdf181712972887eb4d950ecd	699
train-00001-of-00008.parquet	000009	c0be59e2efea3ff894271e850a1cbf8e6c9d28f6	141
train-00001-of-00008.parquet	000010	7c26c711281e6f4a07865487c6c7143895480eea	1788
train-00001-of-00008.parquet	000011	b590c1cdcb45bc8288e6e0615049a05e559f5420	3941
train-00001-of-00008.parquet	000012	f536d147a94db21359e6c248e351e2ae5d294c9b	517
train-00001-of-00008.parquet	000013	9607c85c23dee16f7ba126af0d65050c97b274ef	2177
train-00001-of-00008.parquet	000014	6265aaf80405f9f162e2f51db04355401771daae	677
train-00001-of-00008.parquet	000015	e0fac533f2aee7d14ccce0ea84af337ef61fcf0e	2162
train-00001-of-00008.parquet	000016	72fbd4922d1c5f43b0dde172ab9f4fc24bcc636a	2334
train-00001-of-00008.parquet	000017	079302c5637987f034d5229800d27f0b4267b5ff	2870
train-00001-of-00008.parquet	000018	9521ea1fe155bf0769bd35d906b2edd54ae6a32c	1902
train-00001-of-00008.parquet	000019	887f66a539ad48d5ce904bd3bb8b5a542bc82882	2181
train-00001-of-00008.parquet	000020	32c77b397f24606f110cfb2903a195c9c1175272	943
train-00001-of-00008.parquet	000021	3946582baee32e8ffcbee0379d5ce5f3349749d7	3861
train-00001-of-00008.parquet	000022	52e65de3714d4f37b5dca044f712b5444c430c41	934
train-00001-of-00008.parquet	000023	eec6082990015b075bac0a36dd1716e08acbb4f5	110
train-00001-of-00008.parquet	000024	580494e3a0e6c0797bff1e281e6f871b6ae97980	308
train-00001-of-00008.parquet	000025	fea35472c0bbf2dde893d242fa7272808ac4c93b	1894
train-00001-of-00008.parquet	000026	7edc678ce6d8e0bfd5bb3ea65da323497c23d3c0	1389
train-00001-of-00008.parquet	000027	cb907ec60139809f2a718ecf02a0ecdc5561ff0e	1397
train-00001-of-00008.parquet	000028	6c34bd8c78115fb4c339247e2a584b00de1f0e09	1393
train-00001-of-00008.parquet	000029	6f35df1f355a74911cec95914e17233a9c39b0d7	1390
train-00001-of-00008.parquet	000030	355d0a0c085fc9a246c9b930800219d15c4a77de	1405
train-00001-of-00008.parquet	000031	ca80ee33413ad3265ff2e0aa205dca21d60900a4	1420
train-00001-of-00008.parquet	000032	0e2ca8e99fb2e012dda851b868f82ac7bad60279	1402
train-00001-of-00008.parquet	000033	984799f7f65546055695e327e4e61a602ebaa6fc	1418
train-00001-of-00008.parquet	000034	fa940e8a0b8070f0faeec711282da00de1f1190f	1379
train-00001-of-00008.parquet	000035	f725b69abb6e6ec38d62d23672be61e9f5b029ce	1387
train-00001-of-00008.parquet	000036	c59cad7512f9aa2592c7a87aac312aea8aa0ff79	1389
train-00001-of-00008.parquet	000037	06ae96da65461352915129ffedb69f31fefe038e	1405
train-00001-of-00008.parquet	000038	a92e3820c4f43b7b8875581d28bc75cef04f5fa7	1413
train-00001-of-00008.parquet	000039	9924b7da00476d2babeb2c0ccc48e11b0b72a905	1420
train-00001-of-00008.parquet	000040	204c48ddc683034c12855c05c90a8a4f160300ca	1387
train-00001-of-00008.parquet	000041	9eb092518b318bc57bd092177009a18b6e8f622b	1385
train-00001-of-00008.parquet	000042	e4e806818f929227882d0de348cfa85a4e54972f	1383
train-00001-of-00008.parquet	000043	9a749f22d03739d428382611b2327dd5fc5a285c	1412
train-00001-of-00008.parquet	000044	a0a2c8360fa6e346731a008f4e1224d96edd32fb	1396
train-00001-of-00008.parquet	000045	2ba394ae15c5cc9d6b9b8f919d20090ab9069439	1388
train-00001-of-00008.parquet	000046	728de11b47186f733cb750211aba2cf742e70e7d	1408
train-00001-of-00008.parquet	000047	f6e3b80a7ae5dbc9ec0fa006926e219197c4c9b2	1398
train-00001-of-00008.parquet	000048	5d9054ca8089436181681e964da620d2fc3c0213	1391
train-00001-of-00008.parquet	000049	c8ce87ebb234a978c0e90db9d302d4b6d4bc18aa	1376
train-00001-of-00008.parquet	000050	78ac868a3c62ec547ece5d0578300bc6b71b3296	1375
train-00001-of-00008.parquet	000051	dd1e2aedbb5c099282ce0bf53701203c67e73b92	1411
train-00001-of-00008.parquet	000052	6a02224955f9cf991308af3711bff8c74162b1f6	1402
train-00001-of-00008.parquet	000053	e726269c5c32b2aaf516a20440fc1925bc26cc08	1404
train-00001-of-00008.parquet	000054	31fab31e462cd55be15b896978e5e527a57f7818	1402
train-00001-of-00008.parquet	000055	481545c63f6a2b79fbb91b1de1448e2aa10d53f0	1390
train-00001-of-00008.parquet	000056	a5fddb3e3748ad1b07a41cc6a77407f9662468c1	1399
train-00001-of-00008.parquet	000057	40c3056cf68520af214d39c5fbcee819e0c9ee90	1403
train-00001-of-00008.parquet	000058	6e3892105bce51f348a3b6628325e8bfc3474f91	1422
train-00001-of-00008.parquet	000059	65a768f72536ecc903c85a6c3f3801aa757d069a	1415
train-00001-of-00008.parquet	000060	e57f2bc27e4c9488cd52d7b65b9ae5627f18deaf	1405
train-00001-of-00008.parquet	000061	c91afef4b69ede9f9e502fd689999d2c73e78ffa	1391
train-00001-of-00008.parquet	000062	8b78abbefb835c2c380dab22256bc7403fedefa4	1411
train-00001-of-00008.parquet	000063	e3c7c74f01780395def8b9b3a72c119c42ca18d2	1393
train-00001-of-00008.parquet	000064	f4eafd2ef34d8ad04eb2f11af214c82492436787	1399
train-00001-of-00008.parquet	000065	11723a00988c1b6baeb0e56db6894ee551eb4524	1383
train-00001-of-00008.parquet	000066	0ea04c0d70f6dc7d60d9a91df15f688f3d9ac2b2	1401
train-00001-of-00008.parquet	000067	602822db4dd562ad62026debca0fd8859dacea0f	1398
train-00001-of-00008.parquet	000068	cc1adc0a6720d24058dd0a12213c60d72fedeb6a	1403
train-00001-of-00008.parquet	000069	19ed9ee6fa6d9cad7ee376c59035bde3b98c3230	1399
train-00001-of-00008.parquet	000070	66f6f95ddaf4b654e087e8e88523093e62691d43	1418
train-00001-of-00008.parquet	000071	fa127358d0579b4e65ddcdb87bdf80f3f35aedbf	1414
train-00001-of-00008.parquet	000072	2f962ad5748b7f7927dad98a2e097ab42be1cbd4	1401
train-00001-of-00008.parquet	000073	5d69993a32b7ccdfbf09ba6a47a142383c8be1cf	1408
train-00001-of-00008.parquet	000074	71d22024b610a5cb1146bf6c798755a8e6863221	1407
train-00001-of-00008.parquet	000075	d058583a2545b1c57d4e64f5b61952de38e00d99	1417
train-00001-of-00008.parquet	000076	ec0f5dc734f45cede59774d3c4df49c43d117154	1405
train-00001-of-00008.parquet	000077	7494f4bb5ded871aa39ea94b2967b97b0f3b48a4	1404
train-00001-of-00008.parquet	000078	f55ea198401a6ce6460568997d0155ea41f08a2d	1376
train-00001-of-00008.parquet	000079	9cb84987fb5a48c4e947a2b3fbd6f6522a1db935	1422
train-00001-of-00008.parquet	000080	2ca8a8aaeb8a8d2424b4293b0b93591a89a415e6	1412
train-00001-of-00008.parquet	000081	00637bec028485723626b345e224ea8faea0032a	1433
train-00001-of-00008.parquet	000082	67300c3ffe075c213ad05069e837af234c820a6a	1394
train-00001-of-00008.parquet	000083	b3da09ba5852be5d653e4fc4994feb56c01d218c	1410
train-00001-of-00008.parquet	000084	14221c8b04b664011592667c4653fa0ddbd4c1b3	1410
train-00001-of-00008.parquet	000085	c727ae8664ebfde4e75ca9e79b3d8abdf251299b	1393
train-00001-of-00008.parquet	000086	d40662ccc9440e4c2447583893878c54f0345f66	1407
train-00001-of-00008.parquet	000087	cfe891f84e3d56e7a8a1aeee4afcde5cee79eb6c	1404
train-00001-of-00008.parquet	000088	585552b888eb869f7cdbbd63bd2eaaf8994f6133	1404
train-00001-of-00008.parquet	000089	502f30230bc4b2f2f633f9eecf569d0716c4ed6a	1405
train-00001-of-00008.parquet	000090	c72c4b5b6dbf8c03f50d0b14e8250d783d6da94b	1410
train-00001-of-00008.parquet	000091	42f794142247ec0c93165f113dc407e3bb3b4897	1400
train-00001-of-00008.parquet	000092	1de5f7ef89f082b6f65ed430d378220ed5a254cc	1398
train-00001-of-00008.parquet	000093	b6771fbc4d429e9633adb723f3aceef00d3d6677	1414
train-00001-of-00008.parquet	000094	0bfc192fe4b660327b7a49c8475720f8e4b0cc33	1406
train-00001-of-00008.parquet	000095	d2f75ba8056b785cf5f3241c71156bacd80576fb	1416
train-00001-of-00008.parquet	000096	6cb6e33d6861b650976314cf3656a0927eec22f0	1417
train-00001-of-00008.parquet	000097	937b8503a3a688c8ad887d54ad2bdcc3aa430d5e	1417
train-00001-of-00008.parquet	000098	3ae5ddcc7e78ad690b101f9a832b644c26a27e62	1418
train-00001-of-00008.parquet	000099	4f422e590fd986d4cc05d1ac071fc20bf968d550	1403
train-00001-of-00008.parquet	000100	4fe2f36077c666506cb53ebe0b5b88207dcb8640	1415
train-00001-of-00008.parquet	000101	4c2ee62e2381ea347bac7280de363d36d2eba717	1421
train-00001-of-00008.parquet	000102	3338bf41d483bed4f106989f92eee73897064b03	1418
train-00001-of-00008.parquet	000103	4fc60142c41c1f895c7334df867f7dd60e2d12c2	1417
train-00001-of-00008.parquet	000104	8702fc2609800f5dc302ec9c01d9e4046c86912a	1403
train-00001-of-00008.parquet	000105	52b6f658830d37d635ad63d8b75dd968f39975af	1416
train-00001-of-00008.parquet	000106	bb08156de3e4ba0bf51abf57fce4ec8937025f79	1399
train-00001-of-00008.parquet	000107	dcb287ed084b4f65b488b78886abe92af6767f3d	1384
train-00001-of-00008.parquet	000108	e7d0f03aada63fbe68015b1752cc770098e438bd	1399
train-00001-of-00008.parquet	000109	6e75c4d60e7ff2bd781e7fb2aa9c24112c9616e8	1408
train-00001-of-00008.parquet	000110	d952703fb27a97e4168823055bf5f9d69e11a71a	1398
train-00001-of-00008.parquet	000111	46169c0c9c8c00be3b89473e998c939bf6394b7b	1385
train-00001-of-00008.parquet	000112	897e58c5df9a7ccbd3e4024af30a62ba6256794b	1396
train-00001-of-00008.parquet	000113	db2078047af0e46195ff81882a32b0cc641ff7f5	1405
train-00001-of-00008.parquet	000114	ac6db4f98885e82a3458a913eaa96be77ba7515f	1392
train-00001-of-00008.parquet	000115	f64d1f2222d00eca956b2014e150a91949bcb31a	1406
train-00001-of-00008.parquet	000116	b1a951e33a5afaf5dfa0effd888fe2541456467b	1402
train-00001-of-00008.parquet	000117	ca02310ceee786b5e92ca587e68145adb54cb671	1408
train-00001-of-00008.parquet	000118	6e85fa36c2f5fddd70ab86f8526380faf3d89b7f	1413
train-00001-of-00008.parquet	000119	c1912966c598a113897615357ef790ab7cf37f5f	1413
train-00001-of-00008.parquet	000120	c1f316c91320bb3b5ba58c935bcd679b29930719	1460
train-00001-of-00008.parquet	000121	5a81b13f912e5f1f02bd7d2068c35c6bbee9d49c	934
train-00001-of-00008.parquet	000122	dce63d1eb128a9891f19c43a81130b98a945e733	122
train-00001-of-00008.parquet	000123	6eed726a9a4fdf2e9d89656e3a9da0d06b85d3b0	308
train-00001-of-00008.parquet	000124	46127d6fd7020e2094def96597938e70f5314504	1956
train-00001-of-00008.parquet	000125	f955945e7872cc0eb6f9330b0ac7931eb577b21d	1351
train-00001-of-00008.parquet	000126	1f7724c241ffededc12c3b7c2c1c82674902a891	1326
train-00001-of-00008.parquet	000127	4920e9da8b4468b5b813a475ddc097ba931e7272	1320
train-00001-of-00008.parquet	000128	2856541c4cd05beabd467ae83726662d90aa86eb	1341
train-00001-of-00008.parquet	000129	8ee8efc4eb39d1434f8a8b193b98150d9e2d6cbf	1323
train-00001-of-00008.parquet	000130	efc5a3d397aad7eb37ddd34c6d3ae6f05bdd2edc	1334
train-00001-of-00008.parquet	000131	3fe0a6600597bf09111c687547fc352ff9dd86f9	1334
train-00001-of-00008.parquet	000132	ce41914fa2882259fe477bba9b70ec30597b7bc5	1342
train-00001-of-00008.parquet	000133	90271c5c57e1ed0eb0265da4b70d4d35e59603c2	1345
train-00001-of-00008.parquet	000134	04c5a75aa75445adfffed2393eac77c4dfcb792a	1350
train-00001-of-00008.parquet	000135	4210d08bdcd4c775f7b55025eb216da12484b7d1	1332
train-00001-of-00008.parquet	000136	4d2fb9673afe919e08825fa44e6a5e8496cca14b	1318
train-00001-of-00008.parquet	000137	f44e9456bb29e669acb83bbf576bcc97f84aa251	1335
train-00001-of-00008.parquet	000138	db7d7f5f4ffde9e226a9b66a0d75571c18d8024e	1341
train-00001-of-00008.parquet	000139	3d193ac1ab33ffbbaeac2d6ecfaaca4718672cdb	1325
train-00001-of-00008.parquet	000140	0f092eda5f3ff38842110b4230fad156ba5b7511	1355
train-00001-of-00008.parquet	000141	f960af58b6ea176cfdb8771b349bfa1393a5db75	1335
train-00001-of-00008.parquet	000142	b2d9dfe371fc6555f90a2afe44c1887b6bdbad21	1352
train-00001-of-00008.parquet	000143	dffa3a8eb916ea8303d23535bae2c23a34dca818	1337
train-00001-of-00008.parquet	000144	d0f24f43ac626b25fc7060f2a58371f1f3a0bc29	1346
train-00001-of-00008.parquet	000145	34355b64d546fd97333361d1ea519375083a35fb	1350
train-00001-of-00008.parquet	000146	78c9fd99d2d41694aa02007074b3ae4640a555d3	1333
train-00001-of-00008.parquet	000147	159878b4fb33ce10b45426f6fce54412565c2c52	1351
train-00001-of-00008.parquet	000148	3743337737d3f6680c08d9ba4664794b869a496c	1339
train-00001-of-00008.parquet	000149	762b7084987f8934076934660184694c331f656e	1332
train-00001-of-00008.parquet	000150	909f413b6dcfdf4becd959e3c9ba89b97fbca243	1342
train-00001-of-00008.parquet	000151	e89b0d1e5a375f6ac82d95dc198bedd01a2b473c	1345
train-00001-of-00008.parquet	000152	c3c1bb8bd194b3f6934702a6b29a294bcfa5442f	1328
train-00001-of-00008.parquet	000153	58211f72901358d6b05ebc51490bcfdac8cdecc1	1334
train-00001-of-00008.parquet	000154	a5429556746f900fa222ccf71a2bb4ed8a0353dc	1339
train-00001-of-00008.parquet	000155	688d969e4cb051ffd2e608b200d3c863b3566870	1315
train-00001-of-00008.parquet	000156	98e967c8c9317af4aeb616edf15bea70c4f53e1b	1342
train-00001-of-00008.parquet	000157	8b49ddb54ac1a145bc3bb24a59dbc124aef0f15b	1329
train-00001-of-00008.parquet	000158	0b8372ad4d159e1ec61168933e0b0a8ae6100d09	1335
train-00001-of-00008.parquet	000159	ad49e279bd79e9dd4eaf0fd3e56901718660ca02	1345
train-00001-of-00008.parquet	000160	a51b7ccbea8347198ec23783d6e36e62064248f3	1344
train-00001-of-00008.parquet	000161	4ccdefdbb16376bc9e82e430a1e05f5b9cb1394f	1349
train-00001-of-00008.parquet	000162	74d5f888d4b7052aa39091afc1f0859918c7ae99	1352
train-00001-of-00008.parquet	000163	5fb671dc0732709d3613e979d3fbe84d79b8145d	1342
train-00001-of-00008.parquet	000164	d290685e5cf820ac8b2c656003e9cdd1fd77c77a	1352
train-00001-of-00008.parquet	000165	0e9d55dd3309a0d7b47a97011359a3247d497c19	1346
train-00001-of-00008.parquet	000166	c099607963e765d839c160b38a5448838c336a4e	1335
train-00001-of-00008.parquet	000167	0197c69b979cf4bb76c45c7ddc15a8f35ace8b46	1326
train-00001-of-00008.parquet	000168	34c9c2a0e91322df0c44c04fa40f1864c9cd1611	1330
train-00001-of-00008.parquet	000169	1891e11e046ffdd73622546d5ad9e2ddd1f02665	1332
train-00001-of-00008.parquet	000170	9ecb04516a96059207265ef311b92ed02486db48	1326
train-00001-of-00008.parquet	000171	34c10cbaf1a7148a717286ace46ea4c40b57bebe	1337
train-00001-of-00008.parquet	000172	f8d003790654992b513c056474dda5496b2317e5	1327
train-00001-of-00008.parquet	000173	857adce5b7dfb0f9ac916c92197c94c2211f4172	1320
train-00001-of-00008.parquet	000174	7fd9204bea470c22ad9220aff9bce7804044fb47	1328
train-00001-of-00008.parquet	000175	637be16ac6d3faa2133d406857d48b86f7057956	1327
train-00001-of-00008.parquet	000176	a24b0d288625ce0ae0f9c3ac0771a744f313e9b7	1336
train-00001-of-00008.parquet	000177	65556cb9f503950ff2b090d6e9fcb4dec01c58bf	1336
train-00001-of-00008.parquet	000178	50761bb0d27b9f3606456aafbce0acc57e3b1a76	1327
train-00001-of-00008.parquet	000179	b5ec58ea1f2efc643ac5279c5a7547b447823aa3	1335
train-00001-of-00008.parquet	000180	2ddf92af97a9df3d0813c13356d6887adfa15515	1319
train-00001-of-00008.parquet	000181	45a760e136aefa29403cf8a3630eed3821a0a183	1329
train-00001-of-00008.parquet	000182	50291014323ff8d3d3d9ce5b8574eac69a71f8ca	1328
train-00001-of-00008.parquet	000183	ba7ac52d7b16fc78dc901d20de961b4ee1e55fbb	1332
train-00001-of-00008.parquet	000184	7f3cd3a37b20ba845a19f5e581af95749903d1c2	1319
train-00001-of-00008.parquet	000185	917a8fd7ea53acff34f61ccf42b04f2ef69bc0f7	1315
train-00001-of-00008.parquet	000186	6fe54cb690223ef9e98c70d365515941cafef387	1320
train-00001-of-00008.parquet	000187	5d41ee0acc3cf03e4e2e06c8b9af6d97c2cf1913	1342
train-00001-of-00008.parquet	000188	67097be56684043de2eded7424ca7d2923aaeb6e	1339
train-00001-of-00008.parquet	000189	dfe5e701b951dc671e465702624f898398616d70	1335
train-00001-of-00008.parquet	000190	18beafcb5be552caf3b9c3bb34d9fc842e1544f2	1330
train-00001-of-00008.parquet	000191	53ef6c2dcadd5f0d563eeb42998f2b2a43d29103	1334
train-00001-of-00008.parquet	000192	a03affd7972b9413ea4f65280f54909b54761b58	1323
train-00001-of-00008.parquet	000193	e2a11a63caf5efb2e03e7018038691651bd8cc0b	1322
train-00001-of-00008.parquet	000194	b50497781e3a5ee84190de4a108b96d7c8234f21	1315
train-00001-of-00008.parquet	000195	96c95d6434e5924675d12b34d07add26110abc59	1336
train-00001-of-00008.parquet	000196	b8cff78cb2a815f545874807831497f60640235d	1333
train-00001-of-00008.parquet	000197	1652e7c2b869a827cbe28b9ac3179905b771bc61	1315
train-00001-of-00008.parquet	000198	da9c1ad47557278ed588d50fc0fe8aee79d5c035	1323
train-00001-of-00008.parquet	000199	37174ed795a8716d292dd73e8f2722e361570da2	1339
train-00001-of-00008.parquet	000200	beaa480fe7b03bc0abe3cd300abf79b2bdc27ccc	1332
train-00001-of-00008.parquet	000201	44607ed02e0967f0cb3374d92d2b86fd997a52a8	1335
train-00001-of-00008.parquet	000202	e587f9d63f7e0d5882e184cf05582da862311a8c	1338
train-00001-of-00008.parquet	000203	3b926c69d5ce2d418d7e969136ab9b7f9b21e677	1337
train-00001-of-00008.parquet	000204	5cee2fd45f962f2c670d1e11d27933c333a1ea1f	1335
train-00001-of-00008.parquet	000205	af9c517c7764bc8ea0c2c65712e64c309d12c929	1332
train-00001-of-00008.parquet	000206	eabf27b55f5dc507bd160e4d696e581cf4a5464d	1314
train-00001-of-00008.parquet	000207	743db2bbcd18ecd4efea10cc56030e2a9d9e0b18	1339
train-00001-of-00008.parquet	000208	0ac333d73bc5608175b60acca24bea28643268d8	1328
train-00001-of-00008.parquet	000209	ba64b006946bd9b4f2fa84c7ad714d731f8c52a9	1335
train-00001-of-00008.parquet	000210	7231c06d7aef81d93a766242674d705a1c83d750	1338
train-00001-of-00008.parquet	000211	dbfc1326e44485ee5a9cd8e7a35e62acddb02780	1332
train-00001-of-00008.parquet	000212	9b97e0acaec779634325c6c7fc3c3c3cc28edd55	1328
train-00001-of-00008.parquet	000213	3eb713238926addd65d5f10a2c6f373b5e1b2dd3	1311
train-00001-of-00008.parquet	000214	b8bc1cf295d6d95b9a88acdfda2011c404d204d9	1321
train-00001-of-00008.parquet	000215	dacca767560e5e5d6882ecbeac93e6148eb89295	1328
train-00001-of-00008.parquet	000216	2a191be1d6fd35bc1a014be7eb09ea83a9063c8d	1336
train-00001-of-00008.parquet	000217	9830dd05d037c79e743aa89cfff4112e6868087c	1336
train-00001-of-00008.parquet	000218	e6d6312704aa02cb7ee9b0ad791e9874b6a66804	1327
train-00001-of-00008.parquet	000219	377bbcd5c54c552862d4b13a03f529f59af18e29	1314
train-00001-of-00008.parquet	000220	b25ee68e219199e77a7c7cbd526c84a20351d696	1337
train-00001-of-00008.parquet	000221	3605141b2acbb62b48ea1475636edb0207823e81	1339
train-00001-of-00008.parquet	000222	d50501c040949ab22881129a5e6c3c4eb8128163	399
train-00001-of-00008.parquet	000223	a2052ecebc93c97ac7714a6bab1f9bdece60c9e4	934
train-00001-of-00008.parquet	000224	6c9fc3b6ff4f4dbc9150f55e0210b43b12f3abef	108
train-00001-of-00008.parquet	000225	811e94b4f7f3934245dd3b1f56d722ac48f68fd4	309
train-00001-of-00008.parquet	000226	e4d1ae5edce5b749b1653d8e8042f23e96af8e06	2006
train-00001-of-00008.parquet	000227	e9d49b69a7442d773053d5190f2d71e0d73fd123	1269
train-00001-of-00008.parquet	000228	260df59cd7d73fbb34ca7f9b7eb2522c330c1e43	1396
train-00001-of-00008.parquet	000229	28bf2bb38d05645588434a9efef8755207abed08	1404
train-00001-of-00008.parquet	000230	933a03f0b1066dd6c5a166c0c64cb2af262988f2	1393
train-00001-of-00008.parquet	000231	630c2bb8e98702704b0ecfd6583fe229133b33c9	1390
train-00001-of-00008.parquet	000232	d930698b32273b0e8372c01834cb0770b5511fbe	1402
train-00001-of-00008.parquet	000233	7740607793b36d21ada03272b3e1bd1dd36dbaa3	1393
train-00001-of-00008.parquet	000234	b4d9a1f547cdade5243d4a25e10f1969a5c64628	1387
train-00001-of-00008.parquet	000235	6ac96f5f34e522be74f41b18abebbb67bac87fd7	1389
train-00001-of-00008.parquet	000236	fa5e227e415512114c31fdb07a8e460a351c4d3d	1397
train-00001-of-00008.parquet	000237	4149c33276d50b270a3b1da3b12c8270c0ea8cb7	1389
train-00001-of-00008.parquet	000238	314e28f7c35278fffa7c0672b8178c9f7d91301a	1387
train-00001-of-00008.parquet	000239	0016c7e2fbb222545bcff3bbedb41262868f17f0	1393
train-00001-of-00008.parquet	000240	77fc58c2c20db4a396f9da5d6c13ffd3d05b59fa	1388
train-00001-of-00008.parquet	000241	3eb9499a1d73f2fbc6f922245df88da0632641a6	1378
train-00001-of-00008.parquet	000242	6aa83ff8282ecc5ef0082ead72aa998542034675	1403
train-00001-of-00008.parquet	000243	b319c326f0459aa3dc16ab102a14bd2dcf7b887f	1382
train-00001-of-00008.parquet	000244	08b4826cba0b70bd9ac0300218a3281c5341461b	1396
train-00001-of-00008.parquet	000245	e06782bbdbf5c8f67250a7fe81e6d86821993269	1386
train-00001-of-00008.parquet	000246	6a0b724e317b9af800fe37612392a40017759fd2	1384
train-00001-of-00008.parquet	000247	27dda4ef3ade7510078039777f13f12a185c3f4a	1397
train-00001-of-00008.parquet	000248	5dd22e09cb04b6b7d6e7fbe9c7ec0a26834c41be	1384
train-00001-of-00008.parquet	000249	b0ad22f228db28808990fff6c769dc757ac7a433	1389
train-00001-of-00008.parquet	000250	621ae1877bee8b7a529026187dd4f4beb025ac46	1393
train-00001-of-00008.parquet	000251	6262f16fec109b2a782f231952bdb35dd648d709	1394
train-00001-of-00008.parquet	000252	d86066d59b902b33e99184a8b250501c24f70ea6	1387
train-00001-of-00008.parquet	000253	011f256a779ccfa5a16f974aaf8e604186d01279	1404
train-00001-of-00008.parquet	000254	37f4085296c1f531406610b223e9371de00ea9f2	1414
train-00001-of-00008.parquet	000255	2d48c0e7597d2d512ba72f5af4233c108a50ac6d	1391
train-00001-of-00008.parquet	000256	ecd2a1e6c1cba46dced8be453178d9195fb5ed58	1397
train-00001-of-00008.parquet	000257	ebdc12703a386155960e8e9bbe56a8595730a8da	1405
train-00001-of-00008.parquet	000258	6f612536a9f0cef96fab5c716b5351f1196394a3	1392
train-00001-of-00008.parquet	000259	fd718eba59695b19199360d9559908ac83a873ec	1399
train-00001-of-00008.parquet	000260	42bff5663f60f6676101485f3a3b89b69b082a4e	1400
train-00001-of-00008.parquet	000261	3c0bb3b43d63c8c9a881664d5dbc0640ff6dd2d0	1413
train-00001-of-00008.parquet	000262	1b1393cbee0fc266b2a934e4e3ec68ce2a9db30d	1397
train-00001-of-00008.parquet	000263	75e90c0ae593a9125448fec80fee08c087236e15	1393
train-00001-of-00008.parquet	000264	1149a0aa8b238c3cabf8a6c4aa73628445d5abfa	1393
train-00001-of-00008.parquet	000265	d05b59498f51e4110ad6d432c408d21ae00e0ed8	1396
train-00001-of-00008.parquet	000266	38ae31e5ae26272ed175d69cd921775fb789d594	1386
train-00001-of-00008.parquet	000267	5489fbcd25ca3551e53d855451327032ee1cad7a	1381
train-00001-of-00008.parquet	000268	d162fc1ce8150031d48a2ffb4160f073ce491fb0	1395
train-00001-of-00008.parquet	000269	42659ec1348bb55071dcb3035c05170487c218cd	1398
train-00001-of-00008.parquet	000270	f7eccc5e33e2c0fd316c34fe301b892f4f22af9f	1396
train-00001-of-00008.parquet	000271	7c4fb57bf4f4d083334132e007c9e3fcfd77a8e7	1395
train-00001-of-00008.parquet	000272	86390b9f7c51ad4667c5c6a599a83e7ac8b00093	1390
train-00001-of-00008.parquet	000273	5060da2ee2f179f48274e06d7efb4b6426c43a08	1396
train-00001-of-00008.parquet	000274	ae5e92e4864b5f1724ed0fc503e44cf31cd2429c	1394
train-00001-of-00008.parquet	000275	f49d45fa9495f702778d17570fa7c6e0b6bf0879	1392
train-00001-of-00008.parquet	000276	f111fd1020509848a215d2004b9a25ffbf5fa63d	1396
train-00001-of-00008.parquet	000277	79bb98151dadb61519c2e2eddb7afed87f1cf3c4	1390
train-00001-of-00008.parquet	000278	3dd6452125de5d6409a379d2e09731844e2551ff	1396
train-00001-of-00008.parquet	000279	8522d3485aaa63033f929c14cdd11d7f2177e856	1378
train-00001-of-00008.parquet	000280	b7d284f758d2b327ab963660b70d6503152ecf9a	1390
train-00001-of-00008.parquet	000281	ea4d649d71443fca10a3fc271d38c539e6ee2e0e	1377
train-00001-of-00008.parquet	000282	d5cf5eb73dad387a4ee197b63a66411f4e91261a	1386
train-00001-of-00008.parquet	000283	8402d93546b3332b9a6fa57df9366d5ea11f582b	1386
train-00001-of-00008.parquet	000284	6389ba077261c3d3fcd001519d143b608c9b5105	1388
train-00001-of-00008.parquet	000285	ef6db2e8ea25c79dc70131ed2887aee8cfe6771a	1379
train-00001-of-00008.parquet	000286	903f28ced87390a8875062ed459dcb2c1f1f999d	1381
train-00001-of-00008.parquet	000287	af06dcaccd896a995171c69e104e294cc50c01e2	1391
train-00001-of-00008.parquet	000288	bf27cf25b000011329e681f41c42cf0331389a59	1398
train-00001-of-00008.parquet	000289	14d03ea920379388458daf1cadf0f2819c8df482	1382
train-00001-of-00008.parquet	000290	edd405193a98967550b07b86a1ecc687483669be	1381
train-00001-of-00008.parquet	000291	165b326504b8b28876e4651559d4609ac303cc72	1378
train-00001-of-00008.parquet	000292	246a371d7264846b67d0240b4562e2bcd29d6db0	1378
train-00001-of-00008.parquet	000293	e86694fb593317e8ddb1af5925bad08bbb4c280a	1377
train-00001-of-00008.parquet	000294	8a15d9f2f39cf7687cbe1359c3beaf5406fddea3	1383
train-00001-of-00008.parquet	000295	a47ed8de8673526b0c46f31cde7e8a64c576dee5	1384
train-00001-of-00008.parquet	000296	2e7a6d268927a7bbde4f409fb438a874e34b8ca8	1390
train-00001-of-00008.parquet	000297	ecdaebe8a9243772e0f2d38839073fe5448eeb19	1387
train-00001-of-00008.parquet	000298	a58e1f4d8f57b6efc61f8916a062953da48d28da	1385
train-00001-of-00008.parquet	000299	457585c48c6bef1ba77d560f7e7d7c541c5b9d47	1400
train-00001-of-00008.parquet	000300	afb5b14c2c24b0415c7311179296d562b27fcd33	1391
train-00001-of-00008.parquet	000301	ca19d0e4d88a783771b11cd6663db6fce1b559a8	1386
train-00001-of-00008.parquet	000302	469e05806340c427ecfbdfd62457927cf36b2215	1381
train-00001-of-00008.parquet	000303	4ea3a074b3a729a774cfa779c7d698d0fee2af80	1399
train-00001-of-00008.parquet	000304	bbb2f2d70cc7e382479fb77e6911ec5fdf372496	1392
train-00001-of-00008.parquet	000305	9d81f6bad3bc8574a2d60dbf32623a0952637e97	1386
train-00001-of-00008.parquet	000306	a183e33bb463891e9872fb916f352b31200e195f	1401
train-00001-of-00008.parquet	000307	d880bfac73404822ddfc8dcc4c24b10323f31e21	1400
train-00001-of-00008.parquet	000308	418cef5aadfdebc7a43493fbd1180433cfef17c7	1403
train-00001-of-00008.parquet	000309	9b29afac45acdf73df9ec1a5e4dad9c409f5f90f	1379
train-00001-of-00008.parquet	000310	ca44bee6f0062519a2752f304db18113f7cc564f	1382
train-00001-of-00008.parquet	000311	66701541f296f194743de048dad5ff99611a836b	1388
train-00001-of-00008.parquet	000312	73076ade97f08d1fd0ef18ea05a6be31c74c4ece	1405
train-00001-of-00008.parquet	000313	8bdef25db6ab3150ddcdcbee9c0f05d515cd12cb	1394
train-00001-of-00008.parquet	000314	4e8850c7ffdb506425b3f942d608c023f43316a3	1402
train-00001-of-00008.parquet	000315	4064db6f1639e93010bacec3a4953bf9e821a85d	1384
train-00001-of-00008.parquet	000316	d68adeb30256c4993616a25e3570799f32d174b8	1381
train-00001-of-00008.parquet	000317	fe7a32d99a8941e9cae9008a579e53f9507273f3	1400
train-00001-of-00008.parquet	000318	b9b4343ec225211cc819827dccf86cb173523ccb	1398
train-00001-of-00008.parquet	000319	47dc3cbf085313bffe291de3075522558b1729e8	1394
train-00001-of-00008.parquet	000320	df7e3f6c489cce24fe0103185c7675f643e60b80	1386
train-00001-of-00008.parquet	000321	281eb6fbf1a22359899b1bb65f86e4f7ec86d518	1395
train-00001-of-00008.parquet	000322	1a861fd77963a1010f82e9e408b600255126a78c	1399
train-00001-of-00008.parquet	000323	ccf10e598d94e93db1d52049f6dbdc9381bf44ab	1403
train-00001-of-00008.parquet	000324	d49f1cc76df64dcb31f04cfd3826cb78a37f0265	1395
train-00001-of-00008.parquet	000325	81e85d20678b74db201502237362d00f920a295c	1397
train-00001-of-00008.parquet	000326	5e760904dd79c41ab9eda166c170ad8d727bf666	1391
train-00001-of-00008.parquet	000327	28b1d55ceae5f45c4597477bac2ced68db497793	1415
train-00001-of-00008.parquet	000328	611bc2b76e0c9473f25baeda71bb4366357fb58e	1386
train-00001-of-00008.parquet	000329	82f23e79c41ec39c40a6fc3ecfd1533e40d69438	1404
train-00001-of-00008.parquet	000330	e39876b270bc09a547957638a58a64c23d53e280	1407
train-00001-of-00008.parquet	000331	c7dda3eed58f3aee4a002146316b0b8d0ee20e3f	1395
train-00001-of-00008.parquet	000332	ff1cc7a46a1b72fa2363811dbecd015d3dc3c98d	1404
train-00001-of-00008.parquet	000333	6c1cc12aff5ddb28d413c429986fdbc7a15fd97c	1400
train-00001-of-00008.parquet	000334	b174cd1b2ba24bd0a4dc2e69d109a7baf15e69ae	1409
train-00001-of-00008.parquet	000335	1aae099a39ce41299e12208349b98c60cb73fd58	1393
train-00001-of-00008.parquet	000336	1600187fb9b2c143b4015c8d5253e429eea4bfe3	1390
train-00001-of-00008.parquet	000337	92be088023760f6f299324aee75b3dfde980ff68	1393
train-00001-of-00008.parquet	000338	bb994c0e66322596d97f615f09aa2b9314027082	1388
train-00001-of-00008.parquet	000339	1523556b20f097bf0974b62480bba101560987f3	1404
train-00001-of-00008.parquet	000340	52914534b84e8de5b14038487700b43503010597	1385
train-00001-of-00008.parquet	000341	56b041c1903f3ba50b698f31fca707233959e59b	1380
train-00001-of-00008.parquet	000342	4fc01fb635ac119339289fae073bc655f2c36826	1386
train-00001-of-00008.parquet	000343	81432ae81e5f862a66fede6533df38d1055df0c6	1401
train-00001-of-00008.parquet	000344	e12b5517a27f643a936f115ecc6a8c45d914eb86	1380
train-00001-of-00008.parquet	000345	5139f2905ca51297d8b54c604bcc68ccf7bc74b1	1376
train-00001-of-00008.parquet	000346	ad6957e0e8e1ab308ad8cc85a0c428ca416d6855	1386
train-00001-of-00008.parquet	000347	fb998aad3f89c9db5254e2bbb250f94dea6fbb5a	1385
train-00001-of-00008.parquet	000348	6714b3581111ab239f7a43a118005cf72aa21ca9	1381
train-00001-of-00008.parquet	000349	d938db624fb62e8eed001510d119ab0a00e4f8c2	1390
train-00001-of-00008.parquet	000350	726630d18a3e7fe1cf9f67dc56fd61392ace2596	1380
train-00001-of-00008.parquet	000351	e8c3a4fa1452f90906e05dafbcaece3a72a7aac5	1375
train-00001-of-00008.parquet	000352	9e9e025b1b494b5ddc1cddd5e467d822aa3602b6	1387
train-00001-of-00008.parquet	000353	ebaf9d9ceb219232c3e2b4968bde6510014cebe2	1375
train-00001-of-00008.parquet	000354	4d4c192e2bcd3e89e748d1bf9065cd03584b691d	1378
train-00001-of-00008.parquet	000355	d4a1ddef5da5d33d0f548db1dc73e789b2051bdb	1387
train-00001-of-00008.parquet	000356	9e40aa9332b5621a776e39a6fbef793460aaaf60	1393
train-00001-of-00008.parquet	000357	2b96c8428024a9fae14e9ed990661ec0caff2cd1	1384
train-00001-of-00008.parquet	000358	bad7358dcfe36c557a8a86ed6d296e2276a0d834	1396
train-00001-of-00008.parquet	000359	4a94555e7e91bf1bcb7632466bb6fce973b10a1f	1393
train-00001-of-00008.parquet	000360	05d4bada3d873950dae2b4b0c7ac185533122184	1130
train-00001-of-00008.parquet	000361	fc40d791d7b493065666678ff0fadab9ca2aa49a	934
train-00001-of-00008.parquet	000362	cdc93808e171530185f52949bc5339e22ad5a164	109
train-00001-of-00008.parquet	000363	7b52340156f4f0d0a614f3f43cc94d6a100b5576	309
train-00001-of-00008.parquet	000364	e6d326ae77a548df73edb8ba50c9f57b20d9f855	2009
train-00001-of-00008.parquet	000365	3fbbf8b7abdef64f9ba74cbe7f7574cfed29fba8	1355
train-00001-of-00008.parquet	000366	81d4e1475cc6eeba1f9d05b3005a0b987f2221be	1449
train-00001-of-00008.parquet	000367	3d8e09263d0f153a4068ac85eb78b0422fcb9585	1445
train-00001-of-00008.parquet	000368	99ff73fd59c47b21a0ac060e7e93b754a918c086	1438
train-00001-of-00008.parquet	000369	c8dbf0b9617c15f25832c7e2bff64e417f1cbf24	1440
train-00001-of-00008.parquet	000370	68ef49affa07fe4f772abb537835325136f0b358	1435
train-00001-of-00008.parquet	000371	a5ebaab0c95d1cc43867235e440bc61a0b44884b	1444
train-00001-of-00008.parquet	000372	702bc9fde1ce59288e1fb864630b9314de671101	1441
train-00001-of-00008.parquet	000373	2cf194b31ff405e73c53e036c99227cee9e0114f	1448
train-00001-of-00008.parquet	000374	e7989e865721c06df844f8cf93af0a768a8046c6	1460
train-00001-of-00008.parquet	000375	599b5a6246ab627c1bb0e6c0fe7c54f7cc337085	1460
train-00001-of-00008.parquet	000376	2b457e96904bd8c25f87979b74dce5cfd91399ec	1447
train-00001-of-00008.parquet	000377	7c378dfc52270c8047ea062a295db1ad1b003bcf	1443
train-00001-of-00008.parquet	000378	7be014bb9d75204a95561720c85511ef8aa32fac	1450
train-00001-of-00008.parquet	000379	664e4cecf4d603d3732cfcfd1735866a1c202d72	1452
train-00001-of-00008.parquet	000380	512c3e92370c1af5177f9fd0db45938a0985a300	1452
train-00001-of-00008.parquet	000381	8a6b53eb5d3198b5dbaf5fd8478cea2681d48492	1446
train-00001-of-00008.parquet	000382	1f921172c4495db3ec5b81303f49db9330862582	1445
train-00001-of-00008.parquet	000383	288d5b9add3210cd28b0956c48b493c592e75a34	1454
train-00001-of-00008.parquet	000384	624111910c8975a19627cf395ff00769bceffcbb	1440
train-00001-of-00008.parquet	000385	e571cddeda9a0428098e42b5deacf82d4f3cf29a	1460
train-00001-of-00008.parquet	000386	e0aa4211e92412be65bc3d681e708718c32916e5	1430
train-00001-of-00008.parquet	000387	f6ac0321f99c9fc837dcb965c6fe948d1bd10736	1446
train-00001-of-00008.parquet	000388	631c959f276188371529377867142ca028ee579f	1457
train-00001-of-00008.parquet	000389	e0aa4d64c2b9e0bee604e3610ab4e05977f5dcda	1455
train-00001-of-00008.parquet	000390	c0c9caab6631237844203396fd5ffd55682b6cb1	1456
train-00001-of-00008.parquet	000391	12fa3b9d8b3494f5b877f47aee1f243ba024d246	1444
train-00001-of-00008.parquet	000392	e4bbdfb7aa4968bb22c706cfe8144df75b6ebc1c	1447
train-00001-of-00008.parquet	000393	ab886e08a6655287462d0ae39b40883bb2031e57	1448
train-00001-of-00008.parquet	000394	c1ac33cad9fcfa676e585c258e6c7d20eed536dc	1455
train-00001-of-00008.parquet	000395	692e5f2309deef8927f4c647663011cdc0fd0ed8	1446
train-00001-of-00008.parquet	000396	50310ada259edf36980001ba5f2fe2e65a9995b6	1455
train-00001-of-00008.parquet	000397	e4b00bf2afa588c4748a97512d318ef1343f4d4d	1448
train-00001-of-00008.parquet	000398	115d142307609f6cf98f577b3e59f2104915ebd2	1444
train-00001-of-00008.parquet	000399	7a72656e458c00a6ad6ea76f42965659beec6214	1452
train-00001-of-00008.parquet	000400	7b6d065643f151caf7e65ef50315f264e5e46b69	1453
train-00001-of-00008.parquet	000401	09d8152389f381d30d7b913ed35e7c3fb84412d0	1450
train-00001-of-00008.parquet	000402	63f274ab4c5fa786b32dbadc73a7f92885960477	1445
train-00001-of-00008.parquet	000403	9ae272571ea1e08b0ea1542c4703133e2c20bda7	1455
train-00001-of-00008.parquet	000404	b842e9fcd8337b8f79e90bd42250bfe071c9a75d	1456
train-00001-of-00008.parquet	000405	2b2a97363eef7f13987fcfc131d5cce4e9dc3fe9	1459
train-00001-of-00008.parquet	000406	e5c63b9d1b05f4cef5055c5d7a957b02bb1899f2	1446
train-00001-of-00008.parquet	000407	473fbb2fb10d7215e7a797794f88da271dbd2def	1463
train-00001-of-00008.parquet	000408	c07562513b0528e451c815c0d56bd0f73b9e673a	1452
train-00001-of-00008.parquet	000409	6a070652ea14d03a6fbb548ef20e3b7bfeda9966	1448
train-00001-of-00008.parquet	000410	816a664a436ee2d88d5882a7da9da2340cdaab90	1459
train-00001-of-00008.parquet	000411	afef367244512d45b2e8003c455ddfe7776bc0d4	1438
train-00001-of-00008.parquet	000412	173a27b3b7b20dfb534e0a4de215dd7f267dfa0c	1451
train-00001-of-00008.parquet	000413	6b20cc377cd424c57189ba8565648cceb2b99f81	1452
train-00001-of-00008.parquet	000414	486441f39f8a2c4efadb063889aee02e680af125	1443
train-00001-of-00008.parquet	000415	1f7eec1d20f90fa57440e5309fe32572c1bfd781	1449
train-00001-of-00008.parquet	000416	41a656eb7ae8822a705920cf190b9044239e564c	1450
train-00001-of-00008.parquet	000417	80e7ecb1faffeb1cb524530ea0883a11ac76366d	1443
train-00001-of-00008.parquet	000418	32bdc40e8a112136de4dd6d14cb84c62d1731c62	1446
train-00001-of-00008.parquet	000419	17d0e8c115ab477a7944b38fe19c9606c188b3bd	1442
train-00001-of-00008.parquet	000420	00d55fcc2bd67f90945dbdc41f5ed10d59f0273a	1452
train-00001-of-00008.parquet	000421	50498504d53e3e80f464476e7d2748009a1b2a1c	1459
train-00001-of-00008.parquet	000422	597a5daaada65f1cd399171f5967006769c948e0	1467
train-00001-of-00008.parquet	000423	5153f361c7bb0b09cfdf028d04cb79ca7eb760be	1451
train-00001-of-00008.parquet	000424	a6fc408b263842c14bdb52a8541d60898c0f7ef8	1456
train-00001-of-00008.parquet	000425	43c746c346554a2c7839bda069689e0e577cd21a	1463
train-00001-of-00008.parquet	000426	f8316640c003a5d42deb147895a75865b4f67145	1450
train-00001-of-00008.parquet	000427	1dd563688f2d00f853ec0cf9bddf738fcfb2928d	1454
train-00001-of-00008.parquet	000428	53de8fc66cde5a1af610311b484b5bbad15c7a6f	1476
train-00001-of-00008.parquet	000429	770eb10db92b3ecedb13af37b03abceaaa13dac4	1460
train-00001-of-00008.parquet	000430	1fc03df8c6bca8713a038702214a0427d3b11dc7	1463
train-00001-of-00008.parquet	000431	cd10c0de2b140847f47a10ed60e3e2ad66a855a0	1433
train-00001-of-00008.parquet	000432	aea7ff7adcea097d478ba25739fbc133d2324c96	1442
train-00001-of-00008.parquet	000433	37b88959f767c828d39216bab3249fdd183ef157	1455
train-00001-of-00008.parquet	000434	0a99c765dcd27decb57e153aabfcd1f71fe688e1	1451
train-00001-of-00008.parquet	000435	8430c381afe5478f60df75773df66f5e7cea9f38	1457
train-00001-of-00008.parquet	000436	451cb4c2e3db83b5a61fe71f3871e5cb6f224e9f	1451
train-00001-of-00008.parquet	000437	b1d82385b7724ff381eda394e917d8cfb4c3359b	1451
train-00001-of-00008.parquet	000438	97fd765f2bb682051993bdcb472b0b079dcfab89	1448
train-00001-of-00008.parquet	000439	0c70851594795fd2e05bb806e333792832f8e28f	1456
train-00001-of-00008.parquet	000440	6e8a85b32fa47b1f2d16028276d12419112be3ed	1462
train-00001-of-00008.parquet	000441	9fd98d84e722a355b8467641ee57b05e92fac026	1462
train-00001-of-00008.parquet	000442	3a5d57f10193a30de50b06c1a61aa9c7ee2c191d	1465
train-00001-of-00008.parquet	000443	b81ec91881a8ceabe07243923867f65ee86f3a4f	1454
train-00001-of-00008.parquet	000444	425479820bf7931ba60c40034d45e031dd41070d	1462
train-00001-of-00008.parquet	000445	9008ca0fba49849a2beb2fbc30b895e8fcb117fd	1452
train-00001-of-00008.parquet	000446	d8fc5f917c924fed4d75a390d295b1c79cb1aced	1441
train-00001-of-00008.parquet	000447	e92095e0678b726cdffa3582b7b3b1e36f5ec905	1458
train-00001-of-00008.parquet	000448	d1309234dc3b886c8519ca548480dedbb8601502	1452
train-00001-of-00008.parquet	000449	be464b7172fdc81d8aee1443f31ae72e2d743c16	1442
train-00001-of-00008.parquet	000450	c8f09fc4e425f52b95a25edd728f3bd532a3dde2	1452
train-00001-of-00008.parquet	000451	56fe6b63671c492a55f69c2df8e3619118232bb7	1452
train-00001-of-00008.parquet	000452	44e3aea58916ec1702c9e3073c901a1f47b2e806	1442
train-00001-of-00008.parquet	000453	0359a4003588eec84481a8236c56f91a95b56eae	1456
train-00001-of-00008.parquet	000454	c4d7ac2041318a140f0b6edc457b88171cf9079b	1476
train-00001-of-00008.parquet	000455	a43923c1db57e67507b0251ad219f1ded7b9d179	1444
train-00001-of-00008.parquet	000456	cd127f40212eb798cfa634260d9fbe2b255897c2	1452
train-00001-of-00008.parquet	000457	d1d7837130d9b6215a898cddd672b59c9ace7bed	1450
train-00001-of-00008.parquet	000458	fdae5b7aded38382908be2dfdeadfbad75aae1a4	1445
train-00001-of-00008.parquet	000459	fbc1f4e8a6fa479c7e2777c16a035086e46bf194	1453
train-00001-of-00008.parquet	000460	365c781b8464e75b2b03bbe758863817f509fb62	1456
train-00001-of-00008.parquet	000461	f8a1bbbde74039d9d771959da11eb7e6607d10e4	1449
train-00001-of-00008.parquet	000462	380d92818dc2e2e8c99889823a212c3956f0fc84	1438
train-00001-of-00008.parquet	000463	8491b2b12bceb1e8426e5cb0c385ea0de8c55ac9	1448
train-00001-of-00008.parquet	000464	d6d2e32e444139147c2f00b8c076d503bf8bcd09	1451
train-00001-of-00008.parquet	000465	ae21ecb88022add30bfc4b1657d8b1afc7fb0269	1447
train-00001-of-00008.parquet	000466	e0e644f11d0ad61986c96ccc89dd22e54214f0e1	1449
train-00001-of-00008.parquet	000467	f37466d61dfb1dcfe3ef9e2ea3f53c64a9ca3768	1464
train-00001-of-00008.parquet	000468	cada930a1f62d36bc749ecbc8148880858da2801	1454
train-00001-of-00008.parquet	000469	976e8d743482ecbb252d94b53831dba2df3eec32	1470
train-00001-of-00008.parquet	000470	3107e8506d72a1f6aa9689c94ebe4874440504ce	1449
train-00001-of-00008.parquet	000471	65372d1e4445b02aad5143b37dc954bab15fabe4	1448
train-00001-of-00008.parquet	000472	4d67dcaa1dda3c0aa34a2f54b0f1fad45b673ba4	1458
train-00001-of-00008.parquet	000473	516a4027fc2fe8609caf5d716f2d3d9700e10dbc	1448
train-00001-of-00008.parquet	000474	dead878e21c19676ada37c22a19fd5e2c0e07a91	1447
train-00001-of-00008.parquet	000475	0b1da17337e76862bf4ad756b50264b0bb3916e6	1448
train-00001-of-00008.parquet	000476	611c6a251dfadbf5540ced15efba7c489eddfd70	1450
train-00001-of-00008.parquet	000477	bf67f36e8d932c5eb64f98a56b2568aa94ec9967	1446
train-00001-of-00008.parquet	000478	6288ae3d5daf106ad761f25d2c8c9c2efdfa680e	1470
train-00001-of-00008.parquet	000479	07bbbadbbda70de98f3c4afb22d7da4942c3d07a	1460
train-00001-of-00008.parquet	000480	fcb88cc21c837d743ba8c8cdae55a19d076c5b5c	1461
train-00001-of-00008.parquet	000481	85aad3f22254d522210b506acfce4c32673faf24	1450
train-00001-of-00008.parquet	000482	3b9ba25b4155efcfb02f610ad64070ad81e9fc12	1451
train-00001-of-00008.parquet	000483	9408a8aa95c9950026c91bbd213d6b834dc7bee3	1458
train-00001-of-00008.parquet	000484	b30f4e57b72ea11b34b42a834f912b39b78c6297	1452
train-00001-of-00008.parquet	000485	d026f75c6ca8a9f184c9552b644f07713bf35fb8	1462
train-00001-of-00008.parquet	000486	4970ec64ebb82f37ba5cf652ef6f1585358e71da	1449
train-00001-of-00008.parquet	000487	f1b2c55945f923bb8f428d83e8d71bc96685d73f	1447
train-00001-of-00008.parquet	000488	aac79d321d35db143fd1fd8b3ec8ba39e07098b8	1443
train-00001-of-00008.parquet	000489	3a19b34a58ec82acc59429fc6cf43d121fd80797	1460
train-00001-of-00008.parquet	000490	9fe2c2f3c15a2a23e02dccf10eb4da74b211e17f	1452
train-00001-of-00008.parquet	000491	a1612394db2889ccf8b07a9acd4dbb8a29d27083	1458
train-00001-of-00008.parquet	000492	734572b4be6d0f1b1bab610638e739cf1508f0ca	1400
train-00001-of-00008.parquet	000493	3dc5246452e40848c7b11976967e27bc8a47a0ec	312
train-00001-of-00008.parquet	000494	594ad7c32e36ea1c1757ba2db69e3db7f663b699	932
train-00001-of-00008.parquet	000495	8ae0ede9fdde214fe8a05df926e9384715588d32	109
train-00001-of-00008.parquet	000496	9b9c4045a80be348cac55c74026083a3ab637027	309
train-00001-of-00008.parquet	000497	501a4f473509025f9a3cc101355412a5e784086f	2008
train-00001-of-00008.parquet	000498	11749af7776a5faccb91c6e270874a61c9fa9870	1393
train-00001-of-00008.parquet	000499	d1f4226c56c26e7e2746d05f0c17fb14cfa9171d	1481
train-00001-of-00008.parquet	000500	b6773badcad4539cbe8ded17276d9396a2881cff	1490
train-00001-of-00008.parquet	000501	1ad1a36560b7ac7f1484f8cdafdb5428de67a758	1476
train-00001-of-00008.parquet	000502	a0838fca29ce53be06fe29a7b9f56af7ab2f11b1	1486
train-00001-of-00008.parquet	000503	d3ba6f9813ea5fcbff9c4162fdd53e401a9e5ab3	1495
train-00001-of-00008.parquet	000504	a8d72da834359dace029b9dacae4f67f44fbb787	1495
train-00001-of-00008.parquet	000505	a2c97fb91d85578604e6cc836b951a172a834008	1481
train-00001-of-00008.parquet	000506	9486bee4622664f2acab1ce4864fcc1d9783f270	1482
train-00001-of-00008.parquet	000507	c13b2070e502fdfa2d03f1ae27a8d2e4d2483ff9	1504
train-00001-of-00008.parquet	000508	ea5b7c82d448067122c8cd0aff2826ca1f3912c6	1488
train-00001-of-00008.parquet	000509	e5f1f5d470edf594925a21221202789eab675b8e	1477
train-00001-of-00008.parquet	000510	fb2086f78b7d48f9cd48f682d805198fda7f45de	1482
train-00001-of-00008.parquet	000511	cfc288e6ac08bae3a32747beb4d61a171dc4af3a	1482
train-00001-of-00008.parquet	000512	6da72a34b0262817a0347cfd7a9757c2aa71f7ad	1473
train-00001-of-00008.parquet	000513	a568f5acb61f960cb49325ceebb96901c2e97978	1473
train-00001-of-00008.parquet	000514	4cb6be2123088cee564a31456d1e21eb93f90e25	1471
train-00001-of-00008.parquet	000515	f39f31ea3c68eb96283d7c03e179f40dbbf9b5a3	1488
train-00001-of-00008.parquet	000516	2d609127116fdb518c8329821837fb1ffb77d92e	1493
train-00001-of-00008.parquet	000517	b60de19ac97250bfdc479c30f18ecaee25c55377	1480
train-00001-of-00008.parquet	000518	da966bf48a3dc9cd0b740e6f7d449e46bd432684	1477
train-00001-of-00008.parquet	000519	ff8efc9d340da755f59582f8a01c5fc783d0c0aa	1484
train-00001-of-00008.parquet	000520	043271b9b31047ed874422b63f5ef81fa987ddb4	1495
train-00001-of-00008.parquet	000521	aaaca1540f1abb18e4644c75ca72cec73d4ba28c	1492
train-00001-of-00008.parquet	000522	3e91d080f29333e973711bad8a222275738349eb	1472
train-00001-of-00008.parquet	000523	0320b552afbc64fd06e44b3db74d25551661e77f	1479
train-00001-of-00008.parquet	000524	fd1cf31b556dead90d7d9d644d7eb660254bdbaf	1472
train-00001-of-00008.parquet	000525	2ddb3464675a82711b89aa3bda5445e47ef6f9ad	1467
train-00001-of-00008.parquet	000526	5271da268e8e5944a9147b7725378055d8f9f02e	1492
train-00001-of-00008.parquet	000527	c9f9da52fa3402d057a83cf9eb3474cfa4c84ed1	1483
train-00001-of-00008.parquet	000528	a814748d4684d9b771471d062fb46ca23651289d	1478
train-00001-of-00008.parquet	000529	d439a12543f603549f1e6fcdf53c9900b8ceb252	1482
train-00001-of-00008.parquet	000530	90978d0931f5525e4ef98df9c03a4103e2d82167	1480
train-00001-of-00008.parquet	000531	dde9ddd085a066ac0a17405c8ce64dfca638141c	1469
train-00001-of-00008.parquet	000532	012b4b783d72909e5932e848ef6570d6ca23ce43	1467
train-00001-of-00008.parquet	000533	45bc93fc7ddcc4cf82e163a53181f14a3743fd2b	1471
train-00001-of-00008.parquet	000534	458608db4f547ec46f59dcc3058afa9e3b95b9f9	1472
train-00001-of-00008.parquet	000535	02bf2f20d5ca6ac2bc1559987ed9ee2fba3dd23a	1478
train-00001-of-00008.parquet	000536	1f681e722140be91b7a2714a75aa0bbe3a14f1a5	1490
train-00001-of-00008.parquet	000537	36e272532b0763a8ef0fa3ee25bbfc81db409e03	1480
train-00001-of-00008.parquet	000538	98bf0cd163054b78dcdadcdaacc7a6062e699f3b	1481
train-00001-of-00008.parquet	000539	568e6d514ead73bc21e9f7bcad4a9b551a8feeae	1486
train-00001-of-00008.parquet	000540	11dd336116e3b5bf8b3cc21afbca6dd900e60eff	1476
train-00001-of-00008.parquet	000541	6140d7d42ea7c71f9ab1cb1219e8f857ec659250	1475
train-00001-of-00008.parquet	000542	aa3bbb917779e0e233c2829dd35af460c9f3eae6	1467
train-00001-of-00008.parquet	000543	8d45b1c098819e887ad0a92375a184c79e74f2c6	1475
train-00001-of-00008.parquet	000544	0b714ba8d1a744d42f0ca1edf186a757b114d0ca	1481
train-00001-of-00008.parquet	000545	6b46b285599c76c86a287cc902dffa544f3578ff	1484
train-00001-of-00008.parquet	000546	067a1fc0b8bbdaf0137155677ab8edb02b321951	1477
train-00001-of-00008.parquet	000547	679360984d68a4e32b994cd7f4f1db7c3d5471cb	1487
train-00001-of-00008.parquet	000548	3c312ef4c992e94843b14138f94b56e2b9238abb	1473
train-00001-of-00008.parquet	000549	1b2a3e7edb725ed347a86fbe511be14f8bf42129	1477
train-00001-of-00008.parquet	000550	2829514c4bcc34b23b00fef2923814ab85f2a8a0	1488
train-00001-of-00008.parquet	000551	884e6cf811ecb35099524a199e6c5ed407fffbf1	1479
train-00001-of-00008.parquet	000552	f5e4f10a5e4ec99224bd779f49781fd69e57a2c9	1481
train-00001-of-00008.parquet	000553	41749bae64949395df502f28793ed5194f451be6	1489
train-00001-of-00008.parquet	000554	67e2b29d423de771462f24f8ab4559a03a4da27b	1492
train-00001-of-00008.parquet	000555	a1ad742f01a6c8e771ec7b4cbe2ae7b7811c9e22	1496
train-00001-of-00008.parquet	000556	9cd9005d820443da280426ab7bbbc758c9d64e8b	1486
train-00001-of-00008.parquet	000557	723556f58961a780181ea66002d7b9a204355ef9	1501
train-00001-of-00008.parquet	000558	50c32c320761cb50f9d9ed1ef591e3f53b8776d9	1488
train-00001-of-00008.parquet	000559	263ede6c8f45b26718cb263b891106d2abb423f3	1480
train-00001-of-00008.parquet	000560	9f4e14ce1e0c9d81d9009ebb84c0c1c3a132b289	1485
train-00001-of-00008.parquet	000561	cff70be1a5308890c23e0663b3605f73bd92968c	1473
train-00001-of-00008.parquet	000562	3ec042f6a6251fcf35b5f338c3c995198477dc24	1500
train-00001-of-00008.parquet	000563	a854cf260ef15651ea003f74fe5af50b71f2c4a7	1479
train-00001-of-00008.parquet	000564	4fc7d8f2ff5fff0daa6b1fe228d16d626d702a81	1477
train-00001-of-00008.parquet	000565	e5fe185b5724978e373d7060d0c123cc35c0b21e	1466
train-00001-of-00008.parquet	000566	0f6730b0383709b08e3ba79d6f68bd90c5641499	1473
train-00001-of-00008.parquet	000567	9e07d7ae7c5c4f172ebd373f0b295d6bf6a6cf13	1481
train-00001-of-00008.parquet	000568	1a94da55560f447450815836a3bb54e5898f77af	1480
train-00001-of-00008.parquet	000569	39fdda2bf69bb7fabe73f2e3b8d653c19fddaf3d	1483
train-00001-of-00008.parquet	000570	f8ca54c19067db755b95c30cce2bc62dbf6cc5bc	1474
train-00001-of-00008.parquet	000571	8f97924a7bf55f55b50d2bc0a536a85d58ce63bd	1476
train-00001-of-00008.parquet	000572	70113c3742cd0bc962a417a974c7084614fdf0f5	1479
train-00001-of-00008.parquet	000573	a0198051b2f564a8fc627e61e3cc3c76171e098e	1477
train-00001-of-00008.parquet	000574	88820b1eeaed62b68904546685a8af9cc798c5c6	1480
train-00001-of-00008.parquet	000575	0a728e6a16db4cc5cd902e3d43411decc616fcbb	1493
train-00001-of-00008.parquet	000576	a51a0fc7be4a5139212acf513838537fbcd1af78	1478
train-00001-of-00008.parquet	000577	30f6bd549884ea623607f0fc034ae4480e01c6d4	1475
train-00001-of-00008.parquet	000578	f0cce49e06449da9e24308f111ba63a97ecda5b5	1478
train-00001-of-00008.parquet	000579	142acf1674f536d62e0cdbdf3b24d962171068e7	1481
train-00001-of-00008.parquet	000580	2824b86d3ef4f8bb7098851a0fdc55972b3d21d0	1478
train-00001-of-00008.parquet	000581	4429e38dd97c2963e75d1509ceceac5f44f3e37c	1486
train-00001-of-00008.parquet	000582	4ce3fda092bbfb1be43eb39700072e036451b79b	1490
train-00001-of-00008.parquet	000583	33d4fec633254d09457dc173439bc2643b5e913c	1492
train-00001-of-00008.parquet	000584	5aedaae68b18ce3395547a6f599b9a0596d8fc78	1466
train-00001-of-00008.parquet	000585	43f6472c38a24e913a911c2cc07af3d3a62a2885	1484
train-00001-of-00008.parquet	000586	e4938b9dafa50e14c519b22582a0d91d4067673a	1491
train-00001-of-00008.parquet	000587	a33f2eb2b67a288cee41e6c98e8fac7df23144a2	1494
train-00001-of-00008.parquet	000588	eb8773ca38d2b431bfb2eafdbefc2385bb743fe6	1471
train-00001-of-00008.parquet	000589	87f2f5e6fd938fd203949003b4dbc323c7fb0626	1484
train-00001-of-00008.parquet	000590	32a35b0478b4a9909e4c53ed49ac49ff6310cf7e	1492
train-00001-of-00008.parquet	000591	2cc62da677cf721bb31fd07f1cd3142b8020818b	1488
train-00001-of-00008.parquet	000592	877c1050acde1abb76ef0dda6573a60a837c3c3f	1484
train-00001-of-00008.parquet	000593	26f14fbd32d682ff3e4d9c74340c3cf12c288381	1491
train-00001-of-00008.parquet	000594	362a20ca37a98cf1e133be4ea67e2746ee48c482	1495
train-00001-of-00008.parquet	000595	ab174fc2d172d63812770303be9ee151ec1a8f67	1482
train-00001-of-00008.parquet	000596	d5961d8ac041be19eb677b4b054e487f368b46c8	1487
train-00001-of-00008.parquet	000597	34c4e95ce8c1d5f493db02035f30927c8d390217	1491
train-00001-of-00008.parquet	000598	f878d6570ee4679f37f73231f53e9ec9ebe2d3a7	1469
train-00001-of-00008.parquet	000599	bb13f1eb4f568fa9fcd67d6caa1fe11d1aa522c3	1482
train-00001-of-00008.parquet	000600	da0f59f54ebe9a4792b8ec4b8b750feae2138589	1476
train-00001-of-00008.parquet	000601	58aaece2ca5ec79ebacdaec06a45e069da5689dd	1476
train-00001-of-00008.parquet	000602	0e696abed63d40d60b6491896fcc64225d87d56c	1475
train-00001-of-00008.parquet	000603	7bc5007944285eea5faac46b1fc24ea1aea07ee7	1476
train-00001-of-00008.parquet	000604	172e5e93fdda3a4c8b9865194cc4d1c574647689	1475
train-00001-of-00008.parquet	000605	28cc425c184f746b0dafd2672760daf91ea97a12	1481
train-00001-of-00008.parquet	000606	c546d177fd5b6a2c81256dcc7b8d2cebc2c9e22e	1481
train-00001-of-00008.parquet	000607	b69519dadad3ab666a63450184aa9b2af2c385ae	1488
train-00001-of-00008.parquet	000608	0c5655ef571163cc64af0f1f8049c5622f7ae607	1483
train-00001-of-00008.parquet	000609	1e97f3ce74f6a26cc37a282847ac30834ce39792	1491
train-00001-of-00008.parquet	000610	1ef6c6edae932bee2b6855cdfb825304c011ae6b	1489
train-00001-of-00008.parquet	000611	8865d97aec2b7a919a71e4bda9f622a73ca8c960	1485
train-00001-of-00008.parquet	000612	8b6bbe50322ee978247b035603a068ef625be1e5	1485
train-00001-of-00008.parquet	000613	76b9c52674287e4fb784f21baca1094db1b66177	1485
train-00001-of-00008.parquet	000614	32f272172bf78026826ecb7f80cedc2aa6a7f95f	1482
train-00001-of-00008.parquet	000615	9dd5955c249fd51f372d78843403c7d114e87b3f	1486
train-00001-of-00008.parquet	000616	5ecf1f0fe12d62de98e487319f46fd6caf6c5273	1472
train-00001-of-00008.parquet	000617	010e10b0289b08c3f38b547fef5b5e617dcdbfc5	1480
train-00001-of-00008.parquet	000618	56f04bed521e606b710b131d62270d8c63f68a02	1481
train-00001-of-00008.parquet	000619	8ee3bc03fc15860e619f0797ed2c301e8cadc4ca	1470
train-00001-of-00008.parquet	000620	d4c1f7d9cc76e4dfa65620e08b57fbb91b7da002	1478
train-00001-of-00008.parquet	000621	d7213aaa8db44f6ae20caeb8e80f45d0ef6a562e	1486
train-00001-of-00008.parquet	000622	79264f96513fbcba0fbdca6b0139ccd6ff7ec997	1473
train-00001-of-00008.parquet	000623	ab791a9106da18910959dd31c7f46d81b55187f6	1479
train-00001-of-00008.parquet	000624	721ffbc677aa45700ccc00c2cb96c1aa73703251	1135
train-00001-of-00008.parquet	000625	b470af3c973549a4f2b31b373e9d762714f0ae54	935
train-00001-of-00008.parquet	000626	27c07b8fc7821a8bc8443345758b6e878aa13967	109
train-00001-of-00008.parquet	000627	434e6dfcb181d360e2eaf45456f713af5a796389	309
train-00001-of-00008.parquet	000628	e08fef7e503afe3e1953006e695ea76c6a582308	2007
train-00001-of-00008.parquet	000629	ca2eb10f7fb6baf07dfb8bae6eae4b811b0e5ca3	1379
train-00001-of-00008.parquet	000630	4a6d2e1bcf9439c6619cb7b7fc85ab9707c0a913	1479
train-00001-of-00008.parquet	000631	cd36f17054df2b52ba7745418442eacecd5fe211	1478
train-00001-of-00008.parquet	000632	7748b12fdb58b622beade4864058c973f537be34	1478
train-00001-of-00008.parquet	000633	8aeb2b464590caf3ad3154bdf90de89751b5672c	1490
train-00001-of-00008.parquet	000634	11802b48c3f84106a58a47e0be18d91005431c13	1490
train-00001-of-00008.parquet	000635	09db6693ed90d0a0cf7c59387f0497143bdfd65c	1497
train-00001-of-00008.parquet	000636	d6d98f9046f3b5ddf9e100cd07710ca61bf2b2eb	1495
train-00001-of-00008.parquet	000637	4fe0b0bbea8af01612e610068af27baeee751fea	1477
train-00001-of-00008.parquet	000638	7970f90c13b4482eefd1783967722db3eeaf4658	1482
train-00001-of-00008.parquet	000639	104efbd04093497cca882164911dac6099643f53	1469
train-00001-of-00008.parquet	000640	6ded7c10a02d403ef61463a1fdb6fb8f94315f6a	1465
train-00001-of-00008.parquet	000641	5b3c1e53ced335c8522d374ebd7656fb66229214	1480
train-00001-of-00008.parquet	000642	190d7d412cf9b16104e1a3aa152696cfc5f0e5e2	1474
train-00001-of-00008.parquet	000643	37db1a47b3a10170403ccd89018d6f14949401f3	1480
train-00001-of-00008.parquet	000644	0737ce66a1eccd10e44cfda37c8e1bd3eff47247	1490
train-00001-of-00008.parquet	000645	a950b4c6f80a87c49bb2989c738a78580ee21d17	1473
train-00001-of-00008.parquet	000646	a532e130598c85ba8023ee8c6436c55684075afc	1478
train-00001-of-00008.parquet	000647	d34f0c4f96cc05b62ef10ef892a4402eb69cba6f	1478
train-00001-of-00008.parquet	000648	06ced84987805f7e01354492d0f7f5e1d983bd3f	1477
train-00001-of-00008.parquet	000649	d9bdcc078df705d703769df7c32b82bf8b30ff4d	1461
train-00001-of-00008.parquet	000650	6a79a04ef294531372e5a0585cebdbc96adaa2ae	1482
train-00001-of-00008.parquet	000651	d945c3783cd51760d5fcacab0a5fba1515d30ea7	1472
train-00001-of-00008.parquet	000652	afa41d0c9be0602e93b123b88e49e401ee698ad5	1483
train-00001-of-00008.parquet	000653	3190b6be5c86367c0a8d5e10585aca85f580df7c	1470
train-00001-of-00008.parquet	000654	340302961b631a7c90d36a31545af594ebb189c8	1476
train-00001-of-00008.parquet	000655	d616e91702665159f21b89e57336bf2444321080	1477
train-00001-of-00008.parquet	000656	d18d7e758ff9407ae2a9530e0fe0647a675d1736	1476
train-00001-of-00008.parquet	000657	546bb9a6c24b14ebdd4b66a117adc6556a5287a1	1485
train-00001-of-00008.parquet	000658	92e4af4c1d3e0e36c200ec141673a20cd1f7f3f0	1484
train-00001-of-00008.parquet	000659	5303ab0520a42a8184fff4b814a92b976f76dbd2	1487
train-00001-of-00008.parquet	000660	0cc9da034d297cfb1604a76759e12d20ae49b1b2	1494
train-00001-of-00008.parquet	000661	aa4d54a3259d7956cdd094008ca7ae52d6722705	1500
train-00001-of-00008.parquet	000662	33f00f0c705f836fd58285cdff8bcd3f102717dd	1481
train-00001-of-00008.parquet	000663	b715f1c854ce6dbd04435d7ca2022e3700fb6933	1486
train-00001-of-00008.parquet	000664	a4578c40f66941eb55c692162b8f473218266631	1481
train-00001-of-00008.parquet	000665	69cae6a8b107d31c9727f9f06c4ba702aec32380	1479
train-00001-of-00008.parquet	000666	1d8f6b732eb3a8b51ba02812a4024017b22ef279	1501
train-00001-of-00008.parquet	000667	51252612b0fb5ee0b536436c40dc5a7a45a54c1d	1496
train-00001-of-00008.parquet	000668	cffdd827f7def1cf7a580203e5707725e6a6b79e	1476
train-00001-of-00008.parquet	000669	022d98ef6353f98e99cf36defa383df0f29a988a	1483
train-00001-of-00008.parquet	000670	216524ff3d19ea0aa1b45a8e174134588300e7bc	1479
train-00001-of-00008.parquet	000671	e6612f3d025e79727cd2dc8af4be088ad9f0b69c	1480
train-00001-of-00008.parquet	000672	728d82a98e0b9a6572a166e2f19501dca1866aca	1478
train-00001-of-00008.parquet	000673	461127454929c1426b4bfeeee913c77b6c36e3cc	1481
train-00001-of-00008.parquet	000674	bb3f3e686c6fecd3ef8322ddf4bf1d0edac5dfff	1491
train-00001-of-00008.parquet	000675	d6cb3448721bc37327bdbc7b0ea5ac4681e84640	1491
train-00001-of-00008.parquet	000676	8605dae0f0f400daa176b0876eb22db494b19bfb	1487
train-00001-of-00008.parquet	000677	259dc1231c6cfd1f1663ac4232d890ee1ccb5592	1486
train-00001-of-00008.parquet	000678	9cebda349d783ecaa3872af792852da5a66c754d	1492
train-00001-of-00008.parquet	000679	7f9a31faff999383f97e5bae1043e58a653c5342	1498
train-00001-of-00008.parquet	000680	ad8e230247d31fbd918201d44992d7a2672659e8	1486
train-00001-of-00008.parquet	000681	af5e670fa5ffe936b14cd94e2ceb22027454d193	1481
train-00001-of-00008.parquet	000682	ea0c721e6bbb7b07d2c39bf10e476a45b6a031c9	1498
train-00001-of-00008.parquet	000683	e6dad971498429a6a4354cd8cf8c12ab77f13a34	1481
train-00001-of-00008.parquet	000684	59cb56472c5715eb9a92ee6f1dc01f0bbec8d38f	1476
train-00001-of-00008.parquet	000685	57fe24b4271dbc99988925296bb1d590ada3e579	1484
train-00001-of-00008.parquet	000686	ca058d873305a9f8e27b2a0609dc0ead11053195	1495
train-00001-of-00008.parquet	000687	888212a59e049cce5d6c7a96245ad555b3f9077d	1478
train-00001-of-00008.parquet	000688	89283a7ae242cb29f7e5592eab4c372ca70efa11	1484
train-00001-of-00008.parquet	000689	33a21a7c68540569a99d0c1287bce89e344b9c47	1484
train-00001-of-00008.parquet	000690	c36605ab919c6c8912a2e6f26c47173c254345d2	1491
train-00001-of-00008.parquet	000691	2b50e511200890c95df40caacc9affe8c56ed499	1484
train-00001-of-00008.parquet	000692	0464f88222a70e42ff812ecdb1a7cf3e02572d67	1486
train-00001-of-00008.parquet	000693	cc7496fb4669fff0480beade3e7a9b8ec5077b79	1479
train-00001-of-00008.parquet	000694	ac79b06bd6b578ebbe7bf57917b6685fe21ead52	1481
train-00001-of-00008.parquet	000695	0750e1cac78500b36797a557412931ad4c7df162	1498
train-00001-of-00008.parquet	000696	d0949c90fba93ecc3a06c687f69cc506a7517e77	1505
train-00001-of-00008.parquet	000697	d4a036b5002812b4e94a147925cfbcf5ced345a0	1477
train-00001-of-00008.parquet	000698	68110859123d05c5596c918d531efa0e4cb7e1bb	1491
train-00001-of-00008.parquet	000699	64d1a66cf235a64764eb615227d5ce96a089a82b	1494
train-00001-of-00008.parquet	000700	22a86d2a491ca6edddbfc88bc7dc2a0cf0337672	1490
train-00001-of-00008.parquet	000701	458295a807c62f4d525a8e495710e33e9f75c499	1473
train-00001-of-00008.parquet	000702	4e0bfb559c020d0a2b159d562f5981f46774393a	1486
train-00001-of-00008.parquet	000703	da80959a10e79951bbeebd7409bc008bfb975e22	1489
train-00001-of-00008.parquet	000704	e3d49c96a1f0a844f600a3bf7deb471b65210f18	1479
train-00001-of-00008.parquet	000705	56988a52449498ed856dffbfe0114a1b4d2d0457	1491
train-00001-of-00008.parquet	000706	d83085811414ba8ace93397f2653784eeba748a2	1489
train-00001-of-00008.parquet	000707	03fd3e3296117dfb57754521bee7a7ca9758b694	1494
train-00001-of-00008.parquet	000708	e7aaf4dba9c09c05a3f23b60fe5248caa71877bc	1485
train-00001-of-00008.parquet	000709	91d9079d43646dbf79728f8e8c94e6cbf0587f86	1487
train-00001-of-00008.parquet	000710	d5a08f2880efc517a3cb27394aa646652f3582db	1501
train-00001-of-00008.parquet	000711	b008ce2a9053fa2d25aa0bd5e8b8373229d235eb	1492
train-00001-of-00008.parquet	000712	bffd10fe9a972b1fcf39cfb559b5aa5b7d212257	1489
train-00001-of-00008.parquet	000713	a6477d8e51c855dee991fa70362f8d79bae756b6	1498
train-00001-of-00008.parquet	000714	d41b93d4dfe506201858266fd894f0a9ea90bd2e	1471
train-00001-of-00008.parquet	000715	6dd15547c5cb2287bca9096ec5be7391a8f1ef6f	1503
train-00001-of-00008.parquet	000716	c0c5d8873679fe353acbcd17b1c20a5bda6016b2	1503
train-00001-of-00008.parquet	000717	37a8db8315813133c0a9b8b0291c67a19e87d853	1497
train-00001-of-00008.parquet	000718	ff0ba47953dc9e2c597ca40136f00cf5a710d5c0	1484
train-00001-of-00008.parquet	000719	a633889a06c5a9995ca9abd04b2d21b61612eccf	1497
train-00001-of-00008.parquet	000720	99f95172f470eb1f185d61d39742b19805eb1962	1501
train-00001-of-00008.parquet	000721	39ebac55e4b706fe484b5a68f1470986f3567404	1482
train-00001-of-00008.parquet	000722	1074cff2de6de1fbc1acf5bbf109590e092cddb8	1487
train-00001-of-00008.parquet	000723	6c1473c4ec0a06995af73615842e37173c77027b	1475
train-00001-of-00008.parquet	000724	52865aff1fd81a6f2fa8f31d34a99f82036e6b72	1486
train-00001-of-00008.parquet	000725	e37982dfe1f95962599e05e67d5396f5329947b0	1479
train-00001-of-00008.parquet	000726	192f6d609ca64e98b73f7a80c0f83e8254131b58	1497
train-00001-of-00008.parquet	000727	80dd550caa9295efe97d95b1ac72d2f50ce3d199	1492
train-00001-of-00008.parquet	000728	52a16245ad7c12d36272ba85e9c18d8bb3e0112f	1501
train-00001-of-00008.parquet	000729	ea9f436d164569ceda94e14ace10d1551ee66948	1491
train-00001-of-00008.parquet	000730	d60d412c589dd307ffb972d3586de7239b1ad7a5	1478
train-00001-of-00008.parquet	000731	9e7c19c21cab1e19dc25a8e4d9e69ac3cd54e65d	1486
train-00001-of-00008.parquet	000732	1ea6ddbaee7c20033e91cc654313c1bcc9450d39	1498
train-00001-of-00008.parquet	000733	2ed3aa03a5b041c58666798322c35963b712dcdb	1503
train-00001-of-00008.parquet	000734	61372d3086d78f7af1592bdda14a8ba888e684c6	1491
train-00001-of-00008.parquet	000735	e7b3c54a67bd6b69ff0896b9a33e1f50df64b6a7	1475
train-00001-of-00008.parquet	000736	6e0dcc6bc96a0a4a6d508c722aaa17e45de80697	1479
train-00001-of-00008.parquet	000737	0c306bbfc5b3e957aa225054c9d26d4ef6bfea22	1488
train-00001-of-00008.parquet	000738	7380f3e52684d5caff428cc6c191ff82e664b2ea	1477
train-00001-of-00008.parquet	000739	13a32052479841d559dc404329f1745b3d176160	1479
train-00001-of-00008.parquet	000740	9d2ecc5e36fa6dbcf0f664a1024b08a22467218f	1490
train-00001-of-00008.parquet	000741	7e1754c2f3c2772fed41bd71e822ee9e9bc81fbd	1493
train-00001-of-00008.parquet	000742	080194040db7b29f7ce80194b156eb8b93614a89	1472
train-00001-of-00008.parquet	000743	aee8c4aa65f81a52430fa9dbb436df9b18829f5d	1494
train-00001-of-00008.parquet	000744	f698a90c0b949c7c881838548ef305a2d47af543	1541
train-00001-of-00008.parquet	000745	068cf9b06254cc9496e6a5ef3a0aeacbec3ba7a6	935
train-00001-of-00008.parquet	000746	e8b5fb57bc062a68dcb4b717ee53b0630a0ad673	108
train-00001-of-00008.parquet	000747	fb44763ed97866062e1180254403569e05aac142	310
train-00001-of-00008.parquet	000748	40a583ac5ad45be5f40c46a64028a1078a4e775b	2004
train-00001-of-00008.parquet	000749	75cdf7c2d8579799c837f7cacd9ceda5e310c661	1285
train-00001-of-00008.parquet	000750	6945702444d820d5b59e8a17b7d0944268510657	1389
train-00001-of-00008.parquet	000751	d3089006e1368f6ad7e96fb79a2131db2e066306	1387
train-00001-of-00008.parquet	000752	05ba74fbb561981238e5146a9f24311deaf728a1	1384
train-00001-of-00008.parquet	000753	fc8e44ec005630d89a4e1facc76423a18386d8dc	1373
train-00001-of-00008.parquet	000754	11d49e7627c717efe063c3666f7fe7ed2a236fc7	1385
train-00001-of-00008.parquet	000755	fdb6a6ad51077193d8c3f1386a63d22f95b9bcf0	1394
train-00001-of-00008.parquet	000756	260f9bf7a46287a137c2e3f6e54c90301167fed2	1392
train-00001-of-00008.parquet	000757	d6b8612e1fca11c209d36195344584c5c8009442	1396
train-00001-of-00008.parquet	000758	4b4795916ca5688305495491b3a9ebb53b5bf630	1394
train-00001-of-00008.parquet	000759	ac167d91ff03de97dfbed6eccdf674695e3e516b	1386
train-00001-of-00008.parquet	000760	85f2136af2ad21df5229c4b37ee9ab3325f6b542	1387
train-00001-of-00008.parquet	000761	dca62643b32ee9fba12372c5538dd2a0a2151b2b	1399
train-00001-of-00008.parquet	000762	1cec561e27e3fecd7246fddf6e335b5016ac03b4	1393
train-00001-of-00008.parquet	000763	94e50dbafe22e7b14e934733f6e3bb090281287b	1403
train-00001-of-00008.parquet	000764	0e69a877d6c0d1d2ceb21c33a928b1684f8a50b8	1399
train-00001-of-00008.parquet	000765	ce3576146ffa56e3a7354f18a624a0606475ab82	1391
train-00001-of-00008.parquet	000766	cd9c1af74257c61b88035d606263a8125bc2d0e9	1386
train-00001-of-00008.parquet	000767	c9da39589cf9970e01a44f4261f01e92a5649aed	1379
train-00001-of-00008.parquet	000768	6ed9d5220360112a1feed5b706f1d8689715cbff	1393
train-00001-of-00008.parquet	000769	1b77d4b0e9347d87b63cf7b0e5ccab5a605fc06c	1393
train-00001-of-00008.parquet	000770	a5f884898eb3aa19887f6c20c530fbdb28f11d6a	1382
train-00001-of-00008.parquet	000771	4e05b76aff011efe53e1e3c80c4e4dffbc270849	1388
train-00001-of-00008.parquet	000772	17355be9f020ea7eb275325a05f8e1cb69b1bd40	1382
train-00001-of-00008.parquet	000773	a92fdc5923b6e1bf139298659777857ffef92c86	1384
train-00001-of-00008.parquet	000774	39b40fffc5b50590ddebd841900b1d0f873e77d5	1380
train-00001-of-00008.parquet	000775	23ca128f952de7184d62992acdc165d66443df34	1391
train-00001-of-00008.parquet	000776	5ea0f5d8992084200f157deb78d859aa61e82810	1382
train-00001-of-00008.parquet	000777	d8a5638b367cace3cc4a7891372bfbc074864bab	1385
train-00001-of-00008.parquet	000778	4c7f094f92dcfce4e8438d2acf81475aa0e58dad	1387
train-00001-of-00008.parquet	000779	a84f3875902da73c5c318d90d5a5890630982a86	1392
train-00001-of-00008.parquet	000780	8df39b7fb81fd5e4ce13c5816ce8c9aa9b9ba8a1	1381
train-00001-of-00008.parquet	000781	9165f1348ea912d6f004d7632e1ca62764457bee	1384
train-00001-of-00008.parquet	000782	9c026255850199348110b5ac8e05a5e80daef9cd	1382
train-00001-of-00008.parquet	000783	3b03d025e72756dad33a72a76ea66cd88a1dc946	1379
train-00001-of-00008.parquet	000784	565d9c4483ae9f5919976267fb0d637e00b43e1c	1392
train-00001-of-00008.parquet	000785	112a65ae4d4dc33d498563c980bb65de6c4fe230	1401
train-00001-of-00008.parquet	000786	a7694d0e303723ce58baea4abe252424592b3d94	1390
train-00001-of-00008.parquet	000787	178b3ddba09ad9d24671c3effa2b9034b6e8809d	1397
train-00001-of-00008.parquet	000788	bd26f736581c82c9bb94e9197d4b80cbbb3bd5e1	1400
train-00001-of-00008.parquet	000789	d6991e651d35bd3d5c0b784bf200e9d5f5b4b198	1385
train-00001-of-00008.parquet	000790	cf6cbd8eb57cd7e8378c10c661acd1fe7945d2b2	1391
train-00001-of-00008.parquet	000791	cc10ecd9e8c00c6748f06812c7f93cffd2b26972	1394
train-00001-of-00008.parquet	000792	7f9514f606ad344069b39522de7656073db57959	1393
train-00001-of-00008.parquet	000793	8cab11fff46f96679986fc55f441d00e77cd9598	1385
train-00001-of-00008.parquet	000794	08a3a073c6a6d799400a23cac8911018fee94f4d	1394
train-00001-of-00008.parquet	000795	812fee98c1bcc617d9dcfe8b3e5600941522bbf7	1388
train-00001-of-00008.parquet	000796	fa836279460025c317f233fbc972d22504369c44	1396
train-00001-of-00008.parquet	000797	93d71ee574de10128788029f6856a0aab4af0c03	1410
train-00001-of-00008.parquet	000798	df6b19533b0272ad5e72c147641465a999b82212	1397
train-00001-of-00008.parquet	000799	3baf8a13dcfa723d577dbea4d05c701aacbdc743	1386
train-00001-of-00008.parquet	000800	caa3db55ca788bf2abf83c187adcb89ee1b9e5e6	1397
train-00001-of-00008.parquet	000801	e238f6561913af15289272a8da6c50d5228f172b	1375
train-00001-of-00008.parquet	000802	d4e4153a4ae496fb916b4fd84bb47236ca905979	1386
train-00001-of-00008.parquet	000803	09d447c0f6463643f570b62d94270ebf012e06ae	1386
train-00001-of-00008.parquet	000804	325738e870f3e56b13f771396a3a2645f2b685d8	1390
train-00001-of-00008.parquet	000805	acd60e344cacd8665f0f27040e1721e9713df932	1405
train-00001-of-00008.parquet	000806	fad188e1f20637194f33c11d30689d7d799bdeb6	1404
train-00001-of-00008.parquet	000807	1f20be1c268fdd61ab380adcfbc05f8b92774ae6	1387
train-00001-of-00008.parquet	000808	c7b6d4f6b0a0947df9efa86d99d2a88785e6f3be	1382
train-00001-of-00008.parquet	000809	e565e3c12fed8d5a4ac337d2a0d32708009d95d2	1387
train-00001-of-00008.parquet	000810	a2e6f8b9cb14880569b1c5efe256246f436c66e2	1378
train-00001-of-00008.parquet	000811	0fbe0531a3369fccfeef886b64f2e56f8af1c195	1383
train-00001-of-00008.parquet	000812	5138edd46226f045f43e19b721085e5dd34e3db0	1380
train-00001-of-00008.parquet	000813	1532f47c07e08a32d0b71c217dee32fb611fdfe7	1379
train-00001-of-00008.parquet	000814	282c1c53696d97874f00c30a53507ac61ac8c67e	1385
train-00001-of-00008.parquet	000815	3aa24abdfc46c094ef77ca713df27b9c12fce458	1394
train-00001-of-00008.parquet	000816	dd9509b8e2f49a00cfedc3e6dc31277434ec77ab	1388
train-00001-of-00008.parquet	000817	af50be7caa68f94149c281fa1d90563bb79f31be	1392
train-00001-of-00008.parquet	000818	e9686c3b253edea8f248fa0bdc6003dae99c05aa	1384
train-00001-of-00008.parquet	000819	64aed5e1d65936529b099abbf5c3b804c2f09fe1	1397
train-00001-of-00008.parquet	000820	9cd53ee8cc3df13b1929186eb811ec7dd92d5cae	1393
train-00001-of-00008.parquet	000821	ce185896e07fc99159772b2683be576cb805e897	1393
train-00001-of-00008.parquet	000822	e2f75503c90424b5da9bce336b275bedaf3d0bf2	1397
train-00001-of-00008.parquet	000823	f7968f66caafa1465b6c77d5910f8a244945d9ef	1391
train-00001-of-00008.parquet	000824	dda106717f5ca3c7461abeb05f30c464158e2a54	1399
train-00001-of-00008.parquet	000825	c9b2b78cf549d61a87c9198c926b9dc2eee67dd0	1393
train-00001-of-00008.parquet	000826	770647a2ef022d726023eb7e120088a5f791fc7a	1390
train-00001-of-00008.parquet	000827	4f37aeeb4f139185ce6007a2781fe8a715ea9d16	1399
train-00001-of-00008.parquet	000828	a5d57db61dd2deb0ca63fa060cc6c59ae864a759	1396
train-00001-of-00008.parquet	000829	559bd87beaa8e40f096e79eefea079be5d6ebccf	1394
train-00001-of-00008.parquet	000830	9e2e9d9460d286fba2b01911067be24156be0c62	1395
train-00001-of-00008.parquet	000831	460905b8f4196d9d9b2a07e90015138aea410a6e	1374
train-00001-of-00008.parquet	000832	44ab6b47c941d32f58d2d69c6f7e8a688db06c25	1402
train-00001-of-00008.parquet	000833	9b78a857119323486cd086b3a60426ce1aead4eb	1399
train-00001-of-00008.parquet	000834	c7ee9b10c0731631fc1cafacfed780b23f6b5478	1407
train-00001-of-00008.parquet	000835	3a17ab2ab398a217d589dc2efb1951b0aeed5886	1391
train-00001-of-00008.parquet	000836	9f4ecef9d4dec3c2f892347b970061c6cbe7094f	1387
train-00001-of-00008.parquet	000837	393f4cf504997bc30c5834cabb31a7010ddbb7d6	1388
train-00001-of-00008.parquet	000838	7c343d11e0fd77b1e20cc5e8c2c476032969dfb4	1406
train-00001-of-00008.parquet	000839	5fc3714205c2abed9733eed854ef88fbcc4d7d2e	1393
train-00001-of-00008.parquet	000840	804e2c1464251b41540abe4f288586371b9b5ef3	1391
train-00001-of-00008.parquet	000841	1be69cb76c3d10da2de4ee83a55bab8a893a79af	1390
train-00001-of-00008.parquet	000842	bd51c7ab31f1f16bf3457dcaf7de09eb2d51055f	1398
train-00001-of-00008.parquet	000843	2d7dd11c07018b99b22bc64ba91f7ed0ebd3224f	1403
train-00001-of-00008.parquet	000844	6e1bd0c1178ff12d3952adf30f4f41d3ab3f117c	1402
train-00001-of-00008.parquet	000845	99b16508ce00e03747359f0f40402de31300b89f	1409
train-00001-of-00008.parquet	000846	2238ca96ee71051eeae10b9665c3217823c9d0a7	1406
train-00001-of-00008.parquet	000847	676a0ed93e14f5982b17ae53292bb19ef54ab1b5	1406
train-00001-of-00008.parquet	000848	dd31907f1b06afb888009829064343a6f7c5f681	1404
train-00001-of-00008.parquet	000849	14e5e412ae1e8d1f1eeb933f6301b10d08972987	1395
train-00001-of-00008.parquet	000850	9b496c632b0e7d1a056586737334b83b8ed1a00d	1390
train-00001-of-00008.parquet	000851	109d219fec517ea80ee1f28d77f07f8d924f3d5e	1385
train-00001-of-00008.parquet	000852	b127775f2e38f409f1b78ddc821100a435bcd975	1388
train-00001-of-00008.parquet	000853	458f5eeac2842268e171c5f8142f580500203222	1378
train-00001-of-00008.parquet	000854	3d33ab5d52f367cc0e3934535d7bc90ee02799dd	1377
train-00001-of-00008.parquet	000855	cff64b033d62ff31f46ed826bfd79fb5dc5d2f2d	1378
train-00001-of-00008.parquet	000856	9b1ab0409f6b1f2916a096f63f6dc67e6494a9fd	1377
train-00001-of-00008.parquet	000857	f9bbeda96a37ce04d118e0506ff57c0325eba120	1387
train-00001-of-00008.parquet	000858	ffc61cec7ecc4b66758b53b1e5a14cc1b89b3c52	1393
train-00001-of-00008.parquet	000859	2ec0d5995cbaa0bfac9c5e578410f92656fc3a75	1390
train-00001-of-00008.parquet	000860	b9e4dbc68c3bec118ef1b798221643c4ca8f6117	1385
train-00001-of-00008.parquet	000861	9bc852bcf1dd3685d000db82e76c43607568afb7	1386
train-00001-of-00008.parquet	000862	fafebc2087c74cf19f2b52112baa8d25ad380cce	1385
train-00001-of-00008.parquet	000863	8f9a4380fd7cb9eb95a413378306905f5b1982fc	1390
train-00001-of-00008.parquet	000864	4f571c3f713476a556c4a0976cd9161039e7d8f8	1407
train-00001-of-00008.parquet	000865	76d2378649df2b5f3bfdc3eb0ac559de4a9fd9f1	1407
train-00001-of-00008.parquet	000866	1632996ea08ee1ae52876253a794d4d929e27f46	1403
train-00001-of-00008.parquet	000867	7d699c0d8c16e6fbe45df1d3ef759baad8f64954	1391
train-00001-of-00008.parquet	000868	31d5db7ce1df2b6c47c302bb347f748a8af13228	1397
train-00001-of-00008.parquet	000869	72dfc3651f4ca7e9c3c78ddcf37e3e4fa67ceb8e	1404
train-00001-of-00008.parquet	000870	e59d69389b87c67a6bbff377765c214c1d84b97a	1385
train-00001-of-00008.parquet	000871	83ee3c4abcd3c29bf86f291c43eeabc13a27b76a	1392
train-00001-of-00008.parquet	000872	a402bdae91f9d3b0d2729bfeaf007bf3302bf935	1405
train-00001-of-00008.parquet	000873	8086524a247ce97a600fe3b4f9e8a2e98ddc9449	1392
train-00001-of-00008.parquet	000874	c9679462ec88ad56997d10ec74728c5724f0164a	1391
train-00001-of-00008.parquet	000875	036373e47fce8ac2e141b3b9becb00b4cf445b9a	1396
train-00001-of-00008.parquet	000876	a94c139a3648420ecd94fc6e95efd7ab7318e742	1403
train-00001-of-00008.parquet	000877	aa5266c0db81d8a7d4abb67fb0724c10980bdc87	1408
train-00001-of-00008.parquet	000878	cd019d65d69060af6a0922173b599eab35be56db	1391
train-00001-of-00008.parquet	000879	f2b72fca216578d816f85d8bac221580bd75fea4	1401
train-00001-of-00008.parquet	000880	9522368ffb4c48c7b2047459906b6e46ef0dd1a5	1398
train-00001-of-00008.parquet	000881	faf776d141af2836a511f312c4dc25f02c9ccdc5	1402
train-00001-of-00008.parquet	000882	f047ce577fa1573249c77c33f287719ca61cf545	1404
train-00001-of-00008.parquet	000883	366e5282d0861a745fd2f4d74bf43d38e95c553a	920
train-00001-of-00008.parquet	000884	8dd137ac6b1e59903064ee67a7270d5314db7889	935
train-00001-of-00008.parquet	000885	bf339c60198388d365068f3e13140c8f297cb783	171
train-00001-of-00008.parquet	000886	d7a965f78d09f8ae82432409bc4883c37bfc8ede	310
train-00001-of-00008.parquet	000887	52df0ff8a6f2a02e718d2c98e83e2ded6f07a54d	2352
train-00001-of-00008.parquet	000888	a9db34a90bd8a28941e91343eb086644f6b8a82e	1316
train-00001-of-00008.parquet	000889	e70b9df6ccacc8994f36b7d2e33131f485e2bf25	2013
train-00001-of-00008.parquet	000890	36a404f042bf38de5e151a4605dcfd6d8779c15d	1236
train-00001-of-00008.parquet	000891	9a95bae1ce340f15e35f6e33718c7dbf0b238973	1296
train-00001-of-00008.parquet	000892	3f7b2aa8690549fbcb3194f4dd3e1536c3576e61	1297
train-00001-of-00008.parquet	000893	3b26604931d1bd1208e93ef9a3a4e0c3cc9f3036	1288
train-00001-of-00008.parquet	000894	a758112172c127d8d599e3c54289cb95132ed60c	1293
train-00001-of-00008.parquet	000895	079afb1f31e969a15059c6a0e6ea75cecafe708e	1297
train-00001-of-00008.parquet	000896	1751496e45990c0054bf639356109b83b0a33994	1297
train-00001-of-00008.parquet	000897	5fd6005e2fd6c295b8a6caace5fb8be7958ae286	1308
train-00001-of-00008.parquet	000898	5e945931e06bb4240193d88614cc1e9315306d32	1293
train-00001-of-00008.parquet	000899	f13e945fc6e68f043bef078b98d4c7c869268c9c	1300
train-00001-of-00008.parquet	000900	f3764d3b0ade2b6f49e43a24444dbf7eac3ee3f2	1295
train-00001-of-00008.parquet	000901	dd1aae121fce17933580591c562dfd8a8b7e9baf	1295
train-00001-of-00008.parquet	000902	1fbc39bf11ab9362d6dfcc24d22a9404bf0fbc1a	1293
train-00001-of-00008.parquet	000903	b89a095df8bf2bfc9392da616d7d88f837e9783d	1311
train-00001-of-00008.parquet	000904	3ed4f341ca4b3f7efd19cfa143c81fdacd6725b9	1306
train-00001-of-00008.parquet	000905	feba16b27c997005db396a21e24aa83ab2333cc3	1313
train-00001-of-00008.parquet	000906	2694b91357952ceff4e89c4d5b66837eaae7c2b6	1307
train-00001-of-00008.parquet	000907	d2ba8b4949e358a28bf4343b0413a7da129aa70d	1305
train-00001-of-00008.parquet	000908	01c480e0f54841c7835d17094b6daef1a9170b30	1295
train-00001-of-00008.parquet	000909	6a1ab7bf7400e0f21f2133a8c979ef0ab089ec04	1307
train-00001-of-00008.parquet	000910	2afede55bd5ba2f4afbcee8b3dcd392479848f24	1292
train-00001-of-00008.parquet	000911	dda96bff1c35b368838ecfbb0f6f22d5b1cfaa48	1295
train-00001-of-00008.parquet	000912	4380d857da2be82ccb40ebf06418c4f5358e4d28	1296
train-00001-of-00008.parquet	000913	56d0be53521e0af109d6b3fc885b69c922c69b50	1305
train-00001-of-00008.parquet	000914	932c21ea60573ae87678cca1fdf55104b78a6ee0	1315
train-00001-of-00008.parquet	000915	64655e3a541410c759017f73b14ab3919e922783	1287
train-00001-of-00008.parquet	000916	790bde67e32994408cb16d086a0b63cc8359cc76	1299
train-00001-of-00008.parquet	000917	fbaa4649a3b8bb8b16225975819c99eaaabe624a	1309
train-00001-of-00008.parquet	000918	9925258be3d8dcc77ee1bc8fda7e33cec46d61c6	1288
train-00001-of-00008.parquet	000919	9a27527223b755bdaf57b961db9a1db613e436e2	1290
train-00001-of-00008.parquet	000920	b7eb7a61f6e6a25bc5d115ebeb8fb4379fcf274c	1300
train-00001-of-00008.parquet	000921	3fc3fdd0bea1ce19ed4393ea6f63a422a07175b6	1298
train-00001-of-00008.parquet	000922	3c95dd67a6c053d1a59f69339ee97747af2ffa2b	1295
train-00001-of-00008.parquet	000923	d26294e65961ab03f4a2ced631ca14969b72a162	1302
train-00001-of-00008.parquet	000924	db9084ea606e9f27b851dea258df1a22af1a011b	1315
train-00001-of-00008.parquet	000925	80b8cd29ab0bdcbe9b6bb15f8a2258c6f679b024	1295
train-00001-of-00008.parquet	000926	3447884fca69966efbf5b04c5a62888ee10789f5	1313
train-00001-of-00008.parquet	000927	b13bd993281e772464bbeda55a1815af60c9eac8	1310
train-00001-of-00008.parquet	000928	5cf6dbc233b8007141bba2bbb6bb248284989913	1305
train-00001-of-00008.parquet	000929	3b5429e6c4126a24ae52d5a556fffb3616a05dda	1307
train-00001-of-00008.parquet	000930	3ff345d3f2ebd71b4c85b8b110781564b1aace38	1290
train-00001-of-00008.parquet	000931	836a657f0ef15f6be6094c4dec8a8f540092c97a	1301
train-00001-of-00008.parquet	000932	edacc7e3f715069f5e53ce36056c99ae3a39fb61	1310
train-00001-of-00008.parquet	000933	1559cbde5b4b3175a7876cf2323102a097811586	1302
train-00001-of-00008.parquet	000934	549ed65460c6446b750d1b7a479f2bdfd82ccb0b	1306
train-00001-of-00008.parquet	000935	37e73a630209e512802470a9b3b6b453127ba743	1291
train-00001-of-00008.parquet	000936	827502ac703ee6dac11ce771bf93804d39d13021	1306
train-00001-of-00008.parquet	000937	9243c14c7be0f6af564d857bea2fea9d88c52b13	1299
train-00001-of-00008.parquet	000938	c1b73403e07ed5e54665e3d53d480fda9db83f0b	1298
train-00001-of-00008.parquet	000939	2e3830d9273ac6b4941eb6d5a39685bc30fb4620	1298
train-00001-of-00008.parquet	000940	b0926c9788bb7e101d176acbb34a03059e59832a	1305
train-00001-of-00008.parquet	000941	cb1448c146d3a5c3a2d4cf5c535e284b11876f53	1309
train-00001-of-00008.parquet	000942	0d3413c00a5c8b6cb8f7db5ff483da8d81ff4e6b	1315
train-00001-of-00008.parquet	000943	e06f88dea526dd016f40c33f32b941ad52f7ee3f	1298
train-00001-of-00008.parquet	000944	028feebee75417e61de4f5c8e11f0c46351e6f93	1313
train-00001-of-00008.parquet	000945	90a6e41d2fd7fd1ea4daa239c94c8e1c83a03194	1317
train-00001-of-00008.parquet	000946	ea868b98168623b2acb90d46488f6eca35c556d7	1297
train-00001-of-00008.parquet	000947	7e613ef8db3c391c4a1799cd1e165d86627a924a	1301
train-00001-of-00008.parquet	000948	42d8ec81b5821877937194ebb2fae97d87cde11e	1291
train-00001-of-00008.parquet	000949	105e56a694ab9d5abbe46d499e28b03c6cf844c9	1295
train-00001-of-00008.parquet	000950	58631cd2b23bed6af2d1c628f72b5ed78a1160e3	1296
train-00001-of-00008.parquet	000951	48e80bed1261dbb369598c6639129875833e1fd2	1302
train-00001-of-00008.parquet	000952	c732042aca06a5f3831f038f7986ba79fd22a21d	1301
train-00001-of-00008.parquet	000953	0e66739c7cff3df87138e39195ddbd5b225b8fd0	1296
train-00001-of-00008.parquet	000954	05950c24893847f7e241d488c167f579d72f28c3	1301
train-00001-of-00008.parquet	000955	f1d2da96787432ea192940e2fcded61b56ae9674	1308
train-00001-of-00008.parquet	000956	e75009d554d4827b44a28170a1c595a38389f2db	1307
train-00001-of-00008.parquet	000957	4e7adfbb7c89d7b0940563407d5307977b90e0fd	1303
train-00001-of-00008.parquet	000958	1cb6fcae9dc88eee5a309e4b88e549df5437d594	1301
train-00001-of-00008.parquet	000959	b3b5968261d922b6f0a1f9f05ff5894f057aec64	1301
train-00001-of-00008.parquet	000960	be5a79c80577428e0d43914a1fceb41fb328d5db	1308
train-00001-of-00008.parquet	000961	885c24ce7996b6510526ea2d3f9506ec6773c7e7	1298
train-00001-of-00008.parquet	000962	1ca2cabdb3965d71126a15133feee421c6faa5a1	1304
train-00001-of-00008.parquet	000963	5c74d4a9c72bc72a17f9d5ddcb63ac5d93c5bc93	1298
train-00001-of-00008.parquet	000964	6e181f14cc742aed4ecda1ac3fdacdfcf7b451fa	1301
train-00001-of-00008.parquet	000965	1cdfe21591e19529c1e3219b1cd45c1b88968c18	1299
train-00001-of-00008.parquet	000966	b015a81e816d9ace1a8e6c5689d210ef17715284	1314
train-00001-of-00008.parquet	000967	cf345fc154479c9c7d4a23f1ab97b74fc28636e9	1293
train-00001-of-00008.parquet	000968	9c7a2a1115cbeac76b32eb3667f82d00cbf2a073	1303
train-00001-of-00008.parquet	000969	e60fd118049f9d2454aa04a99ac9073c99a59bd3	1295
train-00001-of-00008.parquet	000970	86141996683720dff32aba1850c524141e1061d8	1289
train-00001-of-00008.parquet	000971	5fb0861035689f3787a5700da0ec9d0cf0bf7867	1294
train-00001-of-00008.parquet	000972	8d525d6b5e09c983d926c0ba353f227640fa8e38	1298
train-00001-of-00008.parquet	000973	ad10d7b348b079f01998d6c3d1f1df8c406465f6	1304
train-00001-of-00008.parquet	000974	526889661caf66ac4d02be8bc728ac0fb584a69f	1309
train-00001-of-00008.parquet	000975	e20005412cbe62ecc032d67890336997e49be846	1294
train-00001-of-00008.parquet	000976	194fd033954c1c663d647c7a6813e505092cdfcb	1285
train-00001-of-00008.parquet	000977	f79d97c1a893d025b21a50578d4bd9fe472e045c	1290
train-00001-of-00008.parquet	000978	a04127c48a161675fc89ae0987d59d796cb26d4f	1305
train-00001-of-00008.parquet	000979	b54cf741ff899070048508f6566961c1a77b8cff	1306
train-00001-of-00008.parquet	000980	f6e36dd4757bfb6e2112d3ca0590ece547f19113	1315
train-00001-of-00008.parquet	000981	ea1aa514b31dad1333db1eeb2d3c986203e7b3fa	1302
train-00001-of-00008.parquet	000982	8a4578d79916f833bac9da25124f89771ff5f592	1310
train-00001-of-00008.parquet	000983	cc88ce2e8ef46c70d76e6dafbebe7c5501bc5a43	1305
train-00001-of-00008.parquet	000984	c2b081b8e8ea2bc24d81fec0328284d1b6d1363e	1310
train-00001-of-00008.parquet	000985	83dae5dbf7a0a3dfc8836a872024d2ea39ed40f2	1297
train-00001-of-00008.parquet	000986	b85614a4b6a14c2e97a0caa27f428fd0ddf2bdef	1299
train-00001-of-00008.parquet	000987	2d6b85af93c479a1d17a4d7dd44b3c10726fd8f1	1312
train-00001-of-00008.parquet	000988	a214b22bed12ac37272520bac5f8a380f0066484	1293
train-00001-of-00008.parquet	000989	c33637b125780ca1561edf910563098540f4d7e6	1297
train-00001-of-00008.parquet	000990	4f6b825bdff0deeeca27005fbebc586a5ddb0050	1306
train-00001-of-00008.parquet	000991	333a48b6dd7096dfc6d97557a6d736aa5981faa1	1301
train-00001-of-00008.parquet	000992	afe37184a959aeff8d73336b1f5ce077f4dc8391	1302
train-00001-of-00008.parquet	000993	1bd827b947b4486337f025d5539ea4f07fccd367	1295
train-00001-of-00008.parquet	000994	68b44df15fc78faf15b0e98616a0bb468dbd40b4	1304
train-00002-of-00008.parquet	000000	03f961485a7bcd1a2a55cac96a1198eb466e8fd8	1294
train-00002-of-00008.parquet	000001	dbbb4e140ae64df6ac6dfc80d4790cd53418fb88	1302
train-00002-of-00008.parquet	000002	6412f77d6399176417ef585fc987582cd26d8949	1297
train-00002-of-00008.parquet	000003	68ad85e1c1dabdfad60ff74de73b74bffecf7910	1285
train-00002-of-00008.parquet	000004	905b0603e055b3efe5dedec513c85f858bca72a4	1312
train-00002-of-00008.parquet	000005	c601ebf42fed98c401477bf7d772a8fa0ce140cc	1310
train-00002-of-00008.parquet	000006	6977c46a05df22ed08bfd39e7a2c9f51ecf8f632	1286
train-00002-of-00008.parquet	000007	80a3147f5b4408a817ffab3dd18f3395e9f80b52	1300
train-00002-of-00008.parquet	000008	573878fe5138698169dc766f710a43faffda207e	1301
train-00002-of-00008.parquet	000009	f2eeda7bda3bdda27b57cb2ca859129e81f2d215	1310
train-00002-of-00008.parquet	000010	e35f62e23de7ecaec2cd34346ddc9cd01e1441df	1302
train-00002-of-00008.parquet	000011	943df65487661084235b98b306b48e061ea40498	1288
train-00002-of-00008.parquet	000012	cc98783f5fd1a4fad9a7316a1dfa6adeb12510fd	1306
train-00002-of-00008.parquet	000013	396d91aa2f64ad385686deefaa48c8d62ad95d0e	1306
train-00002-of-00008.parquet	000014	0f6320ef6149db0f022244fda8d0331e0f43ebeb	1299
train-00002-of-00008.parquet	000015	f2bfb142b7a917fa0d34a0f1bf9eecf0756571da	1310
train-00002-of-00008.parquet	000016	b20f8502cbb998e832d80102c778e2a31ae16924	1316
train-00002-of-00008.parquet	000017	191018ad6e9f4294fcc97d453c3102789ab68bd7	1301
train-00002-of-00008.parquet	000018	1a39b467c4b6e20fc48999f8f2edd1d5b236196d	1305
train-00002-of-00008.parquet	000019	5143a9be0ac54266070b5ecbb0324b314bcb6b7c	1309
train-00002-of-00008.parquet	000020	9d34bf527f61f0678b6eae1e8db92ffa4d2e30b9	1296
train-00002-of-00008.parquet	000021	85f73ec4826fd50eceb97a31c3e9a73fbe9912b9	1305
train-00002-of-00008.parquet	000022	ba6391fc1dafb8eb53de87fab61c8e23ce0e2029	1301
train-00002-of-00008.parquet	000023	63f417c507217f2051b2be5ea9e95f8bd55ce47b	1306
train-00002-of-00008.parquet	000024	1aa4c53fe7b030448c2e7ac750bccbd31b35da60	1297
train-00002-of-00008.parquet	000025	0749c7ff634aa3e30900e1a1fe2eb1f8ca817be5	1294
train-00002-of-00008.parquet	000026	303b3753edf92d31cb559206a15d9a7abf299022	1300
train-00002-of-00008.parquet	000027	31033d9ae3fc62413b3962f4cd94c81125f92ea9	1301
train-00002-of-00008.parquet	000028	b9ed9e842fdc5be0ef36b19379a4ba399f1012d2	1319
train-00002-of-00008.parquet	000029	739a2dc92e866ad2e229a679c6be33e989232e3d	1314
train-00002-of-00008.parquet	000030	7e3c362a75d3741f376051835acfbe6757ce352f	1170
train-00002-of-00008.parquet	000031	c7b54b2cf51572dfa4b31ac10c1dc36eb312fdef	935
train-00002-of-00008.parquet	000032	cf1a8362c8be68d03caa41eac91faf3d73189c6b	359
train-00002-of-00008.parquet	000033	7191a21dddf1c232834e032640996dc037188de2	310
train-00002-of-00008.parquet	000034	35e841b3e7f1a3ffeced9d253e34617dd2134450	1943
train-00002-of-00008.parquet	000035	3a15fc4ad80fcecb4fc2c8d273e6d179a6f32fe7	1367
train-00002-of-00008.parquet	000036	9f9d7a3558da660196aa1d6411245c907c5dde4f	1303
train-00002-of-00008.parquet	000037	2e27f875959d6acdd235d794fccc727d1bc46bd3	1300
train-00002-of-00008.parquet	000038	e164fcb6d5b7dca154d8fcd2ce5877dcdee308cd	1308
train-00002-of-00008.parquet	000039	fb667f81be272173612020d4443c0f1473777d40	1300
train-00002-of-00008.parquet	000040	aac15075319cc4a4ac8432f3e548640ad5759bdb	1324
train-00002-of-00008.parquet	000041	c8bcc4c622ef274c9e37c4eb57cd4c43ee0f613b	1317
train-00002-of-00008.parquet	000042	e7df204efd06893752ce7d361f76d12d428695ec	1294
train-00002-of-00008.parquet	000043	3f5ff39b7d11e5a12dab8eea531eb447f3c62147	1305
train-00002-of-00008.parquet	000044	65538dd3fef29c46f72ca02d1f004de4bdb80877	1291
train-00002-of-00008.parquet	000045	07ae9e7c098d9cd8174707921b3963f0b2fd5176	1305
train-00002-of-00008.parquet	000046	9143252cdfd313c1a17e84d8b75a287f52a1c84f	1311
train-00002-of-00008.parquet	000047	161e09e892d4ec795871b1b0b3a9550c36de0150	1321
train-00002-of-00008.parquet	000048	d322ad3df123250e8e6a1eaf618fb5b09c305969	1310
train-00002-of-00008.parquet	000049	77d0fdd529b4c806994cb788760c7708a186583e	1301
train-00002-of-00008.parquet	000050	6f9fdf1e1d940b6de686b3bf55f9796f8e39e6c1	1303
train-00002-of-00008.parquet	000051	84b15da739fa7a22042adac2bb21bcc9337e1ab6	1299
train-00002-of-00008.parquet	000052	569d1a3523be0c4ad2c6e722a0fe3e135963868e	1300
train-00002-of-00008.parquet	000053	c6998e013e44e30c3d0fb19ac0995f0fcdfafff7	1296
train-00002-of-00008.parquet	000054	55c1593f086ca21c243f722354faeeb301511bfe	1308
train-00002-of-00008.parquet	000055	2c2595575495ea65536fae702edae31e4d3904c8	1304
train-00002-of-00008.parquet	000056	926469b6c7f43f1ac3fd7975511120d8ef8c55c7	1305
train-00002-of-00008.parquet	000057	9fccb2aff40c18bee7ba9d98a66a8c02f428f418	1304
train-00002-of-00008.parquet	000058	43f9bc6b17617697a808f4878daa67be517b3f96	1304
train-00002-of-00008.parquet	000059	e1c39e917707219b8b573b4c940c3bdf8aea673b	1300
train-00002-of-00008.parquet	000060	0c20c861a47f579fc09fd93f76616b4f0f610ea1	1305
train-00002-of-00008.parquet	000061	13aba547b104e4b67be236db13406f4de7b28b21	1305
train-00002-of-00008.parquet	000062	1ca83f4f6a4721bb678a4e9246f8fbdedbff4d5a	1306
train-00002-of-00008.parquet	000063	7571105d0e36a9cb07a97d9c45f5afd436be7636	1295
train-00002-of-00008.parquet	000064	6c9c0273232b600ed9191aad986d1e6747e29d05	1303
train-00002-of-00008.parquet	000065	e1f966ccc0df3a7c50c36b6474fac224fd7b211b	1309
train-00002-of-00008.parquet	000066	889d6e4afaa2eeba461b24b97c75e53c91d927a7	1294
train-00002-of-00008.parquet	000067	560dcb3dea0187c024136007a14986fafe0e2767	1312
train-00002-of-00008.parquet	000068	8eacaf923fdeffe53e3e5c69e6c30091add1e4b8	1315
train-00002-of-00008.parquet	000069	620054a0c8c8f75ffcc521f9760bc0296fd0821b	1310
train-00002-of-00008.parquet	000070	ca92dc7c6d6c50fe4c386741267db5eed08d8807	1310
train-00002-of-00008.parquet	000071	3afa32e62a17b7f5d99727d5d553d6f7e1b9c3e4	1299
train-00002-of-00008.parquet	000072	c6c5287a03ccbb1e03219b69cb5780e9dc351da0	1300
train-00002-of-00008.parquet	000073	05ff1394d7136fa84f7098fde1255288cf85f08f	1299
train-00002-of-00008.parquet	000074	20f185b90363185cac19889fe565613451d47a40	1292
train-00002-of-00008.parquet	000075	99056dac11b7f36ba9325d8c8893a2c87a9f62d5	1298
train-00002-of-00008.parquet	000076	5b221dfe349472a40f3161b5d69bec0b24e7a473	1309
train-00002-of-00008.parquet	000077	7e63e1ba8ec4d2fa45a80adf2d2f013f1e45effd	1300
train-00002-of-00008.parquet	000078	9a047041eb4942e47bccc3dfce248b97ebe56ba1	1298
train-00002-of-00008.parquet	000079	83416cb1c74c558a501057c227d693bef185f8d8	1304
train-00002-of-00008.parquet	000080	03485062e2b1c813faf76f70725780c8613d0219	1303
train-00002-of-00008.parquet	000081	115542a84aa959bfd36c4a3629c25224a5b1ddb3	1305
train-00002-of-00008.parquet	000082	4fe95951538191b04a3694567c875b73f31f822c	1295
train-00002-of-00008.parquet	000083	c0cfd527a56a9d12baadbdef7088955e9ea87ae3	1317
train-00002-of-00008.parquet	000084	72a112e31c25d7857258496df8ac1c70c61359fe	1303
train-00002-of-00008.parquet	000085	575d728ad51c06e80d8ab59d3025a6068e0ae7f3	1299
train-00002-of-00008.parquet	000086	bcd3a3bbb438ca1db283ea34fd9ff77b3088aff1	1297
train-00002-of-00008.parquet	000087	38b53feb5acabd114385c1bd2e13e458d1b64872	1299
train-00002-of-00008.parquet	000088	298ae2de0fb8346cf080bbc39b7339f272ea6415	1302
train-00002-of-00008.parquet	000089	7fcbdc50c7abf95f87a855b3019c8e9da1e53914	1298
train-00002-of-00008.parquet	000090	6ac64960d79fc198612be2ba80f755376bb5edfe	1303
train-00002-of-00008.parquet	000091	2d2ccdbaaf153c7930d885a744d9a99bc65300f7	1308
train-00002-of-00008.parquet	000092	096a14056047f9e419be957a5e8003fb90857485	1296
train-00002-of-00008.parquet	000093	fd690e294ea4ebb722c0812886001b0ef1788f8f	1307
train-00002-of-00008.parquet	000094	921131f6d2ad230a0aa5c6bac8222a989b60a75a	1306
train-00002-of-00008.parquet	000095	7b81560346bd9562336940e034afb83d1522f8dd	1302
train-00002-of-00008.parquet	000096	36571e0c11dec84e39e86b202d35fb1c10b87235	1298
train-00002-of-00008.parquet	000097	2594df220b281d919fecc0439b314b1f65d8cce4	1304
train-00002-of-00008.parquet	000098	cf2073fd91ac71af7be00aa4efa52a806fe26967	1301
train-00002-of-00008.parquet	000099	ce38b5bdafada1925469ebf4b1a651ada29cc4f9	1304
train-00002-of-00008.parquet	000100	b25ba7d25c58b5a99c341b8a533a32c480372434	1299
train-00002-of-00008.parquet	000101	87f561e8598a514005293011cc85ac3d1f86cb45	1302
train-00002-of-00008.parquet	000102	b119362c90c8bd39a84f2bd11606940723ac0ff2	1299
train-00002-of-00008.parquet	000103	f46d8b08316c72e8ab7e4d0025bd99a13a1aede6	1310
train-00002-of-00008.parquet	000104	400924622bc5fd981c7e8e4b38d4f1846b4acf6e	1302
train-00002-of-00008.parquet	000105	b0cc81b485dc321268f17e95162012c5709ac931	1299
train-00002-of-00008.parquet	000106	e2a6cae0ce55dbc21c30d9692d28d55c1ba49b05	1296
train-00002-of-00008.parquet	000107	8cd9308f19f3b8d396c110ac04dedaeb8b112590	1292
train-00002-of-00008.parquet	000108	2daf31467bc5eb7d2840ef6dfd8b0ce8abd30a7e	1294
train-00002-of-00008.parquet	000109	25f52ccec6d39ec1656e6f1da625de580ec22e78	1295
train-00002-of-00008.parquet	000110	55c31d9db098a46fe9d2cd1457cdc03372645a57	1295
train-00002-of-00008.parquet	000111	7536751bcbec386124d6aaaf41bf8a09d87c7884	1301
train-00002-of-00008.parquet	000112	8768a07474c002018e63a1b709af47ba3a0dbc89	1297
train-00002-of-00008.parquet	000113	6b0a938e764387b436c30738ae3146a72ea6569e	1301
train-00002-of-00008.parquet	000114	f62e478ae72590bbd4fbf2781813453ee9f969b5	1293
train-00002-of-00008.parquet	000115	0d9a3c99097856138eeab8a30a2d119d7a398163	1296
train-00002-of-00008.parquet	000116	d9456c681ebf204ce377650d622d89f6cefdf907	1296
train-00002-of-00008.parquet	000117	86daa666f2a4a89bd9509856ab9dd81a95ef9573	1299
train-00002-of-00008.parquet	000118	db1ceabcd5854f618e03ae213170845366b5c0d8	1303
train-00002-of-00008.parquet	000119	3c10841a7902c93b02d091fa82c32beb25aeb684	1306
train-00002-of-00008.parquet	000120	1dcadfb9e620bd419ff61d45bd57f2182bf55329	1306
train-00002-of-00008.parquet	000121	42973050ec7bc3f2324c0fd4d648d9e90003cc3b	1308
train-00002-of-00008.parquet	000122	ce051c516249eb5f3c9061b011d681b22d849377	1295
train-00002-of-00008.parquet	000123	c4a511af3d32ddf9745dda0d3e90133fce7535d0	1310
train-00002-of-00008.parquet	000124	f35e4f1f761a3b3fe902a831e51a6877b3852248	1307
train-00002-of-00008.parquet	000125	30f2a0609b18b4a37d0dc1cf0037c263b5ef921b	1298
train-00002-of-00008.parquet	000126	9ac1f43b14c5b281a91021b77c259107fb787457	1308
train-00002-of-00008.parquet	000127	bdbdfdb11a7812d15a0fda5cc3867be74491679b	1297
train-00002-of-00008.parquet	000128	8431734d02388f5ec68e1d5b3113b522f3940b13	1301
train-00002-of-00008.parquet	000129	2f8c9955684560f4178aac7063c9d96bf73affc9	1310
train-00002-of-00008.parquet	000130	6f977a1181e45a677c67050b27416caa28b592f7	1302
train-00002-of-00008.parquet	000131	2c478696868de7b69bb6811476a4665c432133ad	1301
train-00002-of-00008.parquet	000132	83cbf13c4d80e7ca45cc17a68b32ed66a0cfde17	1303
train-00002-of-00008.parquet	000133	6549c4fc48cb745912de82283cf5249f6953cae2	1294
train-00002-of-00008.parquet	000134	57dac72a4381499b22bb4006154195fcea4e1dd8	1302
train-00002-of-00008.parquet	000135	453cc8b280aa4981d8a025c16c9841e36b1ee191	1294
train-00002-of-00008.parquet	000136	305ee98ce25bc96384c205e493f31ac8516a3061	1288
train-00002-of-00008.parquet	000137	be2345dd3b91919036818f9133e2a8c6cd0f17ce	1296
train-00002-of-00008.parquet	000138	5a5c669a5e8fa0b076100772c1070306b450ec30	1306
train-00002-of-00008.parquet	000139	2939f5302b855dad81379ade3c3b6c9fa6784315	1306
train-00002-of-00008.parquet	000140	859fd0baf79d1a4044218e07c01f3829c84fc5ad	1320
train-00002-of-00008.parquet	000141	5c37de87787fb80ff0d4511c54270207c85dce79	984
train-00002-of-00008.parquet	000142	2d94c2f99066f50a4ab32a0c8b105eee6c774f40	1805
train-00002-of-00008.parquet	000143	259ec2eb3926d021d271eb6ac1d0e318e96c9a07	5122
train-00002-of-00008.parquet	000144	a9ac7610cbe175e6f2a913482ef16a35df87e0b7	5538
train-00002-of-00008.parquet	000145	bdfa3bd372fb9c864e58a549542bee8daf662b36	407
train-00002-of-00008.parquet	000146	5a16e2269205899bceae4fa08aa196e005785c7d	2751
train-00002-of-00008.parquet	000147	60695b3eafe1f49c2b831d898074ddd8fa84fe70	3777
train-00002-of-00008.parquet	000148	2f6b32b1ef893ef7fb5b83b33869915a88a7bddb	3060
train-00002-of-00008.parquet	000149	6b8753e1750f86972636376b8767be3166ccbee9	3568
train-00002-of-00008.parquet	000150	e718443013cf2487f76bfad725230df96ec4b14c	4167
train-00002-of-00008.parquet	000151	fd8ff87d12ef2ee9f7582baa8448fcd3dcce02b4	3947
train-00002-of-00008.parquet	000152	3aeae2482f251e16173345784e86adece2c0fa46	4258
train-00002-of-00008.parquet	000153	0a86dc57854641f02914d7f82f92f1a4ee8c972b	3406
train-00002-of-00008.parquet	000154	58c8c8f73d567851a8434bc4565afc4ef3461331	4726
train-00002-of-00008.parquet	000155	7293e7fe51427f2d449c3efd2a73d6e169f5e9a4	2124
train-00002-of-00008.parquet	000156	e330d49d3ea9510b8381496eb1588773505a4d10	3594
train-00002-of-00008.parquet	000157	bc421dc7dc3acc5c66695960dc681a801e97041e	3613
train-00002-of-00008.parquet	000158	7ba5242681db7984dc0bc629c3839477c5202dcc	5717
train-00002-of-00008.parquet	000159	04fe205a7c998362ca9a6feecea1a05a02cc5026	3237
train-00002-of-00008.parquet	000160	cab065bc76d54faf3c705174d867ec0c3398f3bd	8820
train-00002-of-00008.parquet	000161	3220cbb4cd825e6df6c2f429e96d4d619bd00055	2562
train-00002-of-00008.parquet	000162	4280f6b16e7c55b9d827ac42c719342bcf5b5991	1784
train-00002-of-00008.parquet	000163	6deed9934a4e8d2b9b2b8c221a2f197d9e9f0901	1900
train-00002-of-00008.parquet	000164	c7de02876c4b63e0c8440f1db2f1e88252e4ceaf	1794
train-00002-of-00008.parquet	000165	0f9acd9bbd4fba2bd33068ebda10a01f19574790	1722
train-00002-of-00008.parquet	000166	d49cb36b3ee93d0eaefd8a105a4ad4ecf88f86d3	2391
train-00002-of-00008.parquet	000167	eef11c3c2bd516eef0fc9d1b542d22223923591e	1573
train-00002-of-00008.parquet	000168	1ad9d66015e65f31eed0c739d138dffd331b012d	2108
train-00002-of-00008.parquet	000169	4c273442de49e4f7090572be6fe03afeefa9ac91	1216
train-00002-of-00008.parquet	000170	5431026d64862be9c7f46c66849f57f987a15ba5	1766
train-00002-of-00008.parquet	000171	7247c94ba2eb4310d0816851e2e670c2e3a0e428	1717
train-00002-of-00008.parquet	000172	397195ddf8141af8af7d87b265d6181453a1ee97	2036
train-00002-of-00008.parquet	000173	bff1275af1899723d42d0d0af9be4bd2b395da38	2393
train-00002-of-00008.parquet	000174	d7ec385c74f5165e20b869ce441b7b727364d68b	3548
train-00002-of-00008.parquet	000175	d2844138851260c2e6c9b2c8933686882e1c805b	2200
train-00002-of-00008.parquet	000176	bd5a37d0e051b3dfb347be01c9e90634ac36c705	1556
train-00002-of-00008.parquet	000177	22059656ba26fd5d5f5d2437b2a7aded65f37e79	1160
train-00002-of-00008.parquet	000178	252a63ea4480d32b7b7d21bf363bdff5d06a92f3	2209
train-00002-of-00008.parquet	000179	2e7b08ee30b5fad9d041ce6f34a9acec34868fb1	2590
train-00002-of-00008.parquet	000180	d879de5dc9ebcb2ceec0c1ae5b8f2b2c85afb08e	2344
train-00002-of-00008.parquet	000181	78c01489f49afe34135d1ecb45b805519b4d6dc9	2219
train-00002-of-00008.parquet	000182	4ff863da220f88dd140029a27a2fe96c5d244081	2095
train-00002-of-00008.parquet	000183	12a73cff65a5606b7b2bdd6d583e9d374082467b	932
train-00002-of-00008.parquet	000184	2b69c48394b790286f64124972bec5a34389cb33	94
train-00002-of-00008.parquet	000185	21a23bf7b28931bfbb8d2f5da941667bd7bb9605	306
train-00002-of-00008.parquet	000186	72be83f8a002e89549cd9c2433529c7057e7988a	1391
train-00002-of-00008.parquet	000187	c462d876e20176e0de8cc1c16e381126055eb81b	932
train-00002-of-00008.parquet	000188	70af37a0f91a552f004e79b343bc2b28b2bb0c70	114
train-00002-of-00008.parquet	000189	130d7b808233deda9401519dc51a9638e237dbfc	307
train-00002-of-00008.parquet	000190	7e980eac79f1586140f7329cee8b529730fcadbc	2396
train-00002-of-00008.parquet	000191	745b2e4197c0dc4a85953a5d7c859d329ae314a5	881
train-00002-of-00008.parquet	000192	fc4884f3605b288d3b5d67a023fb827e072f50c3	1364
train-00002-of-00008.parquet	000193	d07267c33f634975bd541e827af87bf325464d35	1732
train-00002-of-00008.parquet	000194	a8ab24d27f5ee22a82ad999faf5afd28c3ef369b	1865
train-00002-of-00008.parquet	000195	9f7edf6ca067936675d401bba5c481bbd4889954	996
train-00002-of-00008.parquet	000196	bbab621628b56ddd4dc8c66a992e0f4f0a1fc832	995
train-00002-of-00008.parquet	000197	56c2d6bc5405a1e68ee145a62bf875958b25fa57	1429
train-00002-of-00008.parquet	000198	6ff90afe76710eef564568ca403cea0304a4e54a	1601
train-00002-of-00008.parquet	000199	017d9e3f8e831b59aa70ec7243836ba306be11eb	681
train-00002-of-00008.parquet	000200	895849db9ba66f99de557df3942859e66289b178	765
train-00002-of-00008.parquet	000201	c0d4a5044a73be0b6cf0683adb65992e48297bbc	1989
train-00002-of-00008.parquet	000202	167ce31f88af97fbdbd3859ceda6121b945c8c79	1491
train-00002-of-00008.parquet	000203	44704e7f3cdff00579110c1a80bbcde0d31cffa4	227
train-00002-of-00008.parquet	000204	fd205d0595675e3570eea39ee5af5f3af9e97c45	131
train-00002-of-00008.parquet	000205	e09dde882ad5de1081df4f751cf0ded1faf94ee0	1246
train-00002-of-00008.parquet	000206	20fa253ab8f4fdef5968036971e8e489a8822e6b	3764
train-00002-of-00008.parquet	000207	1a8c4735ef0807abea7316cd73468f3d4ecc120e	4123
train-00002-of-00008.parquet	000208	ba1fa17f952e5764b826268b8213039335ef7027	4153
train-00002-of-00008.parquet	000209	657b8cee6004f16483ccbfc663633a71790722d0	2582
train-00002-of-00008.parquet	000210	ccb36dc9fb408c3d938b67068032b91a9300f8e3	3375
train-00002-of-00008.parquet	000211	02d6d44e0cb859e133658cfa02fccb1dcf792d3e	3924
train-00002-of-00008.parquet	000212	0a447a68dbb11725f7512c06885fb9fcadec8b11	3743
train-00002-of-00008.parquet	000213	649cbe4899918b519b40268946721f283eeeb02f	3812
train-00002-of-00008.parquet	000214	9680a3d33282804cb9d0a9d7a2937750b89d0c6e	1666
train-00002-of-00008.parquet	000215	2b8f438078386c9fd1ac1712ce046bab22a0e6a9	2508
train-00002-of-00008.parquet	000216	1e8d5de2e5eb4bc020dcce118af4f392f0e2f897	2284
train-00002-of-00008.parquet	000217	28166ca0f5ad36c11cd4df3fc19d6c14fa7c907a	2319
train-00002-of-00008.parquet	000218	abb139ee4c2a90a8079eaf6c6f81247387f79d06	2210
train-00002-of-00008.parquet	000219	b4d937b16fc634e699fa932c0ae4de6b0b134df4	2373
train-00002-of-00008.parquet	000220	bf1c9861ae236adafcb5ae6e6cca0bdd4373a373	2338
train-00002-of-00008.parquet	000221	1f6b3cf3a4ba5bf7dcd0c69271fde82bb5e1225c	2334
train-00002-of-00008.parquet	000222	91ef1141c794d2cefe14b5d5c7c82f5f5ae35e39	349
train-00002-of-00008.parquet	000223	f25c2d63ab5fa578e0cfb16b65f77824ff5484b0	1244
train-00002-of-00008.parquet	000224	1df493a038c11f348b686e2f0344087a3924e5ae	3373
train-00002-of-00008.parquet	000225	290ff1e0fd6a8d2c0f4bb42dd8f8a4bfec3ce152	2660
train-00002-of-00008.parquet	000226	1ef7e8f809bcdf5837963f59de92c68d59a68cef	2872
train-00002-of-00008.parquet	000227	5d9a217765974bed16219e90b8abfee2566473ed	2813
train-00002-of-00008.parquet	000228	e85a562316ff3a83a98741eaf3328577a2a33a55	2697
train-00002-of-00008.parquet	000229	9c140b9102d6bc57ca5198c1880ddce12fcb7b4a	3126
train-00002-of-00008.parquet	000230	2b6c45ff6a3fb17e6d9ccc024898882ef7dc1d76	4152
train-00002-of-00008.parquet	000231	c1abffdc906787880b782c49b9f8d080eb086847	338
train-00002-of-00008.parquet	000232	d03ddd732f564040535291b1dcb56840627b569f	1547
train-00002-of-00008.parquet	000233	35723680078631543787724d790d3530e190d79c	2249
train-00002-of-00008.parquet	000234	0a97f051651a001fb81959aaa9b7fd425ce1e7ab	283
train-00002-of-00008.parquet	000235	849ed31a60345e794a523dd6ff2552019c3cd5eb	2005
train-00002-of-00008.parquet	000236	7cb9083d49c0a5a46c9d7e61e620abd6110af28e	361
train-00002-of-00008.parquet	000237	1de447ec617824ce21d6b423854a42f50935ba9b	3905
train-00002-of-00008.parquet	000238	297590bddb912e614616dcbdb2272d6b0c335ab2	4040
train-00002-of-00008.parquet	000239	74852b0a6f733d6816133c6da72215c233354a9f	3673
train-00002-of-00008.parquet	000240	ad9fd77b62cf44157e5862e8a2968c09e3de2bc4	3656
train-00002-of-00008.parquet	000241	4dce127efa4a4ba2c638c535b94f38c190b85024	4304
train-00002-of-00008.parquet	000242	45b9e8b111842b7d3f6d6323b6e836f7d513d5b4	5112
train-00002-of-00008.parquet	000243	68a6c7954b6a14da0e6082da43917ad46405cfa4	3798
train-00002-of-00008.parquet	000244	bffbb16850b0c0697476f1b97c8c1e4e22fdf159	3296
train-00002-of-00008.parquet	000245	71e65376eae401633fa509ac3543889a277013c3	2363
train-00002-of-00008.parquet	000246	d09908036e2a8e8ee8ec88c1f2fde66121b95b33	3608
train-00002-of-00008.parquet	000247	91b3484170eb66467f71ec623178bd4d4c3fdf3d	2983
train-00002-of-00008.parquet	000248	ce817db1617135446977df4a95fe11b3bcc35f75	4440
train-00002-of-00008.parquet	000249	304e84277f1ccbc8c25a82e764856186bd78ee18	3621
train-00002-of-00008.parquet	000250	835af245b420851188d05f3128a0001b72135e19	6569
train-00002-of-00008.parquet	000251	3f6b5c15080b27b87127aa6c46e1b3fc5019e68d	1855
train-00002-of-00008.parquet	000252	f433a0c8476aade143fd5bbf8f30855966b84d9e	2752
train-00002-of-00008.parquet	000253	493edc0e2e830b579dc9753838a98c8a334fd393	6039
train-00002-of-00008.parquet	000254	1c7313954e154f2502683e780783b51818991b9b	1990
train-00002-of-00008.parquet	000255	729c9908355328144eeb0d68d6f7e77da4c8fb49	2402
train-00002-of-00008.parquet	000256	e2fce4f951c65fb60fece53ab90bd7f459245604	2264
train-00002-of-00008.parquet	000257	ec7e7c8a25330b24f055dbf31eae9a990ac87b05	2939
train-00002-of-00008.parquet	000258	d167d8b2bc7fac960c57ba7691e7751132f690d6	1642
train-00002-of-00008.parquet	000259	b4b5433b961d9cecf5f5461b90dbaf9892309f68	3376
train-00002-of-00008.parquet	000260	187ba73931533ef99ad627f21e0439f1b4717f06	2693
train-00002-of-00008.parquet	000261	07d5072269599b90417d54668f343593f2c92f3f	1764
train-00002-of-00008.parquet	000262	51c22b36c33800fcae03a43a992fabfe967c6b00	3013
train-00002-of-00008.parquet	000263	1da98f0792c5235955f0a59581b787e1b84f5341	2457
train-00002-of-00008.parquet	000264	24ede418ebf376587a125f735f776b3effea60ca	2781
train-00002-of-00008.parquet	000265	c2ecea9bb544f40ebd9a556a81f15a6b22cd34c7	2948
train-00002-of-00008.parquet	000266	1db4200539f34540c9c7e2eb9000c25719cf7de4	3431
train-00002-of-00008.parquet	000267	e5d074a3425c21fd8e04325e0e418354df8c6f72	2417
train-00002-of-00008.parquet	000268	8dd9efca79c0d10f4f548d14a20c87cb477b234e	3656
train-00002-of-00008.parquet	000269	68249ea7a9547640c57e0706d5996cd1bd091a52	4449
train-00002-of-00008.parquet	000270	87082f0cccaf1205746786b72723d666c08612be	27
train-00002-of-00008.parquet	000271	c33a0c66cbd7581838281541ece9bdcd538d8a6a	3899
train-00002-of-00008.parquet	000272	97233f494840eed63d58f9caa44ceaefc6797cbe	3727
train-00002-of-00008.parquet	000273	d832f8ca71541d2470eb387fd01c099c376f82e0	3735
train-00002-of-00008.parquet	000274	1f5edfbff5a1e5e715b5c7f79ffac283587d04b2	2687
train-00002-of-00008.parquet	000275	554d326fc7304829317bd2042272aaa4e707cfd8	2000
train-00002-of-00008.parquet	000276	15b65bbc7fa1093df70109ee31c13cfd9297a209	3545
train-00002-of-00008.parquet	000277	187e5e89de948422126631450d24d739e5a6550e	4144
train-00002-of-00008.parquet	000278	cfda4430ff21ecd5da4bb400e0e29ed5093b8aed	3762
train-00002-of-00008.parquet	000279	d090356d60f4c0086414210da29b890c59e24e14	1794
train-00002-of-00008.parquet	000280	d74c4df9b60791b59983e3c3d4160765ab1a0830	4033
train-00002-of-00008.parquet	000281	dd783134afa97f92a0b2629988f8fd4c6928c96f	4537
train-00002-of-00008.parquet	000282	ffcc5d992eb7efc8851b0835d738a1b57c85513d	4741
train-00002-of-00008.parquet	000283	d4877ec97a1b69f744520ce7ad0b2023f8ec868b	5115
train-00002-of-00008.parquet	000284	3113d7366ed31d43f664812bc58dd4a80a406529	5194
train-00002-of-00008.parquet	000285	0e72ac399720021e9948ee74fa4f789aa016b383	3214
train-00002-of-00008.parquet	000286	076a0b91439b788a1a7dea26880535afcf009269	4682
train-00002-of-00008.parquet	000287	8fe64ea8a176d23fb557df92fc33a5e3503418ff	3986
train-00002-of-00008.parquet	000288	e277a50bbbfd654a2b96c584094f135b9dbfe04a	4482
train-00002-of-00008.parquet	000289	fdb94e59e3f7453f71c98751da007b6486a8e58f	4349
train-00002-of-00008.parquet	000290	abf5155cf97dda73d153e3210ebb46101bdebbaf	3029
train-00002-of-00008.parquet	000291	dade8da3c0d0726e76c479afa87ec2145f91a15c	4313
train-00002-of-00008.parquet	000292	817b721db6e7751e7e199c1fce3f411c6d0f646e	4987
train-00002-of-00008.parquet	000293	6f59fc23f90904525debb36724f2d6488a83ea16	4544
train-00002-of-00008.parquet	000294	8339d682341621bb1ecd8418125ba1afc99ea4be	4668
train-00002-of-00008.parquet	000295	cbd01bd1c2a7975ea97359768d065a75987af178	3241
train-00002-of-00008.parquet	000296	fa8c27e8e864ea0853d22382df19a3fb8317e150	2299
train-00002-of-00008.parquet	000297	1f0edb0db481c3c18dbcf59a80cb3de9980fcb33	394
train-00002-of-00008.parquet	000298	205f30ac4364c849deff358e229bc4717c26e6b7	4151
train-00002-of-00008.parquet	000299	6a65384d43cf451d98974dede3b284d3287e3b45	1266
train-00002-of-00008.parquet	000300	95deedfb35df7dd185ce1caa0ab51d934d32f698	3062
train-00002-of-00008.parquet	000301	c3410cec8dba024545d028c73f321761cc14f5c8	1642
train-00002-of-00008.parquet	000302	e5ee2982dd7de2c41d13a0fc2e01f13be3ae5f70	742
train-00002-of-00008.parquet	000303	6ab0bf0a176a69312f6e509daeb5871bfa8c93c7	4863
train-00002-of-00008.parquet	000304	9c5558d8b75b4407892c063142afcb8d05acc5ef	3673
train-00002-of-00008.parquet	000305	faf1660e3be038ce98e7029c1c6c0030ebe31fa7	4563
train-00002-of-00008.parquet	000306	88d02bcdb3bc8f128c9f1e5c89c307c28d8f5c34	4386
train-00002-of-00008.parquet	000307	ac8ae7dfdd8a1be0754d4d08eab58eea63ce0bb3	4807
train-00002-of-00008.parquet	000308	15f8c5776384333ef5361bff15ed3ae8a146adb0	5017
train-00002-of-00008.parquet	000309	6ed5180ddfb86828aef2abaf1eba5abe114e3c12	3625
train-00002-of-00008.parquet	000310	227401653ed37972e9a0d62e5ddfe4c9d3874b50	4966
train-00002-of-00008.parquet	000311	d2c779a1f83e4e7fb8e1e0dab44e7f3a755aabf6	1071
train-00002-of-00008.parquet	000312	cce6495b1cbb3f72ab0dfa110c9e939472cf4711	3986
train-00002-of-00008.parquet	000313	194d557b14c361325595b4ffdc9417a922f4a45f	2941
train-00002-of-00008.parquet	000314	3e13078aa45fdd9bbe2b6e4fbbc318222b003eef	3407
train-00002-of-00008.parquet	000315	ab44b35f6042a380adc73a86e439106c194b1a4b	1990
train-00002-of-00008.parquet	000316	b886c368d601c2ec2885b67697ff2af2b69b25fc	1438
train-00002-of-00008.parquet	000317	be0ee3ab747d90100cdac6c9fa186d1d2314a887	5241
train-00002-of-00008.parquet	000318	59177d137125d46d5e13f44f55ffcda45e1dd7d7	4104
train-00002-of-00008.parquet	000319	4b36fa81a74140fc02ac0a6392477e47a76672f1	1416
train-00002-of-00008.parquet	000320	fd78cf9171358ebac898b6ec08fe91721793344b	4208
train-00002-of-00008.parquet	000321	ee10f1df37cc08ea53b2db3483afe8fee7f65657	2737
train-00002-of-00008.parquet	000322	a40f9351e7f45472cded17528db8927d7aac4425	241
train-00002-of-00008.parquet	000323	e24d12139f97c46c1f59a7c306d6d235d82e79a9	1442
train-00002-of-00008.parquet	000324	e496bd5bdc2c958374e009a46314c1560f6d08d7	2361
train-00002-of-00008.parquet	000325	3e5a6ef8e4aa61a977ddfa884169f2ec8c1e0a33	2385
train-00002-of-00008.parquet	000326	554d326fc7304829317bd2042272aaa4e707cfd8	2000
train-00002-of-00008.parquet	000327	15b65bbc7fa1093df70109ee31c13cfd9297a209	3545
train-00002-of-00008.parquet	000328	187e5e89de948422126631450d24d739e5a6550e	4144
train-00002-of-00008.parquet	000329	cfda4430ff21ecd5da4bb400e0e29ed5093b8aed	3762
train-00002-of-00008.parquet	000330	963417fd671ba1990062b43a25380370f76282dd	1795
train-00002-of-00008.parquet	000331	81de9116adea0db313cfa2d7765ee77900154903	4059
train-00002-of-00008.parquet	000332	4ff327d3569323ea609dfec59427ff7bebab4acc	4530
train-00002-of-00008.parquet	000333	ffcc5d992eb7efc8851b0835d738a1b57c85513d	4741
train-00002-of-00008.parquet	000334	d4877ec97a1b69f744520ce7ad0b2023f8ec868b	5115
train-00002-of-00008.parquet	000335	3113d7366ed31d43f664812bc58dd4a80a406529	5194
train-00002-of-00008.parquet	000336	0e72ac399720021e9948ee74fa4f789aa016b383	3214
train-00002-of-00008.parquet	000337	076a0b91439b788a1a7dea26880535afcf009269	4682
train-00002-of-00008.parquet	000338	8fe64ea8a176d23fb557df92fc33a5e3503418ff	3986
train-00002-of-00008.parquet	000339	e277a50bbbfd654a2b96c584094f135b9dbfe04a	4482
train-00002-of-00008.parquet	000340	fdb94e59e3f7453f71c98751da007b6486a8e58f	4349
train-00002-of-00008.parquet	000341	5b8637e590695e95e052ebe9ba41f74a89ba8e45	3135
train-00002-of-00008.parquet	000342	dade8da3c0d0726e76c479afa87ec2145f91a15c	4313
train-00002-of-00008.parquet	000343	817b721db6e7751e7e199c1fce3f411c6d0f646e	4987
train-00002-of-00008.parquet	000344	6f59fc23f90904525debb36724f2d6488a83ea16	4544
train-00002-of-00008.parquet	000345	71251c67b3c2d33438ecb2cda8012f74463b27cc	4668
train-00002-of-00008.parquet	000346	cbd01bd1c2a7975ea97359768d065a75987af178	3241
train-00002-of-00008.parquet	000347	fa8c27e8e864ea0853d22382df19a3fb8317e150	2299
train-00002-of-00008.parquet	000348	1f0edb0db481c3c18dbcf59a80cb3de9980fcb33	394
train-00002-of-00008.parquet	000349	205f30ac4364c849deff358e229bc4717c26e6b7	4151
train-00002-of-00008.parquet	000350	6a65384d43cf451d98974dede3b284d3287e3b45	1266
train-00002-of-00008.parquet	000351	95deedfb35df7dd185ce1caa0ab51d934d32f698	3062
train-00002-of-00008.parquet	000352	c3410cec8dba024545d028c73f321761cc14f5c8	1642
train-00002-of-00008.parquet	000353	e5ee2982dd7de2c41d13a0fc2e01f13be3ae5f70	742
train-00002-of-00008.parquet	000354	6ab0bf0a176a69312f6e509daeb5871bfa8c93c7	4863
train-00002-of-00008.parquet	000355	9c5558d8b75b4407892c063142afcb8d05acc5ef	3673
train-00002-of-00008.parquet	000356	faf1660e3be038ce98e7029c1c6c0030ebe31fa7	4563
train-00002-of-00008.parquet	000357	88d02bcdb3bc8f128c9f1e5c89c307c28d8f5c34	4386
train-00002-of-00008.parquet	000358	ac8ae7dfdd8a1be0754d4d08eab58eea63ce0bb3	4807
train-00002-of-00008.parquet	000359	15f8c5776384333ef5361bff15ed3ae8a146adb0	5017
train-00002-of-00008.parquet	000360	6ed5180ddfb86828aef2abaf1eba5abe114e3c12	3625
train-00002-of-00008.parquet	000361	227401653ed37972e9a0d62e5ddfe4c9d3874b50	4966
train-00002-of-00008.parquet	000362	d2c779a1f83e4e7fb8e1e0dab44e7f3a755aabf6	1071
train-00002-of-00008.parquet	000363	cce6495b1cbb3f72ab0dfa110c9e939472cf4711	3986
train-00002-of-00008.parquet	000364	194d557b14c361325595b4ffdc9417a922f4a45f	2941
train-00002-of-00008.parquet	000365	3e13078aa45fdd9bbe2b6e4fbbc318222b003eef	3407
train-00002-of-00008.parquet	000366	ab44b35f6042a380adc73a86e439106c194b1a4b	1990
train-00002-of-00008.parquet	000367	b886c368d601c2ec2885b67697ff2af2b69b25fc	1438
train-00002-of-00008.parquet	000368	be0ee3ab747d90100cdac6c9fa186d1d2314a887	5241
train-00002-of-00008.parquet	000369	59177d137125d46d5e13f44f55ffcda45e1dd7d7	4104
train-00002-of-00008.parquet	000370	4b36fa81a74140fc02ac0a6392477e47a76672f1	1416
train-00002-of-00008.parquet	000371	fd78cf9171358ebac898b6ec08fe91721793344b	4208
train-00002-of-00008.parquet	000372	ee10f1df37cc08ea53b2db3483afe8fee7f65657	2737
train-00002-of-00008.parquet	000373	bb728eb28329c0a040fa826a56af617619bf0cfa	257
train-00002-of-00008.parquet	000374	47787e7ee89ac252a1900f5d688a377fdaae924b	4029
train-00002-of-00008.parquet	000375	a3d7f2eb83657d2c70875c53640165b9011b278e	3731
train-00002-of-00008.parquet	000376	81dc4daf72160d0154cce71b67655c68cd30b383	3495
train-00002-of-00008.parquet	000377	6c051edf03b63a0fa02f2a993b8bbc99a0b17695	868
train-00002-of-00008.parquet	000378	0f34de239c57155f549a9669f14ad68cdcb7ef85	1364
train-00002-of-00008.parquet	000379	f770cad5c52f0ec61816ff860ff6c38615c585ff	1406
train-00002-of-00008.parquet	000380	962f56530bf65a8a1815a29218631a6679cea316	877
train-00002-of-00008.parquet	000381	9fd9bc92c1976d65b65205e22fe8ccbccc0742d1	2658
train-00002-of-00008.parquet	000382	ed1f325487676f32115ec5a84e700a466ca199ff	1604
train-00002-of-00008.parquet	000383	06df5466cdaefdf848d59cd67229f77654556b28	1881
train-00002-of-00008.parquet	000384	fd51577af061b43445a5f7320387a71f37b4bb41	302
train-00002-of-00008.parquet	000385	124c2571dd7e11acaad156d5c7f6f1c3285cd904	2160
train-00002-of-00008.parquet	000386	5674113a6fcf98d3275bde6483153c36635b02f3	1862
train-00002-of-00008.parquet	000387	ea0fa22a095c9b95145ec7689f5826b02e78edb8	4759
train-00002-of-00008.parquet	000388	2bf7227217f0973f8b2faeaf127b3c32c7571483	27
train-00002-of-00008.parquet	000389	32f6a71a96ebdd868fd7d3bb063b234ba333d438	2061
train-00002-of-00008.parquet	000390	8d679d2587beed8530d307711eb99bdb80daf37b	4245
train-00002-of-00008.parquet	000391	8ddde9d8245294472e8fa5d73bdbb6b4ce104888	1945
train-00002-of-00008.parquet	000392	761eab70dc1c90c04a85a587b3c13c6db4be760c	2966
train-00002-of-00008.parquet	000393	c7ab9e7c308a19002c411c3770e874aef0fb6ba6	6062
train-00002-of-00008.parquet	000394	8ac55cb2b3e1ea386e151e80367c502b8e4237fc	5931
train-00002-of-00008.parquet	000395	176fb80c3df9c1e7fc9d973c088a99fc52dcdb21	2027
train-00002-of-00008.parquet	000396	f661abcc02c2279c55ca4f7f4a1c746afdccbe31	4083
train-00002-of-00008.parquet	000397	9f83487caa86c8a07a3bcb2ef1dd359ddf3c8067	87
train-00002-of-00008.parquet	000398	3ecc963faa21eec2916a0dbaf579026bdab4c6bf	1025
train-00002-of-00008.parquet	000399	04c01b0c1e8e42de620e1a81a7434b87f6a2362e	134
train-00002-of-00008.parquet	000400	ff3b3ff456f4415f00049b8d78b3a12f96b821bd	1558
train-00002-of-00008.parquet	000401	f0c4e74809793556245e96d98ea4ef8e04a11741	1772
train-00002-of-00008.parquet	000402	9d9309a44fe08a8690487527a77835adfa3d6e16	1697
train-00002-of-00008.parquet	000403	04ed7820525c998ba8f0703dc81f86c658c71f65	2461
train-00002-of-00008.parquet	000404	ad65628642a3060d0b32d2a07d9be6ec6f01ed7c	437
train-00002-of-00008.parquet	000405	bf506d03253ad9e4a2ba39a20280a99826229db5	5434
train-00002-of-00008.parquet	000406	09c79c7bb93b9dc7c9f9c6f02d16cf933899ff37	1154
train-00002-of-00008.parquet	000407	1833decd63b32488cdf5703dd253ef0a1dfc8460	2872
train-00002-of-00008.parquet	000408	a5cf43b11b8cd40d6520ec3151c7c13f02647405	2774
train-00002-of-00008.parquet	000409	f833f9556c6e1307831fa615fda1556d3d5e1880	3090
train-00002-of-00008.parquet	000410	5ba3fee046770ec33a12c004c0d155b89d33ad47	2711
train-00002-of-00008.parquet	000411	7ee39607d3b5cd76f2168b06ff21f756bd8410c5	2919
train-00002-of-00008.parquet	000412	7d0c782e2badaae115c87a33e3c6da06245729bd	3224
train-00002-of-00008.parquet	000413	7b7d9f3573137cacb7b85a3aaa334eb748df0b6f	3334
train-00002-of-00008.parquet	000414	256387d077d70a098b554679ffaa942f41f23bf0	3858
train-00002-of-00008.parquet	000415	ba7c583137af59218424724ec2fc047104091379	1557
train-00002-of-00008.parquet	000416	b017830b514375630b297178a3f985e7bac03058	2170
train-00002-of-00008.parquet	000417	667f72051462d9d6e8244bf45634d04df2067be0	975
train-00002-of-00008.parquet	000418	58bebfb94b2bcc2a8bdcb95257110089d1f9aef6	1917
train-00002-of-00008.parquet	000419	5e664d64bba54124a88c3faf7b7770c815807674	573
train-00002-of-00008.parquet	000420	ccd47618ff9718510a76faec09d18cf8a71b2ccc	670
train-00002-of-00008.parquet	000421	92b9eaa739bcbf316d0ea602eb9577cbc643d93c	363
train-00002-of-00008.parquet	000422	5172832a7f97aabc787f84aa0b367568e0986ea4	3272
train-00002-of-00008.parquet	000423	387489c22a53c4efe68a43cda67afc9ce996c81c	4501
train-00002-of-00008.parquet	000424	cf62c1aa0eb62de280cd97a5c7f08865759a8114	4574
train-00002-of-00008.parquet	000425	a83b38adcfc9182f0c27abadcbad3f9c39049fc7	2145
train-00002-of-00008.parquet	000426	a7b8a8292fde1cb0d55da007c0404ed2d62f977a	1315
train-00002-of-00008.parquet	000427	15cee0373045edc9245441d4e8e094af6926b709	1717
train-00002-of-00008.parquet	000428	c95637614c4b6c1785fb49a841d0aef53eba9955	430
train-00002-of-00008.parquet	000429	95774021a88b4bda181d99fd6cb883544cb34132	3757
train-00002-of-00008.parquet	000430	572fce5f67455e25328db638d63d1b697155f313	3774
train-00002-of-00008.parquet	000431	8204f7be6f52d82550333ff81fc87190dc5d61ac	3396
train-00002-of-00008.parquet	000432	96f47a465bb09dc97570fb2ca27d152aedaae4d1	1153
train-00002-of-00008.parquet	000433	012f72f6442c15385ad2d22d49c1ba4e9230a278	90
train-00002-of-00008.parquet	000434	ced24ea45515d7267467a7612d59d54a16625dcf	2458
train-00002-of-00008.parquet	000435	47874d014f1b0ff5d8e8b7b323106f69b3948342	3653
train-00002-of-00008.parquet	000436	9e961a4bf373702c6a036b349fa25b755fd64b19	3940
train-00002-of-00008.parquet	000437	177de38d76a1e78472c5944866b3c368a7660ad2	2672
train-00002-of-00008.parquet	000438	e0c1e82954913f0899f8c09e00b2357918eb7753	3534
train-00002-of-00008.parquet	000439	c3bcb99d88fe320a96bb684354ff76f39462d527	3157
train-00002-of-00008.parquet	000440	22b9207450a72718bdd82c6279ea0395cab33463	1192
train-00002-of-00008.parquet	000441	25bf7e855c67b5879f8ca7f3654a9e1c9f6fd4bd	437
train-00002-of-00008.parquet	000442	4319f40f6e471ca2685a43e128b0b7f161b34d55	262
train-00002-of-00008.parquet	000443	9c1847a5de7606098e97397f91b867a296fb51f3	3288
train-00002-of-00008.parquet	000444	5560463776d2159ca05f3c32de6be1e409f545af	3730
train-00002-of-00008.parquet	000445	2bda211575869574c352b56dee26d9497c2f158c	614
train-00002-of-00008.parquet	000446	5861cc33740cc5608cfd897e208aacdf93a138d4	5028
train-00002-of-00008.parquet	000447	dcced36709038a9c9729a34f81e5741c52a223a0	4952
train-00002-of-00008.parquet	000448	331cdd7eba4b49126d30de7219c154f51687f527	5667
train-00002-of-00008.parquet	000449	4f2994a4f2b3267663a81937785ba20a2e682884	5499
train-00002-of-00008.parquet	000450	921939d5100748962a9d19508d3a58c7af025b1e	5063
train-00002-of-00008.parquet	000451	8ca1e30d85d5e4c69d374d30965f5a7735a070e9	3998
train-00002-of-00008.parquet	000452	32211569e755a8cf600ab968c2f7f83151fe0fad	4895
train-00002-of-00008.parquet	000453	94ecf7ed37bcb854afb39cb4f9cbb41531ee3da7	5170
train-00002-of-00008.parquet	000454	6028aba0d70171efbe333454432347016c02b8c1	5183
train-00002-of-00008.parquet	000455	3a345026bfbc7e9af5760dee831223526d19f0d3	4313
train-00002-of-00008.parquet	000456	a60fc771869d9432cc3c1b80ccc5b0cf11a5644e	3772
train-00002-of-00008.parquet	000457	513e3fe58669a649247328ff894ca9e4dee1b366	3618
train-00002-of-00008.parquet	000458	00759ab5af8f17efa451c324844d06100e4dc87d	4947
train-00002-of-00008.parquet	000459	24645a9366b256796edbf4f57ddc8649364485de	3932
train-00002-of-00008.parquet	000460	3fd5105418c7541ff85f8211ce3f0a1bd34eaa28	5362
train-00002-of-00008.parquet	000461	72047709df332175be8973ff4ef0a708ccc9a29e	4616
train-00002-of-00008.parquet	000462	9cfbf3a339c587f7a1e1be7f410ac5fbdc85e441	5378
train-00002-of-00008.parquet	000463	be18c12c15251a28c64767df4c81415f54ab0f8a	5150
train-00002-of-00008.parquet	000464	798b232852b582058ce61007c2c65cc24a3e53ae	5523
train-00002-of-00008.parquet	000465	a09e62d066b385f9679b3828237d8999ea39b332	5666
train-00002-of-00008.parquet	000466	59f0ae2fc99a532ee520dc8e6a53152ebfb2a43c	5159
train-00002-of-00008.parquet	000467	968b50ae983fab4dd7d961384219eb175646850f	4393
train-00002-of-00008.parquet	000468	1daf222cfad30717c258314724b4c8dfb91158ed	5170
train-00002-of-00008.parquet	000469	629b8ff704e279973719a278dbff3f930833b715	4484
train-00002-of-00008.parquet	000470	d923eff0745a9df24771961576f1d3c11ac3a53d	3732
train-00002-of-00008.parquet	000471	2f063d4b83e8f9ed40c9bc62db869dfd32689140	3938
train-00002-of-00008.parquet	000472	223e27820fb140972dbda98ee80b4eed326e66be	3706
train-00002-of-00008.parquet	000473	0d8993597b9f6c8dfacbe27149202ece4019639a	4965
train-00002-of-00008.parquet	000474	168dad0c2d9ed916296f1d253230ba0ba301ebd3	4241
train-00002-of-00008.parquet	000475	193d1be5f9eb4b96b595dce0f415f1675075407f	4655
train-00002-of-00008.parquet	000476	f7cffa657892e4ef92fcb827344edb789bef3288	4665
train-00002-of-00008.parquet	000477	bece0cfb6948109337cc9db8061039d7e3ac420b	4983
train-00002-of-00008.parquet	000478	9222fb84d65a3eadaea08955695addf188cead69	3978
train-00002-of-00008.parquet	000479	c59c3c24b20b989bf4fcd6c4df01e3dee899101d	4535
train-00002-of-00008.parquet	000480	e96786fe29fde011cda75f528e0a80bcd541a088	4598
train-00002-of-00008.parquet	000481	ce7fe5de373f16df179eff2377279905bb9c1411	4521
train-00002-of-00008.parquet	000482	e8df66b8169f90cb0feee6498128f7e6c29173f9	5017
train-00002-of-00008.parquet	000483	771d8a763fd336545d090b565e2b4bab0fef2047	3181
train-00002-of-00008.parquet	000484	4a51edf382cc2ca98946ce4286d63a84fa9fe3db	3839
train-00002-of-00008.parquet	000485	97628ade6b2da53b69b6ef66e8dd7d4d43403e87	5351
train-00002-of-00008.parquet	000486	3b4ce77a32e2d397848fe865cdc4e4f72d679387	3869
train-00002-of-00008.parquet	000487	cc478cd87ae4e1f318e35d58a7df51db17b2e0e8	3895
train-00002-of-00008.parquet	000488	760d2264f7305b7b799678c3a6f31b5db131d251	3692
train-00002-of-00008.parquet	000489	997ddfcabfa68d5a4b6255efca77f2fd37fe5442	4172
train-00002-of-00008.parquet	000490	734b5661c508e26883699cbd4afd8cff0c9fbe55	4650
train-00002-of-00008.parquet	000491	5fd8c7e7ab33c6b0e48964ee0949c2d32b87bff9	4865
train-00002-of-00008.parquet	000492	6729d388156336b0748b047230ca80a9dc1e0936	3620
train-00002-of-00008.parquet	000493	ad74e614d156e3a88cbf93fbbd007b84ea8bdf6e	3888
train-00002-of-00008.parquet	000494	249d4f125c99437e143f7bb069a92681884635fa	3389
train-00002-of-00008.parquet	000495	477eae3fa187fb0321056f59d11a31b34d22db89	3948
train-00002-of-00008.parquet	000496	3df50b2f2aa0d97abfbda152dd216999da0f063d	3502
train-00002-of-00008.parquet	000497	304e100cf4a6e28b695b7137538462169aa74ca1	4632
train-00002-of-00008.parquet	000498	9158944b681ade857609c3a9abb23e831628b1c9	4936
train-00002-of-00008.parquet	000499	2e7888ef079c6cf0779df80a75d851c174e5f066	3082
train-00002-of-00008.parquet	000500	15a722243c9bdad8b880de7a4d8a885005fb12a5	3196
train-00002-of-00008.parquet	000501	b8ad01f0958c615bf868b7a668cfe18b9e31602b	4955
train-00002-of-00008.parquet	000502	bca8f508a592d428014283e413acbf3043bc28c7	2980
train-00002-of-00008.parquet	000503	3472287751ad106133106249109425cc18046014	3929
train-00002-of-00008.parquet	000504	a80b400ac6740930f6ce2dc24a98b8a1a6cad9a3	4615
train-00002-of-00008.parquet	000505	e992a35cea86c86e33254d7fd6f94dcc911ceb12	4321
train-00002-of-00008.parquet	000506	c6292084139aa84d94ce2bf757e99d0641b19bed	4331
train-00002-of-00008.parquet	000507	43da851db6e59cf05494c248ed26b58c47921eaf	3915
train-00002-of-00008.parquet	000508	e76ca7c046de5983b1eeef25520b6f96225050ea	4247
train-00002-of-00008.parquet	000509	c38d77e763e8c45389284622dd2c009c7f25f880	4701
train-00002-of-00008.parquet	000510	4bfc3f8156157c6cf55b55104273c9d0419460f6	4611
train-00002-of-00008.parquet	000511	1fa6ad5adc7c1a365357bb4747dc538ae4d332e9	3442
train-00002-of-00008.parquet	000512	1dc893eeff5162b986ecbf226e67975843ce09ab	3543
train-00002-of-00008.parquet	000513	d15f3b10733d318b659b52737a64466f867832ce	3919
train-00002-of-00008.parquet	000514	6f2092b3d3e39cc3c75a0997a0b720ce7d9e6c0d	3480
train-00002-of-00008.parquet	000515	db5de43a4447c6d988e10fca63a98f8eeadab660	4409
train-00002-of-00008.parquet	000516	76def5d56aece544ed4b56412df481f22ac3d5a2	4933
train-00002-of-00008.parquet	000517	2cc641b09ef2a2bbf59c0ea75309711cf78c4616	4141
train-00002-of-00008.parquet	000518	e5f5a4c50714e84cba59cb876d4a48a21a15ba86	4144
train-00002-of-00008.parquet	000519	af30be9f840c144618df882153bdc3c970e20051	4045
train-00002-of-00008.parquet	000520	7c967d21bb0bc5195812481fd600d8e8684f5b26	3440
train-00002-of-00008.parquet	000521	df9c63b7a571886d1c3f0b8442b0451bb4c24347	1017
train-00002-of-00008.parquet	000522	9f2e1cd123c7a50072ea78a71b55307fbfa04dde	23
train-00002-of-00008.parquet	000523	6632cd3a8dbf1abf381dadc63439e25735ba7201	4100
train-00002-of-00008.parquet	000524	f5ed34762efe26e9e64ecf0bd55f23f4596deb3f	4552
train-00002-of-00008.parquet	000525	1864d2e91cd9a0b93c66d0cdd1104470463f5b38	4397
train-00002-of-00008.parquet	000526	1afe4ad2989259efa56a2b3189e2f51515d2b2dc	3187
train-00002-of-00008.parquet	000527	44b188e61f6046aeb0e3fa20f7269b34c58d0a68	5018
train-00002-of-00008.parquet	000528	ef4eb59f5b8d3deb416785002c27c0b795af3927	4478
train-00002-of-00008.parquet	000529	87210876c72447866b69f1b13eb118a5e33dc386	3072
train-00002-of-00008.parquet	000530	43367eba74489949521666eb465e9bf3e5f83240	3682
train-00002-of-00008.parquet	000531	4cd8d872841eb4b440ae92e63435fd71ebd64655	3491
train-00002-of-00008.parquet	000532	82a0a53365bce1f777a41d5d74b41e9d979e4fec	3126
train-00002-of-00008.parquet	000533	a0c46d804ad73f50b0df768fd5901529bd24e4e6	3427
train-00002-of-00008.parquet	000534	a4974b6c5fa3163e3a1411e43965f46dd8421a57	4048
train-00002-of-00008.parquet	000535	49e831c84d39dd3671f118532c9a25f00d9692f8	3807
train-00002-of-00008.parquet	000536	281c1202277a43c39fb2f5c8bee49a4f8237b4e3	4475
train-00002-of-00008.parquet	000537	e7eed3c8bce3658f3610f69ae237ee9abbacd641	3807
train-00002-of-00008.parquet	000538	85a27369a2df3b470c2479466576c3230ba450ca	4898
train-00002-of-00008.parquet	000539	3f2726f4a2a9f514c111ce920ef0659bcd56e8b0	4820
train-00002-of-00008.parquet	000540	6a46248300eb2e8d1f608c36753d6bc3f51a05a3	4573
train-00002-of-00008.parquet	000541	1ff4961933d9413ca0c3fb9e91cb1fc0ea1066d4	4509
train-00002-of-00008.parquet	000542	4075e726322bfa5a860c27fcca82818f30196c12	5009
train-00002-of-00008.parquet	000543	faae4f47da133aef16ed27c9e8299cc4b8e52cf6	5168
train-00002-of-00008.parquet	000544	1c755bf91ab499ddf4eb697cda02f79296a7d1fb	4840
train-00002-of-00008.parquet	000545	c11ae8aa182ec55cb6edf79287dc567922a40a53	4499
train-00002-of-00008.parquet	000546	d4a982788fdf63a648431e818fbb92c93b14f28f	5345
train-00002-of-00008.parquet	000547	2925da4e1fb652b79ea74bcf360dfd7d29c0917e	5176
train-00002-of-00008.parquet	000548	69f2bffcc4c85fefa60118fe120c90f17bd37783	3734
train-00002-of-00008.parquet	000549	66464c0198e230ed5c6baf5509cdf6dd328f0cb7	4292
train-00002-of-00008.parquet	000550	bbb8e1284565e6857dd0c78ff25f96db228ff6d2	4082
train-00002-of-00008.parquet	000551	73b694d9e6c2b077d35c31f8cd38a31f506cf2de	3872
train-00002-of-00008.parquet	000552	8b6c616b1877f86ff46842eb052a3c49b577a964	4324
train-00002-of-00008.parquet	000553	1334e56ccd6fb2da643d06e46d21d9233ba853ce	4042
train-00002-of-00008.parquet	000554	56024faa4b8dceec3785a461088b71e950a49216	1145
train-00002-of-00008.parquet	000555	e5e47cb8645072399b57d0c2918256aa8263cf78	3344
train-00002-of-00008.parquet	000556	4be74b71b980a9d53df3ecff8f8a4095ce1dcd32	3907
train-00002-of-00008.parquet	000557	105d376371a354ac9999b24611e14f27e9a03e50	4253
train-00002-of-00008.parquet	000558	da8c6df83de8504b9c0295f67efd137fcbe590a2	3814
train-00002-of-00008.parquet	000559	844a118f606446872b77bd998bf3cd4a33bba53a	3096
train-00002-of-00008.parquet	000560	dd4b829df730f00017cd749463517b407d98a069	3266
train-00002-of-00008.parquet	000561	d0c05ebf30a5557c5e77d156828dca09b128c966	2687
train-00002-of-00008.parquet	000562	1056e3eef9ef40357b9ab02887d3c12ee1562915	2761
train-00002-of-00008.parquet	000563	65c7e68b55bf4539852028807a09481c20c0952e	3021
train-00002-of-00008.parquet	000564	6327484c8b40e3f273bd98ecc55a569718057ae5	2897
train-00002-of-00008.parquet	000565	2c3b75f1f65583f79e3978fc8ca9f58a3b9f7533	2795
train-00002-of-00008.parquet	000566	0a33e88408f379a44e29c7fd84ae1e779d635c48	2803
train-00002-of-00008.parquet	000567	2e17afbc7cc1e8fff923b4baad03b617d4c0d6b7	3092
train-00002-of-00008.parquet	000568	ab10fc619218be84dcf73cccbc4fd35fe763d95c	2951
train-00002-of-00008.parquet	000569	764383a5d80d4dd8e5490b579c929eb374408cd2	3249
train-00002-of-00008.parquet	000570	fe1e5f7406e292657a01edb8b6c4f5fcafd553c4	4169
train-00002-of-00008.parquet	000571	b617239ec3d90e9278d30fa185eb86cf672af386	4011
train-00002-of-00008.parquet	000572	bada8f2d8d75b3354b7f226ee1aec7161d0edd95	3624
train-00002-of-00008.parquet	000573	9ec8603f809ab93848a329619e3d9ec243237bbe	3331
train-00002-of-00008.parquet	000574	2b9b7496d867ee6ba5f9295a96242595a5387e24	3011
train-00002-of-00008.parquet	000575	eaa5ed284eb9f51cd24f25a06369d04020b039bc	4071
train-00002-of-00008.parquet	000576	c5179381ef5460feabb979c929da5f84e028e5fb	3356
train-00002-of-00008.parquet	000577	c234e6b233a794542d1850c7ec3e56e1c06dd904	2566
train-00002-of-00008.parquet	000578	accceb8478a27ca8c5d035bb773f83d95d691d8d	3684
train-00002-of-00008.parquet	000579	8a2353f35685f08dd2ecbc6f04b777592a8891c0	3084
train-00002-of-00008.parquet	000580	01d7236342de917c25cd3b3c1f69a256330f339f	3941
train-00002-of-00008.parquet	000581	59d2c06eb2d8c9f3c67bb46db04c18344be05dfc	2811
train-00002-of-00008.parquet	000582	1970f81744fbce75e36c179bb98fde6b794c25c3	2683
train-00002-of-00008.parquet	000583	6f26bb68b162947c7bf05fa0d690200f1f2a90e8	3763
train-00002-of-00008.parquet	000584	4c495878278fb615309e278aae3d341977d9e874	2052
train-00002-of-00008.parquet	000585	33a442f348604df5ea0815d023d5cbca82f91e11	2412
train-00002-of-00008.parquet	000586	87adbb93cdd20a850cc5326dc91122fc3824edce	2456
train-00002-of-00008.parquet	000587	a80b657a55a6b5c8d2aeb2cd166f67cc8249e35b	1700
train-00002-of-00008.parquet	000588	53bccd51b096b6696bd19413975a612d28eb4a3d	1593
train-00002-of-00008.parquet	000589	b2ee1859327abf14b859745d1266e6aee248b079	1594
train-00002-of-00008.parquet	000590	836338e1ed8adbe62245a3466b83916f189e27e5	1590
train-00002-of-00008.parquet	000591	2462b62af32762cb39647fd85799444163628f17	1600
train-00002-of-00008.parquet	000592	52df4ef388429cabc6b57191c333165604111d5b	1591
train-00002-of-00008.parquet	000593	31e452ed9bdd525e1abd86d0a83cafb150fb6127	1346
train-00002-of-00008.parquet	000594	c390b45795a9243da60ea64df85d969310c4f059	3438
train-00002-of-00008.parquet	000595	2a6bb5cc9eafa990357a91f12d6cebb615f9a03f	2901
train-00002-of-00008.parquet	000596	d7cb92ba0f541ba183474393694c30b6157d8e79	4501
train-00002-of-00008.parquet	000597	cf62c1aa0eb62de280cd97a5c7f08865759a8114	4574
train-00002-of-00008.parquet	000598	02fff58981d10ac48bf92f880dd1489ab6ef5ce1	2044
train-00002-of-00008.parquet	000599	c916f60c948f6ded5529efe44ffbf93e1e07ce31	1315
train-00002-of-00008.parquet	000600	7a43498827cec098bd3a537e764a1712dc1e399b	1716
train-00002-of-00008.parquet	000601	8774a8e7df50523beb7722b83d41411b73ab8b61	430
train-00002-of-00008.parquet	000602	95774021a88b4bda181d99fd6cb883544cb34132	3757
train-00002-of-00008.parquet	000603	572fce5f67455e25328db638d63d1b697155f313	3774
train-00002-of-00008.parquet	000604	8204f7be6f52d82550333ff81fc87190dc5d61ac	3396
train-00002-of-00008.parquet	000605	96f47a465bb09dc97570fb2ca27d152aedaae4d1	1153
train-00002-of-00008.parquet	000606	63d513f8d5bc3bac228354c1c92c3f636231ff88	121
train-00002-of-00008.parquet	000607	68ca251cc980ef26d8e770636a685edf7f768bfd	2275
train-00002-of-00008.parquet	000608	c931c6526fc6f9091e0ad4c862113f768d97504a	3840
train-00002-of-00008.parquet	000609	69e71e7ee6a491c0a411d9b005a0629710e46da0	3483
train-00002-of-00008.parquet	000610	704b6cb73ff08cec35cf470d951b7052325ca1ce	2672
train-00002-of-00008.parquet	000611	e0c1e82954913f0899f8c09e00b2357918eb7753	3534
train-00002-of-00008.parquet	000612	5df400e9da87c88353e043b6fe9b8da2b13fca57	3206
train-00002-of-00008.parquet	000613	231c79c59674e70d52d593ee52e77110287fa8b8	960
train-00002-of-00008.parquet	000614	25bf7e855c67b5879f8ca7f3654a9e1c9f6fd4bd	437
train-00002-of-00008.parquet	000615	4319f40f6e471ca2685a43e128b0b7f161b34d55	262
train-00002-of-00008.parquet	000616	6162ce45f644575a2d34098a178f6be713888222	3288
train-00002-of-00008.parquet	000617	5560463776d2159ca05f3c32de6be1e409f545af	3730
train-00002-of-00008.parquet	000618	888e592ac65f99fbe816dfe4a61fa85a439de036	614
train-00002-of-00008.parquet	000619	5861cc33740cc5608cfd897e208aacdf93a138d4	5028
train-00002-of-00008.parquet	000620	dcced36709038a9c9729a34f81e5741c52a223a0	4952
train-00002-of-00008.parquet	000621	331cdd7eba4b49126d30de7219c154f51687f527	5667
train-00002-of-00008.parquet	000622	4f2994a4f2b3267663a81937785ba20a2e682884	5499
train-00002-of-00008.parquet	000623	921939d5100748962a9d19508d3a58c7af025b1e	5063
train-00002-of-00008.parquet	000624	88a13f35cd9ac9be8334076b5886a81fdb480f04	3998
train-00002-of-00008.parquet	000625	32211569e755a8cf600ab968c2f7f83151fe0fad	4895
train-00002-of-00008.parquet	000626	94ecf7ed37bcb854afb39cb4f9cbb41531ee3da7	5170
train-00002-of-00008.parquet	000627	6028aba0d70171efbe333454432347016c02b8c1	5183
train-00002-of-00008.parquet	000628	3a345026bfbc7e9af5760dee831223526d19f0d3	4313
train-00002-of-00008.parquet	000629	3048068dc6aca009c44cc106b2a20e02186cba9d	3771
train-00002-of-00008.parquet	000630	c3a1fdcaeafaaec8fabd9dbfaf9f70193d718eac	3617
train-00002-of-00008.parquet	000631	74a54671b2d9e0565c2c369d444b8c698e6d92ea	4946
train-00002-of-00008.parquet	000632	24645a9366b256796edbf4f57ddc8649364485de	3932
train-00002-of-00008.parquet	000633	3fd5105418c7541ff85f8211ce3f0a1bd34eaa28	5362
train-00002-of-00008.parquet	000634	9bcb92b3cfa1e95459928bc4a5bd98f7fb450479	4616
train-00002-of-00008.parquet	000635	9cfbf3a339c587f7a1e1be7f410ac5fbdc85e441	5378
train-00002-of-00008.parquet	000636	be18c12c15251a28c64767df4c81415f54ab0f8a	5150
train-00002-of-00008.parquet	000637	798b232852b582058ce61007c2c65cc24a3e53ae	5523
train-00002-of-00008.parquet	000638	a09e62d066b385f9679b3828237d8999ea39b332	5666
train-00002-of-00008.parquet	000639	59f0ae2fc99a532ee520dc8e6a53152ebfb2a43c	5159
train-00002-of-00008.parquet	000640	968b50ae983fab4dd7d961384219eb175646850f	4393
train-00002-of-00008.parquet	000641	1daf222cfad30717c258314724b4c8dfb91158ed	5170
train-00002-of-00008.parquet	000642	629b8ff704e279973719a278dbff3f930833b715	4484
train-00002-of-00008.parquet	000643	d923eff0745a9df24771961576f1d3c11ac3a53d	3732
train-00002-of-00008.parquet	000644	2f063d4b83e8f9ed40c9bc62db869dfd32689140	3938
train-00002-of-00008.parquet	000645	223e27820fb140972dbda98ee80b4eed326e66be	3706
train-00002-of-00008.parquet	000646	0d8993597b9f6c8dfacbe27149202ece4019639a	4965
train-00002-of-00008.parquet	000647	168dad0c2d9ed916296f1d253230ba0ba301ebd3	4241
train-00002-of-00008.parquet	000648	193d1be5f9eb4b96b595dce0f415f1675075407f	4655
train-00002-of-00008.parquet	000649	f7cffa657892e4ef92fcb827344edb789bef3288	4665
train-00002-of-00008.parquet	000650	cdad664d1142d5073a79f6f4112150ab1aa6584a	5074
train-00002-of-00008.parquet	000651	6e33ce863eb6aca9ca38a5d07177f65cb8234c3b	4248
train-00002-of-00008.parquet	000652	4f318ba2cb2e7ab216d2a9de99e642706a3219be	4406
train-00002-of-00008.parquet	000653	93c0274dfa974b329318478585d49c2feac31d21	4730
train-00002-of-00008.parquet	000654	d82fd75494481fe2004c3ec0145737a2bd36c4db	4616
train-00002-of-00008.parquet	000655	8da1871f0abd975f4799fc235a9def5742be1a30	4591
train-00002-of-00008.parquet	000656	27237c2b98408b5dbc066d19329be7006c8c2d37	3452
train-00002-of-00008.parquet	000657	440d21612f426f3faf255d93d4748f6fe5ee3065	4441
train-00002-of-00008.parquet	000658	455b1e1ae8e0a20599ad1ff12ca6e9edf9ad5629	5434
train-00002-of-00008.parquet	000659	1befe16468d0fa1416e15a45e5c977842eb97084	3890
train-00002-of-00008.parquet	000660	7ffb58322d50d8955db70b4b02ab1e77895e46a9	3964
train-00002-of-00008.parquet	000661	150943ae1c4d39aa95915619cf5901578e64e93a	3698
train-00002-of-00008.parquet	000662	3145512b3d113a4ad3ab8c4452a15664d338b00f	4847
train-00002-of-00008.parquet	000663	ba1b7460566e2120c06edf869ec85dd1ccd88812	4584
train-00002-of-00008.parquet	000664	a7768b291ec0384c3b031bc8f36d39167160861c	4202
train-00002-of-00008.parquet	000665	6b06d89ac697a1295a0618c3bfaa8122fc46075c	3833
train-00002-of-00008.parquet	000666	909d1913e806715f8b9a734531bec408aeea0483	3722
train-00002-of-00008.parquet	000667	785ed4c4d90ab1bc6487944e987077d50f727037	3746
train-00002-of-00008.parquet	000668	450cd0d2df4f4d75a2f8018049e214fdd5220be3	3740
train-00002-of-00008.parquet	000669	3e24271fed4eb664041e83ff1e0ba7e2b515b9b4	3655
train-00002-of-00008.parquet	000670	da16141c77bc691d1dca69f4fb70437d24880e10	5121
train-00002-of-00008.parquet	000671	a46b7d8556b5cf55ba35772461e81fedb4dee4bd	3878
train-00002-of-00008.parquet	000672	0aa7b0e95afe442b2da251b036d53884448d48c3	3799
train-00002-of-00008.parquet	000673	4620a00741f1fd06e5655d5a9646571dafece8a2	2841
train-00002-of-00008.parquet	000674	9e93c4250b640c96fb24d25bc2d8d17c42174714	4482
train-00002-of-00008.parquet	000675	02d92ebb70aaca18af5f40b4ad398f68b075f852	3401
train-00002-of-00008.parquet	000676	a3ba87fee04be021a8667a62a95640ceb8d0b648	4031
train-00002-of-00008.parquet	000677	0c367802b37e1f2ce5ab172c4d41a0c86b631df6	4753
train-00002-of-00008.parquet	000678	b070a1ff88e74808036bef7abf4d493e32d60c97	4233
train-00002-of-00008.parquet	000679	65ccecd675b57509b5424f182d81581bdcd40702	4046
train-00002-of-00008.parquet	000680	29fdc4003c94f59801ad1977f06e1031b1617fb0	3581
train-00002-of-00008.parquet	000681	931dbba87632c745c54cec6c447e99c94c300244	4388
train-00002-of-00008.parquet	000682	159ff787f5d4ac74d1be769fd8ad8f157347e190	4702
train-00002-of-00008.parquet	000683	78553336e9fa214c9a7a9eb467764f720b633d92	3997
train-00002-of-00008.parquet	000684	b748be94e78db0ddd318031472e995193aad5e43	3717
train-00002-of-00008.parquet	000685	91708e53a86fe1472e29405d0f212c431001c1cf	3744
train-00002-of-00008.parquet	000686	a1dfc243188700b61bc9905b65b6c8fac797dc2c	3783
train-00002-of-00008.parquet	000687	19a5fc9d7b04b4c684eefd74809064f6b753efd2	3912
train-00002-of-00008.parquet	000688	d54b42ce012acd0e0625252671f0bd75cbefaca0	4609
train-00002-of-00008.parquet	000689	700a13a7c5bed75057e162a04128a79a6fb09df6	4601
train-00002-of-00008.parquet	000690	505c3b35feb62f8976ead3890ead4a116cd974d3	4165
train-00002-of-00008.parquet	000691	6797540f8eb64cc7b8d27d30a36e0644f1f4cded	4169
train-00002-of-00008.parquet	000692	5936cbe33d2a261f28282ffa595bb901992c1dfc	3714
train-00002-of-00008.parquet	000693	bc6aeed0e78f00c763a63144730f46edb5749271	3176
train-00002-of-00008.parquet	000694	c282abc7a5f89ed5b6cada0c8266a965021863d1	19
train-00002-of-00008.parquet	000695	ad36a0aa26bc8b80c754d78ac4484f05f95240f4	4100
train-00002-of-00008.parquet	000696	3e18fab4b3e231137938f4be430b97f633813dd3	4552
train-00002-of-00008.parquet	000697	4d2705b2bcb004d0c8c6e67f15992af3c1df2d26	4397
train-00002-of-00008.parquet	000698	fee57e175db3b4b37dfe588379f8ce95302e1e58	3187
train-00002-of-00008.parquet	000699	40187e37d015b15419622a8bf143995b12081be5	5018
train-00002-of-00008.parquet	000700	a5537f8624aa76a2d32a770e8b4bbdb226142afb	4476
train-00002-of-00008.parquet	000701	6156a007a815d58a18882e3b06f11cd0b11cf977	3072
train-00002-of-00008.parquet	000702	4e83638a4825bafc9b7a303d62f1a4d1ade9823a	3682
train-00002-of-00008.parquet	000703	02db6757f4251c66d6ebda36bcb46d3d6e8b22ad	3491
train-00002-of-00008.parquet	000704	6b9b3eda6de4696a2a801472978b1a7106d664ec	3126
train-00002-of-00008.parquet	000705	5e16248548856698c453237d33b190aa1b51dd33	3427
train-00002-of-00008.parquet	000706	26009e9f76f1872789425664bfa98be4722590a1	4048
train-00002-of-00008.parquet	000707	9fa01ef205d117f392c3119f6d426604957548a8	3806
train-00002-of-00008.parquet	000708	87200e41fc20841b2f9aae8f358ee32cd62b2c45	4475
train-00002-of-00008.parquet	000709	460e49c783a5112c15b249252a5be776a6ae36cb	3807
train-00002-of-00008.parquet	000710	267663c762fea8cafd33afb391621ca548632362	4898
train-00002-of-00008.parquet	000711	d24ee73ad3d6fe89980fc86e06e5f45d77faf9b6	4820
train-00002-of-00008.parquet	000712	f53031086ae3c309986d8522f720aeef88420929	4573
train-00002-of-00008.parquet	000713	a7c166ac4fb87d60b2ca45ec59efedb126cce525	4509
train-00002-of-00008.parquet	000714	50b6b387a5c248a5a3a997d3684f56ee470ce07e	5009
train-00002-of-00008.parquet	000715	c94c2b23f859011ce2bcfc9c032a0c7e6141c453	5168
train-00002-of-00008.parquet	000716	b894d96a6059590bdaaff0629187dae5635716a3	4840
train-00002-of-00008.parquet	000717	40160b739fae575cfa0731f8a15001329ca01973	4499
train-00002-of-00008.parquet	000718	0a26ec376d1e691f925ba23c21a56f15eeb4972b	5345
train-00002-of-00008.parquet	000719	e64ae45b4b517deb93e83150b86574df53861068	5176
train-00002-of-00008.parquet	000720	48ac9fc2dd64ea3777832d8acd51142fbdcb0c24	3734
train-00002-of-00008.parquet	000721	80a27a1cc933154eaf06136302afc4b1ae2c37ac	4292
train-00002-of-00008.parquet	000722	7087e2f6d41b31f3e0bd30e4c33a37d7b3a5a31b	4082
train-00002-of-00008.parquet	000723	425adc96cf8567ce348259cb1208cd3377b2ee84	3872
train-00002-of-00008.parquet	000724	d9b9a575a691dbd358536d8c03b4645adaf1f0c6	4324
train-00002-of-00008.parquet	000725	d797bed6209548c95bd2201d3afddd70691fe089	4042
train-00002-of-00008.parquet	000726	ce2337188918e552ff52f6fe2c378f6160c4615c	1145
train-00002-of-00008.parquet	000727	7f5c1272459ddb94954e8ba22f45d8163dc7bc8c	3659
train-00002-of-00008.parquet	000728	b7f2ce3233259f100e10a6b0425b3309c051be50	3899
train-00002-of-00008.parquet	000729	da928b146ef757434d6ab8166a5798c46bf4d53d	4465
train-00002-of-00008.parquet	000730	3701ecb54d9f176a7bc7da8ba5f4bf24dde3dc42	3357
train-00002-of-00008.parquet	000731	062b93cd604460f114bf7c847870bf50c3eef117	3082
train-00002-of-00008.parquet	000732	66d501201be704ea5b04d3a315fb27e8ca0c1cb6	3206
train-00002-of-00008.parquet	000733	accde47c732bfec9179962d3d9b872e59192d351	2676
train-00002-of-00008.parquet	000734	8677d4102a81076898b2c9c3c28cec4295a2f798	2700
train-00002-of-00008.parquet	000735	6904db0238c0fe072faa6a33f88d5ff5ab173c8d	3001
train-00002-of-00008.parquet	000736	5caebad6e54f3fbdd81d0f1e149017a6e417c589	2924
train-00002-of-00008.parquet	000737	820ff0f452d5b4d27aa3ff469a8c502b87197b83	2649
train-00002-of-00008.parquet	000738	76426273d4fee41a946a6fd23f7c2e73fe026b95	2914
train-00002-of-00008.parquet	000739	7cb42bf9476bac64e531ec2cd515cc3f9b55401d	2909
train-00002-of-00008.parquet	000740	927c241bcfd0f5172e2aab6037df721a2f51f2dc	2782
train-00002-of-00008.parquet	000741	8ebfa2d8b112553ea714f7c4e4e91d1375668e22	3168
train-00002-of-00008.parquet	000742	0ae8cd7e05c5508262958f9bf98e12699070ce38	4015
train-00002-of-00008.parquet	000743	8fcc472bef0d221c9c78aa9c5191d8a504fc4242	3990
train-00002-of-00008.parquet	000744	4b0ea3c1cd98c7b7cc1119134ee39a0536f7fba8	3614
train-00002-of-00008.parquet	000745	3dee67e5776be91003ad9a257f3f87dd7abab725	3237
train-00002-of-00008.parquet	000746	36e69996f072484a2ce77c8f33944d645d9a04dc	2995
train-00002-of-00008.parquet	000747	384a8d501016de0660bdc089a0970f06be3ee687	4067
train-00002-of-00008.parquet	000748	1261492d5b03f21ad74912bd2fa9adba400c8750	3344
train-00002-of-00008.parquet	000749	a36fa05fdea85bb330c99cb799c6433dbdddfaa1	2537
train-00002-of-00008.parquet	000750	ed8c454535af179ff5f899b62795c5351e1322de	3669
train-00002-of-00008.parquet	000751	c4e07a005966b05bb3951fe36e4cd272c9515186	3084
train-00002-of-00008.parquet	000752	01d7236342de917c25cd3b3c1f69a256330f339f	3941
train-00002-of-00008.parquet	000753	59d2c06eb2d8c9f3c67bb46db04c18344be05dfc	2811
train-00002-of-00008.parquet	000754	1970f81744fbce75e36c179bb98fde6b794c25c3	2683
train-00002-of-00008.parquet	000755	6f26bb68b162947c7bf05fa0d690200f1f2a90e8	3763
train-00002-of-00008.parquet	000756	4c495878278fb615309e278aae3d341977d9e874	2052
train-00002-of-00008.parquet	000757	33a442f348604df5ea0815d023d5cbca82f91e11	2412
train-00002-of-00008.parquet	000758	87adbb93cdd20a850cc5326dc91122fc3824edce	2456
train-00002-of-00008.parquet	000759	be6d84c002441db1328d62a61443054c7acb9005	1699
train-00002-of-00008.parquet	000760	2493024a6adcc4a205b911732690389451c79962	1593
train-00002-of-00008.parquet	000761	56acc1e732beb17adbb460fd0a655fd2b45458a6	1594
train-00002-of-00008.parquet	000762	a36389b173d838dc72874bea5768a212a03747f0	1590
train-00002-of-00008.parquet	000763	ec1169856fd02f0e4ab8704b7aca0803bfeaddf3	1600
train-00002-of-00008.parquet	000764	11bb1bc00df337173fafbbfd6a901a3f882298bc	1591
train-00002-of-00008.parquet	000765	bf33f543eae92e35ef661491aab4e0832c9649ea	1327
train-00002-of-00008.parquet	000766	d84767575c284f33c5c29c1aca79f919d90bf511	1801
train-00002-of-00008.parquet	000767	51d52de27710182d8807fc1d801385c6ed167e51	596
train-00002-of-00008.parquet	000768	7f511d7135be00f1f71a6784ba8d3d9d012111c2	2204
train-00002-of-00008.parquet	000769	0fe8bbae1b746e84dd44da0e52a56122adb26c9e	948
train-00002-of-00008.parquet	000770	5210dd8e92761b0223624b9b468937bcf43b48f5	370
train-00002-of-00008.parquet	000771	707b83c5902dd46e99f03d7e9bf00dd32e72f31d	1802
train-00002-of-00008.parquet	000772	51d52de27710182d8807fc1d801385c6ed167e51	596
train-00002-of-00008.parquet	000773	460d91f4aa93c730274a1789b9550e021b342303	1015
train-00002-of-00008.parquet	000774	bef1e0820028f77a09b8217fc029612c89af64b2	371
train-00002-of-00008.parquet	000775	2fe4e8521ba9c916e6fe33b7f69665b38c0639c3	1915
train-00002-of-00008.parquet	000776	c6623267394b5f13ca3466cecb4efb8dcfec2f77	679
train-00002-of-00008.parquet	000777	72e31b5f22930203bfcc1e25fd75879a3d717cbe	665
train-00002-of-00008.parquet	000778	42c4852971dfd8fd91e44cd9a14117626dbe537d	378
train-00002-of-00008.parquet	000779	7e4ec65b88774945395e170a174989e3ff52726f	1917
train-00002-of-00008.parquet	000780	a7c4de12505b140b8947ffa16471e2b5046f5d62	746
train-00002-of-00008.parquet	000781	e172f2349b95c49343efa25b6ebb56d596ea3bda	664
train-00002-of-00008.parquet	000782	8650529f9a25e211784f418980805d29d12d3033	375
train-00002-of-00008.parquet	000783	b1d9d99b7f107904d378816a2ae2f9771d825a17	2422
train-00002-of-00008.parquet	000784	5ebb272833f94f23ed572867542c96bd62211b18	1781
train-00002-of-00008.parquet	000785	1c1ef89cfb5550d9e322943a30e840f25c25ff5c	3856
train-00002-of-00008.parquet	000786	ebcb32a117767a10b0d7380d47f81348aadf6757	4661
train-00002-of-00008.parquet	000787	ea043f3dac1270d6376602341031d979a6ca6fc3	4901
train-00002-of-00008.parquet	000788	f159eb88777e3cf646b072b2a9f1078958f4ac86	2703
train-00002-of-00008.parquet	000789	1fdc7ecff7140a73f464d10d7e9862c291f384d3	4709
train-00002-of-00008.parquet	000790	c9584ad01389e7c84f4f9f5acbf990e4eaf96f3c	3637
train-00002-of-00008.parquet	000791	3335557efb86f48e93fc440789cb39b8b6d2f546	41
train-00002-of-00008.parquet	000792	bca0ae21b634880619046b87dd669e54c8ef71f2	454
train-00002-of-00008.parquet	000793	332e078367aa9296a153b5701bdb04c06a12fa54	2735
train-00002-of-00008.parquet	000794	d0b9c9fe152cfaf8360b2546aa19fd3003680cb2	2720
train-00002-of-00008.parquet	000795	1328d7e83cce2146ce036be7534a4c2604eeecd2	2934
train-00002-of-00008.parquet	000796	703e0cafd27e45bc07d5d50c1cb43b75195f3076	3017
train-00002-of-00008.parquet	000797	3895fd9514cc0359bec6df544b04423c5f44e1f6	2777
train-00002-of-00008.parquet	000798	53c4a295f1435b666ab7d03e7623f08bb8280f28	2915
train-00002-of-00008.parquet	000799	632138923fa7da594913a67ded0388c92e968757	3021
train-00002-of-00008.parquet	000800	fd5bf672e4b9883637b0212d3a6de60e3816b49e	2940
train-00002-of-00008.parquet	000801	b183ad1e732fb4d3d160d79c3121212242a84067	2783
train-00002-of-00008.parquet	000802	d0d2e5c255acf826316620c021f44358ddd839c5	2749
train-00002-of-00008.parquet	000803	7f81eda4840a69761c9304285ebf9a099bac39bd	2950
train-00002-of-00008.parquet	000804	bbe806957bab1a704ab1f7693c0634c7c1f28474	2843
train-00002-of-00008.parquet	000805	d9c878d51b24f90527533d001c2101ad7711a0f7	2763
train-00002-of-00008.parquet	000806	d94cdea1214892332c7d5929a262e5a12ed98e22	3014
train-00002-of-00008.parquet	000807	cfa932a36f6d89d0946b3f1d971e29c8429497e8	2834
train-00002-of-00008.parquet	000808	3227e0aa1cf0d48793ac6c80c901022a84056519	2795
train-00002-of-00008.parquet	000809	974fec3f72bfb1962dbdde506001d7d5cafa09a2	2891
train-00002-of-00008.parquet	000810	7e71bfa34e96170aabd83ca1ba8d97f66634fb56	2747
train-00002-of-00008.parquet	000811	c530386016e4028e3ba5f8764bf2c985c80572d8	2734
train-00002-of-00008.parquet	000812	318abae2fd14639fca5a49bb69104277c54a464e	3023
train-00002-of-00008.parquet	000813	16e27911ea87065f49694afc34e515c04c70a920	3000
train-00002-of-00008.parquet	000814	7cbac0fa5c2d9075201ef9308b5ffed45d400651	2797
train-00002-of-00008.parquet	000815	c8d0d972773e531c0caf3168a9cb9cfbee937066	2522
train-00002-of-00008.parquet	000816	42dc758a71d83267d464ab6427030e6b6823ab7a	2968
train-00002-of-00008.parquet	000817	06fa8baf22bf91854c63e3fbe3ea3eff974b91d5	348
train-00002-of-00008.parquet	000818	b7f1d281f5ed1be95f6881a683ee332fa653d656	153
train-00002-of-00008.parquet	000819	0e0e1a82e81d8b39e2218f8cce1000961db2c0a1	209
train-00002-of-00008.parquet	000820	6f49d6c9328b132eaf40a67ae9a786b5178dfdc0	2268
train-00002-of-00008.parquet	000821	bcc602d98b974cfe2de768e4bd945d1c50b0fd70	798
train-00002-of-00008.parquet	000822	c38ca02a0b56f6933d2a1a66355618e09e6349e8	2888
train-00002-of-00008.parquet	000823	e4c2b6e3829b294068247209ead539660281c942	2894
train-00002-of-00008.parquet	000824	399d6346c1289ed945276453284f6759574157dd	2552
train-00002-of-00008.parquet	000825	0c1566b85b2f86e99382b95a8bac43d328e05b57	1363
train-00002-of-00008.parquet	000826	dfd1dd1ff533af5205425b70985d8ef93d20b1e5	2672
train-00002-of-00008.parquet	000827	fc222571ee5ccaed8b620ad0949663eb9bd0da1b	2338
train-00002-of-00008.parquet	000828	54214c186d2960aa1060cc9f71cab05a31ef3622	2958
train-00002-of-00008.parquet	000829	c1e751222337ba649a4e2f42eab68da8c41e3050	1610
train-00002-of-00008.parquet	000830	64faeebc599158bd6698e7acbfc530ff380e5232	1173
train-00002-of-00008.parquet	000831	9bdc3eb447f606ba0d1195d572f711f92d7ac0ff	416
train-00002-of-00008.parquet	000832	86190ccd5bba1ce2cafc6b583c2f4be52252545c	3145
train-00002-of-00008.parquet	000833	b973e264eec8d6a5a16fbc82b53cc7e547bb1ed5	2342
train-00002-of-00008.parquet	000834	62dd3f142b2e226e737a5d5449bf0370d9e45d3a	3601
train-00002-of-00008.parquet	000835	0397f1af75bb3cfb1ca94f0281ccc9e105d558db	2710
train-00002-of-00008.parquet	000836	da41d203823b1fca2e13f38bcbb7e60cb45a563b	3368
train-00002-of-00008.parquet	000837	5016fa6a1282c60c60ed1b65a672496ec99c45f8	1463
train-00002-of-00008.parquet	000838	d743169db80b6a388c5f3a6d4cbc973f4811a1fb	1802
train-00002-of-00008.parquet	000839	c79a2e0d91dc4f313fbe2dbc10751fd8fde938e5	1448
train-00002-of-00008.parquet	000840	417b4bb965e292956c6c3c0cbf2c1c7f75f16e5e	3121
train-00002-of-00008.parquet	000841	1ee290970ad60e28aa9599fdb79474138bd9012e	2653
train-00002-of-00008.parquet	000842	947bb63aa9a3f09b549eccd582df7f9438173493	3034
train-00002-of-00008.parquet	000843	5ca6aaaf9ac9fea894b4d3e94f586702e679d8d0	2570
train-00002-of-00008.parquet	000844	3b40c50590d25dff0350fdbc761b11c62e34c0ed	2193
train-00002-of-00008.parquet	000845	5d81980cccb2ef11d3d497e1fa91dad3e1eebab9	2750
train-00002-of-00008.parquet	000846	c2583c65aa47d2c75a2c58cd0780bbd437ca84db	3413
train-00002-of-00008.parquet	000847	26145d0d0bc53183eae7a353ec41d3faeca63562	2774
train-00002-of-00008.parquet	000848	dd74493cddff190402c342a28a9c8129044502e3	3052
train-00002-of-00008.parquet	000849	0c5126d4e98c0d30b4f25ea6d29c4da65f219c6e	3655
train-00002-of-00008.parquet	000850	737b7bf9cdbd503795c0658b6823b64ef3940cbc	3364
train-00002-of-00008.parquet	000851	7b3bf0d69960b5f827b98f47349c937d3419d195	2716
train-00002-of-00008.parquet	000852	f20157bf3a42a5f5c0170ed739da4957751e3e88	3376
train-00002-of-00008.parquet	000853	0781ff54ba43b7fd53ebc1c12f331c3b61ce006f	3245
train-00002-of-00008.parquet	000854	784e32a5329f3c735cec01eec60c09354750c951	3126
train-00002-of-00008.parquet	000855	99da962002f0222517b50a9d638054cf1b1a1a23	2903
train-00002-of-00008.parquet	000856	f8030e9470b1c60bb3b2bdd84b3ddedcafcf0662	3290
train-00002-of-00008.parquet	000857	b04eff6c802469a86e518e6273cf4d323f2a5c38	2881
train-00002-of-00008.parquet	000858	bb6bfad110a8ce9ce4aaca027b26cdcb7222fd02	3256
train-00002-of-00008.parquet	000859	a0943ea10a2bf82f6891a5eddb3be64af3a4a079	3295
train-00002-of-00008.parquet	000860	a8cd459b035d15d04718f3929f263663a0121222	3291
train-00002-of-00008.parquet	000861	9226ad67956351360298f5945b2f007cbb40e2dd	2377
train-00002-of-00008.parquet	000862	e23097b5230f57a3bc335c78962e0b0792e2addf	3288
train-00002-of-00008.parquet	000863	4168d8729a3f5a1f4ccfd4416794c522f51153ff	2219
train-00002-of-00008.parquet	000864	7d1887dd2c610c9587b6cc2a0d43550df04c5630	2483
train-00002-of-00008.parquet	000865	647b6440baf8eca662f34db74ce2d046dc2934fc	3093
train-00002-of-00008.parquet	000866	feb0d77cec5c39a67f3149a31d5cec9534d0be27	2307
train-00002-of-00008.parquet	000867	6d00e996c7eb93c0016f0698492dcce8bb7e2ba1	1280
train-00002-of-00008.parquet	000868	0f8fc5e2569ac676f67d3027a5f639377b41174c	2371
train-00002-of-00008.parquet	000869	c50b9221b6b0271eef7f31d3424372b7d424f20d	1518
train-00002-of-00008.parquet	000870	78dfe5243c7c82c770c9a53088065a9dab314f35	2959
train-00002-of-00008.parquet	000871	01fca9a7273f0f14376c4b52b95deb305eac573c	4622
train-00002-of-00008.parquet	000872	6635bb13b3c8fbeca6c269deb7f3cb9e77446906	476
train-00002-of-00008.parquet	000873	95e335ac10204dfd912da27f7b15d6f913ada0c7	2829
train-00002-of-00008.parquet	000874	3efb691a258f0eed13e18e8b77dc6b767da81dc5	2611
train-00002-of-00008.parquet	000875	7c19dd623724d43b84beda9f87763573612ba123	1709
train-00002-of-00008.parquet	000876	39821abe7ca2e5c8ffad58779cbfdc6ee46f683d	3052
train-00002-of-00008.parquet	000877	9ad52c3fd97f6e680f7303243721c8862e3f79fb	854
train-00002-of-00008.parquet	000878	dbf52900c5caa03570a80f83fa48d6c458449bb6	1048
train-00002-of-00008.parquet	000879	3ec66c59af9ecdc04a4130d1c0c992e827df032d	3128
train-00002-of-00008.parquet	000880	a2fc0991afb1e27f1069e0faaaabe1fd2ef7e9db	1544
train-00002-of-00008.parquet	000881	f8c9e1c758c0da2a5e43151b861efe4bca594de1	1404
train-00002-of-00008.parquet	000882	b515bb702cc017abfff6c5adbf6936475857ad50	3562
train-00002-of-00008.parquet	000883	c29992a8b47c4d149a31622363a4580bd218ddd8	245
train-00002-of-00008.parquet	000884	00cfadf69e15c5cb50164716ceb287486a2db5d9	3519
train-00002-of-00008.parquet	000885	4f331a15c6c289a86b0837ac65cc7c19134cc541	182
train-00002-of-00008.parquet	000886	2b46a396e4bfbd5811eb493abcf185df8a269251	2690
train-00002-of-00008.parquet	000887	d881a19d73df4322005b42eabfe1ac3a2d5879ca	2718
train-00002-of-00008.parquet	000888	c1b702dc063cbab86a904d50191f3acc74e77118	2749
train-00002-of-00008.parquet	000889	d3b288d7980e8195980ac5ccdaa7f4f947c54035	2087
train-00002-of-00008.parquet	000890	d4092c367e17596f6d39e63cb0cbb966a07d2d2e	4134
train-00002-of-00008.parquet	000891	861857ce6c4bebda2235970f0d897396fdf6cca8	1473
train-00002-of-00008.parquet	000892	e84cf5fc32dbefcc6b7c42aeef91282589b3112d	2885
train-00002-of-00008.parquet	000893	90971dfe72ae37342d9133829b343d29d86b4639	3633
train-00002-of-00008.parquet	000894	db661d59a01f08951f4eb756239b7c79728ab1c6	1839
train-00002-of-00008.parquet	000895	ed748ee9821dc760281a2dca86cb6b6e2f101da2	3228
train-00002-of-00008.parquet	000896	180ad4c87ff902aaa57fcc65e530361d47997899	3246
train-00002-of-00008.parquet	000897	a5544519d5b09a455ed5cb55d16dfb0ba7e03663	3714
train-00002-of-00008.parquet	000898	6c72d8685e015874f8efa7637adf941ed2eb35ae	3587
train-00002-of-00008.parquet	000899	2bfec18a47985d0922abad829e1f8dcad926a474	2607
train-00002-of-00008.parquet	000900	93b9c166139950b9ee2d2050950804c44e38071b	2140
train-00002-of-00008.parquet	000901	ebe71d95d5391f1be507512ae92585f3206bd866	1815
train-00002-of-00008.parquet	000902	58633aea48cb13b4345be7684fd12244c4f20d8c	3359
train-00002-of-00008.parquet	000903	cb4c3411792b20f34058dd0cfdbffcd667978102	3151
train-00002-of-00008.parquet	000904	2bff247c6a8cad4643878de31ff3370faa0599a1	3195
train-00002-of-00008.parquet	000905	8ec3c4131f5ddf97612e1ade8880912095cf3ef5	4637
train-00002-of-00008.parquet	000906	535904b8ae9a2419107c7b4378d4df9a0ad9c91c	3028
train-00002-of-00008.parquet	000907	04e292f534f1ce490d31b612b07370f9c8ed3d0f	3533
train-00002-of-00008.parquet	000908	3327bed4ea3cec9ef4af53a9c3348daf45557920	3661
train-00002-of-00008.parquet	000909	9464397bd0afd5dc944ecede1c05383dbbb29959	3398
train-00002-of-00008.parquet	000910	70d0e10b352541e4b7907bc058e05dc0b64f31ef	2695
train-00002-of-00008.parquet	000911	584660f98c5d3c5dce611c72e895492fb08e2a43	3392
train-00002-of-00008.parquet	000912	80d6870767707d96e329ad1e0a68ec2e459bae8f	2236
train-00002-of-00008.parquet	000913	29fae6bc39521080cb2d55c78ddc58ac616b08fc	3075
train-00002-of-00008.parquet	000914	49a002f3b55ba893ddef86c6715be08184a2ec89	1891
train-00002-of-00008.parquet	000915	41df2bc4493aa653039a7bbb4cfecc7ae12911d5	3910
train-00002-of-00008.parquet	000916	ca71928a7d59dac16325e05b7ba74564b80d9715	1449
train-00002-of-00008.parquet	000917	b4c901b02cb631402b8ba4a5d4a6007579014b83	3254
train-00002-of-00008.parquet	000918	6f6410f5e96f14327d1df1d0b0acb4ce22a7d071	1172
train-00002-of-00008.parquet	000919	48f526ce889d04790a73c0e4d060317ac48dd900	2743
train-00002-of-00008.parquet	000920	108319bde820035ecaf2ea2939a558c44cf53113	2321
train-00002-of-00008.parquet	000921	2d3870a8e7a668cc09db2b677ac11415429152ee	2972
train-00002-of-00008.parquet	000922	526fc51aa4742ccecfb6ab049028158ab9e0491a	2978
train-00002-of-00008.parquet	000923	3ed9424fd6929f28357712fd35a26c4dd0990806	3181
train-00002-of-00008.parquet	000924	e31ee2065c9de0e3a6cb42dd22724489a75f9d76	2641
train-00002-of-00008.parquet	000925	58631844cf69e9207fbd6cbaa96641cb934484e0	2006
train-00002-of-00008.parquet	000926	8733f353441fc67cf152ef114de8c3d0921f30a7	2818
train-00002-of-00008.parquet	000927	d768954bd3290a6248cf1c049e4db9fcc3e1ebc2	2405
train-00002-of-00008.parquet	000928	70e9bf1ce238b057458eeeeb5298c34335a03026	3027
train-00002-of-00008.parquet	000929	3cda3cd700f15e6a29d3f8b2e6e5b46f74e61989	1789
train-00002-of-00008.parquet	000930	4123884e1e48082a33576a33ae7da403f2be4d38	3271
train-00002-of-00008.parquet	000931	f428904fb81a14a92232aeb786f80cf15f65b409	1954
train-00002-of-00008.parquet	000932	63cb936a1f0eb6e2f4f35fa288a0ee4d818854a1	2805
train-00002-of-00008.parquet	000933	9de5e06a3c90432a22c75c49fd78e878b11c6b4c	2927
train-00002-of-00008.parquet	000934	2ce75e06fadef4529e1a730ab5081bd9994b6bcd	3055
train-00002-of-00008.parquet	000935	516caf8a4c260c8c41fe86803a31cfd37a3a9207	774
train-00002-of-00008.parquet	000936	c198794accde16528ee82d21a97f0ba9b697e75f	3797
train-00002-of-00008.parquet	000937	9a79be611e0267e1d943da0737c6c51be67865a0	2
train-00002-of-00008.parquet	000938	464ed1b3025ed27b1de65d532b25de48197ad312	3605
train-00002-of-00008.parquet	000939	e0c1d9122061edb544639a48cd002ce02bbde7aa	2694
train-00002-of-00008.parquet	000940	dbc2a22c65ebb1467c6abe88a4ab692370c162e8	3638
train-00002-of-00008.parquet	000941	04477f159657f449780236d7e21267231ceca9ca	1595
train-00002-of-00008.parquet	000942	93dc8b0858c99dc4bdddcc1600b6924109940101	3952
train-00002-of-00008.parquet	000943	ac808d81c9282ee99db3cc6789b419b247541f27	3311
train-00002-of-00008.parquet	000944	cc687660256c4dca5d1ba92cbb4e4ac06586c18e	2532
train-00002-of-00008.parquet	000945	3843ac0d25b0aae265e0cf6f2c9126a5ca0b6fa6	2041
train-00002-of-00008.parquet	000946	695db0b6e80cfd9f903518e2500dbcdcef0a8773	2967
train-00002-of-00008.parquet	000947	8722a3a146e5497a0526c5d90af969de8287d97a	1151
train-00002-of-00008.parquet	000948	f7f7c3ed81f32371badf875775bd5cd83c65c4d5	3087
train-00002-of-00008.parquet	000949	60e305233d8a2d7569a0ece94fc312102ae90bd3	3037
train-00002-of-00008.parquet	000950	67cb68a4c76a44bf8f5336b6f073c185de1dc372	2434
train-00002-of-00008.parquet	000951	670b3a09ecee0f27de29e93c08d5f5e864246a53	2431
train-00002-of-00008.parquet	000952	e03aa4cf58ca6ea7df12ab5202cf2e577ae004ec	1991
train-00002-of-00008.parquet	000953	cfffcb1ce58e9757c6d19dcb93866ab6d2070ee7	708
train-00002-of-00008.parquet	000954	81683a7e167903018b5d682ecf4da6f9acf2c608	51
train-00002-of-00008.parquet	000955	6e5a5452929f3aef251ec9d31ae3dbde05c81654	346
train-00002-of-00008.parquet	000956	d918e6ef176da429527371fc594f16738ea7482e	1517
train-00002-of-00008.parquet	000957	1f1c7f1c1f9d23c66a5238a8df387ba2a0a42755	2361
train-00002-of-00008.parquet	000958	c4d6c3592662ad044ef7b4149c3588d691050ef5	2999
train-00002-of-00008.parquet	000959	bd956aa141c372ec5839bc8fbb6aa74e5c9d22c1	1136
train-00002-of-00008.parquet	000960	29adc284dcec0d2ed0b47636f5df1f86ee758a94	2192
train-00002-of-00008.parquet	000961	b86828cbf06b3f24d57a81b9806f8453118b4061	2308
train-00002-of-00008.parquet	000962	b6e5ab05e502ddf55e8e88e728bf439091eb2405	2335
train-00002-of-00008.parquet	000963	bb89a115a8246b9753d32570e916766413caae37	1968
train-00002-of-00008.parquet	000964	b36af0764eb793cedfe7acc2cae30d927a9a0ad6	1838
train-00002-of-00008.parquet	000965	13b1f9ac477b6d1e4dc70a6c90f61fde380890f8	2166
train-00002-of-00008.parquet	000966	7fbea40d3b1f8744b2d5c0fd4c83cb7fa004d78c	2524
train-00002-of-00008.parquet	000967	e80b36f00fe84c41f2578178979c206e2ce8aeda	1537
train-00002-of-00008.parquet	000968	88a40fb3b2cf0127fbfe2d5a8c9c6f895504d0cb	2699
train-00002-of-00008.parquet	000969	d76ade73a84b5f1db31286ca1fd069862f22bfb4	1902
train-00002-of-00008.parquet	000970	b27bed98a147a4e658baaa7893a606eb248b8001	2402
train-00002-of-00008.parquet	000971	59c69e285b1efdf3702d33f714c0afa51933d42d	5202
train-00002-of-00008.parquet	000972	812176e02a9aafc729758bdf58bc81301f9d79a7	4600
train-00002-of-00008.parquet	000973	f17575dae13b377bc29d754bbb680ce52e625f18	698
train-00002-of-00008.parquet	000974	d1b5ce37711c7b7cf3b9c9b396dc82569712e381	3466
train-00002-of-00008.parquet	000975	1ee4cc5656a3febb0e568819b43b9a1fd10b738f	2848
train-00002-of-00008.parquet	000976	e7832277206fa823c9d1f6ce24e42a2e75922fa1	2887
train-00002-of-00008.parquet	000977	fb9754b13d2ccb3652b99c33f088787919302469	2520
train-00002-of-00008.parquet	000978	1aeba4a979fec492ff3ecb45954b87384ab50164	249
train-00002-of-00008.parquet	000979	bc7d62fc28615037aca0e71a629b52bc26cf3afc	1502
train-00002-of-00008.parquet	000980	5cbb3d39c1ef2ca90783ccf6f06f0120de0de0a5	1528
train-00002-of-00008.parquet	000981	4740ce6bb707e046da1315f1aa3bd44c8e77fcc1	1401
train-00002-of-00008.parquet	000982	0198561b66178ea1e2cb56801bcc0be2035e9c45	1458
train-00002-of-00008.parquet	000983	8b19272581d909a245873abd3c39b650af446500	1566
train-00002-of-00008.parquet	000984	34c6dc175b659d567c569cba38584a3b2a57d211	1708
train-00002-of-00008.parquet	000985	95a91e1211a9af8d019e40159ce835d2803c1a36	1344
train-00002-of-00008.parquet	000986	3ef1f29baf84c6a70ad737ddd3e3f6fc119db9f1	905
train-00002-of-00008.parquet	000987	48eba3894d1fe418b312ed8c515c5023a9964a63	2379
train-00002-of-00008.parquet	000988	d6338f35927147b1dbf6912d711b98e2fabd8565	1195
train-00002-of-00008.parquet	000989	89dacf0e428ff4f9c94d09f7df47f2117516e607	1115
train-00002-of-00008.parquet	000990	d96d8baaaac9ead8a7618e1da9d7fbc4fac0cff2	1580
train-00002-of-00008.parquet	000991	8c3cc5d1ffee0cc0f7f7ca6d1ad1fbc4669b9729	574
train-00002-of-00008.parquet	000992	b37485849018433fb0a6c625a186a16abe48969b	410
train-00002-of-00008.parquet	000993	38939a3eec37a07c1e2457556e1e760192523fae	169
train-00002-of-00008.parquet	000994	b3b62cc730a905a47d50c56c202f23260045771e	1574
train-00003-of-00008.parquet	000000	2345c75b29c559e0564233f6ed88ed56a8543b84	498
train-00003-of-00008.parquet	000001	43231c8fd40f6a33f46fe4804a886ca7299367e4	337
train-00003-of-00008.parquet	000002	5abcc58ed16a023df9872ba302cfe6f731953609	101
train-00003-of-00008.parquet	000003	59f91e0a949270e80a46378b4d3d69fd95db2453	1659
train-00003-of-00008.parquet	000004	cd6a244fd73c9fb6ba7ce050af3f35a66a623b50	832
train-00003-of-00008.parquet	000005	ffa7fc14e5b4a3cf5b6503208df21dfd64ff9eb9	410
train-00003-of-00008.parquet	000006	da2d2512ec9d392e04df9e0990255c11ff0284b1	169
train-00003-of-00008.parquet	000007	bc894ab74fba5e32724b3fc591b050ea291a2f30	1657
train-00003-of-00008.parquet	000008	6ff24cc71ca240372a92f3cacef2f0d6c10c6549	822
train-00003-of-00008.parquet	000009	04f339380663c2b7b38f7346d690dff44a19d4ac	390
train-00003-of-00008.parquet	000010	4288ea19f494af17699cea449cc6b50e675219a5	169
train-00003-of-00008.parquet	000011	3bf048a5f71fec355d1bcca6bcfd0faff177607c	2475
train-00003-of-00008.parquet	000012	088658558a985afdcac755232d894be0369ded25	3611
train-00003-of-00008.parquet	000013	dab6a20f5e15bfb6fabb29cf779645fd1c8b6108	3560
train-00003-of-00008.parquet	000014	aff68adf729b4dbe5ce6b5b1489ed8c2e3aa6730	1249
train-00003-of-00008.parquet	000015	b9c9f492df45d5dcdd93dcd71831a6ab65442a40	1188
train-00003-of-00008.parquet	000016	94177101cfa7ccdd81cf3608351aff488fd22d97	1294
train-00003-of-00008.parquet	000017	cc82143acd36c51570c698fdf937c24da28f7949	1386
train-00003-of-00008.parquet	000018	2e1b129eef0142b0e40f2d26bfbecabe2cb5f0dc	1078
train-00003-of-00008.parquet	000019	24ff9777ca34a4e5612d317b0b6ac5dee4c73498	1822
train-00003-of-00008.parquet	000020	f38a17c8f30b1fb2988ab0295b2dda272f1d3ae3	1464
train-00003-of-00008.parquet	000021	fd2da54ac7b4790a4bc16327af307cc068cf03d9	510
train-00003-of-00008.parquet	000022	ee9755d2bcd4118d53619948ba872ed29ccea639	2020
train-00003-of-00008.parquet	000023	2423ae79e8c898d3ebfb4465b579d6a7d14b1c8a	906
train-00003-of-00008.parquet	000024	e56fb81f0f048b392ec7ac3cfd816deb472784a4	1585
train-00003-of-00008.parquet	000025	af9e57e39b69d9d6e5a702267fa9776bf2a9f272	766
train-00003-of-00008.parquet	000026	0dc8977edb1db311b7ae5ae70615ffdd8d20c228	403
train-00003-of-00008.parquet	000027	3a82841c2812fe5edda4f7e4a0b0cb65d383cb2d	139
train-00003-of-00008.parquet	000028	52212f5e47f8e8790e9114c5a200a02299370e5a	1812
train-00003-of-00008.parquet	000029	f555e02172a7734e1a7da2f60990825ff2f14a60	343
train-00003-of-00008.parquet	000030	2a99d0ffeef5d8e189994e2681b567e63167e0e1	3232
train-00003-of-00008.parquet	000031	f6b4eb6793e0cb56726b3a8343a0979b0ebdce15	3893
train-00003-of-00008.parquet	000032	338b8644c485b843f5fb6f78ba082fe335e7015f	1904
train-00003-of-00008.parquet	000033	967a918ec2db8f6530bed67546200ccb3681b167	1321
train-00003-of-00008.parquet	000034	a3eba4544771d724caf1fd17d061c8dce4e589ac	1244
train-00003-of-00008.parquet	000035	1cb0f500d7ae5b9a2d0353c1252a4bae54dfa482	1232
train-00003-of-00008.parquet	000036	360f6dcd3e52361cc9f8fa6ce71dfa21565d7f21	1359
train-00003-of-00008.parquet	000037	1babb19478c2614b8a51b797484e972471c787e1	1315
train-00003-of-00008.parquet	000038	c4d09becefa57706ab0c70e34423322ddc6c5c33	1331
train-00003-of-00008.parquet	000039	107f6542b2ed46a2c332af86a166d5a5386c16a9	115
train-00003-of-00008.parquet	000040	629e2e19be24bb168abbff2f8ad60d3974441e58	2208
train-00003-of-00008.parquet	000041	086c1fcf2a7102582e00570b5c064c5ee55320ee	2031
train-00003-of-00008.parquet	000042	8626bb00cf0dda8af91588b71cba6b9e5e787929	3460
train-00003-of-00008.parquet	000043	9860cdb231ce8c3fd31f95cb9291f73f7267f2f7	2840
train-00003-of-00008.parquet	000044	dfaf68a3900856549e5dc80fc942c280dc114b1e	2649
train-00003-of-00008.parquet	000045	c59d428bd2778570540d5c20db62e40901b3cfe6	3108
train-00003-of-00008.parquet	000046	fb78ef051887de07d88772801a87b18d121bb167	199
train-00003-of-00008.parquet	000047	d4125b0a5ed50f686ef3fe0990fac400f84a5f9a	1550
train-00003-of-00008.parquet	000048	f70bd7500357e20a7a6e7fcd53f47ec449b2221a	1633
train-00003-of-00008.parquet	000049	dc215790931ea34008354836e54cb16f2223b7a0	1456
train-00003-of-00008.parquet	000050	1b9e66085c8f80746774d46e0b7e51c64086c024	1548
train-00003-of-00008.parquet	000051	292f20730a61e9b93ed3a12ba33f0fcf6ae6ae6b	1553
train-00003-of-00008.parquet	000052	33e6937a270fd0031147f08c85a21bc84d0a8e66	1874
train-00003-of-00008.parquet	000053	69a1481e2856a61d8b82aba5be61cdd9bf30cade	1883
train-00003-of-00008.parquet	000054	9e00b940d057cb3b75fe641324eacbac94a41fd5	625
train-00003-of-00008.parquet	000055	a1a100373d020768fdfe0a5f2ff239d18292ea29	2437
train-00003-of-00008.parquet	000056	01cde540294f1e5fa44f5d8b7d0f92655684cc8a	964
train-00003-of-00008.parquet	000057	f5e97e857845f7bc00d905bee0badfec5f1398e4	1587
train-00003-of-00008.parquet	000058	49c165c919c28abd2d10e92f3fa5e43c75cb4fa9	346
train-00003-of-00008.parquet	000059	978b8a93f9edaa30f2cd220e441f063342be9ed3	402
train-00003-of-00008.parquet	000060	47e173c2272752edc8760d1b14ba01fa6d1acca3	1582
train-00003-of-00008.parquet	000061	e85f89fa19f3dac60f4b65f37703aee99e197585	525
train-00003-of-00008.parquet	000062	300368b67460d1d57e145396eaad027a3a0ace5a	335
train-00003-of-00008.parquet	000063	f85576081a38a0e4053356df23d16315498acad3	92
train-00003-of-00008.parquet	000064	3d065394d6f9bf9d24f88c2be79877744f8a265e	3316
train-00003-of-00008.parquet	000065	f517c9b78e8bff156395809861f2e36b093cb8f2	2846
train-00003-of-00008.parquet	000066	67a8109554844df4d2c751566fcfcd5a1fab37cd	2642
train-00003-of-00008.parquet	000067	da78aecfce4fd40f529117b3dff5fa47191ce05a	3063
train-00003-of-00008.parquet	000068	fb78ef051887de07d88772801a87b18d121bb167	199
train-00003-of-00008.parquet	000069	95b467370aab36f48a52edcfee94948820eaf2de	1819
train-00003-of-00008.parquet	000070	91dfaedb74b97af1312d5a21a668280e9cb075a7	2008
train-00003-of-00008.parquet	000071	d0e77cb4661edbf2c0cb6cb17e5c8cd2842c35cf	2142
train-00003-of-00008.parquet	000072	f9df38a38622bfcad35256892ed294dfaf99037c	2070
train-00003-of-00008.parquet	000073	a9c323568b8e0d658de634ccd6bd5cfe21811de5	2145
train-00003-of-00008.parquet	000074	7711a13d1bf273b826f2afeefe443a383d6cc2c5	2080
train-00003-of-00008.parquet	000075	9ec8dbe910f58e6bdefd07e58c7c331dc19511ef	500
train-00003-of-00008.parquet	000076	c4236802385525bffbf4e2a377c1bb2d6ee86e95	2612
train-00003-of-00008.parquet	000077	c82a4b10c6a59bd008c090c0d88418bde05d7d4e	2809
train-00003-of-00008.parquet	000078	5628e9764d44e411b42853b0e008c930bbdb5608	338
train-00003-of-00008.parquet	000079	efb2649359a4c6e1b302c6b535274d5b637673e6	1834
train-00003-of-00008.parquet	000080	d289541276940f4601b24841489e0939b906ec95	543
train-00003-of-00008.parquet	000081	38fb89a2498a3949401be2d69881fa8f4b8064fe	3580
train-00003-of-00008.parquet	000082	e0bff5dd6de667aadd26808d46defd5de63062a2	3952
train-00003-of-00008.parquet	000083	459b04744de4c17262e30642e5857ee80843f9c3	1847
train-00003-of-00008.parquet	000084	a32e98976753fbdc2d6c588ec33b181bb8333909	1233
train-00003-of-00008.parquet	000085	24ef2865f32369b2391b41693c780116bc8548de	1592
train-00003-of-00008.parquet	000086	8412ef56f65b15393ce25a186826d0c94836979b	1617
train-00003-of-00008.parquet	000087	ad5e3055704bfb3593efa22db3aa3c0824bd509e	933
train-00003-of-00008.parquet	000088	a2edd45e959c9cc9fcce4503e367793f8528b310	5922
train-00003-of-00008.parquet	000089	b062d08b0dd3aaa681da357c220008e86896ba98	4287
train-00003-of-00008.parquet	000090	cdc5f2041bdb554e086612f847f7d62d8f03a1e3	3639
train-00003-of-00008.parquet	000091	3f0f49436b374f0b0f7834f7706e419dbae776ca	2856
train-00003-of-00008.parquet	000092	736095e0a993b4e907978992798bf897bca0a766	630
train-00003-of-00008.parquet	000093	7fca74317b1a1137ed9c83e4c55330f5afa5e503	781
train-00003-of-00008.parquet	000094	38443987cf86682068dd91d2b9a9d3cacf071074	1021
train-00003-of-00008.parquet	000095	a0c3bb209da5302ddd9042c377a7121b8c5826df	1027
train-00003-of-00008.parquet	000096	21ab99e457abfda0dbc06975a1d574251c0c680f	1076
train-00003-of-00008.parquet	000097	02ff1a10bd9fef2e5b05ba514ee122305a7d4867	1876
train-00003-of-00008.parquet	000098	bed8ef195d94abc216c8003f5da7cc2d834fd985	3456
train-00003-of-00008.parquet	000099	7f8a2dba9cdaa55f2eb6fb9cc1eb87a1a0c3c955	1376
train-00003-of-00008.parquet	000100	83671f34594e1d7057dfb3eb9ac75be24199e0c0	685
train-00003-of-00008.parquet	000101	78ba0f2b9c6f4df32088d8daccb703f24eda9428	3633
train-00003-of-00008.parquet	000102	63ed7565ec08af2bb71951371007a38d17fba8c9	4711
train-00003-of-00008.parquet	000103	39dab1dbe4009b3c366a154c0eb50387e48fed3f	1588
train-00003-of-00008.parquet	000104	2a2dab945a72d48a8fb1ac52fdfe94642cf6e210	1868
train-00003-of-00008.parquet	000105	f1a064e27037f44f38bb4a22506587f0a0b5d4d6	4977
train-00003-of-00008.parquet	000106	39c56d3e4bfb01cbe373325b56c3cdc5890f098d	1283
train-00003-of-00008.parquet	000107	edff85bc73ee87c6fb19254a9d3ece075bbb2880	3191
train-00003-of-00008.parquet	000108	ffacf09ea085218c8b3323d2835d79f0ca5fba47	1204
train-00003-of-00008.parquet	000109	d77d4a4cc63b03e8f03cf66d4c99ccb8191cbf2e	2252
train-00003-of-00008.parquet	000110	198d0fb8567603376a56b5b2d322d9ede3a470dd	4344
train-00003-of-00008.parquet	000111	3ed5a68896f408a737a1f139bb4087774e5cdb00	4730
train-00003-of-00008.parquet	000112	692af06d46a2af960361629ea3838ba5fda8fc9b	5231
train-00003-of-00008.parquet	000113	34538237032f2a3bb358126389ed7e4b0ca2c65c	3729
train-00003-of-00008.parquet	000114	e03c7caa548b41bc4064208bdd8d68cc7be9951c	308
train-00003-of-00008.parquet	000115	d5b4c2366f4f9dda2838ac0114c3f27a0fb3e0e2	2270
train-00003-of-00008.parquet	000116	eb418b96e5f1ae9e35ec54c241b13d1380e9e6ef	455
train-00003-of-00008.parquet	000117	61d51a56928112e4ce351b6a863b63789f3ec8ff	1892
train-00003-of-00008.parquet	000118	0ac91bb0d090646f8a3cd1c7bb5d37a11668e31a	904
train-00003-of-00008.parquet	000119	95509ab4d35706bf25d4e82dd2833011a0a333e1	1929
train-00003-of-00008.parquet	000120	89c782a85d7390c52062ac5afc085bf93a3c547c	3329
train-00003-of-00008.parquet	000121	a6999d3aba681718f3366540ea198b2d0f25839e	1303
train-00003-of-00008.parquet	000122	e458c114e0a8118b49102e46b0df47d43a59fb1e	218
train-00003-of-00008.parquet	000123	39b2b711fc01e5634b9c58ed6f802154382f7a9e	1747
train-00003-of-00008.parquet	000124	f7359b7af27278f35684a8037e471e79e984548e	3771
train-00003-of-00008.parquet	000125	6a795686b1c9b0f2b8aed863ce5433534c5e2b3b	2384
train-00003-of-00008.parquet	000126	3a23fdf0d153507a767d7e59386c6848267103d0	599
train-00003-of-00008.parquet	000127	40c88e82b0d34c4ac8368810d525b00988f48065	1141
train-00003-of-00008.parquet	000128	803f331ff28188ffda45aabf615abea2bfbfad07	2623
train-00003-of-00008.parquet	000129	4a7c861ca06ec766f3f12bbfd3d2fbdfde0ef60b	1898
train-00003-of-00008.parquet	000130	9de9c4c1e18c9a9e8e7848a3540859b5864bf892	1600
train-00003-of-00008.parquet	000131	7d97f8f2bd9aaf4c7aeaa861cbb1aed8ee7b5c48	2941
train-00003-of-00008.parquet	000132	2078d477261acd409d6997ec51f11c603eae1101	1378
train-00003-of-00008.parquet	000133	c6a4cdf802879cd4668b8ea9c5c338d34d10d489	248
train-00003-of-00008.parquet	000134	a822c6f09d056454062277715c5a9ee83462b7a6	536
train-00003-of-00008.parquet	000135	3d100d98d41af29f851d8f8962d01dc1969358bb	183
train-00003-of-00008.parquet	000136	0400918b178e363c14b83ad33ffe24f0d8eb6ea7	4088
train-00003-of-00008.parquet	000137	c8696fd26ceb827de1e02b80c79dc1ac1f5a1bc6	3447
train-00003-of-00008.parquet	000138	41d634bd8c86cf998084803eb4ef97c50fa73e9e	1010
train-00003-of-00008.parquet	000139	8357e82ff928710c7077ed019764e09b7d26b626	1010
train-00003-of-00008.parquet	000140	4f2fbef04fdf23fa27d45511086e8a1f14ace002	2444
train-00003-of-00008.parquet	000141	5f61a44c326f926bf2b88cbaaab50e818f8a43e4	3684
train-00003-of-00008.parquet	000142	21be44a6862c7d07e3711e35f2d9c6e057b561c4	2075
train-00003-of-00008.parquet	000143	74a9359dc77e21c7278e9f919cf551a2f9a670ff	3869
train-00003-of-00008.parquet	000144	db82493992bfd5ed3cd0515d5286729d835b6c69	2569
train-00003-of-00008.parquet	000145	5f61a44c326f926bf2b88cbaaab50e818f8a43e4	3684
train-00003-of-00008.parquet	000146	21be44a6862c7d07e3711e35f2d9c6e057b561c4	2075
train-00003-of-00008.parquet	000147	74a9359dc77e21c7278e9f919cf551a2f9a670ff	3869
train-00003-of-00008.parquet	000148	f3a68ebd91a8cc66a15cf0e22e1bcb3be3d3a597	1372
train-00003-of-00008.parquet	000149	9a037ab897000f2a813fce829f8a07de54ad0c73	4965
train-00003-of-00008.parquet	000150	9ace12eb6dc2dd6009f25b459581be7353ec81ea	4052
train-00003-of-00008.parquet	000151	aa92a43cb60bed25bbe3062089dade9aad51eb3d	3141
train-00003-of-00008.parquet	000152	baf50df4edf5e90ebf0513f5e65cdf22d11828e3	387
train-00003-of-00008.parquet	000153	cf1fdadadffd9c81601bf3b66d316d229fa61cbe	1011
train-00003-of-00008.parquet	000154	73c82f3f9459f22b23cce125a8941231413edb26	1010
train-00003-of-00008.parquet	000155	f998d095321b70ae96a8a3f75157a80e9b2dbe51	3588
train-00003-of-00008.parquet	000156	27b089b8fc81aced1884a7f95c52911a6d23da8b	1410
train-00003-of-00008.parquet	000157	c809a0fd7d7e849ed3498ba2fb60ec93d65f0440	3162
train-00003-of-00008.parquet	000158	3cd0bdd44623326183b5a78a5888b566cec6595f	1595
train-00003-of-00008.parquet	000159	f2df808a8c55dbc26e71054bcbe053fcdec7fc4c	3689
train-00003-of-00008.parquet	000160	27b089b8fc81aced1884a7f95c52911a6d23da8b	1410
train-00003-of-00008.parquet	000161	c809a0fd7d7e849ed3498ba2fb60ec93d65f0440	3162
train-00003-of-00008.parquet	000162	3cd0bdd44623326183b5a78a5888b566cec6595f	1595
train-00003-of-00008.parquet	000163	a3f8c3623c8afd9cddf8e79788b984eb6dd13087	3399
train-00003-of-00008.parquet	000164	0f6fe28f1f2b277053f9fb990d1c786a330fe2f3	1714
train-00003-of-00008.parquet	000165	93ba3a8266e8c5148bf7f91f6161ce017ef38cdf	2826
train-00003-of-00008.parquet	000166	191d23b28d8f99dcb23617c26c10cf16ca13817a	1931
train-00003-of-00008.parquet	000167	0374a0c30d0a50f452770a0ad23810dbee24669a	1009
train-00003-of-00008.parquet	000168	c6339ad8dc7d832a70a62dfe51cf1fc3dbbc249c	1011
train-00003-of-00008.parquet	000169	bce98e8a0afd9288eba534080642cd91b1be5cf4	3298
train-00003-of-00008.parquet	000170	0f6fe28f1f2b277053f9fb990d1c786a330fe2f3	1714
train-00003-of-00008.parquet	000171	93ba3a8266e8c5148bf7f91f6161ce017ef38cdf	2826
train-00003-of-00008.parquet	000172	191d23b28d8f99dcb23617c26c10cf16ca13817a	1931
train-00003-of-00008.parquet	000173	3b48e042fe3aa43540f3db84ea8e4c6692fa924d	1828
train-00003-of-00008.parquet	000174	327c41c60ac52858df50c9f48fbba78f769ff1ef	380
train-00003-of-00008.parquet	000175	94b9932493a69864ebe86b068fefb8e8af6e8e31	1009
train-00003-of-00008.parquet	000176	dcbb9ad8d492362a90022275ea43895908c28f1a	1012
train-00003-of-00008.parquet	000177	c414908b9347d04db3ae9843c11cded01e4ed0ea	3414
train-00003-of-00008.parquet	000178	7d68cb1881af6ae486bf3359ff0ccb3ea75724c7	3616
train-00003-of-00008.parquet	000179	f6f078644fb6beecae33e2724ceb09f6a995b2b3	3941
train-00003-of-00008.parquet	000180	ad6192d33a2b9ec6c31975d7cdd9d9c1f2d55969	1241
train-00003-of-00008.parquet	000181	bcf0f0162e03825374fe47b3091c938ae6096d10	3841
train-00003-of-00008.parquet	000182	769e313025fb644e03a41253c4cdae7fa15577f9	2893
train-00003-of-00008.parquet	000183	be7c8991dff2d4495847870f91f7411ed5824688	2924
train-00003-of-00008.parquet	000184	46b1c7650cb3e1af80dd2551bbd6bea155edc7d0	3551
train-00003-of-00008.parquet	000185	7d68cb1881af6ae486bf3359ff0ccb3ea75724c7	3616
train-00003-of-00008.parquet	000186	f6f078644fb6beecae33e2724ceb09f6a995b2b3	3941
train-00003-of-00008.parquet	000187	ad6192d33a2b9ec6c31975d7cdd9d9c1f2d55969	1241
train-00003-of-00008.parquet	000188	bcf0f0162e03825374fe47b3091c938ae6096d10	3841
train-00003-of-00008.parquet	000189	1e74633126b52bc3c263aa94c03e3ae24ba4c104	2893
train-00003-of-00008.parquet	000190	be7c8991dff2d4495847870f91f7411ed5824688	2924
train-00003-of-00008.parquet	000191	eb68709ba62ac04c98218144add0746c808e0f6c	2003
train-00003-of-00008.parquet	000192	676e60484d4de1ecaabe948200179cb82e988385	422
train-00003-of-00008.parquet	000193	80139f3bbcb116737c99b146e20abad1c80ff3a2	348
train-00003-of-00008.parquet	000194	0dc2df82e6fa983086002b1fa813dbe29104bf65	154
train-00003-of-00008.parquet	000195	4599a00d0b2daae5872e175ea598b7dc8beca72f	1045
train-00003-of-00008.parquet	000196	1c52fa450d14d1c50eba70bb8bf1ff70cfa292e9	4391
train-00003-of-00008.parquet	000197	d87af09aa504ea33574b43d60d936fa3f849c8b8	5723
train-00003-of-00008.parquet	000198	88d5cefb571fa06c19c6fb8cf9d5a8ffcdf2dce4	3743
train-00003-of-00008.parquet	000199	b51fc1545e12a3e0b3f1d29269ce2e5ad6494a54	3715
train-00003-of-00008.parquet	000200	32198912dfba6d9bbbe94bf2740a47353ceb4950	2378
train-00003-of-00008.parquet	000201	25cf5c0813fb1464b5b7c58e1ddde25b6abced35	4200
train-00003-of-00008.parquet	000202	4ed469f22644b229b0287c54978ab2c3e9e038ae	3290
train-00003-of-00008.parquet	000203	126de0b755183985a73af2e53798829df74c254a	5039
train-00003-of-00008.parquet	000204	b10bd4ad6b950ee622c3babc53c887321ab1259f	4268
train-00003-of-00008.parquet	000205	abf45f40397be1e4b17f41144ce994aaf1139dc0	1970
train-00003-of-00008.parquet	000206	191a5dad6a7735bf8ad69719e3390d7fa3a7b2ad	5563
train-00003-of-00008.parquet	000207	e28cbed0dd3567f5dc2f4f25cede1ba507acd4ad	6429
train-00003-of-00008.parquet	000208	7085c97b86aa71c7b620f3217a5d1108bd81d9d8	3769
train-00003-of-00008.parquet	000209	da3d7f142e989ece277b30b5c512720c35cc5c90	4149
train-00003-of-00008.parquet	000210	23103c93aa913b217153833314a04eaa0a35f7fb	3673
train-00003-of-00008.parquet	000211	ecaf991db5e036f3abf1989b55599fa64daadf7f	2466
train-00003-of-00008.parquet	000212	6acc70be624f1b100e655570f65fcef9767adca5	5021
train-00003-of-00008.parquet	000213	14055f37cdae5a59e3d64ee1cd53271b728a87d9	3583
train-00003-of-00008.parquet	000214	dbae12d2a4e1e8ad978b6bdb0db509bdba4a451f	3092
train-00003-of-00008.parquet	000215	eb2ba754ecb9aecc3c07de24c704b1df2b969c06	2142
train-00003-of-00008.parquet	000216	b6adf657c0685f005cb1b1fa0a8f7822c3bed2bb	2672
train-00003-of-00008.parquet	000217	f801099f4f4575ff95273f660356060951ee2927	1234
train-00003-of-00008.parquet	000218	a0f46eb8d2f239c18902ac49513487ae9dde77c2	817
train-00003-of-00008.parquet	000219	45aca58df8c0f4fa0e94720325aae4523e0b99f5	828
train-00003-of-00008.parquet	000220	fb219f3b9c3410f0784f1d7a0ba4963e2f0b9ef7	840
train-00003-of-00008.parquet	000221	098fde6ff9727d2d0577166c0571164e4484e4a2	951
train-00003-of-00008.parquet	000222	611345205e04377ef2833f2236c4c7ecda8eef4c	2960
train-00003-of-00008.parquet	000223	af73a646f6aa90f610e61285d11f93bd7bfd94b5	1309
train-00003-of-00008.parquet	000224	9f6dadb29d14c42a67cb1620774245174be68728	3947
train-00003-of-00008.parquet	000225	34b70d3c36649cbd349400b3ba853d5dd2028f84	3066
train-00003-of-00008.parquet	000226	6bb7f931db8101ca73451528d917bfe942fe037e	1999
train-00003-of-00008.parquet	000227	2843c0b4283f813526d9e489b40e5ae70db98a04	508
train-00003-of-00008.parquet	000228	a8175f50c4bacd209a303eda404ee47a2848617e	325
train-00003-of-00008.parquet	000229	5e4b4351705f9b7c8b8da94480a4353f2d023c5a	150
train-00003-of-00008.parquet	000230	546018c0df7b4b7b046bfacd22cdef75cc44f62a	2321
train-00003-of-00008.parquet	000231	b30f7af71aa9f5666073889cee8a2ab636364513	4079
train-00003-of-00008.parquet	000232	a749d7c87bb6a90d47a46b3fc00d2e49b04573c8	3823
train-00003-of-00008.parquet	000233	722d7e951390db508ca48490437d7d10c711da7a	1052
train-00003-of-00008.parquet	000234	5eb916241ff0df8d4f9073e3093b4bff462b85a2	4496
train-00003-of-00008.parquet	000235	d87af09aa504ea33574b43d60d936fa3f849c8b8	5723
train-00003-of-00008.parquet	000236	b337edb5bddd9c502aea96aa970613b19f2602af	3743
train-00003-of-00008.parquet	000237	ef141b1b40b169f0d342d8d93c1ec988fdee6ba0	3500
train-00003-of-00008.parquet	000238	32198912dfba6d9bbbe94bf2740a47353ceb4950	2378
train-00003-of-00008.parquet	000239	93c0f29e52edd629aceb360a82aba0f4432bc7bb	4344
train-00003-of-00008.parquet	000240	44a8248faf1e978b8b65517af0a54841c584b504	3838
train-00003-of-00008.parquet	000241	126de0b755183985a73af2e53798829df74c254a	5039
train-00003-of-00008.parquet	000242	b10bd4ad6b950ee622c3babc53c887321ab1259f	4268
train-00003-of-00008.parquet	000243	abf45f40397be1e4b17f41144ce994aaf1139dc0	1970
train-00003-of-00008.parquet	000244	96ecaee949e8830e6bbf5a5b671caadcf4dac42f	5688
train-00003-of-00008.parquet	000245	1e60e42d65cbc525c41fa4cf6d0753bbacb29732	9179
train-00003-of-00008.parquet	000246	7383ac9053c173781f59647ae2f98772ee662247	4965
train-00003-of-00008.parquet	000247	79753c5a7577a42c862cd86deb6f4d7c118fee85	3878
train-00003-of-00008.parquet	000248	1d4fa7f14157d023c15625debec4c7939f41c768	4289
train-00003-of-00008.parquet	000249	c945eefeb50c352b2d050091e8a9f99fb33214e2	3804
train-00003-of-00008.parquet	000250	3b9732bd0f843861142d6c8bab54f11dcd538f8c	3381
train-00003-of-00008.parquet	000251	de997c43adf63e7c08920223c1bc7deaba28a04d	4139
train-00003-of-00008.parquet	000252	58af1b63472ba826498cde8075ec69dc5200d475	3712
train-00003-of-00008.parquet	000253	0485ed53526ad6d16ee032d336b9d54ca8f18557	3082
train-00003-of-00008.parquet	000254	1ecad0919c7ae7b897b1135b6a6625da9ca4e7cd	2142
train-00003-of-00008.parquet	000255	c308d24778fb49731455d350bdb2fa1629999f74	2672
train-00003-of-00008.parquet	000256	f801099f4f4575ff95273f660356060951ee2927	1234
train-00003-of-00008.parquet	000257	a0f46eb8d2f239c18902ac49513487ae9dde77c2	817
train-00003-of-00008.parquet	000258	45aca58df8c0f4fa0e94720325aae4523e0b99f5	828
train-00003-of-00008.parquet	000259	fb219f3b9c3410f0784f1d7a0ba4963e2f0b9ef7	840
train-00003-of-00008.parquet	000260	098fde6ff9727d2d0577166c0571164e4484e4a2	951
train-00003-of-00008.parquet	000261	0a6e449ed171d0e0fe4650ccc45d3db4e57aaede	3131
train-00003-of-00008.parquet	000262	8e0d9c206164f28d15a2b13a83444a4cf8aa1b85	1448
train-00003-of-00008.parquet	000263	06e350ca5313315de40eedd28c249110fa98580c	1052
train-00003-of-00008.parquet	000264	a03f84ca1eb03aa0b599a4631c0ed237420269d4	4496
train-00003-of-00008.parquet	000265	d87af09aa504ea33574b43d60d936fa3f849c8b8	5723
train-00003-of-00008.parquet	000266	ca7fb2676e5b265e1d27790ffefa8bea361eb4c0	3744
train-00003-of-00008.parquet	000267	d12488eee930727eac3c8997f28192f1afae62b8	3499
train-00003-of-00008.parquet	000268	32198912dfba6d9bbbe94bf2740a47353ceb4950	2378
train-00003-of-00008.parquet	000269	e5cdc4dfbfd3c3a71e36a2262c2e5cc887420dc6	4344
train-00003-of-00008.parquet	000270	7f16c3305a4726046d3b51db1bf4fec787743899	3839
train-00003-of-00008.parquet	000271	2d25d0da9f838b558c3dc7c44918f907a73789b6	5039
train-00003-of-00008.parquet	000272	b10bd4ad6b950ee622c3babc53c887321ab1259f	4268
train-00003-of-00008.parquet	000273	abf45f40397be1e4b17f41144ce994aaf1139dc0	1970
train-00003-of-00008.parquet	000274	9355880983b4c4652c3bf35a7caec172e178d895	5715
train-00003-of-00008.parquet	000275	d91fa15d4dd65c30281249dc78f1cc15f407c520	7953
train-00003-of-00008.parquet	000276	16e0419fcc667e580a817d8a02c9962436a3704b	6029
train-00003-of-00008.parquet	000277	79753c5a7577a42c862cd86deb6f4d7c118fee85	3878
train-00003-of-00008.parquet	000278	1d4fa7f14157d023c15625debec4c7939f41c768	4289
train-00003-of-00008.parquet	000279	c945eefeb50c352b2d050091e8a9f99fb33214e2	3804
train-00003-of-00008.parquet	000280	cb9fb5d57e3c3ceb89bae3b4d91d51d827fa8fbe	4076
train-00003-of-00008.parquet	000281	91e9e98d64e78be2677f898bd31121ddd3f8c834	4138
train-00003-of-00008.parquet	000282	58af1b63472ba826498cde8075ec69dc5200d475	3712
train-00003-of-00008.parquet	000283	0485ed53526ad6d16ee032d336b9d54ca8f18557	3082
train-00003-of-00008.parquet	000284	61ddd2dc97e2d27ba6ae2da8c5848b2829d58021	2143
train-00003-of-00008.parquet	000285	c308d24778fb49731455d350bdb2fa1629999f74	2672
train-00003-of-00008.parquet	000286	f801099f4f4575ff95273f660356060951ee2927	1234
train-00003-of-00008.parquet	000287	a0f46eb8d2f239c18902ac49513487ae9dde77c2	817
train-00003-of-00008.parquet	000288	45aca58df8c0f4fa0e94720325aae4523e0b99f5	828
train-00003-of-00008.parquet	000289	fb219f3b9c3410f0784f1d7a0ba4963e2f0b9ef7	840
train-00003-of-00008.parquet	000290	098fde6ff9727d2d0577166c0571164e4484e4a2	951
train-00003-of-00008.parquet	000291	d82c9de45c74492389ed17ee41e93dc4c015678a	3131
train-00003-of-00008.parquet	000292	e66fb91a6939c746aca1f992ce10148fb785bafd	1448
train-00003-of-00008.parquet	000293	2b19ac23feb0ea8dcf6aebbfd0c81246fc591abd	1025
train-00003-of-00008.parquet	000294	b259b9e41df57b6fa785554b47b79d4733ff4b90	4499
train-00003-of-00008.parquet	000295	cbd23dcf729d4f11efa9d98aaf41e866e2e04ad2	5734
train-00003-of-00008.parquet	000296	81c277d2f532fa275ae3fa908fbec6ec004aed2e	3662
train-00003-of-00008.parquet	000297	b0197c117a1d7a7892f73c21878bfc464d3c63e4	3500
train-00003-of-00008.parquet	000298	32198912dfba6d9bbbe94bf2740a47353ceb4950	2378
train-00003-of-00008.parquet	000299	e5cdc4dfbfd3c3a71e36a2262c2e5cc887420dc6	4344
train-00003-of-00008.parquet	000300	f4abdddc12cb2112d580a7dda4a653075f0d847e	3838
train-00003-of-00008.parquet	000301	2d25d0da9f838b558c3dc7c44918f907a73789b6	5039
train-00003-of-00008.parquet	000302	7536a60f23e7863ea723ad6d591c2738b608778e	4279
train-00003-of-00008.parquet	000303	abf45f40397be1e4b17f41144ce994aaf1139dc0	1970
train-00003-of-00008.parquet	000304	9355880983b4c4652c3bf35a7caec172e178d895	5715
train-00003-of-00008.parquet	000305	d91fa15d4dd65c30281249dc78f1cc15f407c520	7953
train-00003-of-00008.parquet	000306	acc659d422d1cd4d15bb4e9e2b60e45799353981	6060
train-00003-of-00008.parquet	000307	79753c5a7577a42c862cd86deb6f4d7c118fee85	3878
train-00003-of-00008.parquet	000308	1d4fa7f14157d023c15625debec4c7939f41c768	4289
train-00003-of-00008.parquet	000309	c945eefeb50c352b2d050091e8a9f99fb33214e2	3804
train-00003-of-00008.parquet	000310	cb9fb5d57e3c3ceb89bae3b4d91d51d827fa8fbe	4076
train-00003-of-00008.parquet	000311	91e9e98d64e78be2677f898bd31121ddd3f8c834	4138
train-00003-of-00008.parquet	000312	58af1b63472ba826498cde8075ec69dc5200d475	3712
train-00003-of-00008.parquet	000313	0485ed53526ad6d16ee032d336b9d54ca8f18557	3082
train-00003-of-00008.parquet	000314	61ddd2dc97e2d27ba6ae2da8c5848b2829d58021	2143
train-00003-of-00008.parquet	000315	d528d26aea120a936c781fec32cd67ae0d50281e	2671
train-00003-of-00008.parquet	000316	f801099f4f4575ff95273f660356060951ee2927	1234
train-00003-of-00008.parquet	000317	a0f46eb8d2f239c18902ac49513487ae9dde77c2	817
train-00003-of-00008.parquet	000318	45aca58df8c0f4fa0e94720325aae4523e0b99f5	828
train-00003-of-00008.parquet	000319	fb219f3b9c3410f0784f1d7a0ba4963e2f0b9ef7	840
train-00003-of-00008.parquet	000320	098fde6ff9727d2d0577166c0571164e4484e4a2	951
train-00003-of-00008.parquet	000321	308f569e65a1ae85ad28298b27bf173e05c7d4a5	3063
train-00003-of-00008.parquet	000322	e66fb91a6939c746aca1f992ce10148fb785bafd	1448
train-00003-of-00008.parquet	000323	06e8be280627711e4fa5d72745ba1012a720b674	1999
train-00003-of-00008.parquet	000324	edde169c0e85992e60b92087c531fd146e34c7df	499
train-00003-of-00008.parquet	000325	b164e2df7ec2d9181771c52586576d156292f93c	324
train-00003-of-00008.parquet	000326	4ece4bd8c528155b3e23473837920bfa3b298c6c	151
train-00003-of-00008.parquet	000327	eab5f4980a5b4ccc44b435445fe6dfbb674672f5	2120
train-00003-of-00008.parquet	000328	18aaba864e3ca5c751a8309c200485cb70d97c9c	4758
train-00003-of-00008.parquet	000329	b066319109f1cb0d85a69779796ea71810645772	178
train-00003-of-00008.parquet	000330	2916078f5ac99ae3373c313eafec150aae752115	1028
train-00003-of-00008.parquet	000331	06bcaa02f9167cb2a498774ad9dc2d1c02adba58	3082
train-00003-of-00008.parquet	000332	c6ac41ba44861488a20a889dd35c48b5f3462f00	857
train-00003-of-00008.parquet	000333	95ee82d46ba08fd9f1210e8413eab04104d8271d	2395
train-00003-of-00008.parquet	000334	bfe53878016bff550634dcee5a1f1709d7d51911	3068
train-00003-of-00008.parquet	000335	e1f60fb463db555bef1dca964b187bfa7120a771	2452
train-00003-of-00008.parquet	000336	715b1846d6d5dbaf259989eedaf5c359711a7e5d	6312
train-00003-of-00008.parquet	000337	150678d7a23b2ad985b9f9aff306a2a122acc9dd	2023
train-00003-of-00008.parquet	000338	10147491b58daabcb69830863089ff4f5a93f834	1785
train-00003-of-00008.parquet	000339	4f14d50fe182dfd881ded8e63330526e5993706f	660
train-00003-of-00008.parquet	000340	71938678fc43477fda241df436d6f10038fb2fca	1526
train-00003-of-00008.parquet	000341	4efe16245d29fdf044d88cd3ac14d3a46a9b3c68	1762
train-00003-of-00008.parquet	000342	47f8f288474064c3baea919d4285aaf658f94c6e	211
train-00003-of-00008.parquet	000343	e9375406e0cef21a57788462acd973022727b3ac	248
train-00003-of-00008.parquet	000344	49e947dda19b96c712e27802f3421459aead2bd2	2178
train-00003-of-00008.parquet	000345	9b63e6e1a7a2ff5e3777d7ffcc518df3c865e7b5	503
train-00003-of-00008.parquet	000346	113859a8a6b3f8ba0b89a26425199ab8c9543248	3453
train-00003-of-00008.parquet	000347	4815e23e94718bf4d001d82b9021ccb09febeb5b	3885
train-00003-of-00008.parquet	000348	74def2de6260916538b4ede58d1e07bc23b96ada	3972
train-00003-of-00008.parquet	000349	8745bc63f571a7298137e41455c822e0250a3d51	3898
train-00003-of-00008.parquet	000350	e802be7de04e6c30d340c54cd018150d8c23f072	3867
train-00003-of-00008.parquet	000351	948ea3c5cabbcd92acd703153a6c6ee321afdcc6	1664
train-00003-of-00008.parquet	000352	5255803cc1740a270927420484893ff20c000250	1653
train-00003-of-00008.parquet	000353	27b99c8b2d88ebb12e4f57c2930f726bb9d21708	3273
train-00003-of-00008.parquet	000354	8c2e17d90de832762941e54ad06d906c06a844b8	1121
train-00003-of-00008.parquet	000355	0aca748e7c4cdbff22cca3bd8fdb1c400703175e	1636
train-00003-of-00008.parquet	000356	512d17947e64705f2dac584cf8233cf28b9bf423	1204
train-00003-of-00008.parquet	000357	c91abc16866930ad9ff4e825011f3858b19ff0fe	2799
train-00003-of-00008.parquet	000358	1c68d95c026af9b5861d82b743e79f305bd436aa	2761
train-00003-of-00008.parquet	000359	438ce3c62e8186310b34f847bead8cba4d07ef6d	3389
train-00003-of-00008.parquet	000360	181548d46fcd863756f513da63cab502b3e5fefc	2580
train-00003-of-00008.parquet	000361	2a19eba54e1a5968e89ed597597446cc46080aa7	2747
train-00003-of-00008.parquet	000362	62ccafab812b9b8ed74bb5e88e31d1703f589891	3732
train-00003-of-00008.parquet	000363	7aa15d488e1acc70e12242a44325b030ba50381a	2650
train-00003-of-00008.parquet	000364	6337030c78dd13a30c65676e656d1bc4a62fd4be	2773
train-00003-of-00008.parquet	000365	86a33eea2eeb6d63f59658a4a53c443d353fa3ee	1594
train-00003-of-00008.parquet	000366	62178a7891021bce9afbb925d1cb5136eb0689da	151
train-00003-of-00008.parquet	000367	54ef9b11ab0e3a8a1f40e8e6b67bd60400df6f7c	179
train-00003-of-00008.parquet	000368	416c3b19790f38db1caacd8e63096c94ff1426e2	2031
train-00003-of-00008.parquet	000369	0b18d28e3e0ef6ce94b553d36536e082df8edd3d	495
train-00003-of-00008.parquet	000370	f04f1f89840cf4c4d3dbd36e7b30c13835c87559	5899
train-00003-of-00008.parquet	000371	4895cc45d6ded84c23c16050837170a499c0c9ee	4934
train-00003-of-00008.parquet	000372	12094484fd8b82c152cba2acc3e6b633177d0807	2296
train-00003-of-00008.parquet	000373	a2e50533ee25808ad5f31fda8820b0346f144cfc	5741
train-00003-of-00008.parquet	000374	d8bdabb1ee530919636aa30097f16adf69a0e1ad	2923
train-00003-of-00008.parquet	000375	603fb51e160d4b51eb2412e0357899abe658b37e	120
train-00003-of-00008.parquet	000376	264794f7c039318726747a91d24b2981d3c514ce	2419
train-00003-of-00008.parquet	000377	269737df2c223795cecd70480c676166d3682b4a	757
train-00003-of-00008.parquet	000378	545a56b20658b4cb685fb306b2e200b1b7daacb2	3943
train-00003-of-00008.parquet	000379	531a5b380cd41e2ca16bc0584c37bcb054b078f7	652
train-00003-of-00008.parquet	000380	54fb8369ea37ea5f96bdab7f7d0e415db720622d	595
train-00003-of-00008.parquet	000381	b59e70c339938d12d50b715421aceeafa9d532c2	459
train-00003-of-00008.parquet	000382	17188aae0328d743ae13549e25e65ac4026b54c8	323
train-00003-of-00008.parquet	000383	03a859545c52723983b1f1fefd546604bd229caa	408
train-00003-of-00008.parquet	000384	62ac630bb78620e9e2a9e7509547ec819deae1f0	2579
train-00003-of-00008.parquet	000385	215e4840311404a91090b439562cae376bf4e1ff	350
train-00003-of-00008.parquet	000386	259edb24fc7762d70f2b537b6f641c46341eb340	772
train-00003-of-00008.parquet	000387	6fdc7bd89564a7b6de9dec0dae83b077d9762805	486
train-00003-of-00008.parquet	000388	471961af9b3b5ec15e4995b374723c02ffc6b02c	3482
train-00003-of-00008.parquet	000389	34042bdd43c443970bfe59d587d522ec401a6e19	1695
train-00003-of-00008.parquet	000390	083134835f479edf1ba1fb64dd104438793f1a88	1855
train-00003-of-00008.parquet	000391	910c5f8d64329aa008759531fa62d7e6a7010619	3979
train-00003-of-00008.parquet	000392	55e57b234a3f3125f674e7bd75cb597b590ed6a2	259
train-00003-of-00008.parquet	000393	c74a7beaa269aee384df9d67bdbf28912758d48b	943
train-00003-of-00008.parquet	000394	531167c0574e6ec77e27637d336cbd0e092bc728	2236
train-00003-of-00008.parquet	000395	777d0cec6563acf16b95304bc5a91105ee5ed7e9	2829
train-00003-of-00008.parquet	000396	a7eeb9cb7a6c859f45389936610b9f4902e4952f	3376
train-00003-of-00008.parquet	000397	023d976273632532344d96115adcad2bab6a0967	2118
train-00003-of-00008.parquet	000398	161bd75d87bebaf6e4cd73ef2b61a63ec363ce0c	1517
train-00003-of-00008.parquet	000399	34092b4fcf86895a08f9f1481457b7dac3d794eb	2357
train-00003-of-00008.parquet	000400	863dc2e8e39c97ee1f8304d615fc19d4bbb6ba52	1860
train-00003-of-00008.parquet	000401	76246f6f4b78db6dba799701854b166317f89b31	3012
train-00003-of-00008.parquet	000402	865f69a3d951613faaea9cd83816fa841c8b042c	2857
train-00003-of-00008.parquet	000403	aba518f80585c51fa82eea7d178627c6a491a635	3086
train-00003-of-00008.parquet	000404	328688f39c8307535d5961c6def8bafdcaf6cafc	3013
train-00003-of-00008.parquet	000405	3fc17537db9880c2d0f2d7821f7da7fadb9b582d	2824
train-00003-of-00008.parquet	000406	ee1a56a6af406a62693f81e32bf2ed3aefcb8148	2726
train-00003-of-00008.parquet	000407	b9a14b0470d80d4a12519fe250b7b9f3e0bfee1f	2907
train-00003-of-00008.parquet	000408	31334ae12e24f21f40be5dc3cc36156eece8a692	2939
train-00003-of-00008.parquet	000409	52029233258d4fc7223265558f7e29690dcd47e3	3032
train-00003-of-00008.parquet	000410	6dff5dba88c1c63a884d9cad8b4adec68395aa3f	2978
train-00003-of-00008.parquet	000411	3f7d0105f672994fd1f1cdf727e533aa716e0a5a	2743
train-00003-of-00008.parquet	000412	bcfac6638779b0d2b3b4a545c813993d4d94b2e3	762
train-00003-of-00008.parquet	000413	3ebf5444e2b9a7e4cb6f874c8025b047fea1a0c3	1973
train-00003-of-00008.parquet	000414	cc20e209c8838f019e96f143997007d99c4db9f1	1472
train-00003-of-00008.parquet	000415	74712229b3089b88b47349dff5c2ba79ed80d3af	623
train-00003-of-00008.parquet	000416	61a47391433014355e06b8e4dd3480f010b5e286	386
train-00003-of-00008.parquet	000417	aed6e7a1415204045da800efc3d5f38a5e193cb4	321
train-00003-of-00008.parquet	000418	a9502a728bd5b0574a817c98b5f38932def45c63	86
train-00003-of-00008.parquet	000419	b2dd6806cbe6a4b812de39ecc805582631aa01af	620
train-00003-of-00008.parquet	000420	4c5e68a8dfdff2cb056d5841335a1149a4dbc65a	439
train-00003-of-00008.parquet	000421	69d7f0be594a8023b0272397aec51c1c84d84cdb	318
train-00003-of-00008.parquet	000422	775cbca69250e4e2cf7a654862ab4d70667c23fb	137
train-00003-of-00008.parquet	000423	a450969f8236a0bf754ce8a90aad64eee089e9b7	618
train-00003-of-00008.parquet	000424	e0772d43622e2fcb1845af2617b0cb331fae9318	482
train-00003-of-00008.parquet	000425	a6f027dd252eef9d4c1c8422d192ffe815ab89c7	319
train-00003-of-00008.parquet	000426	7a7dfc60f67b949bae0b3fa4836872e13629c4cf	132
train-00003-of-00008.parquet	000427	4d55c8beae00afc94cecf2d3bf0a231be60bda55	3544
train-00003-of-00008.parquet	000428	dcee8db30b4cc5a9542d7263ee68902513a23bd7	3491
train-00003-of-00008.parquet	000429	22c738aa30dca1279c9cc4e89302f815b2c401a9	423
train-00003-of-00008.parquet	000430	4ca218a956ad878c82f82e0795f078c69afa1627	4996
train-00003-of-00008.parquet	000431	4fa7581a726a85bb0f89ff9c26f81b320636628b	506
train-00003-of-00008.parquet	000432	c7beb30431084bc3c57d301ff070fd1f29b0719d	1731
train-00003-of-00008.parquet	000433	bebe29f4546a311c0e7ed87c7a4eabc07b416470	2635
train-00003-of-00008.parquet	000434	f258d88c89ac984788bac84a05dc9aa255bce86f	1737
train-00003-of-00008.parquet	000435	aabf4a0af7877d9d19bb68e42515e56199d686ac	1624
train-00003-of-00008.parquet	000436	5fee273126a5e18f3daca00d82782454a84d646d	1387
train-00003-of-00008.parquet	000437	643c9db807bd7f9b0a1a3d4611a2a274884b6df0	2004
train-00003-of-00008.parquet	000438	bbe1f159ccdbfb8969ac38002dcf39591ffb7de8	3234
train-00003-of-00008.parquet	000439	4beb3d22944110dca513954e37dd2adb252d0b86	2393
train-00003-of-00008.parquet	000440	74ea74214d4693bde8f9f031f06c6009afc68f82	1396
train-00003-of-00008.parquet	000441	886016fb43bf47b92f9a01973e0d2671d1d37c97	2361
train-00003-of-00008.parquet	000442	142b2182548cb829192c3d4ceb4b77f90485b11d	5912
train-00003-of-00008.parquet	000443	bb4352b5cf434438670bc0b54ecc82de6d6b8015	699
train-00003-of-00008.parquet	000444	7dae3c819056a63749a7cfa42026fe4736b50d81	1217
train-00003-of-00008.parquet	000445	2f20f3cae14bfc1a257784273ec82260077c0328	801
train-00003-of-00008.parquet	000446	ce3da9e8f19cda00df765a54dd9d811d47e92724	4638
train-00003-of-00008.parquet	000447	9760ffe642fe287360ef8527dfae058cddcfd089	3386
train-00003-of-00008.parquet	000448	525b14ba22125d9918a9882a918ffb271a8d8241	32
train-00003-of-00008.parquet	000449	1fbd16f06e5a6ca4e13cfbe58a741f8b8fdf3e26	4884
train-00003-of-00008.parquet	000450	199b0259c91346f93384c424116e1c96dccd4126	3446
train-00003-of-00008.parquet	000451	f9d63a5a14eaf68d96718a2eb9e640deab649b24	3595
train-00003-of-00008.parquet	000452	1855519233afe613454ecb492b0e1d4f48dc9b6c	3848
train-00003-of-00008.parquet	000453	ac18d52f2ac4398d4c7b9b4e304035a39f870c2c	3715
train-00003-of-00008.parquet	000454	c6d62328c85ac306a32c49704e715d8b78faacf6	4026
train-00003-of-00008.parquet	000455	fe92a1a5f650e91efddeaf2f5a6d5140911890de	32
train-00003-of-00008.parquet	000456	fe92a1a5f650e91efddeaf2f5a6d5140911890de	32
train-00003-of-00008.parquet	000457	fe92a1a5f650e91efddeaf2f5a6d5140911890de	32
train-00003-of-00008.parquet	000458	fe92a1a5f650e91efddeaf2f5a6d5140911890de	32
train-00003-of-00008.parquet	000459	fe92a1a5f650e91efddeaf2f5a6d5140911890de	32
train-00003-of-00008.parquet	000460	fe92a1a5f650e91efddeaf2f5a6d5140911890de	32
train-00003-of-00008.parquet	000461	fe92a1a5f650e91efddeaf2f5a6d5140911890de	32
train-00003-of-00008.parquet	000462	fe92a1a5f650e91efddeaf2f5a6d5140911890de	32
train-00003-of-00008.parquet	000463	fe92a1a5f650e91efddeaf2f5a6d5140911890de	32
train-00003-of-00008.parquet	000464	fe92a1a5f650e91efddeaf2f5a6d5140911890de	32
train-00003-of-00008.parquet	000465	fe92a1a5f650e91efddeaf2f5a6d5140911890de	32
train-00003-of-00008.parquet	000466	fe92a1a5f650e91efddeaf2f5a6d5140911890de	32
train-00003-of-00008.parquet	000467	fe92a1a5f650e91efddeaf2f5a6d5140911890de	32
train-00003-of-00008.parquet	000468	fe92a1a5f650e91efddeaf2f5a6d5140911890de	32
train-00003-of-00008.parquet	000469	fe92a1a5f650e91efddeaf2f5a6d5140911890de	32
train-00003-of-00008.parquet	000470	fe92a1a5f650e91efddeaf2f5a6d5140911890de	32
train-00003-of-00008.parquet	000471	77bf19f1b1a991b82627686ba7bad9d35a01bd02	1248
train-00003-of-00008.parquet	000472	ceeaf02ed0b90fd8969d627dd2e4e4f991e7eff4	3328
train-00003-of-00008.parquet	000473	9a2fe88668aa495faad465772c16f9dcbf656614	2727
train-00003-of-00008.parquet	000474	3618f5ceda26139d6dfe42e3e0a12eff03d11d3b	2904
train-00003-of-00008.parquet	000475	84f157aa78c52205cc0f70154fb2e4d46c086aae	2618
train-00003-of-00008.parquet	000476	09578db6642485d26113a52ddf546812dcbf4b3a	2949
train-00003-of-00008.parquet	000477	56546e13b5c8e664013889ce11992da32e5a8e79	3735
train-00003-of-00008.parquet	000478	799ffa383425b0d33b94f06da8936de30c2ac795	2906
train-00003-of-00008.parquet	000479	36493d67c54bd08c76b5d2f0e3ddba5bf97a9c01	2150
train-00003-of-00008.parquet	000480	2e8ae71ef2ebba0515348779aa2e8f7187d1c5ff	1568
train-00003-of-00008.parquet	000481	ae84b86dc33643d96a8ddcc8c5e3fac5eefa34d7	2341
train-00003-of-00008.parquet	000482	ae652b8e1d0d1743d3cd9297618a05fcd90278a4	435
train-00003-of-00008.parquet	000483	bc7ed385e164444943e6af3f5bfb86a9f4b6cb93	3576
train-00003-of-00008.parquet	000484	887e2ff9d7266daf499d175dfe0850cf7456553a	3538
train-00003-of-00008.parquet	000485	93b3cfb399af93f1c611d1e3f6e87565aa301d6c	4171
train-00003-of-00008.parquet	000486	f90a07c74f4dfcf0a20c52808b313002ea6886f6	3748
train-00003-of-00008.parquet	000487	f606cd29775c4a7a74a40a8593cbe4477f1f7380	760
train-00003-of-00008.parquet	000488	ccec152ad051a1662a2b97c384e1be4b58fc3103	997
train-00003-of-00008.parquet	000489	fcee9ed853407879626d6e950ba1d2e55a85c8f4	1400
train-00003-of-00008.parquet	000490	0163797f7d8440a902af2a39613e2538d1c40d21	3427
train-00003-of-00008.parquet	000491	be15c00961995cb08bc3634a649e0e05daed2131	2314
train-00003-of-00008.parquet	000492	4f617d4cc011f32e83687edcee662098fb77525a	3548
train-00003-of-00008.parquet	000493	c448748928d6727c1e11b2abc41cc34d1696d644	1855
train-00003-of-00008.parquet	000494	97c0fc954eeb5b9990199a49fee9f28e5735291b	2050
train-00003-of-00008.parquet	000495	53748ac935be8020d017e9a54c512063f8d2cea1	2470
train-00003-of-00008.parquet	000496	d292f9dfd31ffa542607fbac5022dd82c19d0fa5	2525
train-00003-of-00008.parquet	000497	136636cc69f06c636760a1e79ca6a238407d0f6d	880
train-00003-of-00008.parquet	000498	0dd268f3e4428f72bb0da8d00b5e35be4d652ea3	1407
train-00003-of-00008.parquet	000499	39d220f7dfe5d261d5b337f17c4d676f39f28562	2257
train-00003-of-00008.parquet	000500	19571f1e6bab72f719744022c5ca530b98bd99db	2627
train-00003-of-00008.parquet	000501	6f927d0afcc4087bc3f23ae45292a908eeaa73b2	2520
train-00003-of-00008.parquet	000502	f4de2d58e419f5b45b680c7d23608f600245e2e9	3482
train-00003-of-00008.parquet	000503	06a81fceca3d3e28a8acc17bfdb6f29703f1632c	3432
train-00003-of-00008.parquet	000504	b61e1ad0bc84e36e07381ae9fa94037d56281b6f	3362
train-00003-of-00008.parquet	000505	3b955b3a67e0f84d4888f827562f9aada0836eac	2883
train-00003-of-00008.parquet	000506	7166dd513e406b8700c419761523ea419d7fb947	2974
train-00003-of-00008.parquet	000507	64a7f4f14d184e0d7fdca67098cbf35ffc50c257	3596
train-00003-of-00008.parquet	000508	2e70fec286256c6e724ae7dc98abf67f06a89bbf	2866
train-00003-of-00008.parquet	000509	a72fcce19a5f262d5f2daae2eaa1bcefa3faa67e	3753
train-00003-of-00008.parquet	000510	57326ebce2660164dee8a29991039acdb14440d8	3074
train-00003-of-00008.parquet	000511	a114075870a52708e8bed2f873ba433c7a4c93e7	2504
train-00003-of-00008.parquet	000512	d05549df1faa4d8cdc2dab434b5d746e9c26df14	3621
train-00003-of-00008.parquet	000513	2f4f11b22283f801588e320368fe378744e4f878	2918
train-00003-of-00008.parquet	000514	403cb5c941866d6405dcca6023b869961eb3252f	3512
train-00003-of-00008.parquet	000515	3c42b7b7b4a911f0fc4ee597f2093bb43ccb3f05	3193
train-00003-of-00008.parquet	000516	b9e55b1c880d2f6ea4d5046c021b67016719e7f9	2845
train-00003-of-00008.parquet	000517	bec1c3842fe50d5d2e6e6af32a01f58a326cc746	3447
train-00003-of-00008.parquet	000518	e842f3aa486116da9fe609c7658c2dae19adf1f1	2961
train-00003-of-00008.parquet	000519	71d93dc24950f21ec8e0364fd6c1b4b737271cbe	3322
train-00003-of-00008.parquet	000520	453099cad5de2c437179c7fdaeef1a0dfb75252c	3095
train-00003-of-00008.parquet	000521	17e49c17507928e4f1d783e1b116e68664838bbd	3766
train-00003-of-00008.parquet	000522	835ce0aa9596e9262fec498fddace28e566e9945	2745
train-00003-of-00008.parquet	000523	b975e2a78ce11959b3056fe1af9b630c863e4683	2865
train-00003-of-00008.parquet	000524	d9e78d141e94682301581a63187ee77a71bb475b	3622
train-00003-of-00008.parquet	000525	a9b11053e55dd79697851a2f58bfb5af9b91d1aa	2822
train-00003-of-00008.parquet	000526	25f3e0870530890c112b6cb00f97cb63a39983ac	3606
train-00003-of-00008.parquet	000527	2b60516c59d9d7ff19cc4b134e7f472edd91cfe5	3209
train-00003-of-00008.parquet	000528	d4bcf860764f36aac140defa0b9e85bec2a86475	2706
train-00003-of-00008.parquet	000529	56728a487a06046a3fe44402a68adbff7deae5f5	3289
train-00003-of-00008.parquet	000530	76aa1a23251b0021362aa4bfc6d1a175342e9495	3085
train-00003-of-00008.parquet	000531	b3f0fafa35abbcd2a78d3acc4b9dd82f25d28b6d	3489
train-00003-of-00008.parquet	000532	5eed854b97412aaef596a8b2d8f50020bd1b733a	3121
train-00003-of-00008.parquet	000533	ea85bf64022d33258722c747be59c3c522c18bf8	3628
train-00003-of-00008.parquet	000534	5028958b5ade24ad22cbb95d344b852f05c2a84c	2639
train-00003-of-00008.parquet	000535	1136ae22e88055c0633fc5bd6253d7359ce660c1	2979
train-00003-of-00008.parquet	000536	a1bea1c41b1676eec7324ca7e18dd157e986c3e9	3565
train-00003-of-00008.parquet	000537	7a91cbbe38bf4a66b5cb845b7a875f17451c51ae	2857
train-00003-of-00008.parquet	000538	953a88d25532ee0bce1d97423334d9d718a7e6ed	3725
train-00003-of-00008.parquet	000539	ee3c20e0e217d790823753996b4ababe6c82f302	3197
train-00003-of-00008.parquet	000540	39c9ba75d5b08f2ea3eb992d383cb000b7be3383	2664
train-00003-of-00008.parquet	000541	fe17d18a769b94002f0d2f6155f1c1ffb4264c97	3413
train-00003-of-00008.parquet	000542	c8c181bd9bb2a44867a48bc1458e16b299e3ce10	2933
train-00003-of-00008.parquet	000543	2521f2ca2969d9f510c631b969dc1ea3d1557252	3469
train-00003-of-00008.parquet	000544	8b04f13bc0f83a231d18548e96fa092eb52a4a04	3138
train-00003-of-00008.parquet	000545	8fd52a03571328564190de3e66d87f53234b3fd9	3115
train-00003-of-00008.parquet	000546	ccb147340416566121e6a31579cb135689115896	3229
train-00003-of-00008.parquet	000547	7dec5550f9779559a9799ac6c41ee89ad094d34c	3014
train-00003-of-00008.parquet	000548	f0bfbf3d65dd06a65ad983f3fffc0232dfd917d1	3541
train-00003-of-00008.parquet	000549	0d57314067b9eb7dfe23c516ee5daad8614bfc6d	2824
train-00003-of-00008.parquet	000550	84f09351a8dbc385048e00283f499c58863c3acd	3811
train-00003-of-00008.parquet	000551	4941567a95f346868aa722a7192230d7acd4b4c8	3098
train-00003-of-00008.parquet	000552	f4f98fbf0533dd04e5563565b089c0833cf1a038	2493
train-00003-of-00008.parquet	000553	38289cfdb23caf8bb29113cbeafb3ebb3fdf9108	3604
train-00003-of-00008.parquet	000554	6222e67dd1345c4a948c22726ead7123f4768bd6	2913
train-00003-of-00008.parquet	000555	15457baa490fb7ca98820eb3242184bbfc72e22e	3525
train-00003-of-00008.parquet	000556	c4c29792399101cb4b992c082cfd40ab9c7a1994	3200
train-00003-of-00008.parquet	000557	2d1f408daf58268428af0f58722ee1ea297c03f4	2702
train-00003-of-00008.parquet	000558	717a053c4f9b9911984dfdc96d378b9011643f46	3487
train-00003-of-00008.parquet	000559	3b977b91bb22920211cba0c34569267d8c4ac0d2	2994
train-00003-of-00008.parquet	000560	b8cc8c6f058c715c837de0a0e922646405b34b58	3410
train-00003-of-00008.parquet	000561	8a7a5f8bea41278890c00a5f81e50926a79a7222	3074
train-00003-of-00008.parquet	000562	de8c9bc9c244bc68a0c91d4f81828c0de946ce9e	3714
train-00003-of-00008.parquet	000563	ef27c66b6f98a518cbff37c9c31999ddd5a7c30d	2556
train-00003-of-00008.parquet	000564	cecd8001217eea2f8a20039b6fea8f8f7f1dcee6	3038
train-00003-of-00008.parquet	000565	3491afd3418c2a1836bb4cfc20cbf2f7ec98ae79	3606
train-00003-of-00008.parquet	000566	261fb937657893e7fd1ebebb9e0c1002ebce62b1	2756
train-00003-of-00008.parquet	000567	731afbf82d7655e7a569002b0e763511d866753d	3757
train-00003-of-00008.parquet	000568	c943f40230c4c86c58a4d0697d295a42e4f9d0fc	3197
train-00003-of-00008.parquet	000569	a5548e97c4b3a765900d0da763cc785702317e47	2729
train-00003-of-00008.parquet	000570	ba63eda6692f697ac21cd01d618c1e2748242de8	3298
train-00003-of-00008.parquet	000571	9e8f53c48a84f41091b63beedcda4be669985424	2994
train-00003-of-00008.parquet	000572	329635a9741004b4d28dfb7a62767ffa09b21829	3419
train-00003-of-00008.parquet	000573	c44b92c141279222249d6393d98dcedd30ddb285	3172
train-00003-of-00008.parquet	000574	d958b89c1287ab9650fd13b91909ecd8f747f884	3113
train-00003-of-00008.parquet	000575	ccb147340416566121e6a31579cb135689115896	3229
train-00003-of-00008.parquet	000576	ce43a826488dc87e96426648bb72bc78236b528f	3008
train-00003-of-00008.parquet	000577	f0bfbf3d65dd06a65ad983f3fffc0232dfd917d1	3541
train-00003-of-00008.parquet	000578	6d0f35aeede45e189c2b00860dfdf6d5d30834d3	2814
train-00003-of-00008.parquet	000579	64af6c305e859f872fda479ba3f058d57f54b944	3810
train-00003-of-00008.parquet	000580	4941567a95f346868aa722a7192230d7acd4b4c8	3098
train-00003-of-00008.parquet	000581	16f447f18135b927af1acd42801928f30e229791	2520
train-00003-of-00008.parquet	000582	38289cfdb23caf8bb29113cbeafb3ebb3fdf9108	3604
train-00003-of-00008.parquet	000583	af5d99f70d3ce6fff690f7497ad4d27e82125823	2900
train-00003-of-00008.parquet	000584	4782be3b175b6671d0e8dbec5d94a613142e0d28	3490
train-00003-of-00008.parquet	000585	e19f710352e6643fba0716dae667e1047698b332	3230
train-00003-of-00008.parquet	000586	2411d1d2371ce325d6bad2513f8eb5d63a5224a6	2700
train-00003-of-00008.parquet	000587	d2955ac307aa397baa93de9f77e0aba2b04b65de	3546
train-00003-of-00008.parquet	000588	994aa4a0d55749209b4bffa1f79f4b57ae9bcaa3	2982
train-00003-of-00008.parquet	000589	dfd0ce9980a4db7683fd2a4e94faa8ff9f35d13c	3383
train-00003-of-00008.parquet	000590	9446db29ef8fcd2c0ceef1611e876a7b39795f3d	3045
train-00003-of-00008.parquet	000591	ae58625197ff273fab2b83193743a98227b62fb5	3787
train-00003-of-00008.parquet	000592	2a26c93a7816d68dc9cea8297f15520668ea8d28	2641
train-00003-of-00008.parquet	000593	353fc81e6d802d8e793e98269149a26e71067cc1	2990
train-00003-of-00008.parquet	000594	6c8d6c5ae44b2d082046118a59c955156bd01eba	3619
train-00003-of-00008.parquet	000595	3c5b139f29b2737e09ecfcce0da92c218ea9f3e7	2815
train-00003-of-00008.parquet	000596	6451ff2c6b36b2612f0674c1ed497faf14099e2a	3651
train-00003-of-00008.parquet	000597	8e8fd9495c159379c66daaaa9107cd59db902e00	3193
train-00003-of-00008.parquet	000598	54266deeaf83ac63b718e47170ebec607ebc1796	2726
train-00003-of-00008.parquet	000599	e27ce44571aa09b1bede37d54b2338bb19a36b4f	3273
train-00003-of-00008.parquet	000600	f0744e98c46fda05b3d221168b051d697d5b877a	3161
train-00003-of-00008.parquet	000601	92ec9a346fefb820932f540e135a45b75e10c19d	3428
train-00003-of-00008.parquet	000602	c7ac316cddab86c41c1912a8582f5725e8a37c78	3129
train-00003-of-00008.parquet	000603	e1292f3e0465193c8c8566287456fdb17f2b5b2d	3662
train-00003-of-00008.parquet	000604	c845cf6f6a1e8ae2f50297fe4201c56effbb0b5d	2630
train-00003-of-00008.parquet	000605	2672289da8c4c794546676c3764d8488c78942a0	3034
train-00003-of-00008.parquet	000606	3491afd3418c2a1836bb4cfc20cbf2f7ec98ae79	3606
train-00003-of-00008.parquet	000607	3945698e354192003d11fa396f2d5f186ebb7185	2744
train-00003-of-00008.parquet	000608	0525e0bc86c5e05e37184653ed9b73e05fa6d508	3755
train-00003-of-00008.parquet	000609	9c6e2d872c0795654dc1b9338cc56a237d40dec9	3160
train-00003-of-00008.parquet	000610	d30546cdffbec260451fd3dfbbd9009b84bdb2f4	2559
train-00003-of-00008.parquet	000611	e27c40a30bb5192b223dcbf0dd4d66618f9f5cdf	3539
train-00003-of-00008.parquet	000612	03f9cec3175a5c28d37666c29331aa11d610f367	2915
train-00003-of-00008.parquet	000613	2521f2ca2969d9f510c631b969dc1ea3d1557252	3469
train-00003-of-00008.parquet	000614	a2b91f03052ecac1e37f0432534815b3b85cb208	3106
train-00003-of-00008.parquet	000615	5f3320b80eda6c5de1d1ed2232d8a634e4cd0af3	3113
train-00003-of-00008.parquet	000616	ccb147340416566121e6a31579cb135689115896	3229
train-00003-of-00008.parquet	000617	a95c0f8da1b91aafc90308d7b718e58b2a4981a5	3022
train-00003-of-00008.parquet	000618	f0bfbf3d65dd06a65ad983f3fffc0232dfd917d1	3541
train-00003-of-00008.parquet	000619	7040661c38b04cc2dd173cfb9b27b5f770b21e11	2824
train-00003-of-00008.parquet	000620	2a8885a4446620ed89a06bfc47d2faa9eff2f296	3810
train-00003-of-00008.parquet	000621	4941567a95f346868aa722a7192230d7acd4b4c8	3098
train-00003-of-00008.parquet	000622	2bce0bdefa86b1e6f0ec633e9577792b971061c2	2531
train-00003-of-00008.parquet	000623	38289cfdb23caf8bb29113cbeafb3ebb3fdf9108	3604
train-00003-of-00008.parquet	000624	e880b0027aefb57618bb25fed3d348d2b78a44fc	2941
train-00003-of-00008.parquet	000625	4782be3b175b6671d0e8dbec5d94a613142e0d28	3490
train-00003-of-00008.parquet	000626	349de779def973bebcf80648664b973f0756c4ba	3226
train-00003-of-00008.parquet	000627	2718f8469dc156a75500dc4722557f9f83da01a1	2698
train-00003-of-00008.parquet	000628	d2955ac307aa397baa93de9f77e0aba2b04b65de	3546
train-00003-of-00008.parquet	000629	32f11de19b6df4bfaf1e081c7a7849be573d6eb7	3002
train-00003-of-00008.parquet	000630	dfd0ce9980a4db7683fd2a4e94faa8ff9f35d13c	3383
train-00003-of-00008.parquet	000631	22de8497c0216205098a66678c2870950227c612	3050
train-00003-of-00008.parquet	000632	e3272a92125f2477c90a5645c66e35d268a6989a	3770
train-00003-of-00008.parquet	000633	2a26c93a7816d68dc9cea8297f15520668ea8d28	2641
train-00003-of-00008.parquet	000634	719e22ec1b0e9fab8fb56e6e68fb096d3065536e	2972
train-00003-of-00008.parquet	000635	6c8d6c5ae44b2d082046118a59c955156bd01eba	3619
train-00003-of-00008.parquet	000636	a8f912eadddd52542f4caf19bf586d0da93593f7	2790
train-00003-of-00008.parquet	000637	6451ff2c6b36b2612f0674c1ed497faf14099e2a	3651
train-00003-of-00008.parquet	000638	a9a4467ad1622beffbc35154e6b771d508cb1b11	3187
train-00003-of-00008.parquet	000639	3cadcd9ebf4c25dfc02be538d0366ffa29c55a3b	2727
train-00003-of-00008.parquet	000640	e27ce44571aa09b1bede37d54b2338bb19a36b4f	3273
train-00003-of-00008.parquet	000641	201d2c73ec70c2da6540e1945c035459c28f4b59	3145
train-00003-of-00008.parquet	000642	92ec9a346fefb820932f540e135a45b75e10c19d	3428
train-00003-of-00008.parquet	000643	afdee8f4e819497e830c9bdc8ab509eac4101014	3111
train-00003-of-00008.parquet	000644	9591260a60a252076427133d9a7ed35810e077ba	3661
train-00003-of-00008.parquet	000645	c845cf6f6a1e8ae2f50297fe4201c56effbb0b5d	2630
train-00003-of-00008.parquet	000646	53e7a354798414c36d663ba122f5a61cc2712dad	3044
train-00003-of-00008.parquet	000647	3491afd3418c2a1836bb4cfc20cbf2f7ec98ae79	3606
train-00003-of-00008.parquet	000648	ed023c7318734ba7a929c8f4ff2b9f2c5f98a8be	2729
train-00003-of-00008.parquet	000649	a472285f64ad970cc7acd67fb08a258228247fbc	3757
train-00003-of-00008.parquet	000650	d64f0412a2d032ee0018323c111999259180e3b6	3204
train-00003-of-00008.parquet	000651	22911ca066a9a8fb13683eff6c2f35629bc75e5d	2738
train-00003-of-00008.parquet	000652	ba63eda6692f697ac21cd01d618c1e2748242de8	3298
train-00003-of-00008.parquet	000653	3b1b72b8cfe19188cf33b21d830418ed7ee72dab	3025
train-00003-of-00008.parquet	000654	b941f9865cca9aa39557a885820e2e4b06c4e0b0	3492
train-00003-of-00008.parquet	000655	2568c016f661895d1c82097c43e635456586b099	3155
train-00003-of-00008.parquet	000656	caf12ee02f2f53eb32fec683549de7c465bafcc6	2987
train-00003-of-00008.parquet	000657	ccb147340416566121e6a31579cb135689115896	3229
train-00003-of-00008.parquet	000658	6afcf1710862bef4f461b8aef7903a11e64b432a	3010
train-00003-of-00008.parquet	000659	f0bfbf3d65dd06a65ad983f3fffc0232dfd917d1	3541
train-00003-of-00008.parquet	000660	cbdb00cf8adf6a6a2ad7b4540030d4cee0fe1948	2824
train-00003-of-00008.parquet	000661	8124c62faeafb59e164c84e24b8440db39ae9d42	3810
train-00003-of-00008.parquet	000662	4941567a95f346868aa722a7192230d7acd4b4c8	3098
train-00003-of-00008.parquet	000663	a454f88aac20630b75c659662cd86313c5c7252a	2505
train-00003-of-00008.parquet	000664	38289cfdb23caf8bb29113cbeafb3ebb3fdf9108	3604
train-00003-of-00008.parquet	000665	e013140ed91ecb316a27f0487a2c1597ce3e662a	2924
train-00003-of-00008.parquet	000666	4782be3b175b6671d0e8dbec5d94a613142e0d28	3490
train-00003-of-00008.parquet	000667	88e83b461f4ffd5be952a96e7de4371f10de3b8c	3220
train-00003-of-00008.parquet	000668	4e7557fb3498bdc4d3f44c00a836e88a5dcefb66	2683
train-00003-of-00008.parquet	000669	d2955ac307aa397baa93de9f77e0aba2b04b65de	3546
train-00003-of-00008.parquet	000670	fe729f2cdc86a0a92e746a312c2cbca00afcaaca	2950
train-00003-of-00008.parquet	000671	dfd0ce9980a4db7683fd2a4e94faa8ff9f35d13c	3383
train-00003-of-00008.parquet	000672	ba1cc5eca8add8de2975657fea20698999515cf4	3062
train-00003-of-00008.parquet	000673	56365224a06ad0ff94f4c5c22e608a1901d80411	3787
train-00003-of-00008.parquet	000674	2a26c93a7816d68dc9cea8297f15520668ea8d28	2641
train-00003-of-00008.parquet	000675	6ef0406cba463f02499b2f2026c4c5ff0c2a2885	2993
train-00003-of-00008.parquet	000676	6c8d6c5ae44b2d082046118a59c955156bd01eba	3619
train-00003-of-00008.parquet	000677	7348d7ecb3a367cc83ce4d9c88c8f359272e97d9	2780
train-00003-of-00008.parquet	000678	6451ff2c6b36b2612f0674c1ed497faf14099e2a	3651
train-00003-of-00008.parquet	000679	5d9ff2b30c08878cfdfd182c787e33e50e0d4be9	3217
train-00003-of-00008.parquet	000680	893ad75a4ca6e91308748ead467dd5504032385c	2708
train-00003-of-00008.parquet	000681	e27ce44571aa09b1bede37d54b2338bb19a36b4f	3273
train-00003-of-00008.parquet	000682	58ec45017f893f2afeb9872ec7e39f799594ac89	3167
train-00003-of-00008.parquet	000683	92ec9a346fefb820932f540e135a45b75e10c19d	3428
train-00003-of-00008.parquet	000684	3d3c482b4759c9b7bab316db9ea67a1be5d72ca4	3113
train-00003-of-00008.parquet	000685	0d9863e91245ddb155cd557bc86ca496700fd24c	3575
train-00003-of-00008.parquet	000686	e94bbb4c6887e5924375450ee448dbb784747def	2695
train-00003-of-00008.parquet	000687	25bf922193f0b976ce4c9f7474d906f52b0d47b5	3057
train-00003-of-00008.parquet	000688	a1bea1c41b1676eec7324ca7e18dd157e986c3e9	3565
train-00003-of-00008.parquet	000689	e3ea7330cecdf31eafc71b73a44724f682767299	2850
train-00003-of-00008.parquet	000690	42faefac267a8923a64bf40a637da17c37388100	3725
train-00003-of-00008.parquet	000691	68e1406977188ec13e76a3737a16213f37882e3b	3174
train-00003-of-00008.parquet	000692	7e1036e9cb3ec5dc842e80ebe1b53ea5bcc11fce	2659
train-00003-of-00008.parquet	000693	fe17d18a769b94002f0d2f6155f1c1ffb4264c97	3413
train-00003-of-00008.parquet	000694	b64f9dcc790492e7c0624bd0d23d768545b0d611	2915
train-00003-of-00008.parquet	000695	42f30b5a0117913d2b5c70594b6d62b9df628e99	3452
train-00003-of-00008.parquet	000696	7b1d74ed749aa5fa0e4602d88f13a786df4cccd0	3130
train-00003-of-00008.parquet	000697	fca4261575e78ede3478876d5f524fdab221124c	3115
train-00003-of-00008.parquet	000698	ccb147340416566121e6a31579cb135689115896	3229
train-00003-of-00008.parquet	000699	f311f99d0b552fa3561d17eafd88f58d3632249b	3010
train-00003-of-00008.parquet	000700	f0bfbf3d65dd06a65ad983f3fffc0232dfd917d1	3541
train-00003-of-00008.parquet	000701	d301630c655d5ed18d89c68d99f29cec69836c5e	2822
train-00003-of-00008.parquet	000702	488adeebbfc074bfad61bb87ec93ad49d684f333	3810
train-00003-of-00008.parquet	000703	4941567a95f346868aa722a7192230d7acd4b4c8	3098
train-00003-of-00008.parquet	000704	e6e9d93b8abbf6f40d341527b68c863f6f7d9152	2553
train-00003-of-00008.parquet	000705	38289cfdb23caf8bb29113cbeafb3ebb3fdf9108	3604
train-00003-of-00008.parquet	000706	c8eab9e8c050ae0f89b252341bed86a5777e8f92	2897
train-00003-of-00008.parquet	000707	4782be3b175b6671d0e8dbec5d94a613142e0d28	3490
train-00003-of-00008.parquet	000708	dcf3ed092897b1cd4e97aa5169652c6605d6a5c6	3206
train-00003-of-00008.parquet	000709	b86928004752cdf92513b1b6ee8d0d23ea761a70	2699
train-00003-of-00008.parquet	000710	d2955ac307aa397baa93de9f77e0aba2b04b65de	3546
train-00003-of-00008.parquet	000711	7ff147291191106edd04583b16a8260874ae4fc4	2968
train-00003-of-00008.parquet	000712	dfd0ce9980a4db7683fd2a4e94faa8ff9f35d13c	3383
train-00003-of-00008.parquet	000713	50a7d6211b4ac8d5d9872876cc811c2be53c1681	3062
train-00003-of-00008.parquet	000714	65564a538a071ec971d5fe5620b40e90e14b1adc	3788
train-00003-of-00008.parquet	000715	2a26c93a7816d68dc9cea8297f15520668ea8d28	2641
train-00003-of-00008.parquet	000716	6a6367ff1beab7fa32a58940efa159109130b039	2963
train-00003-of-00008.parquet	000717	6c8d6c5ae44b2d082046118a59c955156bd01eba	3619
train-00003-of-00008.parquet	000718	dce5f5fdb8405c60226d62e6d6b1750333c2e3ee	2773
train-00003-of-00008.parquet	000719	6451ff2c6b36b2612f0674c1ed497faf14099e2a	3651
train-00003-of-00008.parquet	000720	81c5477ac83bd47f5b61f108ed68a07b8ac1c11f	3171
train-00003-of-00008.parquet	000721	c5841049e85cf3506f37ef394aba7473d4c3e4d6	2727
train-00003-of-00008.parquet	000722	e27ce44571aa09b1bede37d54b2338bb19a36b4f	3273
train-00003-of-00008.parquet	000723	97f0248e1e763d835f64f7beb55e2f11d4aeefe2	3155
train-00003-of-00008.parquet	000724	92ec9a346fefb820932f540e135a45b75e10c19d	3428
train-00003-of-00008.parquet	000725	934dc1f1bed15a7e3a396cc9edcbbd3654c660d6	3136
train-00003-of-00008.parquet	000726	bc9253cfba9e8c2120a35f34ae2af4fccc4d48d0	3662
train-00003-of-00008.parquet	000727	c845cf6f6a1e8ae2f50297fe4201c56effbb0b5d	2630
train-00003-of-00008.parquet	000728	9729e72b859d5dfc41a8b274cefa1be4bf74b881	3019
train-00003-of-00008.parquet	000729	a1bea1c41b1676eec7324ca7e18dd157e986c3e9	3565
train-00003-of-00008.parquet	000730	94a98a73b300d4bd4509cdaddb70310de441213b	2849
train-00003-of-00008.parquet	000731	ad5dee88c8035e78dd60b410a6a9e7cb179f1d6a	3725
train-00003-of-00008.parquet	000732	0ebc14962d54b52f709e77ca07a627f5d9ce33a2	3185
train-00003-of-00008.parquet	000733	a1c1333fe80a8c770fe6bc2cbb26fe7577e05707	2652
train-00003-of-00008.parquet	000734	fe17d18a769b94002f0d2f6155f1c1ffb4264c97	3413
train-00003-of-00008.parquet	000735	8eda0e629c41c58a5426ca1ae398ef8da846b7ce	2910
train-00003-of-00008.parquet	000736	2521f2ca2969d9f510c631b969dc1ea3d1557252	3469
train-00003-of-00008.parquet	000737	290d4f8b80c3f3b08e81b11477b1559eb0b741b7	3144
train-00003-of-00008.parquet	000738	8dbd010a89c123029de6c468262108d9a929a41d	3114
train-00003-of-00008.parquet	000739	ccb147340416566121e6a31579cb135689115896	3229
train-00003-of-00008.parquet	000740	0d6a960c0938b8aa6d3a2b809ee2a353f2dc8836	2995
train-00003-of-00008.parquet	000741	f611e674fa6a5b5584c16cf1e364a4c213494c0c	3528
train-00003-of-00008.parquet	000742	aaac2c7ff8c41c929f37c850d2e0de70d3893fd3	2832
train-00003-of-00008.parquet	000743	8c4cd89716e52752ff983b2f680b6689fb18761d	3810
train-00003-of-00008.parquet	000744	4941567a95f346868aa722a7192230d7acd4b4c8	3098
train-00003-of-00008.parquet	000745	bc774083b566b1ff42f2365e7ffa37f9878c4dbb	2484
train-00003-of-00008.parquet	000746	38289cfdb23caf8bb29113cbeafb3ebb3fdf9108	3604
train-00003-of-00008.parquet	000747	1858ea9216a27297795e919d42c47698e447d712	2950
train-00003-of-00008.parquet	000748	4782be3b175b6671d0e8dbec5d94a613142e0d28	3490
train-00003-of-00008.parquet	000749	bba75fd3f11bb6dbd66ddade5b8f7b3d1bc1b6cb	3226
train-00003-of-00008.parquet	000750	3aa35b8c24f10c57c351fed96431d31510e50b80	2699
train-00003-of-00008.parquet	000751	d2955ac307aa397baa93de9f77e0aba2b04b65de	3546
train-00003-of-00008.parquet	000752	f838d53dd580642a8c2f4a2a54430b1aa590e640	2978
train-00003-of-00008.parquet	000753	dfd0ce9980a4db7683fd2a4e94faa8ff9f35d13c	3383
train-00003-of-00008.parquet	000754	2d404d78f9a3496d84eed1c510845fa6a8a6a3f6	3070
train-00003-of-00008.parquet	000755	399ac8e90bfa5603a2db63e41f4ec791308fefa9	3788
train-00003-of-00008.parquet	000756	2a26c93a7816d68dc9cea8297f15520668ea8d28	2641
train-00003-of-00008.parquet	000757	68ed381c0e98858d7bcf0ec17690d8001392f365	2966
train-00003-of-00008.parquet	000758	6c8d6c5ae44b2d082046118a59c955156bd01eba	3619
train-00003-of-00008.parquet	000759	7f6fbd0d007a2a1f3fc0b3fbf4c2e644a78afdb4	2781
train-00003-of-00008.parquet	000760	6451ff2c6b36b2612f0674c1ed497faf14099e2a	3651
train-00003-of-00008.parquet	000761	13a4c7a9cd4a48cce6fd2024ec7a6f742fed03bb	3181
train-00003-of-00008.parquet	000762	a642b5083289c543dd5d086942b90caf14ad9dd9	2725
train-00003-of-00008.parquet	000763	e27ce44571aa09b1bede37d54b2338bb19a36b4f	3273
train-00003-of-00008.parquet	000764	0ae9f6eff7bf9ca17af3363aaa456792e2e64a45	3131
train-00003-of-00008.parquet	000765	90802295b35fd2209ddbbed66266c4d8372a21c0	3411
train-00003-of-00008.parquet	000766	fbeb010f85c28a88700b4fb66057baf8f4b312ec	3118
train-00003-of-00008.parquet	000767	621438d2108d8024a2e6dfa09730b0f432f613a1	3662
train-00003-of-00008.parquet	000768	c845cf6f6a1e8ae2f50297fe4201c56effbb0b5d	2630
train-00003-of-00008.parquet	000769	98b98f35fa790b380dcd5ccae4a9aa40faf84297	3024
train-00003-of-00008.parquet	000770	3491afd3418c2a1836bb4cfc20cbf2f7ec98ae79	3606
train-00003-of-00008.parquet	000771	516eff9105f5b2b30fa937e5ab6fe2f43ff5be22	2743
train-00003-of-00008.parquet	000772	6e616a1479b18618ae67e1a6fa256b949585592f	3757
train-00003-of-00008.parquet	000773	7e5cdd5f36554a5224ca9c8904d1597eb7414c7f	3197
train-00003-of-00008.parquet	000774	e49dcba5f6e0c96927b29d8498f56dbd702295c5	2712
train-00003-of-00008.parquet	000775	ba63eda6692f697ac21cd01d618c1e2748242de8	3298
train-00003-of-00008.parquet	000776	a5f5805fc5a3e2a06a298cde7ff98e4ddad97700	3001
train-00003-of-00008.parquet	000777	b941f9865cca9aa39557a885820e2e4b06c4e0b0	3492
train-00003-of-00008.parquet	000778	5727add09ada949551ae923f2695ae1d124f51fd	3199
train-00003-of-00008.parquet	000779	c86b168e90f54590e5fa3bd7bba431ba914e6d85	3361
train-00003-of-00008.parquet	000780	3b955b3a67e0f84d4888f827562f9aada0836eac	2883
train-00003-of-00008.parquet	000781	bf041d04d63a0f886c3844b9cd016ca2f5c1d6e6	2945
train-00003-of-00008.parquet	000782	64a7f4f14d184e0d7fdca67098cbf35ffc50c257	3596
train-00003-of-00008.parquet	000783	92c81d0561a14f30f24b8399d74d5977d2863a56	2867
train-00003-of-00008.parquet	000784	a11552ce0308b70959c67b9dc254df52a661b1d3	3753
train-00003-of-00008.parquet	000785	57326ebce2660164dee8a29991039acdb14440d8	3074
train-00003-of-00008.parquet	000786	c63595c63b97748fdc936be806792c3baa0626be	2505
train-00003-of-00008.parquet	000787	d05549df1faa4d8cdc2dab434b5d746e9c26df14	3621
train-00003-of-00008.parquet	000788	06b1eeb3117c12f182cee2d9eb83b0f11523e957	2918
train-00003-of-00008.parquet	000789	403cb5c941866d6405dcca6023b869961eb3252f	3512
train-00003-of-00008.parquet	000790	c6426ba3cf651413f6d9750582f421ff6365abf1	3125
train-00003-of-00008.parquet	000791	20933d17eb05d1c4dcb4febc6c19bc79e08a451a	2846
train-00003-of-00008.parquet	000792	bec1c3842fe50d5d2e6e6af32a01f58a326cc746	3447
train-00003-of-00008.parquet	000793	b1f87dd8d4822b718bc695413a486f64ad0a31c2	2935
train-00003-of-00008.parquet	000794	71d93dc24950f21ec8e0364fd6c1b4b737271cbe	3322
train-00003-of-00008.parquet	000795	2443dc24136d789fbbdf7d1d6ab839865c9fe668	3104
train-00003-of-00008.parquet	000796	95f014b6793b17b3ba2dc87ba4b176d1d757eeaa	3750
train-00003-of-00008.parquet	000797	835ce0aa9596e9262fec498fddace28e566e9945	2745
train-00003-of-00008.parquet	000798	06fce8d2d99418f7e544c85f803844379820a29b	2866
train-00003-of-00008.parquet	000799	d9e78d141e94682301581a63187ee77a71bb475b	3622
train-00003-of-00008.parquet	000800	bb46d9a38bbbbda5b1baf1e7f96acfbd8a14e59b	2837
train-00003-of-00008.parquet	000801	25f3e0870530890c112b6cb00f97cb63a39983ac	3606
train-00003-of-00008.parquet	000802	8d0df88f3ac17e1b5d0a1e21a681c92f6212d84f	3184
train-00003-of-00008.parquet	000803	b1caaf766715372729ac3ef5b52ca37fc3dca6ce	2727
train-00003-of-00008.parquet	000804	d0e596c2485da437ccd723bc9f98270de25b94b4	3389
train-00003-of-00008.parquet	000805	05038a2e5c26a6243dcb9fd0cd00d65953866111	3045
train-00003-of-00008.parquet	000806	2c8434d0af679681dd2ea28359985f53013ceb2f	3444
train-00003-of-00008.parquet	000807	462dfa2c3cf1b95fe2fa5a9794cfbf0a38f813bb	3127
train-00003-of-00008.parquet	000808	d3b87dd12d78b2252c098d22bb4d5cc95524fbf5	3714
train-00003-of-00008.parquet	000809	ef27c66b6f98a518cbff37c9c31999ddd5a7c30d	2556
train-00003-of-00008.parquet	000810	b936085175c18672409a91faa092b6f2e283c32c	3034
train-00003-of-00008.parquet	000811	3491afd3418c2a1836bb4cfc20cbf2f7ec98ae79	3606
train-00003-of-00008.parquet	000812	cc37ec24ae1511ad216e55a03b0ea5f70e236fff	2744
train-00003-of-00008.parquet	000813	39119656f835c064e8a640e03319d26c3210bbf6	3757
train-00003-of-00008.parquet	000814	3dac39cc17088c46d186dd05e6fdda6ac773a34d	3197
train-00003-of-00008.parquet	000815	e038359934512809c274b8cb7abb5d8a0bc5126a	2731
train-00003-of-00008.parquet	000816	ba63eda6692f697ac21cd01d618c1e2748242de8	3298
train-00003-of-00008.parquet	000817	36cf21bbc4cc8fc916d104d5db98ecf4d3db6b04	3011
train-00003-of-00008.parquet	000818	b941f9865cca9aa39557a885820e2e4b06c4e0b0	3492
train-00003-of-00008.parquet	000819	ff095141f0833cebf4450161b1c5ab25925ebd65	3167
train-00003-of-00008.parquet	000820	21465bdb05f88c6f8d3f484604ea9c770b304349	3362
train-00003-of-00008.parquet	000821	3b955b3a67e0f84d4888f827562f9aada0836eac	2883
train-00003-of-00008.parquet	000822	8a9667dae10051ed0025960472b9b70ca145671b	2968
train-00003-of-00008.parquet	000823	64a7f4f14d184e0d7fdca67098cbf35ffc50c257	3596
train-00003-of-00008.parquet	000824	3da6af4405458de817fc9f529a2e096368dcef36	2889
train-00003-of-00008.parquet	000825	3bd467c68207faa6eaf086414826518af58aa840	3753
train-00003-of-00008.parquet	000826	57326ebce2660164dee8a29991039acdb14440d8	3074
train-00003-of-00008.parquet	000827	ecebc135cbd050f31e881b4e1a55f7ef1be35e49	2528
train-00003-of-00008.parquet	000828	d05549df1faa4d8cdc2dab434b5d746e9c26df14	3621
train-00003-of-00008.parquet	000829	71752b4651df6c55521e835537ec52bd643897ab	2919
train-00003-of-00008.parquet	000830	403cb5c941866d6405dcca6023b869961eb3252f	3512
train-00003-of-00008.parquet	000831	5c23f0fc2d833ec40572d0fa0f4c6bd960c4fc9a	3147
train-00003-of-00008.parquet	000832	5865c9557aec00871b86ee1894c0dac8b712e50a	2846
train-00003-of-00008.parquet	000833	bec1c3842fe50d5d2e6e6af32a01f58a326cc746	3447
train-00003-of-00008.parquet	000834	ee5bf11a1744e852fa4b4db3ddd16b4b0c656756	2957
train-00003-of-00008.parquet	000835	71d93dc24950f21ec8e0364fd6c1b4b737271cbe	3322
train-00003-of-00008.parquet	000836	a40f261729369a3d77a13a3d63327bd7113c8f35	3091
train-00003-of-00008.parquet	000837	6924b46da518bd1257116c427528d26338498d25	3739
train-00003-of-00008.parquet	000838	30f046e4984a21c0aeafe0fca8882ad0f2fde5f7	2540
train-00003-of-00008.parquet	000839	c269160558ebfd7a7e333a8b4fc97ec8d7aa1b14	3086
train-00003-of-00008.parquet	000840	f76272bed64dcc167ebd0d762f55fdb6a80f241f	3619
train-00003-of-00008.parquet	000841	54fd7d2b767e072db2f34caca315024d7ef3c860	2691
train-00003-of-00008.parquet	000842	057f90246d1861b1c58892ee3510440ff0f3508c	3777
train-00003-of-00008.parquet	000843	6cfa95579a397feb88530c588ab6130916dab187	3203
train-00003-of-00008.parquet	000844	7d2859bbb2f45a90f3ec9e481487f8c3998a0b44	2725
train-00003-of-00008.parquet	000845	e27ce44571aa09b1bede37d54b2338bb19a36b4f	3273
train-00003-of-00008.parquet	000846	d20a129ac469d596941b4cfd7c4f4fba7467d5f3	3133
train-00003-of-00008.parquet	000847	a88e2688880f9745c6511f7cb5e235a990eef5b1	3426
train-00003-of-00008.parquet	000848	3e1dfc095cf1d43a55f222311f489697d4f018b5	3131
train-00003-of-00008.parquet	000849	ef767f726adb767e1c07c6b4d9169ef394f6e443	3438
train-00003-of-00008.parquet	000850	cc939bc4a2ebc30dca4ffb3add4599e50553ef42	2796
train-00003-of-00008.parquet	000851	0db9e14512c18a43a7853d788b121873f0389b12	2989
train-00003-of-00008.parquet	000852	c4801f94e2d45a81d684b7f7389112f57296e656	3579
train-00003-of-00008.parquet	000853	2016a65f6a7fd80ada0bd97a3cc2d56ff013dc74	2899
train-00003-of-00008.parquet	000854	d30341a48323f79df24dd4463bfcfdc2d8b46b92	3729
train-00003-of-00008.parquet	000855	23a6bae8ad99e7bae2c12940fcc6761c173af43d	3155
train-00003-of-00008.parquet	000856	ac0db6dd62929352974f365c1b926a14e2853110	2553
train-00003-of-00008.parquet	000857	e27c40a30bb5192b223dcbf0dd4d66618f9f5cdf	3539
train-00003-of-00008.parquet	000858	8cd46a142e5876e4c46426b389ea3729084f9dd8	2923
train-00003-of-00008.parquet	000859	2521f2ca2969d9f510c631b969dc1ea3d1557252	3469
train-00003-of-00008.parquet	000860	a8b1260bd0ae513b9d96c7fbf69524d9513fa47d	3126
train-00003-of-00008.parquet	000861	9cb3294c4543e7105be484152e43b347607f9178	3113
train-00003-of-00008.parquet	000862	ccb147340416566121e6a31579cb135689115896	3229
train-00003-of-00008.parquet	000863	a34ca65906e3ac97073bea1b0c3eb8b03b5972fa	3022
train-00003-of-00008.parquet	000864	f0bfbf3d65dd06a65ad983f3fffc0232dfd917d1	3541
train-00003-of-00008.parquet	000865	6c7e3d4ddf4f0688ff75cfaf8b11c3080605b82d	2850
train-00003-of-00008.parquet	000866	c388572cd1a8b699f87cfcabf6b4818ed26a0d66	3810
train-00003-of-00008.parquet	000867	4941567a95f346868aa722a7192230d7acd4b4c8	3098
train-00003-of-00008.parquet	000868	7f5de03ce5ddef4292abd6048c04dd1b10ce6dc8	2533
train-00003-of-00008.parquet	000869	38289cfdb23caf8bb29113cbeafb3ebb3fdf9108	3604
train-00003-of-00008.parquet	000870	3aac56e9451630a30323e63d784ed7545d19dcf5	2897
train-00003-of-00008.parquet	000871	4782be3b175b6671d0e8dbec5d94a613142e0d28	3490
train-00003-of-00008.parquet	000872	afd2b26ade183fad57b54db03450beebc73a81aa	3228
train-00003-of-00008.parquet	000873	ec413569a9c88768d1033dcf3df57e8a24f98385	2700
train-00003-of-00008.parquet	000874	d2955ac307aa397baa93de9f77e0aba2b04b65de	3546
train-00003-of-00008.parquet	000875	6605a3e56250a73d8644d427e2435f2f1ece48d8	2950
train-00003-of-00008.parquet	000876	dfd0ce9980a4db7683fd2a4e94faa8ff9f35d13c	3383
train-00003-of-00008.parquet	000877	c0213064e3b5cbf22e35bd1c932cedc4c619a7eb	3063
train-00003-of-00008.parquet	000878	965fdf19374f536dc34cadf75d0765bb5c8578e0	3788
train-00003-of-00008.parquet	000879	2a26c93a7816d68dc9cea8297f15520668ea8d28	2641
train-00003-of-00008.parquet	000880	a5acc3484563894a090ee9540a1423a568e43523	2950
train-00003-of-00008.parquet	000881	6c8d6c5ae44b2d082046118a59c955156bd01eba	3619
train-00003-of-00008.parquet	000882	acd85dc3917effe53662d21e3c0ad389dbf965b2	2798
train-00003-of-00008.parquet	000883	6451ff2c6b36b2612f0674c1ed497faf14099e2a	3651
train-00003-of-00008.parquet	000884	c31d8b77af9b4fe1950f2d6de56329bd61657d0b	3197
train-00003-of-00008.parquet	000885	25910609b0f2f29a97a6715828380405efcc60ea	2712
train-00003-of-00008.parquet	000886	e27ce44571aa09b1bede37d54b2338bb19a36b4f	3273
train-00003-of-00008.parquet	000887	5531bc5054b7718a112678a52e19afee6cc0b08e	3145
train-00003-of-00008.parquet	000888	92ec9a346fefb820932f540e135a45b75e10c19d	3428
train-00003-of-00008.parquet	000889	8c1ad8b1039ff531f43d7530575d2bcba07e11cd	3121
train-00003-of-00008.parquet	000890	94db54fc6ebc82b677bdb10c0037ca9bbdf36678	3661
train-00003-of-00008.parquet	000891	c845cf6f6a1e8ae2f50297fe4201c56effbb0b5d	2630
train-00003-of-00008.parquet	000892	53d1495c9e72d878cbcecfabf4f334875489b633	3052
train-00003-of-00008.parquet	000893	3491afd3418c2a1836bb4cfc20cbf2f7ec98ae79	3606
train-00003-of-00008.parquet	000894	7bfe694c2af62dbd75e734d2a712c72194c1786e	2727
train-00003-of-00008.parquet	000895	2634356c2544760c6a20f9f58488a80034ee0c32	3757
train-00003-of-00008.parquet	000896	3b62493306bc15d7ad75ac9e24e3041b7a973312	3196
train-00003-of-00008.parquet	000897	b3f6cf167890717a1438a8062e49e3b00c540d30	2729
train-00003-of-00008.parquet	000898	ba63eda6692f697ac21cd01d618c1e2748242de8	3298
train-00003-of-00008.parquet	000899	dfa597514f4b65ebee7dcb3c2be1b909b928e5f8	3007
train-00003-of-00008.parquet	000900	b941f9865cca9aa39557a885820e2e4b06c4e0b0	3492
train-00003-of-00008.parquet	000901	de6f53ed22a93abae53ea1a98f274bd4912980b7	3187
train-00003-of-00008.parquet	000902	783d5b4aa12254bc7b6c6a56eb4ddda961266717	3363
train-00003-of-00008.parquet	000903	3b955b3a67e0f84d4888f827562f9aada0836eac	2883
train-00003-of-00008.parquet	000904	53fc235286cf63053022b1e39ae49d953b45af9f	2966
train-00003-of-00008.parquet	000905	64a7f4f14d184e0d7fdca67098cbf35ffc50c257	3596
train-00003-of-00008.parquet	000906	a9b25cae809bfc79e2d8ea2352ac914936c6c74d	2890
train-00003-of-00008.parquet	000907	104a4dad8ff24c7a4255805556d3b9fec1a34cd4	3753
train-00003-of-00008.parquet	000908	57326ebce2660164dee8a29991039acdb14440d8	3074
train-00003-of-00008.parquet	000909	93feae0ad342e6f42668ea3f8de16e6f9c8f2cbc	2522
train-00003-of-00008.parquet	000910	d05549df1faa4d8cdc2dab434b5d746e9c26df14	3621
train-00003-of-00008.parquet	000911	9f5e8134d9372e42a40aea856d01485fcd2909aa	2936
train-00003-of-00008.parquet	000912	403cb5c941866d6405dcca6023b869961eb3252f	3512
train-00003-of-00008.parquet	000913	c697f4048f4f684926376849c80b2f158e17c587	3133
train-00003-of-00008.parquet	000914	77b51e30df252877eee48509b96fc953ecc77cad	2847
train-00003-of-00008.parquet	000915	bec1c3842fe50d5d2e6e6af32a01f58a326cc746	3447
train-00003-of-00008.parquet	000916	ffa3af6f77aeb8b74f49fa9e75cc7734cd2c7b59	2988
train-00003-of-00008.parquet	000917	71d93dc24950f21ec8e0364fd6c1b4b737271cbe	3322
train-00003-of-00008.parquet	000918	839beccbee858ec8c2e990ba0453739492715ec4	3097
train-00003-of-00008.parquet	000919	7098d46e35102ae8093a2869338e65ab3275fff7	3766
train-00003-of-00008.parquet	000920	835ce0aa9596e9262fec498fddace28e566e9945	2745
train-00003-of-00008.parquet	000921	7420672421e387898370a0e3f6244577ba8dc138	2851
train-00003-of-00008.parquet	000922	d9e78d141e94682301581a63187ee77a71bb475b	3622
train-00003-of-00008.parquet	000923	b7dc14b6d50b96b72bbfafc82574fe1b921c8758	2816
train-00003-of-00008.parquet	000924	25f3e0870530890c112b6cb00f97cb63a39983ac	3606
train-00003-of-00008.parquet	000925	92a1eaf9c47644ce53aa478b7b1ded981ba6b404	3216
train-00003-of-00008.parquet	000926	2869190b7ad2841580b1ed09372f96e1803b55a6	2709
train-00003-of-00008.parquet	000927	d0e596c2485da437ccd723bc9f98270de25b94b4	3389
train-00003-of-00008.parquet	000928	677535a52259762415485f8f5ccfae9a973fb2e6	3009
train-00003-of-00008.parquet	000929	2c8434d0af679681dd2ea28359985f53013ceb2f	3444
train-00003-of-00008.parquet	000930	31b002f6dde3e82a98663770140fbc10edc3808d	3103
train-00003-of-00008.parquet	000931	25527017c5266fda83e80a4ba1afb5cde4ae8b4f	3714
train-00003-of-00008.parquet	000932	ef27c66b6f98a518cbff37c9c31999ddd5a7c30d	2556
train-00003-of-00008.parquet	000933	dbf7e6e9533446827e875a07c1421db975f88073	3020
train-00003-of-00008.parquet	000934	3491afd3418c2a1836bb4cfc20cbf2f7ec98ae79	3606
train-00003-of-00008.parquet	000935	15b75444b48fcc5a1552fbf7f32fea8d7def3fc0	2750
train-00003-of-00008.parquet	000936	01af9044c55e7325c1fd477169bfc0b7622815e8	3757
train-00003-of-00008.parquet	000937	7117cd69233f533a31a24b9ee84d580627b373ef	3207
train-00003-of-00008.parquet	000938	56f931436f3b705dc4415b4ec83e8c312487bc88	2739
train-00003-of-00008.parquet	000939	ba63eda6692f697ac21cd01d618c1e2748242de8	3298
train-00003-of-00008.parquet	000940	89bbe8c5fe9c881e688349bbccd08ba376b9f368	2999
train-00003-of-00008.parquet	000941	b941f9865cca9aa39557a885820e2e4b06c4e0b0	3492
train-00003-of-00008.parquet	000942	7829116eed21f2cce9ef3f8ae28fe9ae54ba3560	3165
train-00003-of-00008.parquet	000943	a7a940ecaf28cf202282c7c9804ddecf6b3e7fc2	3361
train-00003-of-00008.parquet	000944	3b955b3a67e0f84d4888f827562f9aada0836eac	2883
train-00003-of-00008.parquet	000945	35b111e9fc240872f73375d284bfd6dd78943a3f	2948
train-00003-of-00008.parquet	000946	64a7f4f14d184e0d7fdca67098cbf35ffc50c257	3596
train-00003-of-00008.parquet	000947	b6c2bf8618dc67bf3e57733f183a5f40fae573c3	2891
train-00003-of-00008.parquet	000948	d445294fb2093a76c91e87802b068a536ab3bcb1	3753
train-00003-of-00008.parquet	000949	57326ebce2660164dee8a29991039acdb14440d8	3074
train-00003-of-00008.parquet	000950	8011bbbf1329a975b53af1ab4e042c0b4e547a96	2519
train-00003-of-00008.parquet	000951	d05549df1faa4d8cdc2dab434b5d746e9c26df14	3621
train-00003-of-00008.parquet	000952	78fcd8cc925c403886d3b36a3c667bd894d4bf17	2935
train-00003-of-00008.parquet	000953	403cb5c941866d6405dcca6023b869961eb3252f	3512
train-00003-of-00008.parquet	000954	b996219050888a44bb833ab3300e0b2e9d020188	3135
train-00003-of-00008.parquet	000955	7e08aafa5f64c2eb0c296c5ac7e58ba800cb646c	2846
train-00003-of-00008.parquet	000956	bec1c3842fe50d5d2e6e6af32a01f58a326cc746	3447
train-00003-of-00008.parquet	000957	32e01a3f3f20aa61ea8019162360303f23750040	2972
train-00003-of-00008.parquet	000958	71d93dc24950f21ec8e0364fd6c1b4b737271cbe	3322
train-00003-of-00008.parquet	000959	0b3f4549ca65c7d0ae42ce493db587a76517863c	3115
train-00003-of-00008.parquet	000960	13311cee4d73ec2f4f42227e7282f457bf87a878	3740
train-00003-of-00008.parquet	000961	30f046e4984a21c0aeafe0fca8882ad0f2fde5f7	2540
train-00003-of-00008.parquet	000962	9a7d113b9cb2c6b6d38e47cfa520b2c2b5826169	3068
train-00003-of-00008.parquet	000963	f76272bed64dcc167ebd0d762f55fdb6a80f241f	3619
train-00003-of-00008.parquet	000964	07007192bad3014b387e750b375c369cf103e6cb	2719
train-00003-of-00008.parquet	000965	057f90246d1861b1c58892ee3510440ff0f3508c	3777
train-00003-of-00008.parquet	000966	252ab583154fb620863ed6c0a93dca5e8690b14d	3191
train-00003-of-00008.parquet	000967	192830d204d8f18b1952185f2bb7fb9099f22766	2725
train-00003-of-00008.parquet	000968	e27ce44571aa09b1bede37d54b2338bb19a36b4f	3273
train-00003-of-00008.parquet	000969	9a53fe6504d3b03b59dc6d0bc6d705b617750c41	3145
train-00003-of-00008.parquet	000970	92ec9a346fefb820932f540e135a45b75e10c19d	3428
train-00003-of-00008.parquet	000971	2586f3ed01e8c25ac49c98d018728c808168c29b	3151
train-00003-of-00008.parquet	000972	02a5feb5ffabe1d23faef29302212a1849270493	3662
train-00003-of-00008.parquet	000973	c845cf6f6a1e8ae2f50297fe4201c56effbb0b5d	2630
train-00003-of-00008.parquet	000974	f8dca17e3ed7fcb8a53732109f0e4078900c189f	3042
train-00003-of-00008.parquet	000975	3491afd3418c2a1836bb4cfc20cbf2f7ec98ae79	3606
train-00003-of-00008.parquet	000976	0ad61d9077368cf9cfbe252987c97a52a4d491d7	2758
train-00003-of-00008.parquet	000977	4612d1d5447407eea5aed5ae64abc9f9a24b26c6	3757
train-00003-of-00008.parquet	000978	55e3be1aaca04701110e6ba8219834b9cf8d6a6b	3178
train-00003-of-00008.parquet	000979	41c2b48dfe6fbc3da24e6f6f58f6146a86fd1227	2709
train-00003-of-00008.parquet	000980	ba63eda6692f697ac21cd01d618c1e2748242de8	3298
train-00003-of-00008.parquet	000981	bd5ceae06e1f3c294f870cfc2fa46c8188885355	3013
train-00003-of-00008.parquet	000982	b941f9865cca9aa39557a885820e2e4b06c4e0b0	3492
train-00003-of-00008.parquet	000983	74dffe01fe5c5722822a617cbdfa2a409853ba14	3163
train-00003-of-00008.parquet	000984	23bb955b48ecdba69e2b11009395f4a4554863e8	3361
train-00003-of-00008.parquet	000985	3b955b3a67e0f84d4888f827562f9aada0836eac	2883
train-00003-of-00008.parquet	000986	9c762749133bd0ca2511d80e422d195025888ed5	2971
train-00003-of-00008.parquet	000987	64a7f4f14d184e0d7fdca67098cbf35ffc50c257	3596
train-00003-of-00008.parquet	000988	e60b40f3c862a35c98db6e0b55621cac9fd1d1fd	2869
train-00003-of-00008.parquet	000989	e96745072d90bb5cb1a529d2d580405ab01eb829	3753
train-00003-of-00008.parquet	000990	57326ebce2660164dee8a29991039acdb14440d8	3074
train-00003-of-00008.parquet	000991	72079c362c9d69fcb8c8b8521cf9aed8a3ffa816	2546
train-00003-of-00008.parquet	000992	38289cfdb23caf8bb29113cbeafb3ebb3fdf9108	3604
train-00003-of-00008.parquet	000993	673c03f59d6c2e65125d838a52caedf1114ed8ca	2902
train-00003-of-00008.parquet	000994	4782be3b175b6671d0e8dbec5d94a613142e0d28	3490
train-00004-of-00008.parquet	000000	e8060c084c68e964a27205e528452d37164c6fb7	3256
train-00004-of-00008.parquet	000001	78704e31c062629f1ef0917869979d149688ec5d	2698
train-00004-of-00008.parquet	000002	d2955ac307aa397baa93de9f77e0aba2b04b65de	3546
train-00004-of-00008.parquet	000003	e698a7b3e8e438a304cbaacf2648ee278f57eb8f	2973
train-00004-of-00008.parquet	000004	390e8db8c2de58c856ccbc8ed8cf806b3e392230	3366
train-00004-of-00008.parquet	000005	0f15c22133b30fcd306a3d648a513fcd6c043d92	3053
train-00004-of-00008.parquet	000006	380c181262844ca17aad9485578d4447fcf8e880	3787
train-00004-of-00008.parquet	000007	2a26c93a7816d68dc9cea8297f15520668ea8d28	2641
train-00004-of-00008.parquet	000008	080c2aaf4433ff5318a4744d5cd25f30a2a4c0e9	2984
train-00004-of-00008.parquet	000009	4a557b1d5b29dd40d8d81c1fb3685815003994c8	3610
train-00004-of-00008.parquet	000010	b7cdc20579a798d1725dca6156eab7143f9001de	2759
train-00004-of-00008.parquet	000011	4ea03e6a108b711597c8220e4f0f181704da33b3	3761
train-00004-of-00008.parquet	000012	36858625a91f7663aed00d6cbe3a1207c24600be	3204
train-00004-of-00008.parquet	000013	214f4101cd0bbbbcb9a51a7e17dcc68a9efe2aea	2707
train-00004-of-00008.parquet	000014	56728a487a06046a3fe44402a68adbff7deae5f5	3289
train-00004-of-00008.parquet	000015	714e0eab8f2e9f58acfe7303d078b852dde91fe7	3077
train-00004-of-00008.parquet	000016	b3f0fafa35abbcd2a78d3acc4b9dd82f25d28b6d	3489
train-00004-of-00008.parquet	000017	aa4bc67ac049dc13ad3cc3b15cf87e50b30e8a89	3149
train-00004-of-00008.parquet	000018	25c584692b3d2ffb0fa2f3390288e0831fcaea26	3610
train-00004-of-00008.parquet	000019	5028958b5ade24ad22cbb95d344b852f05c2a84c	2639
train-00004-of-00008.parquet	000020	db09a17710a73848e60677717fb9b88923d237e7	2990
train-00004-of-00008.parquet	000021	a1bea1c41b1676eec7324ca7e18dd157e986c3e9	3565
train-00004-of-00008.parquet	000022	2021959997ef5ac3256b1f75d66dbadc901ace7e	2837
train-00004-of-00008.parquet	000023	41e3addc8a8bd0becdbaaeb9bb7e9237abd829db	3725
train-00004-of-00008.parquet	000024	ca77158994acc69c79eb2cbf522585bc186a8862	3169
train-00004-of-00008.parquet	000025	d6c4bdb97d2655c2800ce40b4065a25e6d5ae697	2656
train-00004-of-00008.parquet	000026	fe17d18a769b94002f0d2f6155f1c1ffb4264c97	3413
train-00004-of-00008.parquet	000027	9ff1481486bf011564e2a9fef4db58ef3786a909	2951
train-00004-of-00008.parquet	000028	b0b6e4c376ae6b980e7efc11c18ef427ccfa75b3	3452
train-00004-of-00008.parquet	000029	f6f33760fa6987da819cc88c395112856fc3a3be	3106
train-00004-of-00008.parquet	000030	2e02e297e49938f529195d7153113bc0917c7cd5	3114
train-00004-of-00008.parquet	000031	ccb147340416566121e6a31579cb135689115896	3229
train-00004-of-00008.parquet	000032	3bc59871991950a5a4806390eb88fd24dbdd9e00	2991
train-00004-of-00008.parquet	000033	f0bfbf3d65dd06a65ad983f3fffc0232dfd917d1	3541
train-00004-of-00008.parquet	000034	cf9f06a900f7f8b3e8828c297d61b406abc25190	2864
train-00004-of-00008.parquet	000035	99bf3e8d3762f453125e1e8fe29f70cac9aacd72	3810
train-00004-of-00008.parquet	000036	4941567a95f346868aa722a7192230d7acd4b4c8	3098
train-00004-of-00008.parquet	000037	308dce660c7d6ab08064d70c52607ff342c9e3c1	2524
train-00004-of-00008.parquet	000038	38289cfdb23caf8bb29113cbeafb3ebb3fdf9108	3604
train-00004-of-00008.parquet	000039	32789caf18f4b55b42898bf36313ae00d057e5f2	2901
train-00004-of-00008.parquet	000040	4782be3b175b6671d0e8dbec5d94a613142e0d28	3490
train-00004-of-00008.parquet	000041	2dee81125a81ff978404eacee4682b75b2c07966	3212
train-00004-of-00008.parquet	000042	6aadc9927caa7c5a5f7b195c1414bfd8875241a9	2698
train-00004-of-00008.parquet	000043	d2955ac307aa397baa93de9f77e0aba2b04b65de	3546
train-00004-of-00008.parquet	000044	98dec950dfb625300bee1e0fb6f93d874bd613d0	2955
train-00004-of-00008.parquet	000045	dfd0ce9980a4db7683fd2a4e94faa8ff9f35d13c	3383
train-00004-of-00008.parquet	000046	5d2942b9eff5d2be8fddb4c5c7ccb854ce027e08	3058
train-00004-of-00008.parquet	000047	13a58f2fcb21c96e803b219d203171abd8cb8b8a	3788
train-00004-of-00008.parquet	000048	2a26c93a7816d68dc9cea8297f15520668ea8d28	2641
train-00004-of-00008.parquet	000049	d1496eb4ee3462490bd0cd822c3a6ce6deaa1972	2960
train-00004-of-00008.parquet	000050	6c8d6c5ae44b2d082046118a59c955156bd01eba	3619
train-00004-of-00008.parquet	000051	ea4a3eebf3114d34e4ae84e65c03a49603f287ef	2788
train-00004-of-00008.parquet	000052	6451ff2c6b36b2612f0674c1ed497faf14099e2a	3651
train-00004-of-00008.parquet	000053	630432bbfc280d8563f034e991d9a5b5e0dae22d	3167
train-00004-of-00008.parquet	000054	80a7453eea0497ffcea5e90d1b15345a4dcc2350	2725
train-00004-of-00008.parquet	000055	e27ce44571aa09b1bede37d54b2338bb19a36b4f	3273
train-00004-of-00008.parquet	000056	4b8272d5b3560ea53862c33537d4634a64e5e575	3153
train-00004-of-00008.parquet	000057	92ec9a346fefb820932f540e135a45b75e10c19d	3428
train-00004-of-00008.parquet	000058	30a34f0e72a75bf2adfe19d8d9f9009b35188ed5	3125
train-00004-of-00008.parquet	000059	dc812b4c60b52e1fd7a1ad5770966c8a7455d9a3	3661
train-00004-of-00008.parquet	000060	c845cf6f6a1e8ae2f50297fe4201c56effbb0b5d	2630
train-00004-of-00008.parquet	000061	94d09fc8ce8422f08e97c0c9da09454808645f8f	3029
train-00004-of-00008.parquet	000062	3491afd3418c2a1836bb4cfc20cbf2f7ec98ae79	3606
train-00004-of-00008.parquet	000063	6a245317a3582708aa3d025e831dca31e18449b0	2739
train-00004-of-00008.parquet	000064	d7bbfd717e89bd379afa0b6de947e4bcf3b9ad6b	3755
train-00004-of-00008.parquet	000065	0523d543d9a3f312378badd10380896888f884a6	3166
train-00004-of-00008.parquet	000066	75a7a4eb58cdb8a20a7d77d240bebfe26e96de19	2563
train-00004-of-00008.parquet	000067	e27c40a30bb5192b223dcbf0dd4d66618f9f5cdf	3539
train-00004-of-00008.parquet	000068	ecbcf0a854f543ea9258d4dcac61bd2f816aff7e	2933
train-00004-of-00008.parquet	000069	2521f2ca2969d9f510c631b969dc1ea3d1557252	3469
train-00004-of-00008.parquet	000070	85744d5bb676cdbb1913734135c7b170f8c787eb	3106
train-00004-of-00008.parquet	000071	7deea4acd471ab49be1d39c00f14caea04f63b8b	3097
train-00004-of-00008.parquet	000072	ccb147340416566121e6a31579cb135689115896	3229
train-00004-of-00008.parquet	000073	5804eb06f448e930c0d3b9699eefd0e5330b5356	2996
train-00004-of-00008.parquet	000074	f611e674fa6a5b5584c16cf1e364a4c213494c0c	3528
train-00004-of-00008.parquet	000075	d84d3151f9e390dadd89b5963c342cb6a511eeaf	2836
train-00004-of-00008.parquet	000076	beb5f2ac11b10bb7489d969ae7915fedc03c1c8e	3810
train-00004-of-00008.parquet	000077	4941567a95f346868aa722a7192230d7acd4b4c8	3098
train-00004-of-00008.parquet	000078	ad0f5e4cefde8b37f387488be574da0148f5dfe2	2505
train-00004-of-00008.parquet	000079	38289cfdb23caf8bb29113cbeafb3ebb3fdf9108	3604
train-00004-of-00008.parquet	000080	68bb17946035bfaa9add6a66460f2ccbab4da57d	2899
train-00004-of-00008.parquet	000081	4782be3b175b6671d0e8dbec5d94a613142e0d28	3490
train-00004-of-00008.parquet	000082	3dd9a3ab13e73043223458c17908ca4277a745b9	3238
train-00004-of-00008.parquet	000083	6be73c9eaf0b1bd270088f0ae513bd028b700f5d	2700
train-00004-of-00008.parquet	000084	d2955ac307aa397baa93de9f77e0aba2b04b65de	3546
train-00004-of-00008.parquet	000085	76e22876d2b66ee67b7ea3f4efc41ed76729f8ce	2986
train-00004-of-00008.parquet	000086	dfd0ce9980a4db7683fd2a4e94faa8ff9f35d13c	3383
train-00004-of-00008.parquet	000087	89cf34777826095bcdb3f093e49cb475f08a1e7c	3051
train-00004-of-00008.parquet	000088	d1faf655163e7670f2a89257a7c3fa51a7fe5d48	3788
train-00004-of-00008.parquet	000089	2a26c93a7816d68dc9cea8297f15520668ea8d28	2641
train-00004-of-00008.parquet	000090	5a5e5131433b24d78662f4f6f590b4b12d5d53d4	2970
train-00004-of-00008.parquet	000091	6c8d6c5ae44b2d082046118a59c955156bd01eba	3619
train-00004-of-00008.parquet	000092	0633b90026d8bdc72c91901f2c60c8fb6ab95739	2786
train-00004-of-00008.parquet	000093	6451ff2c6b36b2612f0674c1ed497faf14099e2a	3651
train-00004-of-00008.parquet	000094	7bca5ee4cd4d029d310a62232a435702c98497b9	3177
train-00004-of-00008.parquet	000095	aa6c99fc603544830ee8e8ca1cc22329226b838e	2725
train-00004-of-00008.parquet	000096	e27ce44571aa09b1bede37d54b2338bb19a36b4f	3273
train-00004-of-00008.parquet	000097	f5afea474f37b956384102bcbbcb658553397f8d	3135
train-00004-of-00008.parquet	000098	a88e2688880f9745c6511f7cb5e235a990eef5b1	3426
train-00004-of-00008.parquet	000099	d6bf1aa25d1448ead08817b3581fb7e85ad1021b	3167
train-00004-of-00008.parquet	000100	a9cb93e1dde083188505024dab02eb350c5db0a6	3436
train-00004-of-00008.parquet	000101	cc939bc4a2ebc30dca4ffb3add4599e50553ef42	2796
train-00004-of-00008.parquet	000102	32c99348d047496fb8aec02e2f1907e041fff30d	2950
train-00004-of-00008.parquet	000103	c4801f94e2d45a81d684b7f7389112f57296e656	3579
train-00004-of-00008.parquet	000104	b0565cd6158e0ab11a88ea556a590c1c02c34279	2887
train-00004-of-00008.parquet	000105	96a5f8427e5f43f1233dde9f700403e33a434f0c	3729
train-00004-of-00008.parquet	000106	7543d129e6e4cae1bcce671b917cadb967f02e54	3161
train-00004-of-00008.parquet	000107	7b5f98b6a51abf9c6a38eddc1d4d28b94881d4d4	2560
train-00004-of-00008.parquet	000108	e27c40a30bb5192b223dcbf0dd4d66618f9f5cdf	3539
train-00004-of-00008.parquet	000109	bbd64f73944a0a998b20b955adf6958971e0164e	2918
train-00004-of-00008.parquet	000110	2521f2ca2969d9f510c631b969dc1ea3d1557252	3469
train-00004-of-00008.parquet	000111	3dedba63abc6251f0ee9532a821361c782320e90	3132
train-00004-of-00008.parquet	000112	b4dcf8c2cae74ec00a7f0f5acc8cf8e0c25019b2	3112
train-00004-of-00008.parquet	000113	ccb147340416566121e6a31579cb135689115896	3229
train-00004-of-00008.parquet	000114	7a717dc021970742d4f23a33e820d25ef4a68824	3145
train-00004-of-00008.parquet	000115	f0bfbf3d65dd06a65ad983f3fffc0232dfd917d1	3541
train-00004-of-00008.parquet	000116	0420bfa2bc9789f1956d2a56224b1eb2bc096533	2824
train-00004-of-00008.parquet	000117	79234dac9ad620d8bd3ef6aeeb3d35577b04c680	3787
train-00004-of-00008.parquet	000118	2a26c93a7816d68dc9cea8297f15520668ea8d28	2641
train-00004-of-00008.parquet	000119	dff09b46b052e983c51b17f2af9675f2fa2ce90e	2965
train-00004-of-00008.parquet	000120	4a557b1d5b29dd40d8d81c1fb3685815003994c8	3610
train-00004-of-00008.parquet	000121	6bc9e857e4311ac1ecd6de865d552293072178e3	2743
train-00004-of-00008.parquet	000122	4ea03e6a108b711597c8220e4f0f181704da33b3	3761
train-00004-of-00008.parquet	000123	aa46b9408805b0b05b58510bc449b4d0b51f80b7	3200
train-00004-of-00008.parquet	000124	d2dfae38838055e9c9ff4dd1fa6c8c37344e3cbb	2707
train-00004-of-00008.parquet	000125	56728a487a06046a3fe44402a68adbff7deae5f5	3289
train-00004-of-00008.parquet	000126	85cf084eecd0f4d925b7f64de6752e0eb426d156	3097
train-00004-of-00008.parquet	000127	b3f0fafa35abbcd2a78d3acc4b9dd82f25d28b6d	3489
train-00004-of-00008.parquet	000128	e51e9ea36686f7d6da8d05be73e44d5102d6999a	3152
train-00004-of-00008.parquet	000129	8dd163fcf948d2dcfbe82470b2a73fcd4c988a34	3628
train-00004-of-00008.parquet	000130	5028958b5ade24ad22cbb95d344b852f05c2a84c	2639
train-00004-of-00008.parquet	000131	d0445b0cf82e731fde834dd672992c66fd272afd	3010
train-00004-of-00008.parquet	000132	a1bea1c41b1676eec7324ca7e18dd157e986c3e9	3565
train-00004-of-00008.parquet	000133	37e7c4d31ef61006d4b2910e42d85bffbfc0a35d	2864
train-00004-of-00008.parquet	000134	5cf47158b590e21721c8229791be9eba1561d2a3	3725
train-00004-of-00008.parquet	000135	370bcd3439a6bc95aa9911617e6eda5923c582ac	3173
train-00004-of-00008.parquet	000136	8af8eeeb92c63cc2c0289dce6d2a7dffc5afe633	2658
train-00004-of-00008.parquet	000137	fe17d18a769b94002f0d2f6155f1c1ffb4264c97	3413
train-00004-of-00008.parquet	000138	899e79058e5a8fc848d9fbf45f1937717feeb3e3	2914
train-00004-of-00008.parquet	000139	2521f2ca2969d9f510c631b969dc1ea3d1557252	3469
train-00004-of-00008.parquet	000140	0ef2737bb02726c5bf7e0e3fc0501bc6e149b091	3110
train-00004-of-00008.parquet	000141	bd26c2f12ebb39911c9d32871252664f354502a1	3113
train-00004-of-00008.parquet	000142	ccb147340416566121e6a31579cb135689115896	3229
train-00004-of-00008.parquet	000143	c279f55445f89100976f1d0e252aeb086b6a0452	3004
train-00004-of-00008.parquet	000144	f0bfbf3d65dd06a65ad983f3fffc0232dfd917d1	3541
train-00004-of-00008.parquet	000145	7f481eb24c553187484061f83ba5ebfc84f2b3fb	2841
train-00004-of-00008.parquet	000146	66040deb26d5e82e660617934c4ed5352e0baf7b	3810
train-00004-of-00008.parquet	000147	4941567a95f346868aa722a7192230d7acd4b4c8	3098
train-00004-of-00008.parquet	000148	169adbe8c7caea4f7e419a6a74bf3806d7f2af48	2531
train-00004-of-00008.parquet	000149	38289cfdb23caf8bb29113cbeafb3ebb3fdf9108	3604
train-00004-of-00008.parquet	000150	ea30173f08291c48c9dde3986cda6ab9917171e1	2924
train-00004-of-00008.parquet	000151	4782be3b175b6671d0e8dbec5d94a613142e0d28	3490
train-00004-of-00008.parquet	000152	13d4eb93f907eb1c27434be1d55659e9aa970062	3218
train-00004-of-00008.parquet	000153	c3fa2cc489f798194fa1e6f6383d094bef0ad94e	2699
train-00004-of-00008.parquet	000154	d2955ac307aa397baa93de9f77e0aba2b04b65de	3546
train-00004-of-00008.parquet	000155	5bec5d149ad6918651eafeb4034b70ebfcc3dcfc	2949
train-00004-of-00008.parquet	000156	dfd0ce9980a4db7683fd2a4e94faa8ff9f35d13c	3383
train-00004-of-00008.parquet	000157	d168aa19c5816c5ab128628f5e85d519ee31af3f	3050
train-00004-of-00008.parquet	000158	b71577ecd0de4181336d2ce00a2637885e74e8cb	3788
train-00004-of-00008.parquet	000159	2a26c93a7816d68dc9cea8297f15520668ea8d28	2641
train-00004-of-00008.parquet	000160	a726f96432c2fbf8657caafae78082b6a91b78e7	2989
train-00004-of-00008.parquet	000161	6c8d6c5ae44b2d082046118a59c955156bd01eba	3619
train-00004-of-00008.parquet	000162	73bfadf238e4ca82f0ffcfcd486fff2375295010	2797
train-00004-of-00008.parquet	000163	a1eb2e22046e984e420b18161cef250af3536b86	3638
train-00004-of-00008.parquet	000164	bff60106c0f776c0280feb5d5012677fe552acf0	3174
train-00004-of-00008.parquet	000165	f2372bb8d4fee2f45a4ea710592c5644cc3a367b	2766
train-00004-of-00008.parquet	000166	56728a487a06046a3fe44402a68adbff7deae5f5	3289
train-00004-of-00008.parquet	000167	3b001225349432234c9cd4346214d5a6aafd86c9	3065
train-00004-of-00008.parquet	000168	63b59ec8231b053b2a26a5148fbe684ec1a67fd2	3490
train-00004-of-00008.parquet	000169	4e2d1a6db5178ea904f5ad927ae620e9d838b8b5	3139
train-00004-of-00008.parquet	000170	cc4e70ed7efe2c9fbfa967aa0d4d6b78ed09cbd8	3436
train-00004-of-00008.parquet	000171	cc939bc4a2ebc30dca4ffb3add4599e50553ef42	2796
train-00004-of-00008.parquet	000172	8690f42753a6a6d3ea0a15ab94c6e07a0208fc96	2950
train-00004-of-00008.parquet	000173	c4801f94e2d45a81d684b7f7389112f57296e656	3579
train-00004-of-00008.parquet	000174	1fc8eba835e7c242e3e5583257075bda058709f0	2897
train-00004-of-00008.parquet	000175	cbf689bd95f78fa0ae7d063616a3249a40c4be8c	3729
train-00004-of-00008.parquet	000176	c53f4e3ec0ece388dd138d6fd5901179a03a3bbb	3166
train-00004-of-00008.parquet	000177	04a1d40f95e75223e99c8cc2a61268e8422fc6ce	2563
train-00004-of-00008.parquet	000178	e27c40a30bb5192b223dcbf0dd4d66618f9f5cdf	3539
train-00004-of-00008.parquet	000179	ae88c0eb41da73a4aee6f5103c4f49b1c98cc591	2914
train-00004-of-00008.parquet	000180	2521f2ca2969d9f510c631b969dc1ea3d1557252	3469
train-00004-of-00008.parquet	000181	e2cae705657d1710acf37d7f1cbb4e4d769bccda	3130
train-00004-of-00008.parquet	000182	7a16a259147f0ebc6c5a1178379158ad774b373a	3113
train-00004-of-00008.parquet	000183	ccb147340416566121e6a31579cb135689115896	3229
train-00004-of-00008.parquet	000184	36a42141f31088e4987431d8f7ea54fc84c82e5b	3003
train-00004-of-00008.parquet	000185	f0bfbf3d65dd06a65ad983f3fffc0232dfd917d1	3541
train-00004-of-00008.parquet	000186	b7d6096bb48f115909b5d76112c907979732580a	2816
train-00004-of-00008.parquet	000187	1e1d14d84b75c9fb2fc52e0f19a111de9b8aaf60	3811
train-00004-of-00008.parquet	000188	4941567a95f346868aa722a7192230d7acd4b4c8	3098
train-00004-of-00008.parquet	000189	95ac766ae7f70d779e31c5857ea8b1cc80b0a216	2526
train-00004-of-00008.parquet	000190	38289cfdb23caf8bb29113cbeafb3ebb3fdf9108	3604
train-00004-of-00008.parquet	000191	ac4d5980fefb01d3b179f5ae34a323a4593cf493	2928
train-00004-of-00008.parquet	000192	37ce13d851cd0991083f8a69cdc28b9796484a26	3473
train-00004-of-00008.parquet	000193	9beac49924016e32a293cb56ecb11c56ff83e300	3238
train-00004-of-00008.parquet	000194	3a5ca77643f3fc02fd94200571f8d663c49d73d0	2726
train-00004-of-00008.parquet	000195	717a053c4f9b9911984dfdc96d378b9011643f46	3487
train-00004-of-00008.parquet	000196	1e5048288d4ecf3aa100184663faef970b914e4d	2968
train-00004-of-00008.parquet	000197	b8cc8c6f058c715c837de0a0e922646405b34b58	3410
train-00004-of-00008.parquet	000198	ceeb7a62be99db81da2c5d6d187714f761b2dbd7	3069
train-00004-of-00008.parquet	000199	39d4a4ea67fb5e909dd3ed6b3e295eb79f42e6f6	3701
train-00004-of-00008.parquet	000200	ef27c66b6f98a518cbff37c9c31999ddd5a7c30d	2556
train-00004-of-00008.parquet	000201	ba2465034fc019ff78dc8ec6f43c50a5517721da	3019
train-00004-of-00008.parquet	000202	3491afd3418c2a1836bb4cfc20cbf2f7ec98ae79	3606
train-00004-of-00008.parquet	000203	dba6c0a80237aa31445e69a375c7c8cb96271768	2729
train-00004-of-00008.parquet	000204	7bc9e291c68cb3c6123b1c3b9ebf9ef6f27df7a2	3757
train-00004-of-00008.parquet	000205	785e6fa754b8251fc3b5b262484a024b21ef9995	3208
train-00004-of-00008.parquet	000206	8bd3efb0506f8c8cf162cd559c9a7477ea8c8c43	2740
train-00004-of-00008.parquet	000207	ba63eda6692f697ac21cd01d618c1e2748242de8	3298
train-00004-of-00008.parquet	000208	40135edde91e396dbaa9e66867d8b2a7c7d73174	3005
train-00004-of-00008.parquet	000209	b941f9865cca9aa39557a885820e2e4b06c4e0b0	3492
train-00004-of-00008.parquet	000210	d6dc9afb9cfbebd65d6b5b37da60e04cdff7a349	3179
train-00004-of-00008.parquet	000211	2e8727fbcd93eab98160dcb09f4ac10ede1268e8	3361
train-00004-of-00008.parquet	000212	3b955b3a67e0f84d4888f827562f9aada0836eac	2883
train-00004-of-00008.parquet	000213	4d429a6d53d6490c2540ef51d70fa1eed3a3d9dd	3059
train-00004-of-00008.parquet	000214	092c6c7b3ad55b555534349e1a7e68f55369cb17	3620
train-00004-of-00008.parquet	000215	9d4b2d6e21022caa29dfa2ca26b3ebeeeedcda82	2873
train-00004-of-00008.parquet	000216	acae36b1bd3dffb5fc93c4d9bad90dfe6c38d94b	3753
train-00004-of-00008.parquet	000217	57326ebce2660164dee8a29991039acdb14440d8	3074
train-00004-of-00008.parquet	000218	f78bd051029cdbaf3dbb9a1ed3c1331f2bf628a0	2511
train-00004-of-00008.parquet	000219	d05549df1faa4d8cdc2dab434b5d746e9c26df14	3621
train-00004-of-00008.parquet	000220	e2c0f914095d4b0d89873b50f3100cbe43a98be1	2937
train-00004-of-00008.parquet	000221	784379aa4565624541cf621bf651740339783b3f	3451
train-00004-of-00008.parquet	000222	8c3ea7a287232e938d5e5fd3afb85b65b8b225ac	3210
train-00004-of-00008.parquet	000223	5c4cd4d229750fd67992435a6f61a6fac5d85d0e	2699
train-00004-of-00008.parquet	000224	d2955ac307aa397baa93de9f77e0aba2b04b65de	3546
train-00004-of-00008.parquet	000225	4da354da5f1a60e6954fdd03c771e447851d2e09	2964
train-00004-of-00008.parquet	000226	dfd0ce9980a4db7683fd2a4e94faa8ff9f35d13c	3383
train-00004-of-00008.parquet	000227	47bc74cb154ef3b332a6a77bc83020ed2a0d7ee3	3062
train-00004-of-00008.parquet	000228	e81ca17ff0bbf389d36d1bd2088bce773750a9a0	3727
train-00004-of-00008.parquet	000229	ef27c66b6f98a518cbff37c9c31999ddd5a7c30d	2556
train-00004-of-00008.parquet	000230	4a63b4c0b8e8c51fc2c9dbce42db4e85210190f2	3017
train-00004-of-00008.parquet	000231	3491afd3418c2a1836bb4cfc20cbf2f7ec98ae79	3606
train-00004-of-00008.parquet	000232	a5eaef05bbca9069c00e326b40bcf9adee67c122	2735
train-00004-of-00008.parquet	000233	454b45adc8916031f1a8a14128f2821e361cbf97	3757
train-00004-of-00008.parquet	000234	af076936b096166c44245d5ee066b2a3ce332d8e	3189
train-00004-of-00008.parquet	000235	0315a2e96c5d455f27acfb01db7591b19a1c4df5	2738
train-00004-of-00008.parquet	000236	ba63eda6692f697ac21cd01d618c1e2748242de8	3298
train-00004-of-00008.parquet	000237	28378c345a52fd7ab6dfdbb6dac0bd11f32dde94	2984
train-00004-of-00008.parquet	000238	b941f9865cca9aa39557a885820e2e4b06c4e0b0	3492
train-00004-of-00008.parquet	000239	4150841baa8bd97f22462b492bf7f08afcbade6d	3179
train-00004-of-00008.parquet	000240	36d7c3e8c5baddc8227aaf8fd5520ddbcad8b45c	3363
train-00004-of-00008.parquet	000241	3b955b3a67e0f84d4888f827562f9aada0836eac	2883
train-00004-of-00008.parquet	000242	ad575a960cb15e3114ebe8afc70af272070369c0	2940
train-00004-of-00008.parquet	000243	64a7f4f14d184e0d7fdca67098cbf35ffc50c257	3596
train-00004-of-00008.parquet	000244	3fa829f941cb11377e7cab50ebda0eff6c3ef29a	2875
train-00004-of-00008.parquet	000245	89af8d300ca74e6a8c4ff69f1fc5653f7f281f5b	3753
train-00004-of-00008.parquet	000246	57326ebce2660164dee8a29991039acdb14440d8	3074
train-00004-of-00008.parquet	000247	3e3232b942faf4fd27a570d9f2e92751e4d3c836	2526
train-00004-of-00008.parquet	000248	d05549df1faa4d8cdc2dab434b5d746e9c26df14	3621
train-00004-of-00008.parquet	000249	8e180f61dce9ee36f96edd7e035a49ba0387c9c2	2922
train-00004-of-00008.parquet	000250	403cb5c941866d6405dcca6023b869961eb3252f	3512
train-00004-of-00008.parquet	000251	ca274a7ed0faf2e3e6b82c0c671bec21748ebe87	3125
train-00004-of-00008.parquet	000252	f808019b8b99db2956811e3f07d548a416fa28a8	2847
train-00004-of-00008.parquet	000253	bec1c3842fe50d5d2e6e6af32a01f58a326cc746	3447
train-00004-of-00008.parquet	000254	a00f8d93ad46a2e731cb58513a419fda77c19ace	2987
train-00004-of-00008.parquet	000255	71d93dc24950f21ec8e0364fd6c1b4b737271cbe	3322
train-00004-of-00008.parquet	000256	67e4b3e80c34b64c185dafb1c383c1d9fa9c1ae8	3107
train-00004-of-00008.parquet	000257	5d78fc26a3528626211375278f2a0c1381cdb896	3766
train-00004-of-00008.parquet	000258	835ce0aa9596e9262fec498fddace28e566e9945	2745
train-00004-of-00008.parquet	000259	6b139887f08ed918722d6d5115518bce1da5a327	2852
train-00004-of-00008.parquet	000260	f76272bed64dcc167ebd0d762f55fdb6a80f241f	3619
train-00004-of-00008.parquet	000261	62be03ef0c6dd066bd05658035bdb1d077f8a07b	2709
train-00004-of-00008.parquet	000262	057f90246d1861b1c58892ee3510440ff0f3508c	3777
train-00004-of-00008.parquet	000263	859d178a931b97ebde23281ed1c560e148f62b82	3191
train-00004-of-00008.parquet	000264	129b98e2282a8550eea22daa676845ce7a292fd8	2724
train-00004-of-00008.parquet	000265	e27ce44571aa09b1bede37d54b2338bb19a36b4f	3273
train-00004-of-00008.parquet	000266	a17429f2e136c427fd4a3d4061587efd4ba2193a	3148
train-00004-of-00008.parquet	000267	92ec9a346fefb820932f540e135a45b75e10c19d	3428
train-00004-of-00008.parquet	000268	e1777a39de7ac952b346ed2dd06cfd1e879044e9	3153
train-00004-of-00008.parquet	000269	22433d6b8a1fd26e355aa46403df3948cd7efefb	3661
train-00004-of-00008.parquet	000270	c845cf6f6a1e8ae2f50297fe4201c56effbb0b5d	2630
train-00004-of-00008.parquet	000271	49798c3ae657973360426bbce9f34ea93feb2d28	3015
train-00004-of-00008.parquet	000272	3491afd3418c2a1836bb4cfc20cbf2f7ec98ae79	3606
train-00004-of-00008.parquet	000273	b39fa792b77ebd9caea34ffe12ef58dbfb321f37	2727
train-00004-of-00008.parquet	000274	78d06341f784f6628725fb98829f673767745b59	3757
train-00004-of-00008.parquet	000275	435ee208eb67a2bab2638eaab31493ba2fb5c94d	3203
train-00004-of-00008.parquet	000276	eae179c67761a2609f2fdd0ce87ac1654ee3d35b	2736
train-00004-of-00008.parquet	000277	ba63eda6692f697ac21cd01d618c1e2748242de8	3298
train-00004-of-00008.parquet	000278	78d88975e7b5f40cb377363a4fc18a432272bce7	2999
train-00004-of-00008.parquet	000279	b941f9865cca9aa39557a885820e2e4b06c4e0b0	3492
train-00004-of-00008.parquet	000280	0a258eb0d9f6099ba8e9db61e120085c32c243d0	3191
train-00004-of-00008.parquet	000281	c3e800fccb4cfd4f428178f5ac57ba8efec1fffe	3361
train-00004-of-00008.parquet	000282	3b955b3a67e0f84d4888f827562f9aada0836eac	2883
train-00004-of-00008.parquet	000283	9438c21469292ae71518292fa972195a599a0156	2975
train-00004-of-00008.parquet	000284	64a7f4f14d184e0d7fdca67098cbf35ffc50c257	3596
train-00004-of-00008.parquet	000285	00f9893e27b5dea739d360be47f92b495df47d61	2873
train-00004-of-00008.parquet	000286	d5d64cdddd0cf91217471bd3678ca4fb5354f424	3753
train-00004-of-00008.parquet	000287	57326ebce2660164dee8a29991039acdb14440d8	3074
train-00004-of-00008.parquet	000288	804783afd43bf1486dd9e37f449537020b513b79	2529
train-00004-of-00008.parquet	000289	d05549df1faa4d8cdc2dab434b5d746e9c26df14	3621
train-00004-of-00008.parquet	000290	a5d67756cafc19f9bf57167cd703ffba90ee8a9b	2924
train-00004-of-00008.parquet	000291	403cb5c941866d6405dcca6023b869961eb3252f	3512
train-00004-of-00008.parquet	000292	04882da9d5ef57af3db4ea9fc3e032111a0140ea	3149
train-00004-of-00008.parquet	000293	862ce237e558c0e4402c6a33a667c696deeb8533	2846
train-00004-of-00008.parquet	000294	bec1c3842fe50d5d2e6e6af32a01f58a326cc746	3447
train-00004-of-00008.parquet	000295	7d92d086c7ef2cdd9bed1f5433618fa4fdbf6fa4	2950
train-00004-of-00008.parquet	000296	71d93dc24950f21ec8e0364fd6c1b4b737271cbe	3322
train-00004-of-00008.parquet	000297	166c25d376a3719142351fba62b5ba33fb7850c1	3127
train-00004-of-00008.parquet	000298	225dd0e1b2933284382e5543df6bcc9d1b3983fb	3739
train-00004-of-00008.parquet	000299	30f046e4984a21c0aeafe0fca8882ad0f2fde5f7	2540
train-00004-of-00008.parquet	000300	e3bb48d2ef865ea406ef09f200b38a86d8b1b998	3093
train-00004-of-00008.parquet	000301	f76272bed64dcc167ebd0d762f55fdb6a80f241f	3619
train-00004-of-00008.parquet	000302	b56c710a13a853429019d8df500f4a1cf3cc2b45	2753
train-00004-of-00008.parquet	000303	057f90246d1861b1c58892ee3510440ff0f3508c	3777
train-00004-of-00008.parquet	000304	d4db1851802d8877364c27d32c52618e7fa7bb6d	3189
train-00004-of-00008.parquet	000305	a545055097cf3dc8146ed27c7af52df548882159	2724
train-00004-of-00008.parquet	000306	e27ce44571aa09b1bede37d54b2338bb19a36b4f	3273
train-00004-of-00008.parquet	000307	5d4094a4a2732a647864807f9dd873514280e4f2	3154
train-00004-of-00008.parquet	000308	92ec9a346fefb820932f540e135a45b75e10c19d	3428
train-00004-of-00008.parquet	000309	2191639bf33ff018e3ef7c0f5c583f7b301d5c95	3113
train-00004-of-00008.parquet	000310	71151853fd67cc5531e3621a67d5ee84617a9bdf	3661
train-00004-of-00008.parquet	000311	c845cf6f6a1e8ae2f50297fe4201c56effbb0b5d	2630
train-00004-of-00008.parquet	000312	af6133879a08a2a3989b7c76e3e6dd077a5dbbc8	3042
train-00004-of-00008.parquet	000313	3491afd3418c2a1836bb4cfc20cbf2f7ec98ae79	3606
train-00004-of-00008.parquet	000314	e52b3aee3ba2d934b5b35dd5c9df6d1fc7cef64e	2731
train-00004-of-00008.parquet	000315	eb294dadbea0441150e1a65098cd4ec6264f443a	3757
train-00004-of-00008.parquet	000316	0793eebe14b79a22553cc270c67b7b2da9bbf18b	3202
train-00004-of-00008.parquet	000317	fd8b511f09bd6691eacfb329bf2dfee1015a205a	2734
train-00004-of-00008.parquet	000318	ba63eda6692f697ac21cd01d618c1e2748242de8	3298
train-00004-of-00008.parquet	000319	8f9c96c1b3595162c693148a2ba2192b1767858a	2993
train-00004-of-00008.parquet	000320	b941f9865cca9aa39557a885820e2e4b06c4e0b0	3492
train-00004-of-00008.parquet	000321	a851d44662691a61a5529cf4de6d47017ad30864	3157
train-00004-of-00008.parquet	000322	bde76a01d886339e1c889937ed9c53bc3f2f8d29	3361
train-00004-of-00008.parquet	000323	3b955b3a67e0f84d4888f827562f9aada0836eac	2883
train-00004-of-00008.parquet	000324	c0cb53105143a168b07254ca93edf74afa16ccce	2941
train-00004-of-00008.parquet	000325	64a7f4f14d184e0d7fdca67098cbf35ffc50c257	3596
train-00004-of-00008.parquet	000326	9bb2794ba5a78fb9bebfe950a0797eec143779b4	2888
train-00004-of-00008.parquet	000327	e95eacdebc66fc03d1ffe2c96279e77b61653a7a	3753
train-00004-of-00008.parquet	000328	57326ebce2660164dee8a29991039acdb14440d8	3074
train-00004-of-00008.parquet	000329	0a29213a3a2df4d219ef0dd14ec022380044f439	2536
train-00004-of-00008.parquet	000330	d05549df1faa4d8cdc2dab434b5d746e9c26df14	3621
train-00004-of-00008.parquet	000331	d55bbabe3953037a2da7ddc923476d52839e8e49	2917
train-00004-of-00008.parquet	000332	403cb5c941866d6405dcca6023b869961eb3252f	3512
train-00004-of-00008.parquet	000333	10c43783b67b334d4e701bae85992a674dd3c126	3151
train-00004-of-00008.parquet	000334	b579bff2eebca2903028b935301e225581af4a3d	2847
train-00004-of-00008.parquet	000335	bec1c3842fe50d5d2e6e6af32a01f58a326cc746	3447
train-00004-of-00008.parquet	000336	4f1d06ee7cf91b1ebafbcada97ef51f7d2e858ca	2980
train-00004-of-00008.parquet	000337	71d93dc24950f21ec8e0364fd6c1b4b737271cbe	3322
train-00004-of-00008.parquet	000338	650226820635678676903cbf0a473eab8564a976	3095
train-00004-of-00008.parquet	000339	ab594763a4fd364023876c1d8a1ec39777f64dc4	3766
train-00004-of-00008.parquet	000340	835ce0aa9596e9262fec498fddace28e566e9945	2745
train-00004-of-00008.parquet	000341	74e81dbeca58fb2342e8f9b8b91ce23b604b8ecd	2863
train-00004-of-00008.parquet	000342	d9e78d141e94682301581a63187ee77a71bb475b	3622
train-00004-of-00008.parquet	000343	d00db35911d6ec40332be4b23833acffd75bb6a4	2805
train-00004-of-00008.parquet	000344	25f3e0870530890c112b6cb00f97cb63a39983ac	3606
train-00004-of-00008.parquet	000345	cc5ec814f53814e0bfe5a3616df9fef9a1d7a957	3194
train-00004-of-00008.parquet	000346	f55c8f51a2f434723194143519c7f6e86feb5ec9	2728
train-00004-of-00008.parquet	000347	d0e596c2485da437ccd723bc9f98270de25b94b4	3389
train-00004-of-00008.parquet	000348	c041a7cfb0158b3edd8ae2a1a4aed19c12e9d9c3	3030
train-00004-of-00008.parquet	000349	2c8434d0af679681dd2ea28359985f53013ceb2f	3444
train-00004-of-00008.parquet	000350	745e9a57c8fb09fc4bb08a709ec8be37b203685a	3091
train-00004-of-00008.parquet	000351	1526f712bde74cdacd739efef3d93ffe5a1b79a1	3715
train-00004-of-00008.parquet	000352	ef27c66b6f98a518cbff37c9c31999ddd5a7c30d	2556
train-00004-of-00008.parquet	000353	bc6cd55a1d9247542676140b0606c263d2956342	3022
train-00004-of-00008.parquet	000354	3491afd3418c2a1836bb4cfc20cbf2f7ec98ae79	3606
train-00004-of-00008.parquet	000355	771ce13929b451f4c98318fa5763d8e749931e80	2737
train-00004-of-00008.parquet	000356	e3a0ed1b60b0e936a90d59d25296fe7a7dbce09d	3757
train-00004-of-00008.parquet	000357	1e0b445000290577bdf3987189e052f820b77dd6	3213
train-00004-of-00008.parquet	000358	fb95e2216823ebb1ef97edd78bb768125356ccfb	2637
train-00004-of-00008.parquet	000359	d05549df1faa4d8cdc2dab434b5d746e9c26df14	3621
train-00004-of-00008.parquet	000360	cfb41b0d931e5f722cd6e83305d996bd4608b384	4243
train-00004-of-00008.parquet	000361	c17a966ebd90e247850656c91134ffda5222e270	2859
train-00004-of-00008.parquet	000362	d9e78d141e94682301581a63187ee77a71bb475b	3622
train-00004-of-00008.parquet	000363	c0e6ec272e0e985181ee5144f1fd1593afd7ea5a	2840
train-00004-of-00008.parquet	000364	25f3e0870530890c112b6cb00f97cb63a39983ac	3606
train-00004-of-00008.parquet	000365	bb424e2aaf7387bed39d7a7041b3f6c380bf5b82	3184
train-00004-of-00008.parquet	000366	5b3a3fa7cebd4d421a091e88a10bc23d39ef95ab	2726
train-00004-of-00008.parquet	000367	d0e596c2485da437ccd723bc9f98270de25b94b4	3389
train-00004-of-00008.parquet	000368	4a1d06d73abb205dc452f54dcd4e88904ef4972c	3021
train-00004-of-00008.parquet	000369	2c8434d0af679681dd2ea28359985f53013ceb2f	3444
train-00004-of-00008.parquet	000370	609f6df07f2a79f1b1f134072aeb6c879147ae37	3123
train-00004-of-00008.parquet	000371	fd15417db32178ac178b743ad95e9798d7e060a9	3715
train-00004-of-00008.parquet	000372	ef27c66b6f98a518cbff37c9c31999ddd5a7c30d	2556
train-00004-of-00008.parquet	000373	cb8a220c8a7ff1f09e298044994690774c9249e8	3039
train-00004-of-00008.parquet	000374	3491afd3418c2a1836bb4cfc20cbf2f7ec98ae79	3606
train-00004-of-00008.parquet	000375	30300ca1a451f37afdcff696a281fb7781ec2d27	2731
train-00004-of-00008.parquet	000376	a5e466eb371d378c95cefa3ef0c57afb5b620fbb	3757
train-00004-of-00008.parquet	000377	b21e0e416f6f57d64e6f07c70e8100468d297f72	3179
train-00004-of-00008.parquet	000378	e6ddab256a744287dd6601b2bd430008bab62c44	2728
train-00004-of-00008.parquet	000379	ba63eda6692f697ac21cd01d618c1e2748242de8	3298
train-00004-of-00008.parquet	000380	a1408efce6ed7732b9b7c20f0b4619639cbd8072	2985
train-00004-of-00008.parquet	000381	b941f9865cca9aa39557a885820e2e4b06c4e0b0	3492
train-00004-of-00008.parquet	000382	10afd1c42299902259473164252f56bff233aa10	3191
train-00004-of-00008.parquet	000383	c11965d20b2d83c663f33bb05929368cc3ad0934	3361
train-00004-of-00008.parquet	000384	3b955b3a67e0f84d4888f827562f9aada0836eac	2883
train-00004-of-00008.parquet	000385	a3d1a64e4cf44ee01ab2544086162378ba7dd8d8	2946
train-00004-of-00008.parquet	000386	64a7f4f14d184e0d7fdca67098cbf35ffc50c257	3596
train-00004-of-00008.parquet	000387	149bbc94db71c86d8e9bba4928c89ed0000396d5	2879
train-00004-of-00008.parquet	000388	6031f9cdf3b2bbbf89a931bc5098e7757dab357f	3753
train-00004-of-00008.parquet	000389	57326ebce2660164dee8a29991039acdb14440d8	3074
train-00004-of-00008.parquet	000390	bf0f0341941d261f0291dc99c64c5b5c682b3415	2526
train-00004-of-00008.parquet	000391	d05549df1faa4d8cdc2dab434b5d746e9c26df14	3621
train-00004-of-00008.parquet	000392	0f31657b9ee56934cdded501c79b33d99fc553eb	2929
train-00004-of-00008.parquet	000393	403cb5c941866d6405dcca6023b869961eb3252f	3512
train-00004-of-00008.parquet	000394	da3f841f3f9255465c1222899c429372f68f9c77	3131
train-00004-of-00008.parquet	000395	68d6898c93ca92a676c26dc9b6a2d5225f00e041	2848
train-00004-of-00008.parquet	000396	bec1c3842fe50d5d2e6e6af32a01f58a326cc746	3447
train-00004-of-00008.parquet	000397	54e24292aa736df513452cac7454a62feffbf7be	2954
train-00004-of-00008.parquet	000398	71d93dc24950f21ec8e0364fd6c1b4b737271cbe	3322
train-00004-of-00008.parquet	000399	cd090b03ec3afed712bb04275782c108ee8f8cdc	3125
train-00004-of-00008.parquet	000400	141147951f9148b048ed092c928a38bd853a36ef	3767
train-00004-of-00008.parquet	000401	835ce0aa9596e9262fec498fddace28e566e9945	2745
train-00004-of-00008.parquet	000402	6f73de075e9c6b6ccbbe68a13902f9be81a0c00f	2827
train-00004-of-00008.parquet	000403	d9e78d141e94682301581a63187ee77a71bb475b	3622
train-00004-of-00008.parquet	000404	3728f9f7088af6863b123d753e67ee6f12d7ac28	2809
train-00004-of-00008.parquet	000405	25f3e0870530890c112b6cb00f97cb63a39983ac	3606
train-00004-of-00008.parquet	000406	2390bd9cdcfda94077b677a3336381e111716a67	3190
train-00004-of-00008.parquet	000407	8b615122e4d735c27ef845e15bd501387c2f4dca	2727
train-00004-of-00008.parquet	000408	d0e596c2485da437ccd723bc9f98270de25b94b4	3389
train-00004-of-00008.parquet	000409	d27388fe07f258266e90fab85db9f3e23f9f2303	3021
train-00004-of-00008.parquet	000410	2c8434d0af679681dd2ea28359985f53013ceb2f	3444
train-00004-of-00008.parquet	000411	dc330a475021bc2a926e488be5a067dd31523a58	3100
train-00004-of-00008.parquet	000412	851fe2cf5e607757d8d1eeae6c229918d284e060	3714
train-00004-of-00008.parquet	000413	ef27c66b6f98a518cbff37c9c31999ddd5a7c30d	2556
train-00004-of-00008.parquet	000414	993c9097bbf344db348b59062d81b429d516afe8	3032
train-00004-of-00008.parquet	000415	3491afd3418c2a1836bb4cfc20cbf2f7ec98ae79	3606
train-00004-of-00008.parquet	000416	ca43304e61051188cf63f4ec632516207d21690f	2735
train-00004-of-00008.parquet	000417	2ee682015ace346bf732ba8fb3ff5d353021a740	3757
train-00004-of-00008.parquet	000418	02e5f8d50cec64f497505294bcd69fd30c4742be	3196
train-00004-of-00008.parquet	000419	25a40858e07b4e4f22a4fbc5934574df984d738a	2728
train-00004-of-00008.parquet	000420	ba63eda6692f697ac21cd01d618c1e2748242de8	3298
train-00004-of-00008.parquet	000421	3003b36fa9ef73afd13b1a96898699d9199b3238	3005
train-00004-of-00008.parquet	000422	b941f9865cca9aa39557a885820e2e4b06c4e0b0	3492
train-00004-of-00008.parquet	000423	b1673cf69d7b79abd8ef2b2929a232ed78b7277c	3163
train-00004-of-00008.parquet	000424	a0304c4812b309c89437f9a7e98a5db75b2629cd	3361
train-00004-of-00008.parquet	000425	3b955b3a67e0f84d4888f827562f9aada0836eac	2883
train-00004-of-00008.parquet	000426	0224d2a1120b2557b292709a7506ee869b11dea8	2959
train-00004-of-00008.parquet	000427	64a7f4f14d184e0d7fdca67098cbf35ffc50c257	3596
train-00004-of-00008.parquet	000428	baa16f3efdccd10767e7bd6616ce187ff2c02dc7	2895
train-00004-of-00008.parquet	000429	e41734f2898529cd407b9cca075ad31c1bb3b4de	3753
train-00004-of-00008.parquet	000430	57326ebce2660164dee8a29991039acdb14440d8	3074
train-00004-of-00008.parquet	000431	d7258f686ac4e976d426f1a02e44a250105eb621	2522
train-00004-of-00008.parquet	000432	d05549df1faa4d8cdc2dab434b5d746e9c26df14	3621
train-00004-of-00008.parquet	000433	f413f14e9d1ae59031568e4ea478a981a8185493	2951
train-00004-of-00008.parquet	000434	79807bf61309cc71819448812e42629d763ec9e8	3499
train-00004-of-00008.parquet	000435	19bab205d34956d68007bceb2c43621f453c0d98	3149
train-00004-of-00008.parquet	000436	7b26f7d3ca1f2ca295b26e4f9c438d270f286226	2846
train-00004-of-00008.parquet	000437	bec1c3842fe50d5d2e6e6af32a01f58a326cc746	3447
train-00004-of-00008.parquet	000438	67a2c81b6fa981a92794bc2cfd035be6f29e293a	2964
train-00004-of-00008.parquet	000439	71d93dc24950f21ec8e0364fd6c1b4b737271cbe	3322
train-00004-of-00008.parquet	000440	b3a1b8f4167133580c66c6fd9ac8b515323eca6e	3116
train-00004-of-00008.parquet	000441	6bd75cac532ebeeaf810a30177abe37a03986067	3739
train-00004-of-00008.parquet	000442	30f046e4984a21c0aeafe0fca8882ad0f2fde5f7	2540
train-00004-of-00008.parquet	000443	b15960c1e42fe4afb4b89d8e1bc7a750eac6ed2b	3054
train-00004-of-00008.parquet	000444	f76272bed64dcc167ebd0d762f55fdb6a80f241f	3619
train-00004-of-00008.parquet	000445	f50995d721e5b24d826a791f71d0ae12f3a23879	2714
train-00004-of-00008.parquet	000446	057f90246d1861b1c58892ee3510440ff0f3508c	3777
train-00004-of-00008.parquet	000447	ffb7d20865885215d13253aee137866b9fb5022f	3183
train-00004-of-00008.parquet	000448	caa41f8a1d61e132826658b661ef5b7c4a6c53b0	2727
train-00004-of-00008.parquet	000449	e27ce44571aa09b1bede37d54b2338bb19a36b4f	3273
train-00004-of-00008.parquet	000450	0a140943b22fad7bdddf2343b4e9a6f7e8dff9b8	3145
train-00004-of-00008.parquet	000451	90802295b35fd2209ddbbed66266c4d8372a21c0	3411
train-00004-of-00008.parquet	000452	0e020f7084d7b6c14b950d9ebdbf1015c14f5f30	3131
train-00004-of-00008.parquet	000453	f51fcbcc6e02287700adda216d21190f1ca5b974	3662
train-00004-of-00008.parquet	000454	c845cf6f6a1e8ae2f50297fe4201c56effbb0b5d	2630
train-00004-of-00008.parquet	000455	ebea301fea159d5442f8bb99205decf29d108492	3058
train-00004-of-00008.parquet	000456	3491afd3418c2a1836bb4cfc20cbf2f7ec98ae79	3606
train-00004-of-00008.parquet	000457	12e27bc8702be4f15208a269bda79cab390fa688	2763
train-00004-of-00008.parquet	000458	8092563e13b8e5776d374cf47d4d77f67b0cf814	3757
train-00004-of-00008.parquet	000459	04f00037345d94796f7ef3f2a46d51a35e62493b	3210
train-00004-of-00008.parquet	000460	86c8206252f1a966728c5e5bc3043ac0b13145c7	2662
train-00004-of-00008.parquet	000461	fe17d18a769b94002f0d2f6155f1c1ffb4264c97	3413
train-00004-of-00008.parquet	000462	ef666adb4b3c09b2bd3ae7137d6a896b6a29c96f	2912
train-00004-of-00008.parquet	000463	2521f2ca2969d9f510c631b969dc1ea3d1557252	3469
train-00004-of-00008.parquet	000464	b4c348c24d3cb931a5292c9c66838bbe374c16a2	3134
train-00004-of-00008.parquet	000465	8d4f1649db41af8b3d5eaf411153a8dd04ead2bb	3215
train-00004-of-00008.parquet	000466	ccb147340416566121e6a31579cb135689115896	3229
train-00004-of-00008.parquet	000467	0978972520f7afb6319c704899367a4881394dd5	3034
train-00004-of-00008.parquet	000468	f0bfbf3d65dd06a65ad983f3fffc0232dfd917d1	3541
train-00004-of-00008.parquet	000469	25008362c3a4a5760739c19165edf6481ce3df1f	2809
train-00004-of-00008.parquet	000470	6eb7eb7ce39151c7bdeafa11f2e3ba982e635ee9	3810
train-00004-of-00008.parquet	000471	4941567a95f346868aa722a7192230d7acd4b4c8	3098
train-00004-of-00008.parquet	000472	9daad6369b9286c90b3643450f27f98e5955adb0	2559
train-00004-of-00008.parquet	000473	38289cfdb23caf8bb29113cbeafb3ebb3fdf9108	3604
train-00004-of-00008.parquet	000474	489dc196a8f18df7d104c4e1034a84349f45effd	2942
train-00004-of-00008.parquet	000475	4782be3b175b6671d0e8dbec5d94a613142e0d28	3490
train-00004-of-00008.parquet	000476	9be417a294e903ef5c9413bd387dc96dae3362f4	3204
train-00004-of-00008.parquet	000477	efbad614d06892a5782b85fb485f463e0cc6c0d1	2699
train-00004-of-00008.parquet	000478	d2955ac307aa397baa93de9f77e0aba2b04b65de	3546
train-00004-of-00008.parquet	000479	9f7e1d758363a636c4418c22767e226b99e0f939	2958
train-00004-of-00008.parquet	000480	dfd0ce9980a4db7683fd2a4e94faa8ff9f35d13c	3383
train-00004-of-00008.parquet	000481	2c40c81205cad3bee7628f17a4dc34a2314f5b5d	3055
train-00004-of-00008.parquet	000482	30002552760efedaf02944f05fe06fd22fba532f	3769
train-00004-of-00008.parquet	000483	2a26c93a7816d68dc9cea8297f15520668ea8d28	2641
train-00004-of-00008.parquet	000484	d6d18eadf572f122695fda7ccd28823dff6092cb	2965
train-00004-of-00008.parquet	000485	6c8d6c5ae44b2d082046118a59c955156bd01eba	3619
train-00004-of-00008.parquet	000486	89692fd1ddea27df36a52ae9a625cf0f8975363e	2798
train-00004-of-00008.parquet	000487	6451ff2c6b36b2612f0674c1ed497faf14099e2a	3651
train-00004-of-00008.parquet	000488	bdc5a0122ac09b7c2938f56c260c45778d336a1c	3185
train-00004-of-00008.parquet	000489	d5260ff17a72ef78329b11a36372b0519488f80b	2726
train-00004-of-00008.parquet	000490	e27ce44571aa09b1bede37d54b2338bb19a36b4f	3273
train-00004-of-00008.parquet	000491	212afcf0319b25c6e5bcfc90840dad3fe12b7916	3159
train-00004-of-00008.parquet	000492	92ec9a346fefb820932f540e135a45b75e10c19d	3428
train-00004-of-00008.parquet	000493	640cc11370bdb8980600e8b22383f838cf28b212	3148
train-00004-of-00008.parquet	000494	90a496654251ae1f353779f1098478dd3a551187	3661
train-00004-of-00008.parquet	000495	c845cf6f6a1e8ae2f50297fe4201c56effbb0b5d	2630
train-00004-of-00008.parquet	000496	9664f5c536d9f136b7e548ffd19d30f817ce92e0	3024
train-00004-of-00008.parquet	000497	3491afd3418c2a1836bb4cfc20cbf2f7ec98ae79	3606
train-00004-of-00008.parquet	000498	a1fd2c56eaf9c6e3bf34295e7d924087b94845fe	2729
train-00004-of-00008.parquet	000499	45cc9e3f97dc378be6516fc2cd93a90b65f5b00e	3757
train-00004-of-00008.parquet	000500	2703f7164b2ee0c31e4d12d380e66a405fae5a89	3198
train-00004-of-00008.parquet	000501	56b4bc6bc74d9766f48c9092fd5398ec0fa0c42f	2729
train-00004-of-00008.parquet	000502	ba63eda6692f697ac21cd01d618c1e2748242de8	3298
train-00004-of-00008.parquet	000503	70eefd8dd3ee3a4a0bc35989db5dbe2ff04fb0c3	3009
train-00004-of-00008.parquet	000504	b941f9865cca9aa39557a885820e2e4b06c4e0b0	3492
train-00004-of-00008.parquet	000505	6d677d74c0a6444f6765b9d4a65c55d0f23a2624	3189
train-00004-of-00008.parquet	000506	b18b1ca6789c616e5d588fb6c39b90c34030bdfe	3361
train-00004-of-00008.parquet	000507	3b955b3a67e0f84d4888f827562f9aada0836eac	2883
train-00004-of-00008.parquet	000508	eeba5d783c48bd911dd5d7243429de21dfa9e87b	2956
train-00004-of-00008.parquet	000509	64a7f4f14d184e0d7fdca67098cbf35ffc50c257	3596
train-00004-of-00008.parquet	000510	5366d8ba90b8b1cdf36806d1de75410b8089e1c6	2889
train-00004-of-00008.parquet	000511	2cf76db8e0832caaf1edd2ba7b386bcbcc463fec	3753
train-00004-of-00008.parquet	000512	57326ebce2660164dee8a29991039acdb14440d8	3074
train-00004-of-00008.parquet	000513	9bcc9d715b93459e0f5a0e893adbd83238688113	2505
train-00004-of-00008.parquet	000514	d05549df1faa4d8cdc2dab434b5d746e9c26df14	3621
train-00004-of-00008.parquet	000515	545a084585f6be487c2b6aa46c5526611333f038	2916
train-00004-of-00008.parquet	000516	403cb5c941866d6405dcca6023b869961eb3252f	3512
train-00004-of-00008.parquet	000517	9a4c8aa6ae66054ee6cc9d7cdfd1771242a15c33	3125
train-00004-of-00008.parquet	000518	067c97586f64c8ac3c3dc1af8aa5d53b0888007b	2847
train-00004-of-00008.parquet	000519	bec1c3842fe50d5d2e6e6af32a01f58a326cc746	3447
train-00004-of-00008.parquet	000520	62f0134f31778e7013702b3c1e0b2f131d9e5638	2972
train-00004-of-00008.parquet	000521	71d93dc24950f21ec8e0364fd6c1b4b737271cbe	3322
train-00004-of-00008.parquet	000522	636f43ae9c5e05d53fbced96087d4ff063038480	3159
train-00004-of-00008.parquet	000523	98f8a6855b57355751d26c7560bfce10a1ac39a0	3766
train-00004-of-00008.parquet	000524	835ce0aa9596e9262fec498fddace28e566e9945	2745
train-00004-of-00008.parquet	000525	84c1dcd97ed657171a7b28af43fef482ab6fe59f	2873
train-00004-of-00008.parquet	000526	d9e78d141e94682301581a63187ee77a71bb475b	3622
train-00004-of-00008.parquet	000527	0814972c0ff310f2c38b118ad8d7609a1850b330	2806
train-00004-of-00008.parquet	000528	25f3e0870530890c112b6cb00f97cb63a39983ac	3606
train-00004-of-00008.parquet	000529	196f215ee298fcd21a24ab36539f93a10e6537fb	3200
train-00004-of-00008.parquet	000530	19339332041c3f665b3e3b251196836847e285dc	2726
train-00004-of-00008.parquet	000531	d0e596c2485da437ccd723bc9f98270de25b94b4	3389
train-00004-of-00008.parquet	000532	7f7383e30e35b9677ea6485863d55514962c7a9c	3018
train-00004-of-00008.parquet	000533	2c8434d0af679681dd2ea28359985f53013ceb2f	3444
train-00004-of-00008.parquet	000534	c047dc47e5c5d162eb569722155cbe2cb96981e6	3115
train-00004-of-00008.parquet	000535	857f1f2da4f192b130b21f09389479eaa014c963	3714
train-00004-of-00008.parquet	000536	ef27c66b6f98a518cbff37c9c31999ddd5a7c30d	2556
train-00004-of-00008.parquet	000537	f7cd51345807028ad997ab66c4a48a2d20289623	3038
train-00004-of-00008.parquet	000538	3491afd3418c2a1836bb4cfc20cbf2f7ec98ae79	3606
train-00004-of-00008.parquet	000539	07e0ea0d9251910d9b09f8bff9746e2746087d63	2727
train-00004-of-00008.parquet	000540	8155356ce26028b86f89b92c4b4984407f21046c	3757
train-00004-of-00008.parquet	000541	975bc2f9b3b1c3f00fb2726ca5dd515e8079b304	3198
train-00004-of-00008.parquet	000542	844e41ba97e77bdacf60f6d0bf79c041f9d36261	2730
train-00004-of-00008.parquet	000543	ba63eda6692f697ac21cd01d618c1e2748242de8	3298
train-00004-of-00008.parquet	000544	cc0621264f5eaa13bb2e2eb5623ed458f17950ac	3017
train-00004-of-00008.parquet	000545	b941f9865cca9aa39557a885820e2e4b06c4e0b0	3492
train-00004-of-00008.parquet	000546	54f922fc5a32a76ad63f4cc0e74ae37237227a0b	3167
train-00004-of-00008.parquet	000547	0e75a477227588bbe71ba9c2719c04db05fd631d	3362
train-00004-of-00008.parquet	000548	3b955b3a67e0f84d4888f827562f9aada0836eac	2883
train-00004-of-00008.parquet	000549	04081bca68cd53b4571609d877e675a706c9640e	2976
train-00004-of-00008.parquet	000550	64a7f4f14d184e0d7fdca67098cbf35ffc50c257	3596
train-00004-of-00008.parquet	000551	c7a3de697e23db5459fe63228d7738575d90faba	2875
train-00004-of-00008.parquet	000552	9b87e4131dea873600a5c35175c3a445fd3537d8	3753
train-00004-of-00008.parquet	000553	57326ebce2660164dee8a29991039acdb14440d8	3074
train-00004-of-00008.parquet	000554	2bec44fabf47c661643feb87be0cce611818df17	2532
train-00004-of-00008.parquet	000555	d05549df1faa4d8cdc2dab434b5d746e9c26df14	3621
train-00004-of-00008.parquet	000556	5fba54f643f43f3641c3c9fae0a11e66be9650fa	2920
train-00004-of-00008.parquet	000557	403cb5c941866d6405dcca6023b869961eb3252f	3512
train-00004-of-00008.parquet	000558	7c7e596e860497d1d53874ba279f565b02c8c76d	3123
train-00004-of-00008.parquet	000559	a94a352d86d3824f0d2efc42b87e9fc6ea8842b2	2850
train-00004-of-00008.parquet	000560	bec1c3842fe50d5d2e6e6af32a01f58a326cc746	3447
train-00004-of-00008.parquet	000561	c5a39e54c773cceed581da5c476b37e276c8417b	2955
train-00004-of-00008.parquet	000562	71d93dc24950f21ec8e0364fd6c1b4b737271cbe	3322
train-00004-of-00008.parquet	000563	08ce271ee6e81489320285e0052fa23ebb5d0727	3117
train-00004-of-00008.parquet	000564	6dc8feb532bf94a57dcb6e101b56d67c0b9d7c72	3749
train-00004-of-00008.parquet	000565	835ce0aa9596e9262fec498fddace28e566e9945	2745
train-00004-of-00008.parquet	000566	9869296ec8948652fac6d80deafaea63b790382f	2847
train-00004-of-00008.parquet	000567	d9e78d141e94682301581a63187ee77a71bb475b	3622
train-00004-of-00008.parquet	000568	593a36c5fc1fa46d41f449fc3ff1ea56530e6741	2841
train-00004-of-00008.parquet	000569	25f3e0870530890c112b6cb00f97cb63a39983ac	3606
train-00004-of-00008.parquet	000570	eee17093ef777b2244c4a13c7c8dae48584c7480	3220
train-00004-of-00008.parquet	000571	adc21b29c17e88b0965ab2de4cf1af03ca0252ea	2727
train-00004-of-00008.parquet	000572	d0e596c2485da437ccd723bc9f98270de25b94b4	3389
train-00004-of-00008.parquet	000573	a8d90762a72a816a0c28b8ed0d4e591f39be8ffb	3037
train-00004-of-00008.parquet	000574	2c8434d0af679681dd2ea28359985f53013ceb2f	3444
train-00004-of-00008.parquet	000575	bd162655470bc7c7c4e3eeec08522781d964e26f	3118
train-00004-of-00008.parquet	000576	4a0d86ee2ccfe5ec32ad813850efaaf3ad78ccc8	3714
train-00004-of-00008.parquet	000577	ef27c66b6f98a518cbff37c9c31999ddd5a7c30d	2556
train-00004-of-00008.parquet	000578	ce8a9b18d318d0adfc754de703974dfea317abbc	3021
train-00004-of-00008.parquet	000579	3491afd3418c2a1836bb4cfc20cbf2f7ec98ae79	3606
train-00004-of-00008.parquet	000580	74929fc56f6355376925df3e94b8fd96cfdf90df	2747
train-00004-of-00008.parquet	000581	2a4ece6bd40f7df2bc1ce50b87735c58a4a44e9b	3757
train-00004-of-00008.parquet	000582	dd08a2d09ff5e9ed972da40f069d29fdec348f3c	3215
train-00004-of-00008.parquet	000583	97266417397fc6cb075663a45e755231ccf4ecf4	2748
train-00004-of-00008.parquet	000584	ba63eda6692f697ac21cd01d618c1e2748242de8	3298
train-00004-of-00008.parquet	000585	ae2289f20a2f4150891436be71e92bb9042f8612	3041
train-00004-of-00008.parquet	000586	329635a9741004b4d28dfb7a62767ffa09b21829	3419
train-00004-of-00008.parquet	000587	2cc19b6d5500f702b5b472c53d1e821ce0aab060	3136
train-00004-of-00008.parquet	000588	8d12d47ed750b6a3ec9a2d4fe79216f9f819717c	3113
train-00004-of-00008.parquet	000589	ccb147340416566121e6a31579cb135689115896	3229
train-00004-of-00008.parquet	000590	d910aed49e431446301288d67f31ca8e3ef5a842	3020
train-00004-of-00008.parquet	000591	f78c2ccf510b3e639c1562f1a69d73a387010b8b	3408
train-00004-of-00008.parquet	000592	ac26073645d80bfc174e264cb2893616913353eb	2983
train-00004-of-00008.parquet	000593	b68415b399965146de0722693cf368a3701262b3	3778
train-00004-of-00008.parquet	000594	e7adc5104fb5974432a430e2a5467abf2f58b34d	2851
train-00004-of-00008.parquet	000595	92a3549b7bfa76c4a732b7be307f6a901d5e4b41	2741
train-00004-of-00008.parquet	000596	0fb6dc58b36fd8f04e56fba86487b3e9427ef361	3615
train-00004-of-00008.parquet	000597	10754ba326a74e68d85d24cc49badd65974938bb	2826
train-00004-of-00008.parquet	000598	78c056b1849380dc652f4bc691c589f9d0ae4813	3579
train-00004-of-00008.parquet	000599	5a8b1cf14e67f7cb5e9270f7cc27b08d0e5680f1	3248
train-00004-of-00008.parquet	000600	3d12b47a52235bb4f73e0ad20c2df693e0dc0bb2	2703
train-00004-of-00008.parquet	000601	717a053c4f9b9911984dfdc96d378b9011643f46	3487
train-00004-of-00008.parquet	000602	5be33c5e36fce1576d2ebedc10ec974aa0a40c5c	2965
train-00004-of-00008.parquet	000603	b8cc8c6f058c715c837de0a0e922646405b34b58	3410
train-00004-of-00008.parquet	000604	cb795def3579fd82d6433c35b03ad8317614eef3	3077
train-00004-of-00008.parquet	000605	a4b37f82f2d7827573e59e8e59c9d5fdfcee2cfb	3714
train-00004-of-00008.parquet	000606	ef27c66b6f98a518cbff37c9c31999ddd5a7c30d	2556
train-00004-of-00008.parquet	000607	b9b9fec1acd35db085e53167a55a52980307350a	3061
train-00004-of-00008.parquet	000608	3491afd3418c2a1836bb4cfc20cbf2f7ec98ae79	3606
train-00004-of-00008.parquet	000609	4bd2a68d75cb522f315d3dcdbc137e6c76d64fc7	2771
train-00004-of-00008.parquet	000610	2ceb14137ecdf5b428dd1104e2a1be1c069e8345	3757
train-00004-of-00008.parquet	000611	73f5270e44e0a4e5413d2e8ad3a1d5b8cb77c28a	3207
train-00004-of-00008.parquet	000612	7b37235fa82d23d8aedefdd63343b926f40281c9	2739
train-00004-of-00008.parquet	000613	ba63eda6692f697ac21cd01d618c1e2748242de8	3298
train-00004-of-00008.parquet	000614	838ea525d989c764ce696ddcd2fce6585562e8c7	3019
train-00004-of-00008.parquet	000615	b941f9865cca9aa39557a885820e2e4b06c4e0b0	3492
train-00004-of-00008.parquet	000616	7bec824bffce5df1c1b11e553f689355f5effcef	3181
train-00004-of-00008.parquet	000617	25c19368d2519ef5891372f2bbaefa3b566cc023	3361
train-00004-of-00008.parquet	000618	3b955b3a67e0f84d4888f827562f9aada0836eac	2883
train-00004-of-00008.parquet	000619	24140f1856d251bb359d150c5350d4af6823fade	2957
train-00004-of-00008.parquet	000620	64a7f4f14d184e0d7fdca67098cbf35ffc50c257	3596
train-00004-of-00008.parquet	000621	252c9e0782b51ab11bb73656b9a68a19a2591c94	2882
train-00004-of-00008.parquet	000622	7969cde5f285d7fbbd24ab0b7ce4f61289436a36	3730
train-00004-of-00008.parquet	000623	4941567a95f346868aa722a7192230d7acd4b4c8	3098
train-00004-of-00008.parquet	000624	670a3fc7d37d64df5ec12072fcbc5a16ea8c7494	2502
train-00004-of-00008.parquet	000625	4141728f20886b32f375eec9e27caa7690506fc8	3619
train-00004-of-00008.parquet	000626	d77629e424f689469bff0bb1a60b96470b2f51c6	2826
train-00004-of-00008.parquet	000627	23adf51c99bf31477efd1fec4aa65109b108ebac	3609
train-00004-of-00008.parquet	000628	0d7ef923f842bfda0a9d58365fd143bb721793d8	3220
train-00004-of-00008.parquet	000629	630ebb629ac1c771e2c5b7df427d61a308c0bcab	2702
train-00004-of-00008.parquet	000630	717a053c4f9b9911984dfdc96d378b9011643f46	3487
train-00004-of-00008.parquet	000631	6cf74292225a10f6a59b58d049748eafc2d0ec3d	2974
train-00004-of-00008.parquet	000632	b8cc8c6f058c715c837de0a0e922646405b34b58	3410
train-00004-of-00008.parquet	000633	53dcb999fbb7875009da759ef41a8a48a4542087	3083
train-00004-of-00008.parquet	000634	477f7a612221ee98f7c8a778194fc6f5f9993fc7	3714
train-00004-of-00008.parquet	000635	ef27c66b6f98a518cbff37c9c31999ddd5a7c30d	2556
train-00004-of-00008.parquet	000636	61ec3297b3f87b35baeb298d27f37828a8990978	3039
train-00004-of-00008.parquet	000637	3491afd3418c2a1836bb4cfc20cbf2f7ec98ae79	3606
train-00004-of-00008.parquet	000638	4f6812c0217c7d49bdf3c52ea7fb06ca646a18da	2737
train-00004-of-00008.parquet	000639	e6a7e996c8ace1cef197d23035aceebc1f6b7a51	3757
train-00004-of-00008.parquet	000640	b7063543688b5fe6cb10890b543c90a31646d243	3197
train-00004-of-00008.parquet	000641	669baeae2ecf009cdfd972310e6094e724d4c195	2650
train-00004-of-00008.parquet	000642	fe17d18a769b94002f0d2f6155f1c1ffb4264c97	3413
train-00004-of-00008.parquet	000643	ba28669ee8b2bd25d943fa5a8b5d3e5c512dbed3	2933
train-00004-of-00008.parquet	000644	a44edc19138fd4580605969cddcee2145c4d7ce6	3459
train-00004-of-00008.parquet	000645	4d6efb46d5ec2642805df921f306842bb561412a	3162
train-00004-of-00008.parquet	000646	4111dc098ab12104aa243d4254b36eea308dad41	2864
train-00004-of-00008.parquet	000647	bec1c3842fe50d5d2e6e6af32a01f58a326cc746	3447
train-00004-of-00008.parquet	000648	b41a4c2a91d3b3175da3a8e8d8591c0391c1c2b6	2998
train-00004-of-00008.parquet	000649	71d93dc24950f21ec8e0364fd6c1b4b737271cbe	3322
train-00004-of-00008.parquet	000650	6fa0926825b6cb7c495777a7475bfb1a9ea13f85	3119
train-00004-of-00008.parquet	000651	aedc2c03b33daebfec519cca4b766f4fe669cd2b	3766
train-00004-of-00008.parquet	000652	835ce0aa9596e9262fec498fddace28e566e9945	2745
train-00004-of-00008.parquet	000653	226c86e87144751ddaa7151113e30e923347d040	2815
train-00004-of-00008.parquet	000654	d9e78d141e94682301581a63187ee77a71bb475b	3622
train-00004-of-00008.parquet	000655	047b9259854e6787cdcd64de6b3edd2d2dbac5e2	2823
train-00004-of-00008.parquet	000656	25f3e0870530890c112b6cb00f97cb63a39983ac	3606
train-00004-of-00008.parquet	000657	926ffa2fa1424aae2c2768dca695e4f83ce87981	3226
train-00004-of-00008.parquet	000658	4cec08d863cbdfc2ce45ed19d3fbff0d1807ca1c	2726
train-00004-of-00008.parquet	000659	d0e596c2485da437ccd723bc9f98270de25b94b4	3389
train-00004-of-00008.parquet	000660	11666de9181b90a78da151ce7b046c656751e1d7	3012
train-00004-of-00008.parquet	000661	2c8434d0af679681dd2ea28359985f53013ceb2f	3444
train-00004-of-00008.parquet	000662	3ce08107ee732d82ab4811c85479ad3dd68cba15	3099
train-00004-of-00008.parquet	000663	ae33b020f57243bfc9b06f4a4f05dd9487502f74	3715
train-00004-of-00008.parquet	000664	ef27c66b6f98a518cbff37c9c31999ddd5a7c30d	2556
train-00004-of-00008.parquet	000665	1745240c8cd4cd0363cdc607f8514b4dc179c1ff	3045
train-00004-of-00008.parquet	000666	3491afd3418c2a1836bb4cfc20cbf2f7ec98ae79	3606
train-00004-of-00008.parquet	000667	d2a4c38ac65165cbded2d0f37e25795002ca6c78	2745
train-00004-of-00008.parquet	000668	62616ab2f42dcf45b7faac73dcbb5831e7e8b830	3757
train-00004-of-00008.parquet	000669	bff0bd2249903e86d137d2c184971acf920331bb	3202
train-00004-of-00008.parquet	000670	26e9cac7c22e43cb7074881e114b4c6bbe1d6721	2734
train-00004-of-00008.parquet	000671	ba63eda6692f697ac21cd01d618c1e2748242de8	3298
train-00004-of-00008.parquet	000672	01c07b54796ed99b48bf2912fb52f0af98020973	3008
train-00004-of-00008.parquet	000673	b941f9865cca9aa39557a885820e2e4b06c4e0b0	3492
train-00004-of-00008.parquet	000674	68b3552a20a0a7e5d8741ae1b731eac749f4cbb9	3169
train-00004-of-00008.parquet	000675	7bb1266f72adfdf04f8b98233f09bc822a494369	3362
train-00004-of-00008.parquet	000676	3b955b3a67e0f84d4888f827562f9aada0836eac	2883
train-00004-of-00008.parquet	000677	f9d9af5fcea671ee2e88a9018ba77e245cad836a	2952
train-00004-of-00008.parquet	000678	64a7f4f14d184e0d7fdca67098cbf35ffc50c257	3596
train-00004-of-00008.parquet	000679	2c1131be47edbe987746313dba30a286eca364e9	2864
train-00004-of-00008.parquet	000680	c24ec037392c47ff70699480980dd2b74ad3ed16	3719
train-00004-of-00008.parquet	000681	f555c02dc580eaf49a7f3c88a5f29184f730aa94	3069
train-00004-of-00008.parquet	000682	b0767d127c6066d154018515ccb06df049076c11	2563
train-00004-of-00008.parquet	000683	38289cfdb23caf8bb29113cbeafb3ebb3fdf9108	3604
train-00004-of-00008.parquet	000684	cd977f8c8c4f384aeecc905dbbc9ca3248e611a0	2903
train-00004-of-00008.parquet	000685	4782be3b175b6671d0e8dbec5d94a613142e0d28	3490
train-00004-of-00008.parquet	000686	fc367b875cf293c11861a11025cc33161ec38f4e	3210
train-00004-of-00008.parquet	000687	ff48c921c621e593e0b7002749ed567b5f8b6292	2699
train-00004-of-00008.parquet	000688	d2955ac307aa397baa93de9f77e0aba2b04b65de	3546
train-00004-of-00008.parquet	000689	b772b6f93159fe384e1f141bbbcad3abecb41970	2973
train-00004-of-00008.parquet	000690	dfd0ce9980a4db7683fd2a4e94faa8ff9f35d13c	3383
train-00004-of-00008.parquet	000691	d5a5747e1dc9ec32bca819a7ac37aa46ea05fa85	3057
train-00004-of-00008.parquet	000692	6296b10322188f4de42bb5f64312c99a4965da5e	3787
train-00004-of-00008.parquet	000693	2a26c93a7816d68dc9cea8297f15520668ea8d28	2641
train-00004-of-00008.parquet	000694	f799b72a55e53ca09efdb2162a247decb191bcff	2980
train-00004-of-00008.parquet	000695	6c8d6c5ae44b2d082046118a59c955156bd01eba	3619
train-00004-of-00008.parquet	000696	a9327f263252233b24fc48c632dcff9b0f5cd782	2780
train-00004-of-00008.parquet	000697	6451ff2c6b36b2612f0674c1ed497faf14099e2a	3651
train-00004-of-00008.parquet	000698	1fafe4540f832d8a2fafdd2752fc1599fd88f85a	3177
train-00004-of-00008.parquet	000699	2f1bd793cba933a82a933c05121d3cff22c1b8d4	2725
train-00004-of-00008.parquet	000700	e27ce44571aa09b1bede37d54b2338bb19a36b4f	3273
train-00004-of-00008.parquet	000701	1a4dce84a5702bab3e71ac8110b9b579b51cb1da	3147
train-00004-of-00008.parquet	000702	92ec9a346fefb820932f540e135a45b75e10c19d	3428
train-00004-of-00008.parquet	000703	afec6a076144be64443f7c921491624bff30c443	3141
train-00004-of-00008.parquet	000704	11a70abee8b34be70a4775d5ee1829eb724e17bc	3661
train-00004-of-00008.parquet	000705	c845cf6f6a1e8ae2f50297fe4201c56effbb0b5d	2630
train-00004-of-00008.parquet	000706	ca39737738bef104b8ffecb9641bcdc6045bb8b2	3046
train-00004-of-00008.parquet	000707	3491afd3418c2a1836bb4cfc20cbf2f7ec98ae79	3606
train-00004-of-00008.parquet	000708	def2f9cf923f81b6cb0c0b4a8d92aa0a439ed9ab	2730
train-00004-of-00008.parquet	000709	addc3d83020a47373482dbe1fa3708a3db9c3921	3755
train-00004-of-00008.parquet	000710	ccd799292aee05f7d406b86586c95259de85fed2	3164
train-00004-of-00008.parquet	000711	8ff0d7ba09b747f19b2c6da4615c0f1499ed9dc7	2562
train-00004-of-00008.parquet	000712	e27c40a30bb5192b223dcbf0dd4d66618f9f5cdf	3539
train-00004-of-00008.parquet	000713	7d9355703388f12175fba224c6a3e05531c5ddc6	2945
train-00004-of-00008.parquet	000714	2521f2ca2969d9f510c631b969dc1ea3d1557252	3469
train-00004-of-00008.parquet	000715	ef1181903806243f4ac2cd29bb0059a295f485cc	3140
train-00004-of-00008.parquet	000716	5374720da7b1c955300fcb750fe5347407808c80	3114
train-00004-of-00008.parquet	000717	ccb147340416566121e6a31579cb135689115896	3229
train-00004-of-00008.parquet	000718	893c6c0e98ea3b795cd91b29e921e97b645165eb	3046
train-00004-of-00008.parquet	000719	f0bfbf3d65dd06a65ad983f3fffc0232dfd917d1	3541
train-00004-of-00008.parquet	000720	e197359db261d83ebe97957960d2d74a49e7fd2f	2862
train-00004-of-00008.parquet	000721	40e7974b5f87fdb7964ab6ad35ae90b9c4d070a5	3810
train-00004-of-00008.parquet	000722	4941567a95f346868aa722a7192230d7acd4b4c8	3098
train-00004-of-00008.parquet	000723	a15976ad57aa326c340ccbc972f2d9ee3359acd8	2505
train-00004-of-00008.parquet	000724	38289cfdb23caf8bb29113cbeafb3ebb3fdf9108	3604
train-00004-of-00008.parquet	000725	501d6eae7d3bfd1cceadcf4a26b761a46deb71b3	2906
train-00004-of-00008.parquet	000726	716297011879a9923f5b96251e366326c441819e	3473
train-00004-of-00008.parquet	000727	65276c0ce889e70c9e0b6afef6ec5a250eac5e53	3228
train-00004-of-00008.parquet	000728	f49b9492264efe2fdb9e84602f307e7fe3cd0cdb	2701
train-00004-of-00008.parquet	000729	d2955ac307aa397baa93de9f77e0aba2b04b65de	3546
train-00004-of-00008.parquet	000730	a247e61c06aaa21c5812ed561fab82b5c5569fcd	2958
train-00004-of-00008.parquet	000731	dfd0ce9980a4db7683fd2a4e94faa8ff9f35d13c	3383
train-00004-of-00008.parquet	000732	e134d504d8c7314c53b887bc9e4e9cd03d8d14c4	2288
train-00004-of-00008.parquet	000733	e71dfe2d871118df9df6d55104b9c44438bb9c20	3816
train-00004-of-00008.parquet	000734	922ef9284a62d8695cb21f6d37c79888fb7dff0f	332
train-00004-of-00008.parquet	000735	771c386f97e371a45c62071181719d4360614297	1522
train-00004-of-00008.parquet	000736	5628ecc94db50c1b5256a07a56c980b97a4ea1dd	2296
train-00004-of-00008.parquet	000737	3ec5c04596e30dc3df1c62a4bb04f0091d2f451d	396
train-00004-of-00008.parquet	000738	bf41f8b45b5c214f0bf59fe55d58d6d6e63f2cb9	2479
train-00004-of-00008.parquet	000739	a149c72cb0e267816b05f7eedbb00ae54a280176	2555
train-00004-of-00008.parquet	000740	5cac7c7271df04fc2bf8e290a6370a5da9e53602	454
train-00004-of-00008.parquet	000741	cd1054564e68d091a605593ae5ff98575b37236a	1269
train-00004-of-00008.parquet	000742	3c97ff9740c4e475da04ca78f1598eed968652c8	4012
train-00004-of-00008.parquet	000743	5a775d4c0580eeb3dced4edadcf96a5588ad5ca4	1431
train-00004-of-00008.parquet	000744	515308ebf99c257ad28289dfee0323be27f502c6	1285
train-00004-of-00008.parquet	000745	26f00309525afa1ea4cfb5ae9a4198f9c6182701	1507
train-00004-of-00008.parquet	000746	6e255acb606bc821153e85cd2dcee42cf2c4cdd2	2245
train-00004-of-00008.parquet	000747	311aca046dc1b829094c942ad72c22d50a8309f5	258
train-00004-of-00008.parquet	000748	185734e706e7e25f26f476c291f467b7b0818548	1773
train-00004-of-00008.parquet	000749	e709f44c713566c20de7cd742f01744d57c372db	874
train-00004-of-00008.parquet	000750	1f8e8e46e5b6dff0702eb71461ade6fe68f8c6ff	3860
train-00004-of-00008.parquet	000751	0fc17f6d62cf2e13b1dede48ffef16c3d54a59ed	4788
train-00004-of-00008.parquet	000752	f728de9c82e27b165a1ca626f272e9a608f7fa47	5549
train-00004-of-00008.parquet	000753	623aab6f8648ca725a0a177bfae1a4cb5c725dc6	5699
train-00004-of-00008.parquet	000754	fb143bb798a9723c8925c51d48e8c5e3b0efdffd	3347
train-00004-of-00008.parquet	000755	2c51b4a690292c4310d0fe22fba68cbb051c94cc	2946
train-00004-of-00008.parquet	000756	c7d0ed768f112498dfbdaad6f9160ee7e820519c	1272
train-00004-of-00008.parquet	000757	872af94c411dd38f9b94c42cef84e5c5b45ff785	37
train-00004-of-00008.parquet	000758	e0ef879b7abf75785339ac81ff171a00e23b34bf	1423
train-00004-of-00008.parquet	000759	44aa221622dab46c1baf2b464d7e653e7a74d7df	2063
train-00004-of-00008.parquet	000760	be29a7c836e4a0083619e916eba280781bd32f41	3774
train-00004-of-00008.parquet	000761	92a9de448ca837b66d3d9505f37ac774746d169d	4193
train-00004-of-00008.parquet	000762	25b98a90925edb0863594ae0239f1e95a21da17e	4420
train-00004-of-00008.parquet	000763	6b2c985f9eae420c7ad41a548b12273bf730135f	4757
train-00004-of-00008.parquet	000764	e5cbfcd5dcfec1bae43a952d3fdc2f0d58da1c96	4656
train-00004-of-00008.parquet	000765	72b723c2ff69b9875594ea76b952370766e52820	4498
train-00004-of-00008.parquet	000766	524af81762d3967186a0f9d82349f3a62e37fa46	4241
train-00004-of-00008.parquet	000767	416915276d707b72d4803f5878fc5661fe707dc4	4515
train-00004-of-00008.parquet	000768	3e5c5f8b47de58c2e259687a0b36a0c6f488bf32	4204
train-00004-of-00008.parquet	000769	0cff5a336d84aa7b25baea9d4b448e302f419bf4	3948
train-00004-of-00008.parquet	000770	c0016dd80ddf69b7e3c9e6b0e8c9590142214f31	4201
train-00004-of-00008.parquet	000771	046f40b3e090f382e6483ddf5b8b2b9f7761026a	3958
train-00004-of-00008.parquet	000772	5e98001bfd128c95b1c0117509f58713b1f560d5	4135
train-00004-of-00008.parquet	000773	4265e07a2a0ef331b9c56b870da31cacc1706374	4407
train-00004-of-00008.parquet	000774	59c9f63ea814243c6f5a4f9da9822a86846306cb	4143
train-00004-of-00008.parquet	000775	ae658025179015e20a7edf454f2a3e74b9844278	4390
train-00004-of-00008.parquet	000776	dc85a3d598891f424ee19dae77e7b37eec72c4f3	4340
train-00004-of-00008.parquet	000777	10534ca8278d7532471b004ac7da5387cffd180d	4176
train-00004-of-00008.parquet	000778	8815974f94bbb637a3dc07a89fcd485c5811b8a9	3562
train-00004-of-00008.parquet	000779	254203e2cd751bc4a5788327df0541ea090dda9e	3717
train-00004-of-00008.parquet	000780	b50888c72a89d2af4cdc7767d53b19eba845b3b5	3548
train-00004-of-00008.parquet	000781	5b1f3d3b37fa6840392899c82492ebfc4b70e45b	4001
train-00004-of-00008.parquet	000782	6a476802a4d5b0edf6a981364e3a7e73bcc28f3d	3777
train-00004-of-00008.parquet	000783	8f767a09b764b024d6eccf4bc4805c4ad83eddb0	5244
train-00004-of-00008.parquet	000784	c349bd9bf0a729361acb7b7f38f538beb5167e2a	2772
train-00004-of-00008.parquet	000785	05c943a54736b363c29ab3da29cfcc0f1f83a4d5	2815
train-00004-of-00008.parquet	000786	3d7cf34aeb6cf61f2ac6ee8143af0b9842a25eb6	4172
train-00004-of-00008.parquet	000787	052ded73cf701977b18c26b66ecc79e04990473b	4491
train-00004-of-00008.parquet	000788	8350823782c54492d34d8dee07f14d1c06da23d5	2702
train-00004-of-00008.parquet	000789	2a7d1a3d367084b3615d23372a482781087b5e35	2368
train-00004-of-00008.parquet	000790	f226cb81d831ff7756aed1b6955cdd50d29b3875	3819
train-00004-of-00008.parquet	000791	8e386795d130ac6e4cc903a0d64bb61bffaf1428	2243
train-00004-of-00008.parquet	000792	16d8af58ef97294ce1bee5d5fbc1bc95547983b6	4044
train-00004-of-00008.parquet	000793	982f42e8d6bb71c1532bbd141072855d42bc6f4d	1300
train-00004-of-00008.parquet	000794	b5c7ec7e952e33af95733bd1a572e7050f68b16e	3839
train-00004-of-00008.parquet	000795	f9bd46fcfee6421ccc8c1211869da36d65be0673	2108
train-00004-of-00008.parquet	000796	a45300399a0df8d9bac58abafdca3980908952bd	3827
train-00004-of-00008.parquet	000797	2ea6449cba23975d91ee97a3bcf35f72993e9152	2749
train-00004-of-00008.parquet	000798	80a79ffbf14753a096244f107178345ac9f06563	4559
train-00004-of-00008.parquet	000799	9742ca0a398cff9da1b26441af0a063f3482f344	4020
train-00004-of-00008.parquet	000800	cbb72513cfab664473d2e9ae5f0ad81053b5f948	4834
train-00004-of-00008.parquet	000801	b381cbdb25d1109664bbec7f0815ac812bfbb01f	1900
train-00004-of-00008.parquet	000802	b58c7e5d1aae5e0cfb976f04bb449b53b9744236	5044
train-00004-of-00008.parquet	000803	8f9c629626db0919ad04e3470463ca83bc317e1d	4230
train-00004-of-00008.parquet	000804	71f03c09bc97f3382a0aa37f59f7a609b1516ee2	3077
train-00004-of-00008.parquet	000805	416471c38a955030bcdee12754275c2c08d558fe	1024
train-00004-of-00008.parquet	000806	1b4bc26b4169dc479a75972285ca9c42cb9f330b	3427
train-00004-of-00008.parquet	000807	ffebe66455f95270bcf7b71ee82c39d4559be5cb	3512
train-00004-of-00008.parquet	000808	532d189b6438b7a3e055148b2bd79bba4e572e38	3853
train-00004-of-00008.parquet	000809	9336cb849bcba2d42dfd2d68beef8704a0cd96d5	4627
train-00004-of-00008.parquet	000810	74450d5d24f1708b29d8e7b531959d6bae405f6a	2599
train-00004-of-00008.parquet	000811	62e65f7751e5fa2117337a1418b7a4cfb624cf96	4062
train-00004-of-00008.parquet	000812	90829ca9e69c12b010c2c0e1ee35d73dbc166ba7	2880
train-00004-of-00008.parquet	000813	242a35af8d99c65bf12eede43fe8d3e9f124788f	2844
train-00004-of-00008.parquet	000814	54ae32a1aa782a27ee992582ad7c0f6e89d417b2	2837
train-00004-of-00008.parquet	000815	efd850c572bb726917456f7f82198196577cbd80	1693
train-00004-of-00008.parquet	000816	2774bde7422c610a48154a46d7d75f581a24812c	1381
train-00004-of-00008.parquet	000817	4d01d0caccf25eae658b68ea51c7369f58b2066d	3893
train-00004-of-00008.parquet	000818	e94cfeebec18fb34549c280b50a5bb55ec420354	2061
train-00004-of-00008.parquet	000819	f8fa65b9cde3086b56e86689a17d9f4f73f7cac0	4211
train-00004-of-00008.parquet	000820	ac6ea7870eed8c6abf258179bd4a55f93d90ab24	4143
train-00004-of-00008.parquet	000821	0e2601994bc466ecd014a640b6a6d51c7e1e85da	4415
train-00004-of-00008.parquet	000822	219978bdb0ef1ba9a921bba57fd1b992532ff37f	4165
train-00004-of-00008.parquet	000823	053ae8f2acc49971dbf03f14acdbea85685fd645	4324
train-00004-of-00008.parquet	000824	40ff15898f75921c8eacf8d37187a70c37b4458d	4312
train-00004-of-00008.parquet	000825	5cb7d734836bc2eb71d9ad3ae21f24be405fedaa	4368
train-00004-of-00008.parquet	000826	b31d61ce1919707d58117b6cedfa23a782acdd86	4322
train-00004-of-00008.parquet	000827	0c54863669d7d29b19beb0ba64c287b5570a205d	4206
train-00004-of-00008.parquet	000828	8edc178be3d4873a9cc28598e8720ab7908103c1	2843
train-00004-of-00008.parquet	000829	914e4002f9d6e04d240457cfa6b08d9c4cc5d685	3345
train-00004-of-00008.parquet	000830	f07a8e74e392293a0d8887275f19d7e9b4d3c723	1894
train-00004-of-00008.parquet	000831	9fb38360adc71ec11fcadabe4c96d6ed4a17976b	4224
train-00004-of-00008.parquet	000832	f2c04b20434105818d30f2d23c1be1442e21d4f9	1150
train-00004-of-00008.parquet	000833	91adc9618bb5661d0f545fcbf06018a5019518e7	4460
train-00004-of-00008.parquet	000834	65b400977b9fa601e71083053bf36c017a77a444	2924
train-00004-of-00008.parquet	000835	62e73e551afb3cf4171f19f48786ae15660086c2	4050
train-00004-of-00008.parquet	000836	405af3430a32097dd1534b5f87f66407b7a4b903	4261
train-00004-of-00008.parquet	000837	60a9713945c0d59ceda7c5e1b453db98b6e71578	4091
train-00004-of-00008.parquet	000838	f3ca086b94b7e36d2a67b604cdadfca1a16fb100	4517
train-00004-of-00008.parquet	000839	637949bb049d890496d2ed8a5e2ca596420e0724	4105
train-00004-of-00008.parquet	000840	50b4f7d665f5ab4fe4f9b2f94dedc39b77985cf3	3690
train-00004-of-00008.parquet	000841	d923a33c9ac6dbd576fb68e774a7f3f9e9b3635d	965
train-00004-of-00008.parquet	000842	4ba73641b1a45e3cf37fc2e73be924abac8d8f39	3798
train-00004-of-00008.parquet	000843	b53e16c4e5bd8dfe28d76ffadbc3158646a2432c	3589
train-00004-of-00008.parquet	000844	886e31d2d9561864e8d7fe7c5d57cbd4aa9201dc	3851
train-00004-of-00008.parquet	000845	7779a27acc1a69bf753146bb1013bcd5c3ae3721	5002
train-00004-of-00008.parquet	000846	160cf6790b282089ecea130f89fd6826bf462f68	2999
train-00004-of-00008.parquet	000847	389521fb0f2a08b1f51c9cc3753ff4c8fb434f51	3043
train-00004-of-00008.parquet	000848	1a02d619b52419ea63a27c36b9351fbb6f374d9b	4399
train-00004-of-00008.parquet	000849	6fa83392d4751ab463a6d945c1c152f9835a3a22	4246
train-00004-of-00008.parquet	000850	484c458d8d6cfb55e3b80dab57494c45ad94f635	4293
train-00004-of-00008.parquet	000851	94c516e3e1769b144f645f3929ea2d848054f4ee	4334
train-00004-of-00008.parquet	000852	4eb20d22eabcf8dcbb3def127c020df02962678f	4655
train-00004-of-00008.parquet	000853	311748a178d5374d59263cff2aca98c641e847e9	1948
train-00004-of-00008.parquet	000854	9b037b92f76469da183d8e1473f6bb7e5081d8ca	3922
train-00004-of-00008.parquet	000855	a84b5f6966dfa7e304ff30fa7b57a1062b0a75ad	1054
train-00004-of-00008.parquet	000856	b171c4241d7cfa06d7b6673142f84f5dc9a93a80	3855
train-00004-of-00008.parquet	000857	fe6ef612dc58c5180ff5c381c27be524c07d2d67	3318
train-00004-of-00008.parquet	000858	cbb74f54c171a3e5119f370f6cd8d650a5702c48	3929
train-00004-of-00008.parquet	000859	8c548aabc8ad356b0be1e511afc8586317e1cb3b	4387
train-00004-of-00008.parquet	000860	6cf7c86954b2a99d7855085611ca0dc1d9fc35c7	4258
train-00004-of-00008.parquet	000861	b65f5504d2d76e5666b37687bf50109883e3dd77	1937
train-00004-of-00008.parquet	000862	2ea40a2ffb5b72d72a976cf3e502830e2338da60	4980
train-00004-of-00008.parquet	000863	1d8158ca5e5ff8ab24737beeabef88fef116ea8c	4252
train-00004-of-00008.parquet	000864	40b22f9fbf9e72686e9feaf8971a5ef219a84f78	4440
train-00004-of-00008.parquet	000865	be84404a5ed68f3feed40fbbf3cdf11949336a7a	4131
train-00004-of-00008.parquet	000866	57efd5d14d393561fdd8ca542326fd349f78d2e3	4363
train-00004-of-00008.parquet	000867	c56dc0d1d9294df43e380757375eeba807e5cc38	4351
train-00004-of-00008.parquet	000868	04cec854d3bcb4b0c2a862b0b8fa5a68a77cb754	4475
train-00004-of-00008.parquet	000869	9cd9c5eff361914c64fef6ff64905e683408bfe1	2758
train-00004-of-00008.parquet	000870	417c2e9418baeaec23e276c21ca87d307b865e70	1314
train-00004-of-00008.parquet	000871	3a12a26cf971cd6afa69715cdda3372873a9a4e4	4228
train-00004-of-00008.parquet	000872	ac518165565f0c68298660367daa196d92cc6c56	2239
train-00004-of-00008.parquet	000873	ffc1d6ba453246c7097e9f55cab10c0b7e283870	4288
train-00004-of-00008.parquet	000874	660b3da31fadae9c7791a45e5e5efbabb9fd1c7d	2541
train-00004-of-00008.parquet	000875	c191fa924eaa5849d901e4f7e44a5176aa9eaad0	3324
train-00004-of-00008.parquet	000876	dd1bc8d315ad046632a431ca9e27dbdad7ddf2b0	1844
train-00004-of-00008.parquet	000877	8c2b955a8a0cd4ffc8717fb678c4c9862deb821f	4676
train-00004-of-00008.parquet	000878	688bb2bdfe24b1624ab6f23f2564e49fd8a1eb8c	4228
train-00004-of-00008.parquet	000879	3eb5933bfee967e7168a7fe607e26fd8adff267a	3664
train-00004-of-00008.parquet	000880	df6a3b9c3e493ff3fdcf128bd79421be88c9aa5f	4534
train-00004-of-00008.parquet	000881	86baa98d2d96e527447b3dee217fffaf496192f6	4522
train-00004-of-00008.parquet	000882	9eabf67fed510e8f759982272bbfa0366fd58095	4181
train-00004-of-00008.parquet	000883	ad9dbb0cc6468b8abc10aba3d11b0c561eb4d79f	4140
train-00004-of-00008.parquet	000884	b7d4ddbbcc95adb679c04b401735d515022634ea	4141
train-00004-of-00008.parquet	000885	317e2a2b6fe712b6b10ee5e9cdf6eaea9b6dee16	3739
train-00004-of-00008.parquet	000886	6cefd5229ac75d9ddd2ede1b19550cb86fc77c34	3344
train-00004-of-00008.parquet	000887	54c712cdc42d9cd9454a05b14c95bff3c37a9506	3959
train-00004-of-00008.parquet	000888	fcc13e873982321dfd6cdafea0a18307918a8c5d	3638
train-00004-of-00008.parquet	000889	0c90f5df88e7c8b15646f9108f8c9d361626577a	3682
train-00004-of-00008.parquet	000890	e148a7df03e8324211c908bbea0953d168ac1f96	4058
train-00004-of-00008.parquet	000891	6f32448ef1dfb110196fcb9a1bdf3a25522d7520	4206
train-00004-of-00008.parquet	000892	a8b6f2c0ca09908e40370fe4df9269f646c5fb77	4082
train-00004-of-00008.parquet	000893	d8abead9b6a13d130ab7e3faf872c103d10c1e1a	3934
train-00004-of-00008.parquet	000894	ee1327bf93a6e8d3bc72a8d25774ec69b79a7ebb	3852
train-00004-of-00008.parquet	000895	7ebe1df2b09eaa39089f83fb6076942b93f92b9d	5961
train-00004-of-00008.parquet	000896	9184da0f0585cb2675292a364461a70d139dfb14	3513
train-00004-of-00008.parquet	000897	3919f91430daa4aafb57e6f5bdf3daf78282da07	3405
train-00004-of-00008.parquet	000898	57093af3da703583999409387309b3b1ddcb01c0	1657
train-00004-of-00008.parquet	000899	be73be3da68d792108c41051c400465a96262af7	2020
train-00004-of-00008.parquet	000900	261f68369874323f41e91506e0dedea937ac257e	4272
train-00004-of-00008.parquet	000901	e3ba9725513c1fdfeecf6616711344d0a117042d	4466
train-00004-of-00008.parquet	000902	eb173002cff2799a04cf2cface0873286052e1fc	4576
train-00004-of-00008.parquet	000903	40c1947cc128d2c74f5bbf1937bf7f018f488897	4451
train-00004-of-00008.parquet	000904	d3a9f5f062a73dd09aba59c2d2ec11387fa2cfbd	4259
train-00004-of-00008.parquet	000905	e1cd56d506e7e01ad10646ce424d3827f645139b	4092
train-00004-of-00008.parquet	000906	dd7950552e3ac6b999541981e665405bdb4cb1ae	4312
train-00004-of-00008.parquet	000907	36b169e74c01bc057a0d0de0ac3f4ee81cd69c32	4824
train-00004-of-00008.parquet	000908	258ac2d5d416892a8f7f395c9f969968c5d3256e	4416
train-00004-of-00008.parquet	000909	a1c45eb9e703283fdc0f1eb12f8730778d19c3e4	4919
train-00004-of-00008.parquet	000910	c24c29681fd8208834787770ffa1ff00df52b51e	3894
train-00004-of-00008.parquet	000911	00b6d979109cd17d2b09660c270464f46061a452	3005
train-00004-of-00008.parquet	000912	d365675bab76575a38e252570c4b6c811aac9ca5	4278
train-00004-of-00008.parquet	000913	0c298a4bacf98c617609a62a0f42df967c1d5f06	4024
train-00004-of-00008.parquet	000914	2af0c9a50890003c8c18bd7111f08d262adfd7e6	4369
train-00004-of-00008.parquet	000915	be13d4305015128fe05af1663d769706afd2b3c8	1605
train-00004-of-00008.parquet	000916	28f403970ce324c47dfcb0182aeb0da2ac227d58	4599
train-00004-of-00008.parquet	000917	08b59330737fbd72f7649f8b469999f2849eef07	4392
train-00004-of-00008.parquet	000918	e4c0cfc53f49138a87e4ea904c1a7e3eb0893d97	3234
train-00004-of-00008.parquet	000919	8aa73c59be7127e0247fc02691ebcdcdd1a1f635	2234
train-00004-of-00008.parquet	000920	f9f8505db29f6963872188e96d9a70691a3a93ff	4915
train-00004-of-00008.parquet	000921	c98029c65917f3b2a61c1efdb8b28fc101bc86f8	4912
train-00004-of-00008.parquet	000922	aaa39c350d6944181202f760ad7053888beca517	4277
train-00004-of-00008.parquet	000923	dd7cf861bd2f0066eebe31ecac07dc22fa155e3f	4666
train-00004-of-00008.parquet	000924	303c20084615e0c4a15c899eecc581a09f8e36f3	4846
train-00004-of-00008.parquet	000925	3f14d3475e9d8084aa96ac6604596ec747582cf4	4649
train-00004-of-00008.parquet	000926	501329aae6412c5b7b67a8fd678ae306e4b3b409	3908
train-00004-of-00008.parquet	000927	fd10cf2dfc1acbc2890d73c22e2d9bd0fb5e68f2	4031
train-00004-of-00008.parquet	000928	e66924bc8c1b9211a758045d5ebd9c5431a90fe0	4146
train-00004-of-00008.parquet	000929	302e0cea253fe32bd26bd14daed7da219db2fb8d	4062
train-00004-of-00008.parquet	000930	59cde5043cea09c9fd770e6a707dbc0608b8f250	4072
train-00004-of-00008.parquet	000931	4b2d1079f1f8d6d9bd07dc1d2ed88394fcb7e538	3965
train-00004-of-00008.parquet	000932	a16f625b7c8198beb129c28ed7cd3f92b0b58644	4214
train-00004-of-00008.parquet	000933	38add18ddee3b39d58242ad83737a2e96c552711	4495
train-00004-of-00008.parquet	000934	dba2536819bb9b09c3f2ec29275ff762b77ffca5	1089
train-00004-of-00008.parquet	000935	f19389bcaaff2b0a58f26912558390e67772f106	3935
train-00004-of-00008.parquet	000936	4c52d3fdf5b7da4534dd2f79138a0362cf6cf89b	2165
train-00004-of-00008.parquet	000937	49ff3a988c98bc91a9775126b9964b76b573dd67	4693
train-00004-of-00008.parquet	000938	e2c36fc8bea84f2b123b92a4b70d66b0498dcc60	3601
train-00004-of-00008.parquet	000939	58b34e78797ef79e6682117933038b68e4bfd96d	4511
train-00004-of-00008.parquet	000940	db01cecf54340788499938019789ff064007849d	4709
train-00004-of-00008.parquet	000941	9b7ecfea2bfb6ec60b8546ed8f59f1fb4ffee93d	4838
train-00004-of-00008.parquet	000942	e178323505d5fa650b331660899dc307d179e33d	3855
train-00004-of-00008.parquet	000943	e67c95ec960ff2aee76d92c79a2925f6fcd6e15b	3896
train-00004-of-00008.parquet	000944	7b3487efe25bff50d41940764c1860956fd4d600	4408
train-00004-of-00008.parquet	000945	6799fbb5852666c822e3821a5399f73afc0ed712	4561
train-00004-of-00008.parquet	000946	f774baae1f627cb41e1fefe5deb9a04475b6b6f8	4168
train-00004-of-00008.parquet	000947	a8587e3919ddf70c21f791bc126df27b3050c8fb	3958
train-00004-of-00008.parquet	000948	f592f87a72600b60abe5c224e2ddda826f46ccf4	3935
train-00004-of-00008.parquet	000949	2395e8a0d7b3898f10211fda22aaa5bbb7c3ff26	4044
train-00004-of-00008.parquet	000950	ab9319d8c377d7dc5c8fe0566d3966853fa1972f	4234
train-00004-of-00008.parquet	000951	f6eb27e5c00372f4817b33069eff2689483edee8	4114
train-00004-of-00008.parquet	000952	08f6d878b3f5ced9cb7b3c4cdac00855becfa87f	3424
train-00004-of-00008.parquet	000953	479a7ac9564cf353c3a6237fe67bb9cc24b542a6	3562
train-00004-of-00008.parquet	000954	7e19ccef1580041f172a90febe443d8ce5399a54	3968
train-00004-of-00008.parquet	000955	bebcb2381f4b8d54b4ff155293164ff4ff849e41	4081
train-00004-of-00008.parquet	000956	0cd78bc649741d5e887dec09a7951c20570e8e8d	3645
train-00004-of-00008.parquet	000957	d22fcf06dab8cec5fd5c8b7db652ffd8c8eb567e	3900
train-00004-of-00008.parquet	000958	68ebc3a7a30f02e49b8d5a426fec074894768bfc	3668
train-00004-of-00008.parquet	000959	a1656767c02e4d90c7d7d65495c5a6f6ed3afd36	3881
train-00004-of-00008.parquet	000960	5371a5abd235c2efd94e483d5ef3081d0c21298e	4244
train-00004-of-00008.parquet	000961	78fe2da14c2311c993c7472b7f73d734328810ea	4229
train-00004-of-00008.parquet	000962	08f4b3903f4752caae1163675158cece765c59ad	4378
train-00004-of-00008.parquet	000963	c6b94745712482114e34be99e9ab37a3d33edf6b	4756
train-00004-of-00008.parquet	000964	572bdfdb3a69a6c8a284c6520472854fac6aec9e	3169
train-00004-of-00008.parquet	000965	d5b3cda520fbfd7e3db5c0df68251b359232641b	3487
train-00004-of-00008.parquet	000966	b657ac9c5352acca259fd3074443b298a4eb2b45	1567
train-00004-of-00008.parquet	000967	fe4d50faa1defe9cb547abf43e79f059c75c99e0	1986
train-00004-of-00008.parquet	000968	380df2f7da09ffc37f5e955c0d8ecd2cb8d22aea	4390
train-00004-of-00008.parquet	000969	fc82d63d8ea10f903787b511dadb586238138b51	4129
train-00004-of-00008.parquet	000970	2460f0c3ddc3b8e9454040ac486e898e7aeedf3f	4128
train-00004-of-00008.parquet	000971	1f5d7164b7cb7e1297679177a5108d85c96b99cc	4196
train-00004-of-00008.parquet	000972	70452eade9bb584c65df7a5c3ce9dd6c08c9ad41	4134
train-00004-of-00008.parquet	000973	12365c6fa9cde77c23b222976f1fc8265f7fbab1	552
train-00004-of-00008.parquet	000974	fc1331c43996be99d4a8acdbfde812f2f5e5f8c9	4890
train-00004-of-00008.parquet	000975	8cffbddc4240aad06999d034e70d3822f045afe6	5306
train-00004-of-00008.parquet	000976	e2f407ab3c4151d7b9c391b957984a6b8ebb9cbc	5108
train-00004-of-00008.parquet	000977	27fe2448d9de7bf3d497c8e802144ca38b5de630	5035
train-00004-of-00008.parquet	000978	c6fe477b5d61853c7ea722a5d5cd5931df35045b	4613
train-00004-of-00008.parquet	000979	d89dab619160237994c6840235880985471525a7	4872
train-00004-of-00008.parquet	000980	9d59d1c9279d987a606624b4e464bc9f201fad0c	4687
train-00004-of-00008.parquet	000981	31bbcbc532e9ee25c8adc4d510ad92f5aa73bf7b	4676
train-00004-of-00008.parquet	000982	27da2c3141302ee831569a314f5e7de1fdfe9b10	4101
train-00004-of-00008.parquet	000983	375cef612775d00cadf351eb364988078873a7db	4443
train-00004-of-00008.parquet	000984	9abf9b1654da7efe089490475dc7444528c0d09b	4205
train-00004-of-00008.parquet	000985	efcf1a50c65e71d09bb178e16828902297453294	3753
train-00004-of-00008.parquet	000986	2533e8c8ae2bfce4907c67bdeecdc2cdb0cb162c	4800
train-00004-of-00008.parquet	000987	f1370301cb466c79e6eb617c984bb63160a59d99	4899
train-00004-of-00008.parquet	000988	21df24bae368a07197d0140a7a88c205a483b4c7	4869
train-00004-of-00008.parquet	000989	e4646c94c401d55814058a442c21566bc9c0153d	4763
train-00004-of-00008.parquet	000990	eb06596d1503e6cadf95fe988e1f5b9291520a22	4749
train-00004-of-00008.parquet	000991	0f31d0bf0d08ca7f185ccb4cc3150cab5e7d75c4	4456
train-00004-of-00008.parquet	000992	73f60ed8a412397429d404649764bbbb043cf30d	5023
train-00004-of-00008.parquet	000993	695009da193f7ca66342c88e1f2344ecafa4e988	3527
train-00004-of-00008.parquet	000994	28920ace27083c1d66f72397f20bc87ae332bb1b	1600
train-00005-of-00008.parquet	000000	3f39163c8b696cfc83d58048c67bc4eac6dcc049	4183
train-00005-of-00008.parquet	000001	a4fb65f5fdad22d21c745ac64371e42563a42653	4356
train-00005-of-00008.parquet	000002	43a2ba50048cc56a145c908a081df869caebdcca	4695
train-00005-of-00008.parquet	000003	2e23e3e65c5db3c9b7f114fbbf701080e20b99e9	3558
train-00005-of-00008.parquet	000004	2d6a30fc2ec70f9e5b8e661c27b3534f1cf62dc3	4006
train-00005-of-00008.parquet	000005	d8bf81d3fa7a2f0da46f07e261db3c016761b2cd	4439
train-00005-of-00008.parquet	000006	10a8105087948b034c353e7c6b198b5ad1114c84	3815
train-00005-of-00008.parquet	000007	7ef13518ecea218397b422e7d04e31037bacf950	3306
train-00005-of-00008.parquet	000008	ca1c4aa3a79901d11c7f09d6ff928ba0e4def6f1	4092
train-00005-of-00008.parquet	000009	6c8daaebf019b9ea511cd3565e49a8a673f022e5	3997
train-00005-of-00008.parquet	000010	bdf8112252aebd0a6cc892542ebcb7fa9d6bcdb3	4283
train-00005-of-00008.parquet	000011	a867d1d0b7e1b7f2ede19b6fd217bcc90e5fae27	4160
train-00005-of-00008.parquet	000012	9a74d300bdf34f58d17e52f23fc90b4b08f2149b	5591
train-00005-of-00008.parquet	000013	ad83f705ee00e0e1f910e3be75fc50121eaffb48	2890
train-00005-of-00008.parquet	000014	261f2cf35b5a2b40e3c6e80ccb929c629be82ed9	3813
train-00005-of-00008.parquet	000015	f4dbb67ead0dfa3194ad5c0086e9c61c121c3288	3199
train-00005-of-00008.parquet	000016	d548c9b6da51e840c060c47f6c2576466a0f5910	5021
train-00005-of-00008.parquet	000017	100f4666da680b510df49820f4a8300a91222d7a	3758
train-00005-of-00008.parquet	000018	bf50eee39ec5b54cb0eaab9ebec57d739e6aaea0	3286
train-00005-of-00008.parquet	000019	65a4011cbb8c3e366b0b061539c812566aa3c867	3332
train-00005-of-00008.parquet	000020	b1ce2f39371e27842af5b2a1a2d5c67386789a72	3239
train-00005-of-00008.parquet	000021	08c683c896191fe85be4ae69fcbe62cccfdbfb05	3228
train-00005-of-00008.parquet	000022	3689e66ef21cca5c7bb179f1f14a493a38e8a54e	3229
train-00005-of-00008.parquet	000023	e92c4b503bda937c88c4d156ad04f0c109bd6555	3271
train-00005-of-00008.parquet	000024	9e67d1fc56650944e6998ab1f312f84a92c62ca8	3318
train-00005-of-00008.parquet	000025	bdd92a66e4893349b36906b325c2d1fb1db31883	2011
train-00005-of-00008.parquet	000026	d9c8e8f805bfa13dd89a0c443cce03aafbd3818e	1872
train-00005-of-00008.parquet	000027	0d9aa050a96358135d707a21b6fc1f11c99117a2	2356
train-00005-of-00008.parquet	000028	bd16157a3dcb41c7b0b3156db986089c11754da9	2081
train-00005-of-00008.parquet	000029	517b32e164acbfebe51ac66ed8fe7323cfd3779d	3448
train-00005-of-00008.parquet	000030	078f6bccda5c2afcc706bf5c85f1a9c81508a00d	3471
train-00005-of-00008.parquet	000031	c94de774c95a12f7e66b4d25731944b9e15da538	3447
train-00005-of-00008.parquet	000032	9f39a76780fe6f1775b6839bfb4fc301288b979e	3375
train-00005-of-00008.parquet	000033	a9a4b8d665afc5380024eeb23255fa735200f857	3514
train-00005-of-00008.parquet	000034	f4fba1bae192269d49d3290c59f405a82e5c9eb3	3797
train-00005-of-00008.parquet	000035	69f3f3772a9785524d4fd2a31f6d54f3b785cd1c	3828
train-00005-of-00008.parquet	000036	96744363b6164b36cc50a5767dfdff617f2f0a79	3101
train-00005-of-00008.parquet	000037	200fa1d90f4a05b449c1891859218a986e536d42	698
train-00005-of-00008.parquet	000038	a1d01077febb4de88f7e67466e0d33c54b35c626	4097
train-00005-of-00008.parquet	000039	2793790780b0df655ca46bcb8e32da2718de3c10	4293
train-00005-of-00008.parquet	000040	d49b054a0c6548ff51b5d39f95101538fad92384	3229
train-00005-of-00008.parquet	000041	1b5c772d9ffb5dc4b90644823a70ad15f75f1cc0	235
train-00005-of-00008.parquet	000042	d7f369a108e504d4555a990a717baf3733a78547	4243
train-00005-of-00008.parquet	000043	6be736f9eec6a8af819d9fa4c9b00de5338ef833	3581
train-00005-of-00008.parquet	000044	e984031c8d89d891a1b243046cecddaefe90e3c0	193
train-00005-of-00008.parquet	000045	de179da34d164bfff6463707cf0378d78ebd001c	4774
train-00005-of-00008.parquet	000046	6601afc8f78dd7854f96069d61d5cfecab7346fc	4998
train-00005-of-00008.parquet	000047	db2d9b68bb01038897274312ec65e32211ca10c7	147
train-00005-of-00008.parquet	000048	bacb47ce5d27bdd9693e130cd13a512e91e8396f	2048
train-00005-of-00008.parquet	000049	0fdfb6d5ae9d66a9fc5d873051294f76e9c09f58	3057
train-00005-of-00008.parquet	000050	816271c889c658e5af598db10ef27546ea0780c0	2274
train-00005-of-00008.parquet	000051	460825b7d581a090c721e0228e883862e320b1b1	2779
train-00005-of-00008.parquet	000052	02a23392d049a7b4a511ea98b3f029e7d6845b4c	2805
train-00005-of-00008.parquet	000053	be0543aced7af56af60fad0afb8278443ecf43a4	3015
train-00005-of-00008.parquet	000054	877db2a589229c6529a34d962a42177a9ad35558	3160
train-00005-of-00008.parquet	000055	34523a9016ae1c89562d9f51c8087c756873be92	3110
train-00005-of-00008.parquet	000056	d6d75dd8578e3edf85721677afb86f276ae98f41	3265
train-00005-of-00008.parquet	000057	c1944791cd336096ae8e0d5e8584fc4a92c88dc1	2649
train-00005-of-00008.parquet	000058	0d60f0e7561ca87eece056baa1534e8eb92da8e7	2870
train-00005-of-00008.parquet	000059	43725966d710ae03fa00040161eb501a7a91db81	2640
train-00005-of-00008.parquet	000060	cfc5277defe43d4e34acc544b2a9422e37f8a9ce	2692
train-00005-of-00008.parquet	000061	4271f9d8c2116c7396697bae1bae0ff2922d6cc8	2389
train-00005-of-00008.parquet	000062	c76ca2a0199b8ffd4d17a4495f8da6e8753b5bda	3189
train-00005-of-00008.parquet	000063	5a4db06b27457c7951a4bcefa8ab60ea86788c85	3142
train-00005-of-00008.parquet	000064	36c2304c22016aecf54686c28f293f74d1de5dd6	3386
train-00005-of-00008.parquet	000065	7e8e34f5d46247ca7719584ebaf64e24925112f6	3899
train-00005-of-00008.parquet	000066	a303451d44fb49d7a3c41aee7fa8a92ac2730c13	3943
train-00005-of-00008.parquet	000067	5f4999ffa9cfe92b8cf268a18a51bfdaba9b5a98	3435
train-00005-of-00008.parquet	000068	dbaae57c5780b43479ed1ba93800b9caf332fc91	4008
train-00005-of-00008.parquet	000069	c62d6f26d74af76fc61065e4bd9a78476f5cae59	3382
train-00005-of-00008.parquet	000070	75af6056a495f71bc93d25c22c5508d9e6cbf89b	3456
train-00005-of-00008.parquet	000071	912874a1d99dcf4247394a44abe1df5ea6b27bca	3340
train-00005-of-00008.parquet	000072	4cf6ca9320caf2c56cd7ad9f9013d33d4029118d	3436
train-00005-of-00008.parquet	000073	94f55ba6cf144dfdf0e0468dc3dcb21e5b8a282d	3191
train-00005-of-00008.parquet	000074	d96499ac7017ed37f9ba028a8ac359c0087a48ab	2934
train-00005-of-00008.parquet	000075	4840da1c484f2eb1cb3970d88e8ee69b92c655e1	3977
train-00005-of-00008.parquet	000076	dfe8dd7ffda3d185e407d833e7f6c0f76591c925	3022
train-00005-of-00008.parquet	000077	8c1b14865e2b7d2b93463f82f838ff277660ba4d	2952
train-00005-of-00008.parquet	000078	7a59d530a0b31c35189551d0e4b6000a8a8db714	3603
train-00005-of-00008.parquet	000079	d924cfbad6af175f9e8aa3b91e53e5b47c07b189	3528
train-00005-of-00008.parquet	000080	b3bbf5562d9f40776672310ccfc3a7180909c905	3926
train-00005-of-00008.parquet	000081	2c8c939fa3d7d2154fe9902ad20ce9e82a45dd28	3556
train-00005-of-00008.parquet	000082	52f926e132401003780ad7a580edabb4a64d79fd	2863
train-00005-of-00008.parquet	000083	41d28735bd306ebe9342f81632ddd70121f5ee74	3319
train-00005-of-00008.parquet	000084	204683c46b5ae0ae9c5d5cce4fea7caf5b43dc11	3494
train-00005-of-00008.parquet	000085	25a0dba0f5fd601c08cf85d6eb85359f65e97152	3775
train-00005-of-00008.parquet	000086	2422dee188993c91a2f39065a11e3beffd1e961f	3908
train-00005-of-00008.parquet	000087	f0c0fc418ab5e3e9fb43437858af22bbf72860a8	3127
train-00005-of-00008.parquet	000088	62c11aec17a18d2a153b831c4605512a1a0bddc4	3531
train-00005-of-00008.parquet	000089	6dee275ade0c05f273cd696f8718fdf2a9d8c112	3544
train-00005-of-00008.parquet	000090	132fd75a9dfc146cc6dbf6bf3123969ce79fdc85	3547
train-00005-of-00008.parquet	000091	3d63140469ef7f9017cccf8f50d3c9c52aa77f95	863
train-00005-of-00008.parquet	000092	276034005a6c9f0eed5415315b6d42b00ff89e26	7
train-00005-of-00008.parquet	000093	8b0c13cbd44e420752c8a507f0a030dde898ae58	341
train-00005-of-00008.parquet	000094	86ab0160e55989cb52d7c72bef18e8a8feadbae3	175
train-00005-of-00008.parquet	000095	e8ba193c998a1c52adc4c1432e7253a6dc5e868e	2839
train-00005-of-00008.parquet	000096	a14f6b9ba19a589a0a60acc2e56d782947be74f1	3170
train-00005-of-00008.parquet	000097	7c3812226c9f00f99129863fd3c14da1160093ac	3841
train-00005-of-00008.parquet	000098	d930da173eeffb7a2c7e5ad8387803ef2f7a27cd	3221
train-00005-of-00008.parquet	000099	dc1489622e5ce14ac487bc76cf297440fd71e3f8	2589
train-00005-of-00008.parquet	000100	8b729bcbc44136b5eea8ab9853a511fc860cb9bb	4552
train-00005-of-00008.parquet	000101	b4b048ea68c3bca8265af3a6b2cecbefb38f6081	2052
train-00005-of-00008.parquet	000102	548deea60c1fd7696a627d63fb09592627c65885	1508
train-00005-of-00008.parquet	000103	30890e4d710e1ed61bd2e9a2fecc42a8553fd94d	2007
train-00005-of-00008.parquet	000104	c6202e607cbd9eead8c30a91001e1eae25bcf91c	1602
train-00005-of-00008.parquet	000105	741a8550a5753e7a529d04f8c821b2eba46830d3	1748
train-00005-of-00008.parquet	000106	a3717ef66c4503c0a1fc8ac7179f5202d4cc094e	1205
train-00005-of-00008.parquet	000107	aa15f00bd22939045300a12e6ac96e129f3699e6	2341
train-00005-of-00008.parquet	000108	a98b2f3a13462fd549facaacea4ba7e70ae3aaa1	3151
train-00005-of-00008.parquet	000109	e13bae53dc23b8405c1452091c43be713d6d14f2	2590
train-00005-of-00008.parquet	000110	f7f2da1a919381b5f2f5c0bf489271a4701a870a	2926
train-00005-of-00008.parquet	000111	c787dde3cffaa71542c95756cc6c1efb8e0e4fdb	2733
train-00005-of-00008.parquet	000112	0ede6fe614bc576d7e34c30540802981e5bea8d7	2787
train-00005-of-00008.parquet	000113	724a62dfe3213dfe81f3d6705bab69aa081c99a8	3613
train-00005-of-00008.parquet	000114	d254816016ae7b40a5499cb7321dc97377e3f103	3151
train-00005-of-00008.parquet	000115	fc9a86242677c0587d97e6c11887bccbb65f012a	1659
train-00005-of-00008.parquet	000116	2192024553890083c6d29c3df975f960222bf00d	1544
train-00005-of-00008.parquet	000117	800da7e8bc73b5c75de7c2cd1ebe7a5cc3584ee1	2273
train-00005-of-00008.parquet	000118	ed1291d412cfc42b4914aef1eede039f246734ae	360
train-00005-of-00008.parquet	000119	fdd6b04182144a1686a26c2be197b1e698899a7c	1231
train-00005-of-00008.parquet	000120	af186f3e3a839eed8ee1359f0e22615944f0180d	2334
train-00005-of-00008.parquet	000121	258ad7427ed5303990eda4ce4d305b8e00bf048e	3129
train-00005-of-00008.parquet	000122	7d54b02c77a9c406861966ee86ae283ded258f25	2676
train-00005-of-00008.parquet	000123	2a933a329feee61b19f2494ceb4af9115ddc1b17	2915
train-00005-of-00008.parquet	000124	acbe85e10b1fa3d3a54e04824764e4e08220a7a1	2656
train-00005-of-00008.parquet	000125	b5e19bde28644d01491476e94c71b902469c1a51	2795
train-00005-of-00008.parquet	000126	c4f72138d8c75f68ad3d61ed80a782b2d17df9bb	3531
train-00005-of-00008.parquet	000127	777df208007291a8ae00bc50af3f4af5a3ad0bec	3112
train-00005-of-00008.parquet	000128	878673ba341cdcd5b4bc8c755a2272a423da9670	3288
train-00005-of-00008.parquet	000129	e3dd00e6b85250f706975b7021382ac2724a24dc	1550
train-00005-of-00008.parquet	000130	b387885e483a470c8f4bef9bb4a5b6c1aba7df25	2289
train-00005-of-00008.parquet	000131	50aa5fd075ad8f4321a4099c9422c53cf2ce32e8	330
train-00005-of-00008.parquet	000132	760ae8ed78abf01ff321e5cd047d8cd47197ac6f	1012
train-00005-of-00008.parquet	000133	4d89b249f680c87732ddceca2cf648a7debba028	2772
train-00005-of-00008.parquet	000134	29f8514d6bc54bb62ca7ca9b0bdf1a9f28186afc	260
train-00005-of-00008.parquet	000135	f85947aa87cfd08cbc728986aceba145ea3852be	35
train-00005-of-00008.parquet	000136	b7f35bc1a5b9e9c9d44c5c092fdf949a08903a5a	5567
train-00005-of-00008.parquet	000137	30ab4be7afd27d8c600eca4dab966f850b830a0c	793
train-00005-of-00008.parquet	000138	94602ca30489564268f0062c18b852b73454f6c7	1045
train-00005-of-00008.parquet	000139	f384e591e239a02331a26a058064b4e034613de2	2222
train-00005-of-00008.parquet	000140	564f1c8bc828d70a964211255fa6a36588b9d792	2217
train-00005-of-00008.parquet	000141	a7e78ccea8c2d42988b4a4690e0fdcf93afcfc41	467
train-00005-of-00008.parquet	000142	977b934816dfea68cb377cf7ec29a9c24ff619fb	2932
train-00005-of-00008.parquet	000143	f96521a6a466ba1ba04aec92a9343c02bec75e70	1012
train-00005-of-00008.parquet	000144	e80acebf6d4e148bdb73d9d5af951811b6690cfc	2419
train-00005-of-00008.parquet	000145	12a70407d231a62d9d4a8e3c0aee65b999433ea5	258
train-00005-of-00008.parquet	000146	78036429f105408c13adb2d97ac28ce194c002e9	3329
train-00005-of-00008.parquet	000147	f188ac32d3682072a117a10e1ad2a0da940c63d6	4260
train-00005-of-00008.parquet	000148	b33a6dc974ec4ea8831c2718ced05377c5e0b10f	1939
train-00005-of-00008.parquet	000149	cb5d7dbad4b26d52d61d6ec88e4392f86dffd017	716
train-00005-of-00008.parquet	000150	d654ba2674a1fd59303f3d42ae1d62dd783555d2	2096
train-00005-of-00008.parquet	000151	bba02b813642cf1282ba86173ed27f2411c7f5ee	2537
train-00005-of-00008.parquet	000152	65afed4d8f30ad8d11294c19fe72f08abd6bed39	2693
train-00005-of-00008.parquet	000153	daadc6f4044f53cf88a73f85103cfee7db8bf6b7	2449
train-00005-of-00008.parquet	000154	87d4092fe003a7b078944db0e37cad6a4930869a	2384
train-00005-of-00008.parquet	000155	406250c293c0aa38d7ed444e8bd4c8b741a86d57	2674
train-00005-of-00008.parquet	000156	d1768384a9b3ce392fe278d6a8f4bee04a9e27a7	2392
train-00005-of-00008.parquet	000157	148a3992394e6152c2e68954b37a692d43a10dd4	2304
train-00005-of-00008.parquet	000158	6c33710ff63560d9b759caad97cf641d4040bdfb	2358
train-00005-of-00008.parquet	000159	e2e3acbfe2967e58946f4141e7222020b82fe90d	2356
train-00005-of-00008.parquet	000160	57078d0a064d263d0173133668ed6c2936e54f98	2423
train-00005-of-00008.parquet	000161	4964e3e7fcc2fbb29d6e4e7391ecd6e2339e4687	2443
train-00005-of-00008.parquet	000162	e78eebe6bbbb190aedc829a5313d9179d5833de0	2774
train-00005-of-00008.parquet	000163	37993e62a782be833e48ef464dda7309f09cf087	2538
train-00005-of-00008.parquet	000164	6c7db2e96d2e3eb18745921ea51229cde506fa44	2577
train-00005-of-00008.parquet	000165	a3ad552ab588a834ae740dcdbce347a50ff4097c	2323
train-00005-of-00008.parquet	000166	c690b30eaf11374580d0135127c73f87c5f19d02	2220
train-00005-of-00008.parquet	000167	a851dfc7902626b15a5123457bfda075a1363bd2	2282
train-00005-of-00008.parquet	000168	32584fa1ba93938fed571fe0b667285ff5cef2ca	2329
train-00005-of-00008.parquet	000169	3e9fda685e4f526dc19330d8fec7499d73efcffe	2339
train-00005-of-00008.parquet	000170	132a46e24918781fba0e25b32a03df8ad8f87f4d	2330
train-00005-of-00008.parquet	000171	ce2a6cd2cf86e1c1840b07a6ba164925bd267ff2	2375
train-00005-of-00008.parquet	000172	af8f17799df9520656db4070867237d66a8c16c7	351
train-00005-of-00008.parquet	000173	c21805f726d973eb68fc76abf5aca25240777f73	3553
train-00005-of-00008.parquet	000174	16ce0792cabe09468e89841dc61ff96fbf6600a7	3492
train-00005-of-00008.parquet	000175	a113acb9bd160f1d698ffe8c9a0d511ecdfa51ed	3871
train-00005-of-00008.parquet	000176	dfea78353e3fec7da6e2cea906cd40a2903b953c	3724
train-00005-of-00008.parquet	000177	fbc561ed5ee14c1148b02181d76f6700d9e0043f	36
train-00005-of-00008.parquet	000178	5e13a2ef352acc944d35128251ac4c55f7180c0f	6
train-00005-of-00008.parquet	000179	cda8c9872698a267647ae644fd8c2f8101c6f801	3624
train-00005-of-00008.parquet	000180	1818f99c3df36b41f498e72ba434d7b0c455f8ef	4686
train-00005-of-00008.parquet	000181	20b1efcaca2a5b082218fc8c172944e303072f8a	5472
train-00005-of-00008.parquet	000182	aaa5a90bc1a24e10fac1b1b6b1680fcf91a22026	4501
train-00005-of-00008.parquet	000183	f709509789f7482c2fab817c79f6edb8eb206186	4477
train-00005-of-00008.parquet	000184	113331f21eced4b27a50c36e9c6bcf337007d8ee	230
train-00005-of-00008.parquet	000185	5b593e923ac2ad0e82b9ca520f63b8c975041c8b	1754
train-00005-of-00008.parquet	000186	e89f5b6ce1ae7df150ee83d8928581493c9c91bc	3913
train-00005-of-00008.parquet	000187	cdfa7781710f82fd78ed6ac39f9286d58c866a4b	3019
train-00005-of-00008.parquet	000188	566bafd49e556f1042a6615ed9e139b8859d934f	633
train-00005-of-00008.parquet	000189	002af408dd66cd7e73c66026fda9d7be61d0dd0d	3297
train-00005-of-00008.parquet	000190	1ed3767cdd478c8c650135ed96a155a10a7bdbc3	2755
train-00005-of-00008.parquet	000191	95a337dd691967fd2ef21f8ac029e25306cae630	1927
train-00005-of-00008.parquet	000192	ed1f03f8994e7c41b2dab18a849d0ac21c0480cc	2994
train-00005-of-00008.parquet	000193	3d88b50e6ae24e96f6cd4331b98423a9fd7e50f5	2044
train-00005-of-00008.parquet	000194	6e05f77751cffc7ceb764284de303156af74579f	1806
train-00005-of-00008.parquet	000195	625971ca01d44c6cd6e3f03cf2df0369167f9188	2207
train-00005-of-00008.parquet	000196	b1fc5d58d94ec1104afdeacc2e4db5139e9cbffe	3903
train-00005-of-00008.parquet	000197	b79e3b141d98ba28b304c780013911575958a6c8	1274
train-00005-of-00008.parquet	000198	4f6bd71cfaff7ed4abee0189c0e0ee420ea7fae2	2684
train-00005-of-00008.parquet	000199	41bf043e6d3af6573747f9f662ec77bd75c6cf1e	2589
train-00005-of-00008.parquet	000200	0489cffe9fb7f7d2c166d97b8a54cf9b5ad4b72f	2449
train-00005-of-00008.parquet	000201	c206e020a4adacdf66edb1ebc3129567d037d792	2530
train-00005-of-00008.parquet	000202	0c4d77f87fa4cd39a41105582332eb178ddc3044	2604
train-00005-of-00008.parquet	000203	e803e139c0852e7a82e209eb61425ad085570c67	336
train-00005-of-00008.parquet	000204	c569d89d772e1eb62d61d3b5961bacea094d3c5c	769
train-00005-of-00008.parquet	000205	c0806c1530428ce9ff2a251b04a70715e54ba90b	1986
train-00005-of-00008.parquet	000206	a403584d242f1db1107ef9866608fcc5577587b9	1718
train-00005-of-00008.parquet	000207	b680eb256021bf1f610bc651b775d450e7742cb3	874
train-00005-of-00008.parquet	000208	9e41ab9f2f81c1ac26ebfa1faa464b7d27303e4a	403
train-00005-of-00008.parquet	000209	eeb4f28d92bf041a77b47314365ba3d4dbe7fcd2	874
train-00005-of-00008.parquet	000210	0d1e5be445ea2110ff5d7d4e26e0a5e171880868	74
train-00005-of-00008.parquet	000211	b1de2577dbd2064c3a5f0b65d09a1cc2d872d4b3	332
train-00005-of-00008.parquet	000212	ee9ead2dd3ebd36afbb35bf5eced70b91fc724ee	874
train-00005-of-00008.parquet	000213	600a61c34f8f193f8fcffc18e5870f80f9cd84f9	407
train-00005-of-00008.parquet	000214	d98cc059183bab2ada6f7343aa88945edc7e1472	874
train-00005-of-00008.parquet	000215	081afa40ebf1c4630675c4a19203989c0d4404a6	398
train-00005-of-00008.parquet	000216	e2ec55bdbde2789c6bc1a6bccf0b849c48f68f9b	874
train-00005-of-00008.parquet	000217	3ae0d372712115d4a3611221ba29b67fa6b34292	407
train-00005-of-00008.parquet	000218	887703bbbcee9cc601c0d3e0cda75dc4c85290f4	765
train-00005-of-00008.parquet	000219	b5029659924fc6c8770d7eb0bdc2dbef4e6c4513	1055
train-00005-of-00008.parquet	000220	428a3d93009bd1cee411d137be358547053c1ad6	2483
train-00005-of-00008.parquet	000221	eb4ee47356e9a87d38c5211c1bc07767a3e45289	2574
train-00005-of-00008.parquet	000222	f05f6a10682d73edf0d3bd0011a988e029f21466	875
train-00005-of-00008.parquet	000223	9b312ee14075dc7cb512dfee634614fbff5daf8e	987
train-00005-of-00008.parquet	000224	d3fd54cc3c38a7453a23d4c96e2ae758cf316b59	875
train-00005-of-00008.parquet	000225	ac0ace15e62d684326ab26fa18d218c70530eeda	899
train-00005-of-00008.parquet	000226	24ec78b1f3fb3206c83977fa8c50afbc8cd0f80a	2617
train-00005-of-00008.parquet	000227	85e4fd8f884e3365799f2f4a73f168de9119460e	2948
train-00005-of-00008.parquet	000228	603cd9fc99e0dafac1c5b9e25f485d0837c20d63	2710
train-00005-of-00008.parquet	000229	a18e4dc6052da311fb590a485dbca311a4b443af	2774
train-00005-of-00008.parquet	000230	61004681ac02a1985fe659ccf6bbc1ae64206350	1017
train-00005-of-00008.parquet	000231	1280086bf2efdebc18cf75e06b324edabea853c8	2652
train-00005-of-00008.parquet	000232	1bd7886dea14563a00e73d0238a5e6e7a7c54415	2641
train-00005-of-00008.parquet	000233	d53ed8132eaee2de2847d412c2ac6375cce74d7d	2673
train-00005-of-00008.parquet	000234	11aa4ca1a010818bcd67e365d594d611cb03668f	2663
train-00005-of-00008.parquet	000235	a25837ebb76932316bbee834350ada0fbe54972d	2836
train-00005-of-00008.parquet	000236	da76ccad7bd0f77872defef7e2759046755a9fad	2458
train-00005-of-00008.parquet	000237	e3f0655b872c8477bdb4ef57f76bd413ba056cf8	2768
train-00005-of-00008.parquet	000238	6732d25c193ab0af6b631e096adf44ad6b93dd89	2893
train-00005-of-00008.parquet	000239	9cbcf2eeafec7cbd3c7e376b6ea2cd74bd5478de	2698
train-00005-of-00008.parquet	000240	c1f2e8a689c49b46192ea5e4b989abc078ee2002	2710
train-00005-of-00008.parquet	000241	7b15c0e9cbfed2e8e4590bee36990bb4853a0bbd	2571
train-00005-of-00008.parquet	000242	d41cc393d80c101ec9540eaba09a8117be977db7	320
train-00005-of-00008.parquet	000243	7f6feabe38e63558c2161061771febb14a92fbc5	4478
train-00005-of-00008.parquet	000244	f5f2f993c331b801c9af9c3ec5ee1f1ee8d4c7db	2455
train-00005-of-00008.parquet	000245	a89f9ebb61caa280662eaba1009df7f3f8cdb0eb	2360
train-00005-of-00008.parquet	000246	fd8283e09552bff05ce40b296a7927f7246b411c	2599
train-00005-of-00008.parquet	000247	161d298c2c98b5571f08a1b129aed3daa4a3b4f5	2271
train-00005-of-00008.parquet	000248	1dbcfb08e258fc89d8c06120b07f172dbf2e7207	2656
train-00005-of-00008.parquet	000249	dbf3170639fdc1ada6a477bad00244aa49c56fa1	2481
train-00005-of-00008.parquet	000250	d3311c1351c6b432fbd6030579d72625be21c49e	2316
train-00005-of-00008.parquet	000251	467d2897acd400d2b25ab36c16dc0afcffac4af0	2426
train-00005-of-00008.parquet	000252	4cad0a79ff6c998b0c5e2657b9a29932177a10b0	2293
train-00005-of-00008.parquet	000253	953a43b6920482862ffd025550953cd9b1e7b784	2695
train-00005-of-00008.parquet	000254	6d30413868af2cd459f7f1d93ebfa1e4b56f15f4	2498
train-00005-of-00008.parquet	000255	920db935c30773f0fdb825247599a4fcdbc2e7a6	2282
train-00005-of-00008.parquet	000256	8fbf679918be7deaf1045fcd37ba85c036473f6d	2273
train-00005-of-00008.parquet	000257	974373985fabb69182467b46fbb951690c2aabd8	2445
train-00005-of-00008.parquet	000258	672a5d4af1c6885ba1e17737f832b29cd3ef9b91	2541
train-00005-of-00008.parquet	000259	4b43262d9159f1c56a00d4e917c62fb875fe0e50	2454
train-00005-of-00008.parquet	000260	7c3585b2281e525f2bbae3101d8f43f8150c3de9	2635
train-00005-of-00008.parquet	000261	97ee0a17ca467fad3c4edb4187f2419447361e3b	2421
train-00005-of-00008.parquet	000262	3a495d4cb054adbcb7d40ef493a54ff6dd9fe634	2518
train-00005-of-00008.parquet	000263	165f78d940b847d613f604dc03c5e2611cc1fb9c	2300
train-00005-of-00008.parquet	000264	cd23e8a3aaf5c3de94c212d23d638413b375e253	2576
train-00005-of-00008.parquet	000265	17bfa9f3f5c23a00a54d4913cb6477508a8059ed	2573
train-00005-of-00008.parquet	000266	082d8b556daf726d6a489b7203c9e0ced34e15e7	2397
train-00005-of-00008.parquet	000267	423a72d5a2dfce2fa997e187e4c62cde61450440	2322
train-00005-of-00008.parquet	000268	b4155f10f593a9dae31cbaf7cdddb9ad0aa3af52	2512
train-00005-of-00008.parquet	000269	e638ad9bb36e2f3eac5d933aea6de14f1b63338c	2388
train-00005-of-00008.parquet	000270	0230958e0599228d5899cb412ee9e5a90dec580b	3439
train-00005-of-00008.parquet	000271	0ef6c71774dcf56d46faf2d07644ec6cc7a4f86c	3373
train-00005-of-00008.parquet	000272	fec7b0fe722b70261e22e0998acbe84a4da67dbf	3207
train-00005-of-00008.parquet	000273	8d9405f1035ea51e7fbe334e018ccc7b1bc62aed	2422
train-00005-of-00008.parquet	000274	3de2d2913cf8f912eac3088c37c2d4f5eafa5395	2316
train-00005-of-00008.parquet	000275	bfd3fc2f8c0cb663223ffa3083e5bfb1ae588de1	2506
train-00005-of-00008.parquet	000276	52deddaf593457f15ba1655fcfa2a0cdf8f4372e	2427
train-00005-of-00008.parquet	000277	7a199fc269fc86ac6abe35f51d9d114cd56738b7	2451
train-00005-of-00008.parquet	000278	7c16dde507239fb9e2d551a982f362b64e858463	2615
train-00005-of-00008.parquet	000279	9a70d6568f47165558f98d9443b1a23ab5c7c1a6	2633
train-00005-of-00008.parquet	000280	1346fdcad848264945efff51457e7c96b34f0cb8	2247
train-00005-of-00008.parquet	000281	6b573ff7e0a1c3e8f2d8775d475e23202941275d	2424
train-00005-of-00008.parquet	000282	5519bd99165b85582b4db246ab50a353caf6d2c9	2531
train-00005-of-00008.parquet	000283	fa34f2f9d5597f5eca1db5221b3ce8e469314273	2468
train-00005-of-00008.parquet	000284	5684002352fd0dc771713d32a7ce1a25e8ec9dbc	2375
train-00005-of-00008.parquet	000285	f06b6d7b6594501f28fcb1e5c4806cd1c76a93df	2436
train-00005-of-00008.parquet	000286	cb48c99a2e7213719b8ff2e809988c1250fd6fee	2597
train-00005-of-00008.parquet	000287	edd4a7bcc24bd687536a37b5239476f5dfbfe59b	2375
train-00005-of-00008.parquet	000288	13beace4dce85248bc8d18c22619517b348fedc7	2327
train-00005-of-00008.parquet	000289	dc3176907046e566ee7bec339e1aad9e7864dd19	2596
train-00005-of-00008.parquet	000290	9032b92d17add09d1d14e00a5868e7be2d2c1fc4	2309
train-00005-of-00008.parquet	000291	e8e15377284309a53916bc23fc1f68a2f854786c	2299
train-00005-of-00008.parquet	000292	046caa05fdee492439968affcf47e813969a991e	2323
train-00005-of-00008.parquet	000293	97c1da1ada65bf8ef83868567e96ff574d4f0427	2552
train-00005-of-00008.parquet	000294	9271d0d3f8fc22477919bfdb57c4bcad93a14114	2521
train-00005-of-00008.parquet	000295	348c88239f38ebb6296fc9cafd3590c28c1730f8	2506
train-00005-of-00008.parquet	000296	a16d7b200c13becf7830f52a8f2b332b521d50d8	2518
train-00005-of-00008.parquet	000297	b5fb92bb6fe1793c1468d7751bb47887f5583672	2347
train-00005-of-00008.parquet	000298	6ae1de3fd4893bd0170db8a66767733fc6584830	2343
train-00005-of-00008.parquet	000299	77302cb3a4e155713cb48f5047ca1dbadeee53c9	2442
train-00005-of-00008.parquet	000300	cdddee092edd700f0bd33def7d9c6eb08f0d05f0	276
train-00005-of-00008.parquet	000301	a787fba9ecb295c73b4126089cbe22a6281562d1	2948
train-00005-of-00008.parquet	000302	feb4d77e9f82c3f2d7fe8d4ba1f1838c11dc423a	2874
train-00005-of-00008.parquet	000303	de598fe949745c5b4ac9a9b0fde0435520aa9fc9	2916
train-00005-of-00008.parquet	000304	769fcb6b5802e916061429971905e551530eef49	2783
train-00005-of-00008.parquet	000305	eb95b5a77038bbbe4d4566af8524d005bc4548a0	2815
train-00005-of-00008.parquet	000306	42d23ba22796e135849857eeb3ea8d5f95cae833	2944
train-00005-of-00008.parquet	000307	bb9ed4c22c1c405299413e3539e05db57cb142ef	2748
train-00005-of-00008.parquet	000308	fb661b5215c0282c52a5b7e91cfb462064884563	2785
train-00005-of-00008.parquet	000309	9fbb82f92a2d514876d7df9e94700f1f3b6f1025	2737
train-00005-of-00008.parquet	000310	a24d0f1be9b55de53eba3c51e6fa6da965bcfbc6	2895
train-00005-of-00008.parquet	000311	e19a5fccae841ff25ff672427fe248f4a127cd02	2939
train-00005-of-00008.parquet	000312	d428d473ae8441cbf08151236b1b4ea802b46666	2863
train-00005-of-00008.parquet	000313	83e96e2d2956ec376cdcbe03528b87390f9b9dd9	2858
train-00005-of-00008.parquet	000314	0adfe003f4fc8260946ace2bc8a4dbf2c7d2ed29	2893
train-00005-of-00008.parquet	000315	bb9dc50ea2e4599ec5aa951cee312b7579114e8b	2960
train-00005-of-00008.parquet	000316	92038550eee01ae2392ed9461da9d7aab5748169	2990
train-00005-of-00008.parquet	000317	a4564de5493fab0a3dbc427367c00fcf88481afa	2883
train-00005-of-00008.parquet	000318	a4a0703fbf423a22344e6f254243d43d276553c0	2974
train-00005-of-00008.parquet	000319	c97d76d7eb4ce474e46b6b1212caa96c71151f1f	3024
train-00005-of-00008.parquet	000320	1cc6649e4f8dd8ab3b897694b1089bfddf81ac39	2817
train-00005-of-00008.parquet	000321	4ef2bd3ac575e8c27eafc3bfae283301f6e7a834	3047
train-00005-of-00008.parquet	000322	252191c5466ee3bb61349962b4264d4bac180fcf	2857
train-00005-of-00008.parquet	000323	fd3163db521d1cc0e6c1caec5fc0beb275e0509f	2927
train-00005-of-00008.parquet	000324	912052a2542ceef45f5cccb24f7b916d54f706ca	3090
train-00005-of-00008.parquet	000325	0cf82cbe5dd931cd93904e61c5ef8b1f73101507	3076
train-00005-of-00008.parquet	000326	6d93e44fc98563b020b0299a7b6d9f06ccae3fe3	2903
train-00005-of-00008.parquet	000327	cec2663ca2be23a3b44077c60ae5d9f02eaa5e76	3028
train-00005-of-00008.parquet	000328	03202fe8ff0c55883d756ee26b7ceb9a8a52ae03	3051
train-00005-of-00008.parquet	000329	7b2831e29adb41d508c7123e4e75ec08d3f32b0f	3129
train-00005-of-00008.parquet	000330	5b08b2e0f119288aceecad53deccc92d0a1c6cf0	2889
train-00005-of-00008.parquet	000331	66281bd71c2d1cd950cfa92b3ffcfa9e6b02b489	3025
train-00005-of-00008.parquet	000332	f82698e96c9fe771c28b6d405a312b8141756bed	3058
train-00005-of-00008.parquet	000333	efff4aebc81dae21a721442396ecc850c6cd44f7	2946
train-00005-of-00008.parquet	000334	2a4ac42e7fda276edc6d0476f784974cbf6d28f2	2855
train-00005-of-00008.parquet	000335	3461ba9fed61456d02d6d15c7a2cd2e7f0477a8c	2671
train-00005-of-00008.parquet	000336	8518f3b1650bfe39f26e5190aabf5497d58e5212	2996
train-00005-of-00008.parquet	000337	17a369a233180944b16dc9787618610fda843b2c	3119
train-00005-of-00008.parquet	000338	e12ea4965d1dc78c6d9b3eb9ec49bcf05fb77aba	3136
train-00005-of-00008.parquet	000339	e5dcc4eeed1d325f7486b92c4984bd1b99d21879	2900
train-00005-of-00008.parquet	000340	8644583b4d15bc9491ebc772bec7f4a862cf57dd	2763
train-00005-of-00008.parquet	000341	e3282a18ce76777c2c30e20351abd6f5a14f0b41	3164
train-00005-of-00008.parquet	000342	5f6d172b65847b3e2bcdf8b108f872c0aa45799e	3017
train-00005-of-00008.parquet	000343	75b8d301e5fc827dc3b1cf3d83d5550b9f9fa08e	3260
train-00005-of-00008.parquet	000344	d2d583c81d6fe513e177dae1706224b7702813b3	2882
train-00005-of-00008.parquet	000345	99a8ba2ab53dba62fc8116d03d66227bb4b7552c	2871
train-00005-of-00008.parquet	000346	745e95d2eda51fc513f02f4a4c4d6a33287bd0e9	3294
train-00005-of-00008.parquet	000347	24e9fc5fd9d97804e7b37be460db1fda7f0f7fd4	2897
train-00005-of-00008.parquet	000348	dec23f392b8361f61aea1a7f5c55b57fbdddd2bb	3099
train-00005-of-00008.parquet	000349	cf523bcc54b9132345ea42ae8ee8052bd45c2dc1	3131
train-00005-of-00008.parquet	000350	914a3f7a3a9a4339958b40ef55a35907138fb4a5	3051
train-00005-of-00008.parquet	000351	12ebcfbd064ca6f39d51f5054e3eaae860206b35	3169
train-00005-of-00008.parquet	000352	e69aaee0c0a21b521cd3b8d04875bba8e9e3d122	2838
train-00005-of-00008.parquet	000353	2c36b007024686027112a6511c6b4ea624ee27ef	2957
train-00005-of-00008.parquet	000354	a6ad321b7fed3671e943130c3cf4ba0dc56b3515	2886
train-00005-of-00008.parquet	000355	48d722592bb0bac3bb45e01fffea42889f1fdb41	2853
train-00005-of-00008.parquet	000356	9c3f915941ea979c0e56de003894522f3893eb1a	2996
train-00005-of-00008.parquet	000357	06468a4201ccc72a72ea79dba515cc5b913bd277	3078
train-00005-of-00008.parquet	000358	cd92f05e44ca0935164e44d198472539bdff83c3	3020
train-00005-of-00008.parquet	000359	91ab40a5d3c7a33524a14ff1daa75a5893e49933	2865
train-00005-of-00008.parquet	000360	7d5aad494153369329e0f472caa9e47adb378fd4	2761
train-00005-of-00008.parquet	000361	0e2839b71fff1db4d4d03f825b2d735faa3577ac	2631
train-00005-of-00008.parquet	000362	c4532d65277376de718d39ffc2d479b911e0a386	2494
train-00005-of-00008.parquet	000363	2c9c5f38949ced5c9382284eb58f526a464913eb	2839
train-00005-of-00008.parquet	000364	320d8beb844ddfd1dab0e80d2ee8e3091fa28f69	2687
train-00005-of-00008.parquet	000365	1b08fcfac506ebc07a4cfc4543dd0990c6845ffb	2815
train-00005-of-00008.parquet	000366	77991ab4f7f27b62e53f07c7a800981a6a579f86	3020
train-00005-of-00008.parquet	000367	a9d3abcb06bb26979305eeca6a00bab6cc877b2a	2853
train-00005-of-00008.parquet	000368	4b7b5b6394e7537dfb6a2fc891888f4e54153be1	3079
train-00005-of-00008.parquet	000369	e03bfe033898a1fde0d23480043ef2fcab1462bb	2893
train-00005-of-00008.parquet	000370	855221aa16b6ef26e34077a21a1c30888c466582	3062
train-00005-of-00008.parquet	000371	e2640c83ea78ea37bd4886d3fdf05ce42e54be97	2820
train-00005-of-00008.parquet	000372	c18e2e702e3c44d2bf754b8ccd3cc5bfab20f834	3041
train-00005-of-00008.parquet	000373	087a0cc12b91b2ff6cf3d74b40790f20ee9f6893	3150
train-00005-of-00008.parquet	000374	7f4a4ad8caf7b1d06e539ca1fb582519b147622a	3194
train-00005-of-00008.parquet	000375	1fae46263bd21104b7c0a6df9f0a5d2ca27053bd	2951
train-00005-of-00008.parquet	000376	194b22ccd3290a37edc6c52046557cb5d7a3993a	2978
train-00005-of-00008.parquet	000377	759b4fa912a8b72799869c3d004c27040622fc39	2913
train-00005-of-00008.parquet	000378	f67f5203bab171e23965702795e3adbe14ec0759	2920
train-00005-of-00008.parquet	000379	0dadb9a5e90cb7c113c2c82808a59ed950550f59	3172
train-00005-of-00008.parquet	000380	c774228257962460aab742bd5c0c8242aaf9709c	2942
train-00005-of-00008.parquet	000381	edc0f9374b21172242d1e558c38e8e862f2c812e	3385
train-00005-of-00008.parquet	000382	30b19dd093bdfc7d254001b97efefacb1ebd2f97	2995
train-00005-of-00008.parquet	000383	4c075c34efef41fda1749f9a66579d30891a8eb2	3004
train-00005-of-00008.parquet	000384	28adb3f6bfe8df394a38b001fb1522a667560a05	2895
train-00005-of-00008.parquet	000385	2d16e9360771d5309e713ac67f9d116c14f5e036	2745
train-00005-of-00008.parquet	000386	8102d536ae1cea059f636d3e7a49678bd4839750	2997
train-00005-of-00008.parquet	000387	f5422e7bb81efd9eb22754455aa6b5286b8592ab	2781
train-00005-of-00008.parquet	000388	2a8e032a24c42a22ae604742c7d696f4f17e9017	3093
train-00005-of-00008.parquet	000389	24b7e6a0f4f1c538d3f967134a2112cff70957f1	2900
train-00005-of-00008.parquet	000390	c72252091895be0c84ae9c19089a067fe35c4b89	2930
train-00005-of-00008.parquet	000391	3b5b7b1907cf705fd84a8e36c6dbf522f528406e	3173
train-00005-of-00008.parquet	000392	b5bcf55d469ceacb2c15bd4e4f3410d1f1ecc826	3045
train-00005-of-00008.parquet	000393	3a5e7fab18e95b903d1f71ad9e0906d9eb229c7f	2963
train-00005-of-00008.parquet	000394	11b4a4200cf64869df0b877e07d9f36342279ab5	2844
train-00005-of-00008.parquet	000395	2efab4265b082c832caa4e7176fedc5425cdcc7b	3122
train-00005-of-00008.parquet	000396	19c85712c4beb4708676e530cdf125fe250cd831	2982
train-00005-of-00008.parquet	000397	e1589305d4040ce21b863f977edf4396daf24a28	2942
train-00005-of-00008.parquet	000398	aa4f3d30507923fbae7f020d013833ace51de443	2767
train-00005-of-00008.parquet	000399	58b88b3decdbbb78414add27f9969ba1dfe8f62c	3029
train-00005-of-00008.parquet	000400	22b4bd4b8d5661c56715fcc04f3fd8618a4c9bce	2908
train-00005-of-00008.parquet	000401	66be46788bee8365103fe49a11da62e07de5d362	3148
train-00005-of-00008.parquet	000402	f44167bdcd01f7b3f97d4bd77584823f52550fe3	3065
train-00005-of-00008.parquet	000403	838209e0e4d4805b93c7e4e66c4a72ec48563dad	2877
train-00005-of-00008.parquet	000404	6fef939a64b7479e1b529d0ab63f1b42c00c05ba	3080
train-00005-of-00008.parquet	000405	87f4ceebfa834bb0389e79973f201fd70b6dee94	2839
train-00005-of-00008.parquet	000406	ba29161dff1cd84b1f6bcedad6f2a681f5b48376	2625
train-00005-of-00008.parquet	000407	f188f2fc5a8e1c49945397664360e03eed85943e	3132
train-00005-of-00008.parquet	000408	db401de3b88e5975d7ae3a769acf0b6a813ac94e	2798
train-00005-of-00008.parquet	000409	cbcd3f41a5e2b458145e6958f0b022dfda8784df	3098
train-00005-of-00008.parquet	000410	731597bfdeeb5905cfa2f65716aade4b0e8c2631	2980
train-00005-of-00008.parquet	000411	a90b7b1a2c9a8c7198548d7dce1c64e474eea377	2978
train-00005-of-00008.parquet	000412	6df93020b6a72cdc19be64eaa6ace4a804ecf2fd	2928
train-00005-of-00008.parquet	000413	56bb7ac4ab1bfcdf06856d168b9370ba30e79794	2970
train-00005-of-00008.parquet	000414	3b45637b1da34f9350a949f3e86b0afd900fb745	2770
train-00005-of-00008.parquet	000415	e3da8dc38de4b13eb9f1bd2e352978f4c714c697	2816
train-00005-of-00008.parquet	000416	bbfb09a021ed390af31ed9651a8a1349973b029d	3032
train-00005-of-00008.parquet	000417	7f6403dee1165145230221f6f5abed181cb45807	2768
train-00005-of-00008.parquet	000418	27633e466765ef3ff155093cca609d712409fa40	3071
train-00005-of-00008.parquet	000419	5d6f1726a9eaac59b4f90baed91d432810513ded	2910
train-00005-of-00008.parquet	000420	2d1803ab240639df69d5e753a59a19e81359c364	2822
train-00005-of-00008.parquet	000421	087de4847545d7ef945819259f4fbf2f38b339f7	3012
train-00005-of-00008.parquet	000422	0e72b0c8086d571b998d7de1430ed0e824d0c8a7	2839
train-00005-of-00008.parquet	000423	84302adf088861a465b64b70e8f1af9cf5deb221	2910
train-00005-of-00008.parquet	000424	759502a47e79e9d2cfa0919bbf3e0b9d1aafe1d6	235
train-00005-of-00008.parquet	000425	1a48c4fcc1bc980adf93afed86ccb21f4d9975d8	2418
train-00005-of-00008.parquet	000426	93b44d0469d1dd7944210917ab6741f9d3096be3	2407
train-00005-of-00008.parquet	000427	da0e06dcf990e3d1f0d81aa1542e6713892734fc	2487
train-00005-of-00008.parquet	000428	36689b1c9b06c416e20404a23075c0c75e817deb	2413
train-00005-of-00008.parquet	000429	5dffe4246a69df4a1a18cd3416f9ba5b23ca2790	2494
train-00005-of-00008.parquet	000430	f14fcfe595ec77d8518819a6b85be8f26ccd9646	2602
train-00005-of-00008.parquet	000431	eecc182bc125317b2a79f954199acc069327b9ed	2521
train-00005-of-00008.parquet	000432	8e1d65c9c46a8af4df68fbd71810e9e18e6c2651	2440
train-00005-of-00008.parquet	000433	a1c8377ef6cf5cc74543c560919780c976d49d98	708
train-00005-of-00008.parquet	000434	94640aad7023a9090ff673bdd8d9fd02e528666a	2877
train-00005-of-00008.parquet	000435	c7f11b780ce45abbfc420a073d51a416270c94e0	2832
train-00005-of-00008.parquet	000436	28cee8c2d437170e4df82effb3e08466b3df08bb	2967
train-00005-of-00008.parquet	000437	af3afc629e0c48afe22be95c9e5cf5048fd27db0	2729
train-00005-of-00008.parquet	000438	1b083d1cdf5f9c268235d84b0287e75d4e129687	2895
train-00005-of-00008.parquet	000439	2a1d940dee6d3bc66638daf5c4a8f838a6798762	2943
train-00005-of-00008.parquet	000440	ea9dc72eb5fc56da3c97921cc89c1cedfe5cf4b6	2965
train-00005-of-00008.parquet	000441	c28bc3651fd5aa2c8d741f9f3434f0519500155c	923
train-00005-of-00008.parquet	000442	c3d2ba625eb1fceaa130b20bfdb1ec9bb0ecae0c	2683
train-00005-of-00008.parquet	000443	1531e0926afc1ccd09b08f67881963e907a37d45	2626
train-00005-of-00008.parquet	000444	6951d68ba06d94fca0aa95cbbe750dfcbde459b6	2538
train-00005-of-00008.parquet	000445	7ae53a68ffd5aef365f99f1894d59122312f5077	810
train-00005-of-00008.parquet	000446	56b615ea1cfe92db4fa86491138c06740981596e	1007
train-00005-of-00008.parquet	000447	1b12089345f8ec3b776fe2dbad0ad9f8d6ed3b3c	1647
train-00005-of-00008.parquet	000448	75da8429b4422ac3124327a32fd5d8e1085b7ff2	4109
train-00005-of-00008.parquet	000449	03bd2f386785998501e88638cb0f76f0000be5a9	2079
train-00005-of-00008.parquet	000450	fe4bb24b5884bfcdeb7d7fdb3f893247414f88d9	820
train-00005-of-00008.parquet	000451	378e7432433fe96944a378e0e4a907fce1e84430	1536
train-00005-of-00008.parquet	000452	85f57c9ade7c45e9c142895d3a100945aa1adb41	1244
train-00005-of-00008.parquet	000453	7adbd1acfcf8b39b95a95c98db3e312f9706ebfa	2306
train-00005-of-00008.parquet	000454	143cb87731818bca34f47e99bc3001e877372e6c	3226
train-00005-of-00008.parquet	000455	906892764af0d257d5d32ffab7177df12a0f540a	1676
train-00005-of-00008.parquet	000456	98755418c17c62f973f66e1c8a8a8f970df25e92	2885
train-00005-of-00008.parquet	000457	fe661c97df9e9c92814f8c66e9a0c67f71c9eb0b	791
train-00005-of-00008.parquet	000458	0dbaeb9f178d3d4153522dbbad8586b133d3bf74	1288
train-00005-of-00008.parquet	000459	4e2c8f79ba57d92bcf49143f2aaaf9366004b156	1443
train-00005-of-00008.parquet	000460	2795cd725365f60bceb3681183669f7b42e2d2b2	4569
train-00005-of-00008.parquet	000461	d08219cd1e03c4e7f0f85bd8b4bef19025396352	2344
train-00005-of-00008.parquet	000462	9c98e1272c89067fb81db43ac74c6791eff135ce	2106
train-00005-of-00008.parquet	000463	8d50a1db21e24d4e7ad08d7e44141d66c545c88a	902
train-00005-of-00008.parquet	000464	e9da625e7bd267db2f469e868f7d2703a06a36ce	2902
train-00005-of-00008.parquet	000465	9113b3b55ad91f76afcd16ba54421f91b223e6cd	4926
train-00005-of-00008.parquet	000466	9bbaccc50cb71203f827c1df439e197b2b3726bd	998
train-00005-of-00008.parquet	000467	46b18d08a8de7a9ddb1cea4b3b1345a1f2256825	3653
train-00005-of-00008.parquet	000468	8af56dffa8a3f667899771366f70547a30e4878a	4879
train-00005-of-00008.parquet	000469	1be15e53d56d21c366b53d59298331424cb78d43	649
train-00005-of-00008.parquet	000470	ea199463f125715c89554622dcb9a97df9535aac	4702
train-00005-of-00008.parquet	000471	4ba3fe202afb1fdfa3604b7bd420bb2c69e41c8c	3572
train-00005-of-00008.parquet	000472	f042be2c2567c74e8bbeef1fd30c943e885a1656	3954
train-00005-of-00008.parquet	000473	629498f273cf915e817ff1b1dd471999068c923e	1540
train-00005-of-00008.parquet	000474	80b8a841ccdf527e5e1a5ea55a3ab7c62edeb67c	4243
train-00005-of-00008.parquet	000475	092b22e25036164e356b2da8b79376dade9aaa72	1260
train-00005-of-00008.parquet	000476	83469f9e8e4772f7ca1f0862f6b51f99a3cb2007	1354
train-00005-of-00008.parquet	000477	3a1bfacb276b585fc15921889965a3cece09c31f	2700
train-00005-of-00008.parquet	000478	547a1c82f7f1df6c2d1bdda2ba96cfadda5c8836	2267
train-00005-of-00008.parquet	000479	15d71537aacd998a8e1d8d129be4725df23c4725	1793
train-00005-of-00008.parquet	000480	5dd9c2f90ceb8180b847611848e2463472b6b2d1	1444
train-00005-of-00008.parquet	000481	12ad3dc226c13f9dd300840023378870fbda993b	1258
train-00005-of-00008.parquet	000482	908ec12e9ddd66254c416d5361b995f2e8142454	336
train-00005-of-00008.parquet	000483	08a1080948aeaf02fdc78587a7a85626814bad7c	215
train-00005-of-00008.parquet	000484	6e8275b7fe7dfcebfa893253e26b80e544f487cb	1679
train-00005-of-00008.parquet	000485	3097d39fbe2df93c5d56e231ddb55ceac21b0837	3802
train-00005-of-00008.parquet	000486	273f50ccee6221ce5f4120c1d95718d1886964e1	792
train-00005-of-00008.parquet	000487	87bc02cca1097f4866bc2f5634c9e4eaca760064	793
train-00005-of-00008.parquet	000488	f208f00f1dc1195e4fe28c0a61b2cbed9c61f434	513
train-00005-of-00008.parquet	000489	c3b2009ef541f6a5cfdb8257437e9105b696d53b	490
train-00005-of-00008.parquet	000490	7a901ba3086516938acc7056df515dde3f446804	1077
train-00005-of-00008.parquet	000491	28b8e5c4ccc4c3b79a81bc63feee68e3d24a70a0	3839
train-00005-of-00008.parquet	000492	07fc7c61a59b8144025311e6bbd0f99f101c3c88	4245
train-00005-of-00008.parquet	000493	781e953126b83900d8af53969c3893d4948e427c	4019
train-00005-of-00008.parquet	000494	0f734b1a8b73b264f325414f1cffcc075f0eadf9	3724
train-00005-of-00008.parquet	000495	98080ba5a76b6f3214cfefcb95f98fb5c10000db	2885
train-00005-of-00008.parquet	000496	67a6c5c3530a5f6a708afcfdc3bc5525e9f91803	3078
train-00005-of-00008.parquet	000497	70a94ea09ecf9352b7b05b06ea36fe92aa0a381c	995
train-00005-of-00008.parquet	000498	2214bf5808c82677ad7e6a6ac60ec4bb66744a52	22
train-00005-of-00008.parquet	000499	8dceb6978ffd29ddc626f2cf1628e0f6654c9067	1027
train-00005-of-00008.parquet	000500	46503e2b0c9509cf61751bbf570741a970cffcdb	903
train-00005-of-00008.parquet	000501	f43fc5a4627d18168cadbe00c99b3adde3eb01ce	193
train-00005-of-00008.parquet	000502	eaa673bb7cfbf041f83ca91b801b838f277fa724	1772
train-00005-of-00008.parquet	000503	a453d691d209b5f61055628790565aa81dd9558f	2528
train-00005-of-00008.parquet	000504	91d39a2fd57ad429615972c0a91ce8d2ab9d7085	3500
train-00005-of-00008.parquet	000505	b2ba079af0b10e3b586d782d79b97d1b035ab98e	2498
train-00005-of-00008.parquet	000506	03123be605d6a9584b2cc1aacb02b92543f32f7d	3214
train-00005-of-00008.parquet	000507	a63cb58b8ac563b6c1105fad74aedd7b413d7e60	2379
train-00005-of-00008.parquet	000508	8ef8d5eb548536cbcd2d3aed350ca23dab49ce60	312
train-00005-of-00008.parquet	000509	8f7001fe771d7696684c681e3cc521fac1d95780	2406
train-00005-of-00008.parquet	000510	2674f9db6ad306cfd86b79e85fa8670b0d1e114e	308
train-00005-of-00008.parquet	000511	86e7d63c88b6ceb521d60524f6c5ca5500a801e2	2398
train-00005-of-00008.parquet	000512	4e4a47438ba932b01a466e1dd03de7393d49e0da	993
train-00005-of-00008.parquet	000513	ca2c1bd7b69be43b8566d3086bdf63555959f8c4	3245
train-00005-of-00008.parquet	000514	46bc3d68ae667001e5f483e4be0e2f7869a1c9ae	3545
train-00005-of-00008.parquet	000515	fe505427ae9cf1b5644d40dc36e3b0304c8c6cf1	3822
train-00005-of-00008.parquet	000516	1cadc229cf4d57f29d0f2869c004f75228618aa5	3229
train-00005-of-00008.parquet	000517	23aa7c08975969ae225e4453d7c281645e52bb8d	1272
train-00005-of-00008.parquet	000518	6ec14781ba5e6bd3d62484ccc7b9ef5f5c6855be	3257
train-00005-of-00008.parquet	000519	e4570fdef7614b0aa28f3e7ece0ce49da9d423b6	1567
train-00005-of-00008.parquet	000520	168d08ef0666239ecc4ea934dd6cd8af374ebdec	1055
train-00005-of-00008.parquet	000521	6855d02e4f0c9bf00441456c57faca419bc6c233	1487
train-00005-of-00008.parquet	000522	c772fc7fa241608b0f59f72c0d9692f2266e300c	3113
train-00005-of-00008.parquet	000523	d5712ffefdc0e1f0a47f44f87093ef39734e8588	1537
train-00005-of-00008.parquet	000524	a395a106e01d41ef9c2d3077c2b720e30c998827	3087
train-00005-of-00008.parquet	000525	7b343c77de11b6f5a8138b22b1ce7b917b41feb6	4080
train-00005-of-00008.parquet	000526	b19ee75c1246a84e689737f3434d5d2dbe08c4e7	3857
train-00005-of-00008.parquet	000527	e7a3c15111aa3f0b5f41d9a7897b84130199340c	3547
train-00005-of-00008.parquet	000528	ca0b5b4e0bcea25aaf4d4cc397c4e2be66c447a3	2565
train-00005-of-00008.parquet	000529	f9e5d2919dcaae2e7432dc349e69370bc1833362	3505
train-00005-of-00008.parquet	000530	83d50e866e9a4b42e7e1d4d1bde584a793500cfa	1847
train-00005-of-00008.parquet	000531	65e38860f5e3ab4fb793f4150af4320cc86ca6f4	735
train-00005-of-00008.parquet	000532	e72cb1709c8d2d9532a4fb4d7951dc5e62a3e966	2493
train-00005-of-00008.parquet	000533	40ac8fc7153b1cad1eeb57a5ec11d564d85e1ae6	2444
train-00005-of-00008.parquet	000534	aee8c0d8d51cc27cce7da096f4c7303d6e92f666	2107
train-00005-of-00008.parquet	000535	15d8941e9af3fe54e793a74332e015ba6d5117b1	855
train-00005-of-00008.parquet	000536	66c362445ba914e8c8e499aa967af8a9cfbe75ef	956
train-00005-of-00008.parquet	000537	d148118db4189a7c20c42fd3019e1933fff52c81	1042
train-00005-of-00008.parquet	000538	cefd69397e6ee6f1865f2d8c5dc32972631d5a8a	1326
train-00005-of-00008.parquet	000539	31e7c2789f220b419b0970c18b0caa207b546c16	1083
train-00005-of-00008.parquet	000540	e6f8e4e6bb6c2ebba092f4e8374066365f72e6c1	1272
train-00005-of-00008.parquet	000541	50c572a3ab0f846632abd9c28e610f397e95d34c	1261
train-00005-of-00008.parquet	000542	9752cb98e985d6e154a87dd5ba5533760872c13a	2322
train-00005-of-00008.parquet	000543	9edbc69ea58498f73a34ec3380c9441938113b7d	2873
train-00005-of-00008.parquet	000544	55a64598c1458477d4b0afab0ae6bcafe802c6ce	3080
train-00005-of-00008.parquet	000545	5cb7c05c718cafeecced3bc38bf106a2f0805cac	2557
train-00005-of-00008.parquet	000546	3de462bf1460e54bc7dca43a611b4dd7fee78f91	2671
train-00005-of-00008.parquet	000547	8385b73667ea0c66a36740076905dc0e60afa0ad	1014
train-00005-of-00008.parquet	000548	60a7fa3f202b5f038110bdc9aa7663047a370da1	2499
train-00005-of-00008.parquet	000549	20027118a79e65eef3a928aaa56d0d70743f31ef	2358
train-00005-of-00008.parquet	000550	2e2dab77399ac55cd4349fa4606835932693ec62	2070
train-00005-of-00008.parquet	000551	e535c971a856918fbf0fc5732aaa83c6bb37a197	1027
train-00005-of-00008.parquet	000552	6aaeb7cdbf4b95463b17fc8f6592b5d02e630190	2051
train-00005-of-00008.parquet	000553	7ee244a9d1f63c0888f706058308b70f6cd0f88e	2822
train-00005-of-00008.parquet	000554	f50b1f31bdf5ad7d9370f218091e6a63b4d0cc86	3291
train-00005-of-00008.parquet	000555	b442c4988c24e01845ef9f66b12260b8604d3fc8	2509
train-00005-of-00008.parquet	000556	89d314f5bee18c26d2980d709b6cc2b6cb0ae9a4	2346
train-00005-of-00008.parquet	000557	2938011113f3f176866cd2bfee0f2843417f08f8	1742
train-00005-of-00008.parquet	000558	364b5ca4594256f3cceac10c574948922c01d5e6	2493
train-00005-of-00008.parquet	000559	f5e56a8501887771c3b0ca420a844f69a3248c08	2453
train-00005-of-00008.parquet	000560	194d83b7382604f745faf35e6965b3ea4e17cbed	2074
train-00005-of-00008.parquet	000561	30e3005ce5f1ae6ffcb69d761fbc43fb32b29240	840
train-00005-of-00008.parquet	000562	ac253e443e24bac18dad8005f77a38be50b7d6e1	1199
train-00005-of-00008.parquet	000563	7b414f2e9e606dff2c423d2be8926a73574af312	2329
train-00005-of-00008.parquet	000564	84dd9a0f31cc7bfc1560e9e4dab1dfd2c8d32876	3170
train-00005-of-00008.parquet	000565	16bae16daac361b91976e36e7c367bdfc1db9d96	2787
train-00005-of-00008.parquet	000566	9c134b754bbb04f8ac4704c6aa9eb652d4215975	2644
train-00005-of-00008.parquet	000567	877ff650c8b0ea8f82a5487ca11421c21ebef239	2915
train-00005-of-00008.parquet	000568	093f2bb965bfba544445f5489f670871b01baece	139
train-00005-of-00008.parquet	000569	3289f04b181b100b278908e490caadf68ab9c8d0	828
train-00005-of-00008.parquet	000570	25f9c5cf5b80d220be952848587d6348ebdece98	377
train-00005-of-00008.parquet	000571	eeebc42da6844f872de9978806c037955330a9ef	312
train-00005-of-00008.parquet	000572	32b281598c758dfe89259c7ba3c4ede614f51f78	4374
train-00005-of-00008.parquet	000573	dafc2c97ea0f93fd91df967de0059ebc72bde58d	1260
train-00005-of-00008.parquet	000574	6ff9cf56af994ab2411699f9180b75a1b32cf93d	3321
train-00005-of-00008.parquet	000575	95ed85aed82174e27ff5734eac7e77db957fb63f	2663
train-00005-of-00008.parquet	000576	c116a4a7b363a995851a954745782e550ff85a38	2816
train-00005-of-00008.parquet	000577	9ae88ca53df0028612614e7ee03969371651efdf	2800
train-00005-of-00008.parquet	000578	d08de185e803377243634f206ecf4a4958c6a55c	2714
train-00005-of-00008.parquet	000579	487d280c104566b5e3a3ea4b7c13254c304e1b7c	3212
train-00005-of-00008.parquet	000580	60f10029e056bc31e14b1fbd3cf4db730e10e1b1	3732
train-00005-of-00008.parquet	000581	b0678dc580200818371ec7a14edd2465140e6baf	1553
train-00005-of-00008.parquet	000582	3ee6d5c35488993c03100ef47dc366b53f8423a7	2318
train-00005-of-00008.parquet	000583	e5823bb114ee3f799b0ad74e52a30ffc053ae61d	284
train-00005-of-00008.parquet	000584	10baa8d64a13a1813489c6ec599dc35f82639291	2508
train-00005-of-00008.parquet	000585	60c496c23960147b80f234a0c789cc0fa64172ec	2651
train-00005-of-00008.parquet	000586	59f63d4998a413f2a962f8da413a67c052d4c325	2632
train-00005-of-00008.parquet	000587	4fd10e9088423b3b58e91b4e71a37db06ce7b04c	2358
train-00005-of-00008.parquet	000588	7a8df6f23c60ebc97968608e582464de20b89714	4080
train-00005-of-00008.parquet	000589	d4cfb9c4afdbc9624c83597abca102da3ac34f93	1062
train-00005-of-00008.parquet	000590	63f6bc65d579ce24160369353ff5c002e9cecf00	1365
train-00005-of-00008.parquet	000591	aede6f5eafccf55c33ea13e9c5f8f7628510ba70	2313
train-00005-of-00008.parquet	000592	df445c9533b0d1f3424525cf58e2426712f053c4	2722
train-00005-of-00008.parquet	000593	52f494a851f3c75c4999604ba30b433d3f6c316c	3645
train-00005-of-00008.parquet	000594	3ce5783c2124bae8b86979004de48f8a6d21147c	3104
train-00005-of-00008.parquet	000595	491a8aa65777819b44445097508efaf4c91b0056	3082
train-00005-of-00008.parquet	000596	a8a72c06909e77d336c2707e8d27c4b1326a9f62	3417
train-00005-of-00008.parquet	000597	17a4f322b5859df3688c1c798c15d9022e52fa7d	3143
train-00005-of-00008.parquet	000598	aa32c285f6021708e54535837f9807b8d03095df	3120
train-00005-of-00008.parquet	000599	ccb147340416566121e6a31579cb135689115896	3229
train-00005-of-00008.parquet	000600	69a8a65b7efa04e1652037911031a25c79487308	3020
train-00005-of-00008.parquet	000601	0a6fb3b7a8b7fd25d19431978a76e337d78bf692	3569
train-00005-of-00008.parquet	000602	428b110fefbba7720ff1db1465072565abebdecf	1958
train-00005-of-00008.parquet	000603	1d42b59095f86aa72c6eca07f57662dbb7d4786d	2914
train-00005-of-00008.parquet	000604	829eb3582bddac52db20efeb1fb0ec085e0023bb	328
train-00005-of-00008.parquet	000605	e45e6305f873bb9a11ba3e67136967676321735a	1224
train-00005-of-00008.parquet	000606	bcf0ab4db47cc43d5e5b5eca7bad250eba904596	1294
train-00005-of-00008.parquet	000607	a73d884c4cf0a862d886caf101cbc0dbe7cce822	1764
train-00005-of-00008.parquet	000608	98cb58eb3bcf04a4f4be17c3cf121474b9a6727c	136
train-00005-of-00008.parquet	000609	a91ee9ceb90e26680d82d432350473e5e15833d9	1643
train-00005-of-00008.parquet	000610	3dd045c4e7b617f1fe2d26454d6176d9688e1b0d	898
train-00005-of-00008.parquet	000611	82fdb3f45425eac147bea56878efce595eb98e38	2538
train-00005-of-00008.parquet	000612	5edde1b69adc3a155ae63f4b9b72afe27ba0eeec	260
train-00005-of-00008.parquet	000613	5eb0d2f1c7ef9c6460ce0b5f0578ceff6242e4d2	1853
train-00005-of-00008.parquet	000614	c831a327f70bd4821784da82bbc15f3111337648	806
train-00005-of-00008.parquet	000615	60a5374c8cffeeb21bdc46cd8bba3ec71949cefc	1941
train-00005-of-00008.parquet	000616	80586f3994874948ab69feb1add917384a3d2668	2382
train-00005-of-00008.parquet	000617	01cb9e17c172779fbe7fcc849b7725e42d30bb6f	1992
train-00005-of-00008.parquet	000618	a4d5b50b710a36fdee96344c99fd476f0f7a51e3	2808
train-00005-of-00008.parquet	000619	daff47737fdca42101b4b57be611b5aad9854445	2523
train-00005-of-00008.parquet	000620	ec7777da870160c62f9462f0236dd90cf63386ae	117
train-00005-of-00008.parquet	000621	7fd10ea535f6343c4a6358406250ea773cba702b	2178
train-00005-of-00008.parquet	000622	15fc8d17c5434ea68b248dc1364a9e8104b7e881	87
train-00005-of-00008.parquet	000623	5e5512fd4024e78305c2ad4c5f0daa6f5bc5732f	993
train-00005-of-00008.parquet	000624	2d486f253de35e3d365c2b986b28ecb59dc376f7	2363
train-00005-of-00008.parquet	000625	687dc6bc945e1cf0ec6f3b056b9d4dcf425db596	2207
train-00005-of-00008.parquet	000626	0c64944bb351508e82b49c14c5f36142b4275989	1939
train-00005-of-00008.parquet	000627	8b11037c8e3774c43d9e0964b21adb121093a50a	2018
train-00005-of-00008.parquet	000628	efb4b9ca6ad8b77e49b9d20c95c353a5f9d3dee5	2190
train-00005-of-00008.parquet	000629	95065b33c122ab757356f1bfb5f9de73c7a0983c	1392
train-00005-of-00008.parquet	000630	1b43d52b50e86f7416902745bda0a1dc4db65b73	72
train-00005-of-00008.parquet	000631	599e99a70d7760ebb61ba02b8899714e308d4529	1784
train-00005-of-00008.parquet	000632	5195a41aad361c2e388798173f3be3642eabc8fd	3970
train-00005-of-00008.parquet	000633	ac59686b817648cf4d5aa6685677564986d53784	485
train-00005-of-00008.parquet	000634	ebc13b367d224a1c96439c78a62bf801d3ca25a1	2204
train-00005-of-00008.parquet	000635	3614398023c105cdcc3a4d5d66a5ee2f185b79c9	650
train-00005-of-00008.parquet	000636	802b9020173b028c05619a2eef74d0081b3e5c13	3040
train-00005-of-00008.parquet	000637	8dd7db4013b6a961f5378e97f10b9755457d6df5	3326
train-00005-of-00008.parquet	000638	62691b1d8b48eb6ffcbe720223abfed91ea14a28	2536
train-00005-of-00008.parquet	000639	c49040ddc0a8ee374c33c75110309e28d9972124	2706
train-00005-of-00008.parquet	000640	8f98c8793dbebbc6c4c616576ad833d57bb36c27	2942
train-00005-of-00008.parquet	000641	5c519a6ade7bf6ed3bf39e2727d851f413b6ecaa	3181
train-00005-of-00008.parquet	000642	f158e1125e05662763ef037d9df9f5fd1ea8ae44	781
train-00005-of-00008.parquet	000643	157c8a905c1751266327a7858e3b10834e8d7b7a	1038
train-00005-of-00008.parquet	000644	8a02032d8a66b3fa2aabfd2e0a287e178029f6f6	507
train-00005-of-00008.parquet	000645	3fa0687bd50a1a9161062bdc0cbbf9e6e10a21fd	263
train-00005-of-00008.parquet	000646	7a13a1e484144c6ccee09ba260fe5ddd44e5d63e	275
train-00005-of-00008.parquet	000647	ff5d5f0216f82a5f6b87b78a1db88ff7035d3bc2	377
train-00005-of-00008.parquet	000648	1df478fbe82d4e28a373c40c38b91298d97b8bba	800
train-00005-of-00008.parquet	000649	0f96dc8ce869c7b3cf92cd82636a3ffcf1b00d37	932
train-00005-of-00008.parquet	000650	ead9b24306a33d87526d762d971dd63b6c1ba6f5	886
train-00005-of-00008.parquet	000651	45314561542dece9e217de4583f60b14fb1011f5	322
train-00005-of-00008.parquet	000652	789997d5a18b5a7c120e5f13f6d8b2aaad9f6a73	199
train-00005-of-00008.parquet	000653	23bddb11fded8917b53014737bdf82609491159c	356
train-00005-of-00008.parquet	000654	522211c8b8b4a415938b236a5cd7f007e85905cb	337
train-00005-of-00008.parquet	000655	e6053937073829ee16ab03e97b3a5ae272e6af5c	333
train-00005-of-00008.parquet	000656	f8cc0aa354092dd47226e341137c6286749b2950	1697
train-00005-of-00008.parquet	000657	e884a0452551233531bda3f1197638eb4bd383a0	1077
train-00005-of-00008.parquet	000658	38d2b39bdfd84bca35f06670273e1a4045c5c3e2	996
train-00005-of-00008.parquet	000659	820d835e45ee0a0a89a8d72e018037f7cb6663a0	2054
train-00005-of-00008.parquet	000660	6f0c534182224340c08071dc986870e3465e3eb5	401
train-00005-of-00008.parquet	000661	d11881093ba2abc924d9b2d0e8198bc90c7b8dc5	1084
train-00005-of-00008.parquet	000662	2d9553b4fad7fd41de16de77c504d1fdac27a999	633
train-00005-of-00008.parquet	000663	cfa4438e926e138946b6584006e8758f0412316b	1337
train-00005-of-00008.parquet	000664	c64de74c62b47314c469c84393435e72650978ae	901
train-00005-of-00008.parquet	000665	ddc4c1b673a71d617b80a177a9e4288f4d364b81	343
train-00005-of-00008.parquet	000666	81aaf387ead1aae5e59460e28ac9f42bc5335cf5	529
train-00005-of-00008.parquet	000667	e7820a1ad538704935d80b83b055136066a9ac3d	418
train-00005-of-00008.parquet	000668	ec005c95959f132b2fd28c65d84eeed941956695	554
train-00005-of-00008.parquet	000669	b9c67b8ca284e5b990a22c054025ba7b62f05bdc	527
train-00005-of-00008.parquet	000670	f86dff02eb7be5b9e0e14eff4aaa293025ca226e	361
train-00005-of-00008.parquet	000671	daff02e29e08968c460a2f5c3bd0ffdd7ea4a283	230
train-00005-of-00008.parquet	000672	6d575557b4a0d8a469370689eb730df4dfd6b576	152
train-00005-of-00008.parquet	000673	5d6d8b2661271a1e36a29b4d013689392c972312	2081
train-00005-of-00008.parquet	000674	77d1777d4a106e1e0d27e5bf2cfb43755de435ec	3866
train-00005-of-00008.parquet	000675	e18ef97e99baf54a257b9031fce9a2543af392de	3437
train-00005-of-00008.parquet	000676	29e3594c19f38778c7c33a84ad595c2e37de3760	3917
train-00005-of-00008.parquet	000677	76b89af7c180edad075a4d5c261d47bcf8b8d759	765
train-00005-of-00008.parquet	000678	b501f215bbb9b6fc315874a64eed345f66f21374	1072
train-00005-of-00008.parquet	000679	790a40e6811d348cf21a06d1abf21de8721b1469	2005
train-00005-of-00008.parquet	000680	10daa179e9ca6e91b670b86f28d5dd6d4f8c0dfd	3889
train-00005-of-00008.parquet	000681	8c66ed60d8d6d208131ced408eb2909ec7491ffe	1164
train-00005-of-00008.parquet	000682	bffa1367d0b24eef42178008cea0ab04e06e14da	564
train-00005-of-00008.parquet	000683	c11ecaf8c782794a0274f7aa64831bb6b21440b9	4124
train-00005-of-00008.parquet	000684	6ad9f377f9a63810fc185b41c79cc85f1e277589	3713
train-00005-of-00008.parquet	000685	ece4c5a09174bda67398988b41547f64d2a73c90	3229
train-00005-of-00008.parquet	000686	21f7cf64d304eb2eb65c4555e4349c200e98b608	3891
train-00005-of-00008.parquet	000687	b92f0139872ce40ce4a3c1fbe1a5ad369f591a8a	2805
train-00005-of-00008.parquet	000688	933f7228e7a3c316d0bef603ff50ddb7f30b9c63	1533
train-00005-of-00008.parquet	000689	42cf6354b9c00ada9208ef76cbcb136144b647b3	1135
train-00005-of-00008.parquet	000690	5bd29dbc559c82f341a43748c15de0b373d44c7a	2644
train-00005-of-00008.parquet	000691	24ab7b3ab01e2031dc8a8a5f3dd680d56f5a2f1a	2648
train-00005-of-00008.parquet	000692	994fc6508fdda46c489eb46392152dac7376e8f4	3438
train-00005-of-00008.parquet	000693	c8a0b4ffe3b421b325981636dfb6f8c3f2a551e9	2623
train-00005-of-00008.parquet	000694	e0a7a707440b94b9e82114e87ba3d728c70e8bbe	2751
train-00005-of-00008.parquet	000695	6d4cb8ba095c0387d77aa3279ccc03a87d1f73db	3770
train-00005-of-00008.parquet	000696	dda1aa2483ad3b3892855ffc4b1fd2a034f6b9b5	3969
train-00005-of-00008.parquet	000697	3fa73b8232318fafc3f4f45199cbd088720cf927	2623
train-00005-of-00008.parquet	000698	5c3f576b4c8a0a6511abffac97351b515b32020e	2828
train-00005-of-00008.parquet	000699	d0fbb5784c23c7072ab8fe87dcdd14e3c2173df8	1557
train-00005-of-00008.parquet	000700	3270c5e54c60937cda69f7dc483348ac5edc6ad6	1806
train-00005-of-00008.parquet	000701	c500ddba238265c6e5ae5d80887cb4da5f3734b2	1527
train-00005-of-00008.parquet	000702	8bd5fd19f864cfc26b7d7d7bcda607dd276db07e	4075
train-00005-of-00008.parquet	000703	fbb814d8aff75da6c554aac2d62d65d014c79cea	938
train-00005-of-00008.parquet	000704	a346a1172ccbcbc4b1cb04edc3aeb398145ba3dd	3297
train-00005-of-00008.parquet	000705	182a35ca9052f7bf0b26290e93edd45f7f960f2b	728
train-00005-of-00008.parquet	000706	8b8773c0d4e50388bc9c35d5354421ec5d6cd203	336
train-00005-of-00008.parquet	000707	dd8fd7ec4c76203ddc446d9d6fd13f692b89bbad	938
train-00005-of-00008.parquet	000708	1d6861db07242de858b648d85ce46d09ed9d8d9b	1463
train-00005-of-00008.parquet	000709	eef5ebba61a4a1a618d3c6a88fda61f8c7fc703c	336
train-00005-of-00008.parquet	000710	774156639cd319f2c3ca66f05ad81f2f4e5048ed	938
train-00005-of-00008.parquet	000711	64acd60628f60661c5b6c582c87662e2613475a8	2486
train-00005-of-00008.parquet	000712	cc247c87e4dbb3c48adeae9b9a7b1203b6ec91de	337
train-00005-of-00008.parquet	000713	d73b9c78abc723cb02ada1e1a177321966d5a48f	949
train-00005-of-00008.parquet	000714	ed1dc009fed7a3b2cfaac2af6366710d5ceb6092	307
train-00005-of-00008.parquet	000715	4dbe5958ab35aa0ec780a8e3d3217312ccd76b1e	4151
train-00005-of-00008.parquet	000716	e32eb3b93a9bae724d3f2d0cfefbcd7a65257148	2136
train-00005-of-00008.parquet	000717	e682d0f944d561de0d64c077a13e1df607fa35fe	3671
train-00005-of-00008.parquet	000718	02eb2cd868d6532cb44ce634afbb28dce8fc3af6	3042
train-00005-of-00008.parquet	000719	6106994a78524865ea117a3290f92f2c91bb3602	4313
train-00005-of-00008.parquet	000720	606f82ff194a883e87e105c1a321132cfc260c29	3830
train-00005-of-00008.parquet	000721	d92a54bd38ce5960be5a71a4e6e675fcdc83789b	1893
train-00005-of-00008.parquet	000722	dc0f457128015e5408e390f88494cca00f1dcc8d	877
train-00005-of-00008.parquet	000723	3ea8a77e779f428b24bf68213d3bbac56e977b03	137
train-00005-of-00008.parquet	000724	f3d7c0ca2955a57c9d32ce78c8db14257c1f2681	207
train-00005-of-00008.parquet	000725	cabf68842041bddf9ec72495669d6f4b3cb43807	1660
train-00005-of-00008.parquet	000726	99e3aa9c6b3d0ea4b942705e1840e0549fc01c05	2445
train-00005-of-00008.parquet	000727	c77d58c578985295d41be1b8bed591885685ec71	1103
train-00005-of-00008.parquet	000728	4c5f11cef18789af15503032c2c74615adc3f473	1689
train-00005-of-00008.parquet	000729	0aaf4c9686cbd4767635f33f914bee68b491ff0b	2713
train-00005-of-00008.parquet	000730	97c550bfa459c70b5fb6a492b16eed42ccb6e025	2705
train-00005-of-00008.parquet	000731	03a1a07662043d8c8af62aa22295cf9ef0580907	1492
train-00005-of-00008.parquet	000732	b72beefe0f2792b0449b3a6c76db0a185b784d3c	1949
train-00005-of-00008.parquet	000733	fa6aaf5abf401adbaf0577825532aedb6ee08e42	2514
train-00005-of-00008.parquet	000734	d5f1f5f0e05c7cee0baf580d7da320581cb75739	2829
train-00005-of-00008.parquet	000735	fd95b8eafd5d02c3eebd68137c4965209bd9ecca	1472
train-00005-of-00008.parquet	000736	8e6e10fa5d38c596309ac5aadde42805b6fff4ad	1807
train-00005-of-00008.parquet	000737	3c8f9de84469b3950f318cb775df2ae50d4c165b	1958
train-00005-of-00008.parquet	000738	6d08edab69968a1420e31c355c5e80f3ab2b1245	1576
train-00005-of-00008.parquet	000739	5ddf32298245120eeabb80469279446d965108be	2067
train-00005-of-00008.parquet	000740	f7702f02b1c9b5f554b8fa6e495d73d6e1473715	1057
train-00005-of-00008.parquet	000741	8152927e50eaae61fb9fbef27115f968a8a3ddaa	1587
train-00005-of-00008.parquet	000742	fedb7fcded0077d3bceafd323945f1cf692fb435	1305
train-00005-of-00008.parquet	000743	ca5219884324414af3e85f457dc0bedbb3a2bbc2	1443
train-00005-of-00008.parquet	000744	6590cddd9b85a2a81f4672f4bd09d42ece73cf6e	1561
train-00005-of-00008.parquet	000745	8d6b965b589d752f57995d19acb0a9fc62b01148	1564
train-00005-of-00008.parquet	000746	ebfde3cbf92c4b40b198d1224acdca01de06c226	2082
train-00005-of-00008.parquet	000747	da3335515dd59938df10fee500e2b69bced996cd	1454
train-00005-of-00008.parquet	000748	f5e7277931ef657bb84f9363e0feea73f30076ae	923
train-00005-of-00008.parquet	000749	668af71079abb6fb294cf7fe30ed00eabda6c1af	1159
train-00005-of-00008.parquet	000750	a473902af169aacabb8dbb694dc7b35f5d671650	1728
train-00005-of-00008.parquet	000751	0d2fe7e4ae117a4f83606ba2837020bdb68f758d	1390
train-00005-of-00008.parquet	000752	edbd79abc4601d1c06d7fd8eb92fce21246c3329	1348
train-00005-of-00008.parquet	000753	e30e10cfef539d4ff82f9f9ac95dc103b6b8edec	1039
train-00005-of-00008.parquet	000754	37f387ab6cb6f25843a7dbc4cc698f44ef8794c2	1550
train-00005-of-00008.parquet	000755	44f3733268bb1c12d9ff8b44dc5ae999daf97fb0	2161
train-00005-of-00008.parquet	000756	0a4ee7156d5e66bdc0007c8b65a14828aaeba5fe	2365
train-00005-of-00008.parquet	000757	381254127f53646c75c59bf095e925b703853d8e	562
train-00005-of-00008.parquet	000758	c0c86a1d9c89ddcd6477d01defb2c3ffd9af5b1e	4761
train-00005-of-00008.parquet	000759	6f4cb49cad8de4e2f9b0f80e08fde771ab4f1446	4093
train-00005-of-00008.parquet	000760	22e4460901d686754a4a4511711bc5e74acd5c49	4683
train-00005-of-00008.parquet	000761	e37773de4bfd82319251bf682d25497b0f54b580	4011
train-00005-of-00008.parquet	000762	2ca3e76b8e6962278026b96c75623f6aad4f7be5	1602
train-00005-of-00008.parquet	000763	d402eb76708ee7a254d1edd8b10cbe84a55692ba	1450
train-00005-of-00008.parquet	000764	9e65a18774201ef7daa520f54a6e1917b70f9a2f	1922
train-00005-of-00008.parquet	000765	a2c6263ccb9f20fc5626cf07cc742e49d172af3e	1832
train-00005-of-00008.parquet	000766	4c156e3657a9b104807afd6183f3f40a2c6aad48	2244
train-00005-of-00008.parquet	000767	4b4edd6aa0b7a9b55d650916afea80485857c4c8	326
train-00005-of-00008.parquet	000768	549407eb2275fd8ce6be672ca6ab976e2e9bce97	938
train-00005-of-00008.parquet	000769	90f7d514804c4894e27ccee102856e629d6a4d4d	4127
train-00005-of-00008.parquet	000770	5fcdf41e5e1f7ae9e8c301153d565b782d36114f	2250
train-00005-of-00008.parquet	000771	ed059c5c3f88d743cb127a5fe283d12d15a9bc81	337
train-00005-of-00008.parquet	000772	f48d65dc6e6c738d7daba1d488d7a319d7ca4c6e	938
train-00005-of-00008.parquet	000773	05eab00860dc50d4aa039fb2ddce78e44fe519bb	1714
train-00005-of-00008.parquet	000774	9cebf55f11254dee849647b0b9e30395bed4f8cb	336
train-00005-of-00008.parquet	000775	10b496a26a746d1e6dc1b02712996ccf9e07853d	938
train-00005-of-00008.parquet	000776	a8845cbff20cf7b0a7dafe690886635c32ca2f4c	4023
train-00005-of-00008.parquet	000777	3dd1253c9babd4f749fa0fff0b77ccbe11b076ea	337
train-00005-of-00008.parquet	000778	1af3132d8684bd7e674ee8a252331215e16c4310	939
train-00005-of-00008.parquet	000779	7d416a541af664cda79ddcb4f0a35a3dacdf7349	4053
train-00005-of-00008.parquet	000780	51e95264aba2f6afe5f816f4df6ec3f8c168661e	328
train-00005-of-00008.parquet	000781	385203df30ba95f7e5f7ab10695cd33b3d05aa87	977
train-00005-of-00008.parquet	000782	32b2e87ec6a977b60a6118ef94ae958c3f42f2ae	2211
train-00005-of-00008.parquet	000783	4b4ff5576ff13af0c074f302eebb79fd9ac4258e	1227
train-00005-of-00008.parquet	000784	f058b05b3ce2cfef32a4f5e32a7ded2e4fad2b01	2253
train-00005-of-00008.parquet	000785	40b3585c2e1ce2ff258679089bbce104e3c221e9	2513
train-00005-of-00008.parquet	000786	45f904d78342d316d5780e5193797ea081b42fcf	1977
train-00005-of-00008.parquet	000787	f5e73f673fb086e18be7ae64c0d329b34cbdda60	338
train-00005-of-00008.parquet	000788	8f3ef24ead1faa241e8f6935795f7fd659a59fc6	938
train-00005-of-00008.parquet	000789	2e51ef13e0b7454235d08e9f8d999b8ea7cf186a	3126
train-00005-of-00008.parquet	000790	d54caa293701dd2fcdeb5b0bcc9537988b432da0	2046
train-00005-of-00008.parquet	000791	978f8671e77fdebd31cea2b693eb6b9daa4276a3	2655
train-00005-of-00008.parquet	000792	780b033232adf38accef7c244f538ecf438fe8fe	338
train-00005-of-00008.parquet	000793	0190267a6ade77c01b441af0bb6eff6e9ad7ded8	2123
train-00005-of-00008.parquet	000794	ab221a4e634c0567deabd8881ff75f5fd67b1aa7	4160
train-00005-of-00008.parquet	000795	c7d6f210523eb3becd108dee829f9383e79ef0d3	3896
train-00005-of-00008.parquet	000796	3bc3a9e75829901cc074891964a88067d530a2c7	4178
train-00005-of-00008.parquet	000797	1f80a3e5872c744da05fb79e63b3627b7d08f40c	4080
train-00005-of-00008.parquet	000798	9853662c1b541b93e7318755c34c5e4b361ea421	3782
train-00005-of-00008.parquet	000799	ec21db5a143708e7bb4e32609622fd31d5a39127	4080
train-00005-of-00008.parquet	000800	5628919ea9f0e02bec668b6f946de5d6de92bba5	871
train-00005-of-00008.parquet	000801	a445a125aa1d961aef33e101e9452931d3e58a53	4080
train-00005-of-00008.parquet	000802	be932d9ae2c7caafcecbd8475e853d71c29c6bc5	5054
train-00005-of-00008.parquet	000803	a4cd7d42b725e8f305e5007149825067d7078be9	3078
train-00005-of-00008.parquet	000804	6b8dce42af43572e4a1fc40d1ee7e80d64781069	3034
train-00005-of-00008.parquet	000805	e696294e0572c1c891e84af67668cc7e8a30fc89	937
train-00005-of-00008.parquet	000806	52e72dbc5ee90caaed9c58fc90a209546ef6ef46	3114
train-00005-of-00008.parquet	000807	ac87f2af1652ff6e3a20ad67f10f98334bf9e41a	2390
train-00005-of-00008.parquet	000808	d48d75b095a76940414a770ca4a1146364756351	2050
train-00005-of-00008.parquet	000809	dbb90ebc387b155b45ce79279f83b986f46b1e5b	2007
train-00005-of-00008.parquet	000810	916f0893ec4f0c83c29604d1dd5b5137263a4286	2042
train-00005-of-00008.parquet	000811	58e80570e6b837fed3db60d8a16210e712f919e1	1502
train-00005-of-00008.parquet	000812	97e6340ccf9e9fe5072dbca45630e7ae66146841	677
train-00005-of-00008.parquet	000813	8355133eec1a61242ef2eab4442c02cf036c9439	1009
train-00005-of-00008.parquet	000814	ae81917810ae190ee9cc07fea4022f11784879d6	570
train-00005-of-00008.parquet	000815	6757e729af7b9eac25c48ba87e1d74536ef6a276	1411
train-00005-of-00008.parquet	000816	adb63d87a9a133a1edb2b1bba240ab9dee8c4a57	2005
train-00005-of-00008.parquet	000817	17fcc2d48d5b273890df47fd4339f3fd4c07d104	1334
train-00005-of-00008.parquet	000818	68cfd04ba12f75cd406556631f9d1ac066b5c4e5	2331
train-00005-of-00008.parquet	000819	a13a41f468f2f1c5edbc3606d4f0e38703a58c14	1488
train-00005-of-00008.parquet	000820	50f20c4f291b1fe141bc878fdb1be4b71abbf35a	847
train-00005-of-00008.parquet	000821	e07f248e768486caff67493a089e7096c3c51a56	440
train-00005-of-00008.parquet	000822	a42daba4e0b01f4185774e954c5ff11a2a741696	1233
train-00005-of-00008.parquet	000823	002c9cac358f418cbf32c2f112e9f690975adc9c	1209
train-00005-of-00008.parquet	000824	18ecefba912946fb4cb0120f78a15233b645c9bb	2324
train-00005-of-00008.parquet	000825	d1db2495a86fe2a3077fb812af67b298419cf775	417
train-00005-of-00008.parquet	000826	a4675c3a08d22c8e41e04a6972e7ba21608bd1fb	1583
train-00005-of-00008.parquet	000827	958221735fda28cd76e5caa6a7c029091fe5284f	502
train-00005-of-00008.parquet	000828	27e48db09987ea5875b0ebae4a4f6e82956b77b5	508
train-00005-of-00008.parquet	000829	cb02715cd8135cbf1d9dfa5b7689d5609e9adabd	86
train-00005-of-00008.parquet	000830	5ff5c2ccdefce60aef1d13ab7973ecf917d4b1ee	230
train-00005-of-00008.parquet	000831	4756d01e4bee3741e4e83aa8582ee82a6ba5987a	3077
train-00005-of-00008.parquet	000832	9e51253e2e035558d23150859cc929d1c041615f	5731
train-00005-of-00008.parquet	000833	affe9e959d8c99b434a6a4da739aa9bc61b87eb5	1599
train-00005-of-00008.parquet	000834	f15e839c678369175d8d4eea0b76c4af31ec5848	1933
train-00005-of-00008.parquet	000835	daad782179cd27804e1bef87891ef99623038af9	1088
train-00005-of-00008.parquet	000836	32d98b0823e361cbca887cb53aee1d9b71e00e1d	5691
train-00005-of-00008.parquet	000837	9808ee5113ab1b5bdd09b495865643497c900629	2268
train-00005-of-00008.parquet	000838	90aad059cfc89500d9edf8c84f47a4c8c73ef324	5596
train-00005-of-00008.parquet	000839	b2b814a85fac5a62bd5f9d7b4af88957eba33402	1183
train-00005-of-00008.parquet	000840	ed4260255c4868d13a2c9899eb370ac6c7c4a06d	3470
train-00005-of-00008.parquet	000841	e32ed619caca6a104e22a4ace5b2f7d56419163d	4401
train-00005-of-00008.parquet	000842	6080fadd343578cbccf5b0764b005659763931a0	3845
train-00005-of-00008.parquet	000843	70a6dc75d70d81e842dd2316100e8eefff2845e4	1993
train-00005-of-00008.parquet	000844	6d36f70e5d33355711cd0a976e917ffa5c22f2ac	3583
train-00005-of-00008.parquet	000845	52bb90bf39f05c34f1d387707cfad9e0cd8a40ee	6383
train-00005-of-00008.parquet	000846	b1804ef4474d402a77ebf92dae5d9a7a0c130681	1184
train-00005-of-00008.parquet	000847	6dd2784444f3c8668212a40a3e98300f3a11ad6a	327
train-00005-of-00008.parquet	000848	356652ae0106e2865c3c07e0b0cb59f99588063b	3609
train-00005-of-00008.parquet	000849	02d0c756e3f9cc3c5b600244b94726fac119ccea	1717
train-00005-of-00008.parquet	000850	581b0b80881ef3c25c9f4884f3667040dc5d2e4b	1171
train-00005-of-00008.parquet	000851	bc95230a9e9733772bf88cbf6613f9bd26c9acea	5559
train-00005-of-00008.parquet	000852	e5e4d7e16e4361de6368e725b14f1f1b218b2154	5094
train-00005-of-00008.parquet	000853	2bd29c461618c98f2b703aea780e8f1189cb9641	4886
train-00005-of-00008.parquet	000854	a658800d03e8645f3010aec27a3ee9920908850d	6108
train-00005-of-00008.parquet	000855	f1a9195115ee6dd03ce4c187d8723762a199f626	5913
train-00005-of-00008.parquet	000856	5e2734a615357fd98e54b727ed3514e1694ee252	4716
train-00005-of-00008.parquet	000857	34a9a58e1f57d7d306f1e1fbb5361c52d3d19ef3	5260
train-00005-of-00008.parquet	000858	4e15e0c15e4a1285b313b70efbf5dd0a6000f429	1213
train-00005-of-00008.parquet	000859	96c3c2e5367cbeb154c83393a6d3228b9a162ef4	724
train-00005-of-00008.parquet	000860	b0176e2f8ae370b9af5aa0bf2bad4c0488426a33	43
train-00005-of-00008.parquet	000861	eea0296df77b0ecb3367681e79e123a37a2b26ef	30
train-00005-of-00008.parquet	000862	db444b0bf193db4fc9f6ec3832bd9c6f6470ab74	4196
train-00005-of-00008.parquet	000863	3c95409d6ee36c84a6126a6e41c831d853bb49de	3771
train-00005-of-00008.parquet	000864	b9ed1c60802a539d6c68da6784fe5bcd1656ab2c	3709
train-00005-of-00008.parquet	000865	c3529c5987c0e39ea3bc040241960a0cced56472	3586
train-00005-of-00008.parquet	000866	cc6d477a145d1f8ab1a84e990548990804426e0f	720
train-00005-of-00008.parquet	000867	61d9a6fa485988537172bdf51ef8d61734526dbf	4894
train-00005-of-00008.parquet	000868	f52121db40a02a5f7130aa418ee95ff7d344a774	5974
train-00005-of-00008.parquet	000869	c6c180a354cedbac9c3be3ff43ab84e23ae078bb	2082
train-00005-of-00008.parquet	000870	51ce298c888594cdc961db6bcc9486eea65f177d	3839
train-00005-of-00008.parquet	000871	f191e2f3772d8a50f1b65b7b7d6820b2e646874c	2334
train-00005-of-00008.parquet	000872	3777dc0c1129e2fc123bdcdbb29321803faaca93	567
train-00005-of-00008.parquet	000873	3f76f556c0d3ca1330ea6d22b35661d70a6c17ea	4360
train-00005-of-00008.parquet	000874	05a7d927545f29dbb6608b5f07c00ef3f110fdee	801
train-00005-of-00008.parquet	000875	61cdce47f717185bcd38c12f47b09781e5be204e	3601
train-00005-of-00008.parquet	000876	cf18b9a5bdf683a596b0b09326ca6aa8f5650956	3675
train-00005-of-00008.parquet	000877	7c54b7c032bec7fcdff2951ebedea49b3ccd212d	2615
train-00005-of-00008.parquet	000878	42fefdd203127db622adcf622d4f0194a176e2ae	2588
train-00005-of-00008.parquet	000879	c61923850a1a9ad44624a480eaceafb3e4120909	10
train-00005-of-00008.parquet	000880	e57c6cebf079f17d8fc3bb83ebba3ced296cddba	1469
train-00005-of-00008.parquet	000881	007e4394d1110a8259b660e2cfc52d820830c4bf	480
train-00005-of-00008.parquet	000882	62512fcf4a27406bcac79fff97a46a50eff7f109	332
train-00005-of-00008.parquet	000883	f3f96b494cb05004f1e02c2fc1117bec51251448	3025
train-00005-of-00008.parquet	000884	2fb018153c59d1bf49842fa412c19171dc97371a	3049
train-00005-of-00008.parquet	000885	c524bf1748adb6a0a1b66ef76c0f679518724a07	936
train-00005-of-00008.parquet	000886	ef00db780d2069583e9c642e5d515450a6266f2e	2894
train-00005-of-00008.parquet	000887	d8d2e81d88acd8712e8f42953487486262c1e469	1551
train-00005-of-00008.parquet	000888	104ae8d877ecbdd6eba4c94825343e6eb032dd5f	1705
train-00005-of-00008.parquet	000889	0acf8d440609562d29f981ec7719f1256b4a9d99	1810
train-00005-of-00008.parquet	000890	56dc94c6c973c71cd0c39aca7a5e39a3e7796b09	1725
train-00005-of-00008.parquet	000891	cc601db6594cab94cdd018466b89c9d4901094d2	687
train-00005-of-00008.parquet	000892	1fae3c65de945b65fd9b9f5e6fb44df29b290b1a	785
train-00005-of-00008.parquet	000893	d10748ae6aee5f30215fd85cf116f8d2ed4092df	417
train-00005-of-00008.parquet	000894	64d49e1abaf404ef541d929cff3c994f8cbe0410	1178
train-00005-of-00008.parquet	000895	75a99fd074c5444613b0af726c32837b430ba681	1698
train-00005-of-00008.parquet	000896	5ded025e7637f9e06929d4e32405c85293320cfb	1839
train-00005-of-00008.parquet	000897	c067ef12a52b77ff0db87d4aa110c6e303869f9d	2198
train-00005-of-00008.parquet	000898	b85f6a9a88ab21d9e0952c0b99cdef1b3675922f	770
train-00005-of-00008.parquet	000899	dd1803f1715dac08a049f8ac8b1eb52d452224bc	1702
train-00005-of-00008.parquet	000900	94d5d8409c864a6145bedc6d1d78d1f82a759a3c	2505
train-00005-of-00008.parquet	000901	7274c2fbaeb8d40a6de56c89542a933b9215977b	2200
train-00005-of-00008.parquet	000902	a84235c41f6ee96dd14c79117546d25d1585af87	374
train-00005-of-00008.parquet	000903	bb976771a64c8f250778067e7d3b70968d2221bd	3032
train-00005-of-00008.parquet	000904	2fb018153c59d1bf49842fa412c19171dc97371a	3049
train-00005-of-00008.parquet	000905	35717ea541e5dab382cc67d8b5a2aa48a8b14c6a	938
train-00005-of-00008.parquet	000906	ef6b396bd7f1a016a65dec8ef1b120a8b935171b	2889
train-00005-of-00008.parquet	000907	eaf44f21a2c452eafe0a52a0c3757a6b19645742	1981
train-00005-of-00008.parquet	000908	1ec1e07d431e3713387f7430bd0dbf67c57a4118	1738
train-00005-of-00008.parquet	000909	38cb9e356bc727864a3add87d1ac7ecf3fe53ec1	1810
train-00005-of-00008.parquet	000910	fe3f1228049b89f4a197bc0135eeb52ea78bf4c7	1853
train-00005-of-00008.parquet	000911	cc601db6594cab94cdd018466b89c9d4901094d2	687
train-00005-of-00008.parquet	000912	644401c59b0bb4d41c4d542276d8d659606c3088	907
train-00005-of-00008.parquet	000913	4ea4953aa29f322d0d1fe5c7a6c1af7f50ffab25	670
train-00005-of-00008.parquet	000914	522833a4107e02e04e35edd9deee35ffd990f790	1313
train-00005-of-00008.parquet	000915	8a214f93200a0e116109994ef14121177421c05d	1659
train-00005-of-00008.parquet	000916	68bfb457fbb1daffb0b23ea7a8c9ba7182a9d2cb	1800
train-00005-of-00008.parquet	000917	4459444408c1736ee320ac24e7bb167684cf11be	1862
train-00005-of-00008.parquet	000918	e0d3f019ffdbcf557f9ccf518c4d990aa00fe0bd	2208
train-00005-of-00008.parquet	000919	723bf409be29caeea8d67b627f524ce96a581ac3	270
train-00005-of-00008.parquet	000920	5abe72684683a083d77962717a0b042a52176887	614
train-00005-of-00008.parquet	000921	39e64ce8b42a68b0ab28b7694817a305c6bcd0a2	1564
train-00005-of-00008.parquet	000922	5a9887fb6f1378fa45cc5d1584775ef48d9d483d	421
train-00005-of-00008.parquet	000923	0b1dbdc8fef357b8c2d81128d9938883a2b306cf	358
train-00005-of-00008.parquet	000924	ab9854ffd279110773311998a0711fc09241b9dd	146
train-00005-of-00008.parquet	000925	032882dd2d5d6dabd737f141dc6c3b560a3b917a	3537
train-00005-of-00008.parquet	000926	06a678283484a41aabd26d190966c872ba6e96fe	3530
train-00005-of-00008.parquet	000927	4022c5b6054048f8532d91ce03f755c7b3aaeafd	3899
train-00005-of-00008.parquet	000928	5d293009b5d54d0c7927fe001f6587a25640844b	32
train-00005-of-00008.parquet	000929	5c018b8646985308519fcc7596b67a6855202d80	2589
train-00005-of-00008.parquet	000930	605358bdf42f03117e32ba33450ed0f71b582e92	1720
train-00005-of-00008.parquet	000931	1b4265d8cc99e0d2b77f6d09b8c48928053b63c0	3846
train-00005-of-00008.parquet	000932	e83420fc232926dc3f6bcf0d88954f9530a31497	4410
train-00005-of-00008.parquet	000933	fe5a0c3e7f217aaaf805b1570e669e3c36387533	2238
train-00005-of-00008.parquet	000934	e989f5664740654b895e66a026c9b01bde6ca767	3127
train-00005-of-00008.parquet	000935	d4fc425234f92d8045ed3941c8725a225575b867	4937
train-00005-of-00008.parquet	000936	5bb7f35301f92e815842c6f912810bb8200f4b8c	569
train-00005-of-00008.parquet	000937	6f6a486435b231af7385e209054b076ae5d311c6	3015
train-00005-of-00008.parquet	000938	344d524af9c82b1abbeec840a94e08d437f6b121	2365
train-00005-of-00008.parquet	000939	3b56f73689e7fca2372a25e3d4a3ed56221bddb6	2334
train-00005-of-00008.parquet	000940	0b26e132f8b633e138b5b3c5952ba92a7b99be8f	3185
train-00005-of-00008.parquet	000941	1ea010db529fb6753a0e9ce788e7067261db98c9	1696
train-00005-of-00008.parquet	000942	a9773893e9e52476dbbf8fbae1940607ed7c66ff	804
train-00005-of-00008.parquet	000943	a32e3b2978b6f17b41025961c6d6ac339f91f393	4391
train-00005-of-00008.parquet	000944	0988b682f876c40ddf19dab60d29c26e31879a94	319
train-00005-of-00008.parquet	000945	b1d598d2d0fd961792149e1dfc9fe481c257cbf3	3794
train-00005-of-00008.parquet	000946	b6a1769296b45bdecce3229c4c743f3cf9b6a43c	3345
train-00005-of-00008.parquet	000947	7cd4570f81f4793a4dc731e4db36a425c498a3ff	329
train-00005-of-00008.parquet	000948	5242ebff07a196ab966dc622d34888074f82d377	2115
train-00005-of-00008.parquet	000949	58e461ac3678ef828ca4b13e6e0060e4a2a8aea6	635
train-00005-of-00008.parquet	000950	0507478e2179ef5240b911dc1943717a5547bb30	1416
train-00005-of-00008.parquet	000951	6f93d80081df32f43d318981f1471618acb26e40	2340
train-00005-of-00008.parquet	000952	4e8d21e5af0b8689f4dbce2d523d457be2e44ea2	3179
train-00005-of-00008.parquet	000953	1abdd5d65f0eca995cb0736d3c9084fb245fef10	3047
train-00005-of-00008.parquet	000954	2f3a7d08ca588ca6e0ac32604254daf4852e73cf	3138
train-00005-of-00008.parquet	000955	092ac234b431d396323a68e1ac331459205741e2	2767
train-00005-of-00008.parquet	000956	25f3e0870530890c112b6cb00f97cb63a39983ac	3606
train-00005-of-00008.parquet	000957	a4457a951082b62b0561548030cf3d914a119ffe	3200
train-00005-of-00008.parquet	000958	26751c9bf0e47d2f3deae60f8705977e2e16654e	2724
train-00005-of-00008.parquet	000959	ba63eda6692f697ac21cd01d618c1e2748242de8	3298
train-00005-of-00008.parquet	000960	56b6d21cc9c81cdbb72b1f7a98db5eaf36b42552	2865
train-00005-of-00008.parquet	000961	3fd240a798b356588023577107a28e41e6c5fc09	3524
train-00005-of-00008.parquet	000962	ca4df935b2a0c51e46661ba3984f8cc0fd63fa36	3192
train-00005-of-00008.parquet	000963	78edeb88076d15bed303b141bea3b64eb0958346	2724
train-00005-of-00008.parquet	000964	e27ce44571aa09b1bede37d54b2338bb19a36b4f	3273
train-00005-of-00008.parquet	000965	6b66509e6ba69361c2b6d1135694af969cb17f93	2982
train-00005-of-00008.parquet	000966	06c3d5fc6bf2ac164b0adbacfdce505ac98fc48e	3457
train-00005-of-00008.parquet	000967	709fe06e0e36dae4060bec9f32dd29c5ae8927eb	3089
train-00005-of-00008.parquet	000968	eee983eb61aca2c85e4d8542331851b8c7b0325a	2756
train-00005-of-00008.parquet	000969	61149f0db80a1fc4f59624cecd82ace936e43d67	3478
train-00005-of-00008.parquet	000970	4706747b7083e5a46bfa16af890a58b4342966d9	2842
train-00005-of-00008.parquet	000971	3cadfbab1472145edb6269a9ecbc071ca44de6c7	3491
train-00005-of-00008.parquet	000972	d065a085611985cb08b5b01bc253194088c53b58	2999
train-00005-of-00008.parquet	000973	9289a9ea65bcf810b35df82dfa92a1184d63e275	2889
train-00005-of-00008.parquet	000974	bec1c3842fe50d5d2e6e6af32a01f58a326cc746	3447
train-00005-of-00008.parquet	000975	7e3cddbf111b24fe4a65fe4b31b213a4948e49dc	2879
train-00005-of-00008.parquet	000976	c7064c5b40ecc3b8e09cc92d0d07f9170bfecffc	3398
train-00005-of-00008.parquet	000977	5830bea81f7b862854c25e9fc9a95c2618258ec0	3190
train-00005-of-00008.parquet	000978	0abfe63e0d6e72655c4728f65262bfe00c48e121	3815
train-00005-of-00008.parquet	000979	ef27c66b6f98a518cbff37c9c31999ddd5a7c30d	2556
train-00005-of-00008.parquet	000980	dff7ff7bc2e055ee094ca37d169f6bc729481933	2927
train-00005-of-00008.parquet	000981	64a7f4f14d184e0d7fdca67098cbf35ffc50c257	3596
train-00005-of-00008.parquet	000982	2f57c965dd5b0f23540c8875bce80f5ba553992c	2771
train-00005-of-00008.parquet	000983	095dc00b0d1b0f5f30bf0afc5cd90c8201dd85ca	3790
train-00005-of-00008.parquet	000984	2a26c93a7816d68dc9cea8297f15520668ea8d28	2641
train-00005-of-00008.parquet	000985	70e5621140694f41f4b765f1a5879876407b4ea6	2932
train-00005-of-00008.parquet	000986	a1bea1c41b1676eec7324ca7e18dd157e986c3e9	3565
train-00005-of-00008.parquet	000987	6d14a445ffd76d28177a85f9323793480598c162	2736
train-00005-of-00008.parquet	000988	40c4c938ab153da450a9dec63b0619802cb2cea3	3811
train-00005-of-00008.parquet	000989	4941567a95f346868aa722a7192230d7acd4b4c8	3098
train-00005-of-00008.parquet	000990	cda2700d9212cc80601c6a965caf2c69f19ced8e	2465
train-00005-of-00008.parquet	000991	f76272bed64dcc167ebd0d762f55fdb6a80f241f	3619
train-00005-of-00008.parquet	000992	d06a5beb0ec835267250e8b58f3cec21a8a4be00	2709
train-00005-of-00008.parquet	000993	23a82842f4a78469aa6f811226156611edc220b5	3727
train-00005-of-00008.parquet	000994	8ded58b6b5cd66f39a6ecb8f5cbf46ea1cd90a41	3174
train-00006-of-00008.parquet	000000	c2c7a3bb3c049a5e613ec113ffab4a7147296a91	2472
train-00006-of-00008.parquet	000001	104ecd681e7cae0e19074523281a0f618f80fd62	3569
train-00006-of-00008.parquet	000002	9d69e917da9abb026438d7760b18a4aafd5a9981	2687
train-00006-of-00008.parquet	000003	057f90246d1861b1c58892ee3510440ff0f3508c	3777
train-00006-of-00008.parquet	000004	f8ae92d47ebb1a33716a44afac0540539205a5bd	3200
train-00006-of-00008.parquet	000005	57092eceec775b4475d7162e6dd70541575f1a90	2475
train-00006-of-00008.parquet	000006	e27c40a30bb5192b223dcbf0dd4d66618f9f5cdf	3539
train-00006-of-00008.parquet	000007	2529bfc2c60ce3de6ef47eca91335d03c259329c	2733
train-00006-of-00008.parquet	000008	23adf51c99bf31477efd1fec4aa65109b108ebac	3609
train-00006-of-00008.parquet	000009	2dde78beb9578b9a115c17e3bc86b401f9cc3910	3232
train-00006-of-00008.parquet	000010	af5fa2ddda1303df6eb5f7d6af34b2a00a2db71f	2704
train-00006-of-00008.parquet	000011	56728a487a06046a3fe44402a68adbff7deae5f5	3289
train-00006-of-00008.parquet	000012	95b937f4674d3f08cc41e605e934c508701c3deb	2946
train-00006-of-00008.parquet	000013	e2d268d22f4714cab4b916bf51cad4ec04423e75	3528
train-00006-of-00008.parquet	000014	755f153f5f9af14ca5cacb372245aae594f80d83	3110
train-00006-of-00008.parquet	000015	572782318b52b46796c51c6fa04ea2b9b63b432b	2754
train-00006-of-00008.parquet	000016	717a053c4f9b9911984dfdc96d378b9011643f46	3487
train-00006-of-00008.parquet	000017	333d7483937811796b0adef2e2a1b5bcffc4f611	2824
train-00006-of-00008.parquet	000018	3cadfbab1472145edb6269a9ecbc071ca44de6c7	3491
train-00006-of-00008.parquet	000019	d66378d9afc11deace8883c74e7fb129de91c362	3013
train-00006-of-00008.parquet	000020	a044c81a2c819f1faa1f7624255547273855b925	2889
train-00006-of-00008.parquet	000021	bec1c3842fe50d5d2e6e6af32a01f58a326cc746	3447
train-00006-of-00008.parquet	000022	773ba28f626702ed5f64a229ff0cb8a997975270	2893
train-00006-of-00008.parquet	000023	3c449db7943881112ff985e0d8b7f1061609758b	3411
train-00006-of-00008.parquet	000024	e0efd934375eb4f7a5b9a1bee4237fcc3f83ff9d	3135
train-00006-of-00008.parquet	000025	8cdc47c55e044a0ffd5ea59977b6208423aaf1d8	3323
train-00006-of-00008.parquet	000026	3b955b3a67e0f84d4888f827562f9aada0836eac	2883
train-00006-of-00008.parquet	000027	c5fc6c01921670ccf2a832fa81ea7e7bc3f72d81	879
train-00006-of-00008.parquet	000028	340b01ba25264ab17a747156c5b697a38f7af67a	1332
train-00006-of-00008.parquet	000029	e9aae6cac2b6e414bca169f3b2dd22743742d284	1123
train-00006-of-00008.parquet	000030	e889c431ebff46a87cadedc07277abd5dab6b381	3439
train-00006-of-00008.parquet	000031	246ae724371385c3301ace1ff2ca4c69ca9dba7c	3090
train-00006-of-00008.parquet	000032	6843f0ec2aac0ca7db1cdc0a27c32dd9784193f5	2605
train-00006-of-00008.parquet	000033	6113d70c0272d67ac6d4d588bc7259ed898fce10	4348
train-00006-of-00008.parquet	000034	bfc8ed1f752aa9df41f95d06cf06fd023746959a	3405
train-00006-of-00008.parquet	000035	b25314ac7f64248f3d2ebe732e7824ca5a316f31	5061
train-00006-of-00008.parquet	000036	cd44f17b5f2e5432c4c94a850b9b493f21f1c53f	4970
train-00006-of-00008.parquet	000037	2574a07378d5be8499ab7320cfd70d14e848bfd4	3617
train-00006-of-00008.parquet	000038	0a9a11283f018076d8c52ca4524858e282f1189a	5393
train-00006-of-00008.parquet	000039	2d4acb5d443463958c7090b5055ba5a274743569	4180
train-00006-of-00008.parquet	000040	e48c5e5d44880297838f56fa7e7b3a4f5e074750	4209
train-00006-of-00008.parquet	000041	e7d761066cd198b26fdd1e2d8222a5809e8a7b42	4359
train-00006-of-00008.parquet	000042	eee99dd3683b545bf79f41317e7ecf58e1706126	3478
train-00006-of-00008.parquet	000043	762b597367aea6ba01ff557739740e020a5e5b8f	3129
train-00006-of-00008.parquet	000044	caa255d71de086eb84f865dbd92bbe1f9bff1976	4511
train-00006-of-00008.parquet	000045	e961f6472f90d20233eb9ea58782560247e26c2b	3387
train-00006-of-00008.parquet	000046	928660c5b9a1acec55372ee8fd785026a3378854	4504
train-00006-of-00008.parquet	000047	fe51847458c5f9f6ca9ae6413d0057e0b7eea5c7	2841
train-00006-of-00008.parquet	000048	f5f27eecde8f9b153da7977017085966771cb60b	1996
train-00006-of-00008.parquet	000049	72f81ab407a703b2753d31f2a5b4b7acf813b99f	3045
train-00006-of-00008.parquet	000050	e51a3b5bd20f108abcd2c1bbf38d94833b55499c	4261
train-00006-of-00008.parquet	000051	5a595d4f2bdb183052ed93aab022ddf9662911e7	3950
train-00006-of-00008.parquet	000052	850061e811ed36f723e3e56fd114d907ff968186	3048
train-00006-of-00008.parquet	000053	de53cfe91417c5d324946ac711b2cd74c5f5f57f	3799
train-00006-of-00008.parquet	000054	95f7c3f1aa2f0aef066639f851fa2e60f76acee7	1341
train-00006-of-00008.parquet	000055	d42fede7600158b429e03bb17e9b49728317748d	3337
train-00006-of-00008.parquet	000056	3be4d465f69a5d686b17f1109774878cd584bc70	2691
train-00006-of-00008.parquet	000057	7b7df2214648948d06c0d60f56fde3087e709f7c	4157
train-00006-of-00008.parquet	000058	1d320d3024c5e02e4b709bad1553de1254afccd3	1276
train-00006-of-00008.parquet	000059	f5c9efdc57e40913eb2e1a83627d22ef4de487a9	871
train-00006-of-00008.parquet	000060	db1b5ff90309d6f6e8f721976a898b2f708fad09	4111
train-00006-of-00008.parquet	000061	927528b75ab617a6d19af8f9a5c7f2d2568e8aaf	2295
train-00006-of-00008.parquet	000062	dfab677361ccbe0b567ef008f49e0e7c0d873591	3714
train-00006-of-00008.parquet	000063	b6021f99c7363844c15e8da406749db653e34a9a	3489
train-00006-of-00008.parquet	000064	265be93f5bf54169644ca239acfaf36e3b5a2d2e	3805
train-00006-of-00008.parquet	000065	18731ef1feb7b31e47b0aa43b7e5a0c550133cac	3558
train-00006-of-00008.parquet	000066	e0af2fedbf442b94eb46d0041e7d2b2586cbfe08	3652
train-00006-of-00008.parquet	000067	60aefe03d378e60dc2edd6c4ad6da0f33d19a15c	3888
train-00006-of-00008.parquet	000068	1149419c9a8ccaef58df2a9869b539d264ca68e7	3862
train-00006-of-00008.parquet	000069	00e7c09e22b22346ac54d17ac87ee8292ab8ce20	4934
train-00006-of-00008.parquet	000070	1bda94c3995c0a519921fba5a00bb2f178f1b1a2	4699
train-00006-of-00008.parquet	000071	0932d9ab22019769c9a930839482a7181a593478	4029
train-00006-of-00008.parquet	000072	8b5d2567322c4bef1b5cc6ef960fa9e488f6d3f9	1085
train-00006-of-00008.parquet	000073	af9690762b852f54d89cc12f8746c5529669a3d5	1251
train-00006-of-00008.parquet	000074	cba8a3b786d2246c28d45ddb32b19a1e671bd6ee	1808
train-00006-of-00008.parquet	000075	8570d9a753092e08f09cfd0fa23d5544c1151179	3869
train-00006-of-00008.parquet	000076	ed629bc438511b96024e16f8cf8e8a91f6a66b31	91
train-00006-of-00008.parquet	000077	8fe18e0ac3e50bc0aad781aefb451aeda1c83926	1518
train-00006-of-00008.parquet	000078	1aba5c4f57efc053b68a64e335e1cedff8d04e98	3855
train-00006-of-00008.parquet	000079	27526d7ef42ff2c751b4c7f336042a255ab07dae	1360
train-00006-of-00008.parquet	000080	7ac857e8c389da8c8422e892be790867c8ccbcb2	613
train-00006-of-00008.parquet	000081	b0352ec91872a1fcdbce7d7dbaab1efb4dc0f8cf	434
train-00006-of-00008.parquet	000082	24c6960b17dca85377e9d9fb19157d15b8992312	1413
train-00006-of-00008.parquet	000083	13ceda290c0275a6009d1f9ad695f636a18afad5	3086
train-00006-of-00008.parquet	000084	a0c4b3277cd98f32e496deefbbf33e08e1c26c0f	2614
train-00006-of-00008.parquet	000085	3385bcdc8a72bd6a9c0aa61051258e18bdb6835f	3113
train-00006-of-00008.parquet	000086	9cd12cc739aa023aae3c8358384bf8e2949e087f	2651
train-00006-of-00008.parquet	000087	d3e68bee167d283a24c4175d5c09aafef38d9378	1705
train-00006-of-00008.parquet	000088	888dac013b07942a5bec155130f28534c66e67fe	1901
train-00006-of-00008.parquet	000089	6e5fa507e58ca79eba725dcba0e5facc154d7ef5	2061
train-00006-of-00008.parquet	000090	27aff7a32b944832a6775935e384bf62c954b12a	3053
train-00006-of-00008.parquet	000091	1e04b7e7a6fbe3b7617c432592013646febaf8da	2256
train-00006-of-00008.parquet	000092	3787e44d8557b57f41f2704a360a9729036f0ecb	1542
train-00006-of-00008.parquet	000093	971769d22ff3ef2c3eefe81b5c35e5f313086104	3081
train-00006-of-00008.parquet	000094	2adcc0ec58f14dc498485adafc1d92399fa7f961	1107
train-00006-of-00008.parquet	000095	23bbb751ec9eae67caa1670fe22e2c94deb4b63b	23
train-00006-of-00008.parquet	000096	5e292c3766121019c82963d753a63a43e094ddc9	2058
train-00006-of-00008.parquet	000097	741eb514174c2e34aa04fe37d0e2f7651a2b5163	989
train-00006-of-00008.parquet	000098	6023a4231d6435faf7b29120955a40a368a14461	1688
train-00006-of-00008.parquet	000099	8e81bc9a18b0af99280c687de4e73e65e49a6c97	2719
train-00006-of-00008.parquet	000100	4700e46f0e69e96e5ea44bdbd43dff0982f03aca	2734
train-00006-of-00008.parquet	000101	a9ef17ec53aa32e8391bde4144fa1ac824a294d2	2663
train-00006-of-00008.parquet	000102	df71f2af545e4bdbd5db5905a31e3694a400daf3	2618
train-00006-of-00008.parquet	000103	eb22f1792f212bdf61f85d958088062feec5580b	2696
train-00006-of-00008.parquet	000104	7f326f79d802e50292f81c456a657cbf6bf272c3	2945
train-00006-of-00008.parquet	000105	414d3cdfa5abbaa7c95bd21565105d1df55f29c9	2879
train-00006-of-00008.parquet	000106	887f8382ae4befe40425dde496451719015b2c8d	2686
train-00006-of-00008.parquet	000107	c5571740155518613700430c163163e44554c36e	2684
train-00006-of-00008.parquet	000108	a7e723e2a679315c1af1a6aaa96fffb634eb8055	2728
train-00006-of-00008.parquet	000109	894bffc544133b04fef302dfc3306c9883ffdfdd	2338
train-00006-of-00008.parquet	000110	3fe1860b9bfc9b0d20f850907c2f30cb39ce453a	774
train-00006-of-00008.parquet	000111	ee1f9aedd58a431e0d9eb8498382514dd8460efc	990
train-00006-of-00008.parquet	000112	302f3517bc414acf55cde915b6a0c879ce58cba1	1012
train-00006-of-00008.parquet	000113	eb8f30e8192e48c21e84a9b2c45f1cef8563f056	2196
train-00006-of-00008.parquet	000114	2f49fe474bb90239883a4bfd64a659638bfafe60	1889
train-00006-of-00008.parquet	000115	bcf74fa2867573ea9d453bc5fb50482e6a9c8d9c	15
train-00006-of-00008.parquet	000116	0f2421a9a9f2d9d8bb8b1fc2c42a35fef8352bc9	2618
train-00006-of-00008.parquet	000117	60eb461bd1593ed983090be479c114d140aa375f	2539
train-00006-of-00008.parquet	000118	ad2cfc2c49683e6a2b6bd1d3c9f43cf30678a691	2669
train-00006-of-00008.parquet	000119	480b9c6aca56f355f873ca963abab4b9eed0a5d3	2561
train-00006-of-00008.parquet	000120	c38a4d56d3b9cefc4ed2bdcc64622a1d84eb09ed	2672
train-00006-of-00008.parquet	000121	cf595c50a0d1453df6dc9ab5668a68c36bab320d	2708
train-00006-of-00008.parquet	000122	ef0337ba1a3a8b791186eb9ef927b84d55856dcf	913
train-00006-of-00008.parquet	000123	b464a87da3bc88b27bcecd4514fd52c1bafef96c	2786
train-00006-of-00008.parquet	000124	1fc1f781d35e818cc5f3bd466f68957149d4a65a	2873
train-00006-of-00008.parquet	000125	097e58e58df25e272240c7ba30d278d3785ce6c7	2898
train-00006-of-00008.parquet	000126	02e1adff0e8b17616c8c626ce7d2eceaf207009a	2881
train-00006-of-00008.parquet	000127	38bb876fe43e168e5b91b7242d70d4e010131102	2928
train-00006-of-00008.parquet	000128	055574f557479b0e96fe8a5a9f476bdc8a681509	2995
train-00006-of-00008.parquet	000129	be895d3f91a8b4f4e5293879e37805abf1c35c73	2907
train-00006-of-00008.parquet	000130	6f9f543f901bbadedf3214301fde5b09dfd09199	2792
train-00006-of-00008.parquet	000131	9df9ce03adffb040dc2a102a8db6254cd92c70bb	2492
train-00006-of-00008.parquet	000132	54d52a689b39c423a85beb9fbedc601cfca01b64	2450
train-00006-of-00008.parquet	000133	5d332982cfc8c47dc469382d874848f04ad58015	398
train-00006-of-00008.parquet	000134	4ab56b73e8dbfe16b3ae3b84b5e58ac3edf29d09	954
train-00006-of-00008.parquet	000135	5ec8549eec8ef73affde09a3d61a2098363edee1	3420
train-00006-of-00008.parquet	000136	474e4580a932de968af203bda720817c2cf3ed04	3144
train-00006-of-00008.parquet	000137	953cd7f09e02a6090bc8e968be30ed4f8a6c03b1	258
train-00006-of-00008.parquet	000138	d78ae52d1997114afbad8b52ddbccca69b0cf11f	2357
train-00006-of-00008.parquet	000139	19f36430c91b2a7acca4d00a43fa4b6ce8fc01e3	2177
train-00006-of-00008.parquet	000140	9f1b28578fd2802c130d62331c9e81915866b8dc	2388
train-00006-of-00008.parquet	000141	95c79b3d4c790cd0758ad1dd64e8e15125dab44a	2368
train-00006-of-00008.parquet	000142	3cea185ac3ddb5248cb2e458a3eefafb7daf9580	2271
train-00006-of-00008.parquet	000143	8ad456886447f1a178a5a5d244b9b393cc551034	2232
train-00006-of-00008.parquet	000144	74f26d7959f60d25b3344fbf75c4e460060cee53	2085
train-00006-of-00008.parquet	000145	d105bdfcd4f629d999d4e4216de4029980723b0b	2337
train-00006-of-00008.parquet	000146	aef3f05f24c16c1efe2509afa61143a5ece9632f	2186
train-00006-of-00008.parquet	000147	5e87ee98c8fb25571a78dc00981bbc529ed0332c	2060
train-00006-of-00008.parquet	000148	805066192c03dfba161ec6e66e2741accfea11e5	3619
train-00006-of-00008.parquet	000149	1760b61644642f6881166982760e6df141978e0a	2976
train-00006-of-00008.parquet	000150	4e5e08a1560b7a9a15eac25fc6657c859386ceb1	5252
train-00006-of-00008.parquet	000151	2b443f31e829c860859b7183c46c217cd3303c32	761
train-00006-of-00008.parquet	000152	c1fb015b60917037ca6b58f34a30d80f103bdb29	1146
train-00006-of-00008.parquet	000153	433cee8d8d7777616fb8045354d9adebf627fbea	4226
train-00006-of-00008.parquet	000154	4f947944fb8c78b14704672a0493850c06fb8a0d	2987
train-00006-of-00008.parquet	000155	4dd3d62b2d25d6ec6130647daad549b8586c5007	236
train-00006-of-00008.parquet	000156	7018464cec20558eb95ed27242e347a097db0ff1	3101
train-00006-of-00008.parquet	000157	c34d94bfe96ca613146b91a693128bcdac9d7d48	3971
train-00006-of-00008.parquet	000158	29550134521f5853d35e5ab41450e85e42a5e6c9	4035
train-00006-of-00008.parquet	000159	2b67b02999647d613e411b96b81a8d0877d0399c	2018
train-00006-of-00008.parquet	000160	975892cc8304269a2db4d6e1e1a67e91755f495a	2903
train-00006-of-00008.parquet	000161	4d9666185dc28d5ef3e577454e0238f3a379620f	155
train-00006-of-00008.parquet	000162	b7b685d38242894752f1353422e94458bec64f75	351
train-00006-of-00008.parquet	000163	bd1a2e7371259dc0af72d2ed185c58c201fd8dd0	3139
train-00006-of-00008.parquet	000164	e85286a1b56ff78e541145d9a3350c91fc7ba1e1	1476
train-00006-of-00008.parquet	000165	bcae2de8832d16fb639893260c5fee0226d3eab0	2138
train-00006-of-00008.parquet	000166	404ee0b3a08cd8e713a13ddd7230a3966b11b925	2002
train-00006-of-00008.parquet	000167	c4b322eec39f60e3ff3252a7dd3dd52d4712c660	1041
train-00006-of-00008.parquet	000168	cfc311764e4b488fa55a1edd1948ad24c94ca252	3675
train-00006-of-00008.parquet	000169	431542529621e190357daa7477c0454c818d1728	2543
train-00006-of-00008.parquet	000170	84ff79da46c9cf7f421076c3d4758e7d3a330e8b	2608
train-00006-of-00008.parquet	000171	c0396720eb305cd3a1df942310dca26fac30eefb	3231
train-00006-of-00008.parquet	000172	4130bba7f724b1b38ef5f5b0f7fe20ff7b616c91	2771
train-00006-of-00008.parquet	000173	2135153984f9769f500c3252467cf200dec57df7	3296
train-00006-of-00008.parquet	000174	590e5aacf7b096379d125ba0f67bc97fc65fd82e	3646
train-00006-of-00008.parquet	000175	fb57066cd54330c1fa0105c21f3d9c7fa0d2df78	2973
train-00006-of-00008.parquet	000176	c8e297d3c8df5b6fdd4b814276d4c19cf5845fd3	3048
train-00006-of-00008.parquet	000177	db44f6f652aa5a6ed1323436bff1d46beed2cd92	2996
train-00006-of-00008.parquet	000178	ef4608158c2d50edf5e4da9ab45177e99eab9f8b	2177
train-00006-of-00008.parquet	000179	46887ff8a2d88199146306d4b809a55d0f01f005	1169
train-00006-of-00008.parquet	000180	ea02d436ad3d19c69cc093c37356f980dfc3467f	1020
train-00006-of-00008.parquet	000181	2e06fb419df785b4868c9d8ad68298a2d9dfaceb	1579
train-00006-of-00008.parquet	000182	af0765ebec537230a332ec3b9159054ec4ce60c7	2485
train-00006-of-00008.parquet	000183	7079f91c192a95535f565d17b74de8174f569698	2860
train-00006-of-00008.parquet	000184	5935c611555a2fe469552e3f423141b37314e3ed	3111
train-00006-of-00008.parquet	000185	dcf542c4257cb8fdc414480f3d972dbfd5d4e6cb	1897
train-00006-of-00008.parquet	000186	fd37292ff35d64d4b0aacfd348d8747542e4da9b	1720
train-00006-of-00008.parquet	000187	279f4a8267966921999ca9af70277d1f29f435bf	1777
train-00006-of-00008.parquet	000188	e8310ea35a8f2ad8007f4c9a1f083d6bf356e921	2256
train-00006-of-00008.parquet	000189	4aab28897aabb0270cd0d8f973449710d40a807f	1165
train-00006-of-00008.parquet	000190	dbe33f335e0aef218c90d2d45e751e976d982b8d	1928
train-00006-of-00008.parquet	000191	10a96924222936b9bbca031a034546f985664511	2560
train-00006-of-00008.parquet	000192	36ecc512be2069fcb2b22de8478b9adb1edeaffd	2004
train-00006-of-00008.parquet	000193	6810b24d1613d1633ea751b17b2e65d6725947b4	1892
train-00006-of-00008.parquet	000194	0c6c72d2a530d473aa0e2571290b728955f61bb3	2018
train-00006-of-00008.parquet	000195	643f037da7eeb12170b074708a07f46f93d909ce	2508
train-00006-of-00008.parquet	000196	5e4291f32886ea5e156d5f15d6ab1bafbde75e1c	2463
train-00006-of-00008.parquet	000197	76a6866aa892a945e496a51e7fc8e6708f021bbe	1960
train-00006-of-00008.parquet	000198	92bad81630d5bc3be1dd15f76de36b28b7f5ff70	2511
train-00006-of-00008.parquet	000199	a34f09ed7c865255f34cc8f78c81e7cbbd89a1ca	1953
train-00006-of-00008.parquet	000200	2a89e1894de0f678a9a1e853ebb12b23689bfd78	989
train-00006-of-00008.parquet	000201	cd83fc3c24a8d5866a377d22170881de393d9e36	5908
train-00006-of-00008.parquet	000202	4abaa0f38cfc67079d81b130126dad7608049400	5919
train-00006-of-00008.parquet	000203	b241aeda902ff7dbd96591230a6f47cd477d35ce	477
train-00006-of-00008.parquet	000204	4b16650e9f1b6b4c76a33a004f857b80f4fec64d	3604
train-00006-of-00008.parquet	000205	8675897250ebb96b9af7258156e3ff4afe934bf1	3387
train-00006-of-00008.parquet	000206	c86ca368738cc478871e9a1df82ef5380b4321d0	2595
train-00006-of-00008.parquet	000207	3de54ae200b63eead538a613e752bb2788090476	4002
train-00006-of-00008.parquet	000208	4bee3157cf879886a3ffff02f8838f12e569955f	3786
train-00006-of-00008.parquet	000209	f6de1265529e0b4ce1b1d86efcd0ab3623a9bb1f	2616
train-00006-of-00008.parquet	000210	2ead1832ce7a69e0c65714a681ce8fb8d4959917	3598
train-00006-of-00008.parquet	000211	3f43dda5e37ea88cdef6063fa8c9c618c292c294	3609
train-00006-of-00008.parquet	000212	81d347aed0175fb6aa6a50f95a686d73b5a54f76	3842
train-00006-of-00008.parquet	000213	23ec3b222d043dca9ab5f4a9d58ef81bdeac2c58	3398
train-00006-of-00008.parquet	000214	860271ed893c007a37f301fbf48770f126982bff	3409
train-00006-of-00008.parquet	000215	68816ad43aa7868dfb52e45c1a0025c885e229c2	3710
train-00006-of-00008.parquet	000216	bc9c7c637888fd9034b3b10e3c6c7601785b94be	3378
train-00006-of-00008.parquet	000217	69a3d5ed09c69f175286995c8b4a3606515e83eb	3419
train-00006-of-00008.parquet	000218	87d52d00276ec80fc589305475c767387287059a	3387
train-00006-of-00008.parquet	000219	3b8261fb09a7376f18d8eb1335d100c74c519ce4	3418
train-00006-of-00008.parquet	000220	e183e0c6476a3ba1e9a97c489de7a8973040e5bf	2063
train-00006-of-00008.parquet	000221	c532c9abaf3b24a8385321bd0b71934497a91bf5	4634
train-00006-of-00008.parquet	000222	d60405dbbb3001e7a722470bc1844beb220fdeaf	4080
train-00006-of-00008.parquet	000223	0d3d992ee3fe9416b4b73b51f76dc1cbd220044d	4632
train-00006-of-00008.parquet	000224	9a47d24143fde10d55c15d3813bd326fa3f6fac2	4121
train-00006-of-00008.parquet	000225	d77ed8f97ff8f403e0050d59442d0cf1528aa61c	1366
train-00006-of-00008.parquet	000226	d54a47686df7e73703aadd4821736c1bddf9ccd5	1236
train-00006-of-00008.parquet	000227	9c09c0fbc021a66cbfee045c97bfab3c74cc5c9a	3024
train-00006-of-00008.parquet	000228	9ab51e49f4d0bea2a05314939940111d3de1a74f	403
train-00006-of-00008.parquet	000229	3fab8fe5f5b7dbc360bcd49056461463d352269f	4966
train-00006-of-00008.parquet	000230	c65ea080173ffe55ebf17f6909269fa927927dfd	5191
train-00006-of-00008.parquet	000231	178050a169fb8c77a725c28b1c6ad8932efd8f2e	3885
train-00006-of-00008.parquet	000232	bfbdd7c9a52f4b22064d9638f91651411d2b8e17	3886
train-00006-of-00008.parquet	000233	abe1d52818f5eabfa266ba3ad7caaebed1b69e20	3898
train-00006-of-00008.parquet	000234	562d5e479dfc221469056430f0eedb7beda33339	3681
train-00006-of-00008.parquet	000235	aaaf8c07f9deb37ea23d636ff205cd0d69b8fed0	3683
train-00006-of-00008.parquet	000236	9fb1801006beadd67ea7be1521dca1d1bd489aa9	1329
train-00006-of-00008.parquet	000237	4f0d83db2f1442f62b2a5518c32020864fcfb19e	2812
train-00006-of-00008.parquet	000238	9462db41fe00f7c4a3b5f33738768a73b9d51a94	2695
train-00006-of-00008.parquet	000239	1344a72ed189199ab31588cea3ed702ee18cb853	811
train-00006-of-00008.parquet	000240	deffb8e8f245057f346986b6bcb666f54355f801	2487
train-00006-of-00008.parquet	000241	dfca1ae106567112d01e49275e3f297a3d9ea0f6	1312
train-00006-of-00008.parquet	000242	4b144f5cf66e73d3c67cd9c0a6380bc3d7be19ef	917
train-00006-of-00008.parquet	000243	1621f8d0e504c21c4b726ae74859ea980f8d54f7	1870
train-00006-of-00008.parquet	000244	e8e8b21ec23d6cae66e14a7798f4286a19decc3b	4545
train-00006-of-00008.parquet	000245	e07b0bc3b8135b451bf5b65c1c99340b57eb6741	2543
train-00006-of-00008.parquet	000246	b3ed2b8c0a0e9e68b679d64d200fdc0a01828359	4713
train-00006-of-00008.parquet	000247	97a291c2e5ebd5ce6f3dbf6a231f9f26a483be86	1490
train-00006-of-00008.parquet	000248	f9e11d03b14ec3b30a8a4eadfbb4a9960f0bcf8c	2206
train-00006-of-00008.parquet	000249	ec397fa24f8adaedd51c824bfea94fadd68ed483	1463
train-00006-of-00008.parquet	000250	0289b99ca51649e61c288985a009ef705696f95c	1857
train-00006-of-00008.parquet	000251	3d261247dfdb392263453c4d45c6786dc324857f	395
train-00006-of-00008.parquet	000252	95515926d81078f0a861a345d8588b5494a2329f	3157
train-00006-of-00008.parquet	000253	718d08a206a4f03a54e2eed6086c49cf2808e96d	913
train-00006-of-00008.parquet	000254	3117a8c035c5b0c8ca13d9d4b9757f8a6df4c8d8	2530
train-00006-of-00008.parquet	000255	f5a8a4b398dca311800e4d94b22e97fc9328478b	313
train-00006-of-00008.parquet	000256	b0b215d92feb4b2dbf98348977a4d89dbb298fdf	3854
train-00006-of-00008.parquet	000257	03a75df5543d7895824d7ed888ead4a7dbd68a1a	4184
train-00006-of-00008.parquet	000258	89a5145cd193b0fdda67f7010016721b3657419d	3644
train-00006-of-00008.parquet	000259	5eaf3fdac34ff48716dcf0348524422c0c0fdd82	3593
train-00006-of-00008.parquet	000260	bda062de4091e30dbb684618384b44f28f9c7816	2602
train-00006-of-00008.parquet	000261	37ac09653be082ff434749c3649027aa1dd5c7ab	1850
train-00006-of-00008.parquet	000262	7f81d95e6c3f45da84a20c31971f361d9a1eae05	1404
train-00006-of-00008.parquet	000263	9dad9c374628f52390380caa0d25313d8a265afd	2348
train-00006-of-00008.parquet	000264	22d382353149f17d37a0951ed88dcb19d386a656	3310
train-00006-of-00008.parquet	000265	0f905705297ddfa6d9bb33a6dbaf8f23c5a46e72	3002
train-00006-of-00008.parquet	000266	4767aaba23f10772285ece425824ec8d98141439	3702
train-00006-of-00008.parquet	000267	e1660808427c39c7b449957acbfc4f33ddcdc82f	2392
train-00006-of-00008.parquet	000268	38289cfdb23caf8bb29113cbeafb3ebb3fdf9108	3604
train-00006-of-00008.parquet	000269	4546d7ef95816467bddaa4a6df58782f68c1d4b5	2654
train-00006-of-00008.parquet	000270	27f673e513c6354bbcd90130b77504b754851b2b	3758
train-00006-of-00008.parquet	000271	75f268bbdd77398391bb0537f0f3b48293f5565a	3208
train-00006-of-00008.parquet	000272	c26aaeb20ee81acd87c8b353e704fa36f9bc648f	2470
train-00006-of-00008.parquet	000273	e27c40a30bb5192b223dcbf0dd4d66618f9f5cdf	3539
train-00006-of-00008.parquet	000274	ea5a00bc58a022722958effffe24a714d41ede58	2731
train-00006-of-00008.parquet	000275	689ff1442ed6b8e507eb00e678cf1882b20c769a	3595
train-00006-of-00008.parquet	000276	dca51c404fa660c9b357480b077905809fc5caef	3238
train-00006-of-00008.parquet	000277	2d992fb8a9608d83bf871258b59022cf79754437	2675
train-00006-of-00008.parquet	000278	56728a487a06046a3fe44402a68adbff7deae5f5	3289
train-00006-of-00008.parquet	000279	7b0b9ff256a90feae9ed299daa4e8be213ba59c9	3010
train-00006-of-00008.parquet	000280	c9125d1e98cd176acc25785945a9d3e75af0f802	3482
train-00006-of-00008.parquet	000281	ea19dfcecf4984514fcfb485f474e7bcaab96d11	3133
train-00006-of-00008.parquet	000282	1fc70a7ccfbf9af7608e68b51389404041c60b08	2738
train-00006-of-00008.parquet	000283	717a053c4f9b9911984dfdc96d378b9011643f46	3487
train-00006-of-00008.parquet	000284	3d7381ebcd78b7a4bf5f34ffa8a3a888800bc376	2807
train-00006-of-00008.parquet	000285	f281dec58957412792d39289472e1ad3ea479576	3473
train-00006-of-00008.parquet	000286	69687589940c5f82a60e7a87d0e25d2d0635b7ca	3034
train-00006-of-00008.parquet	000287	f5091584b88dbf34a6723e6d557a2b876f4dcf31	2852
train-00006-of-00008.parquet	000288	bec1c3842fe50d5d2e6e6af32a01f58a326cc746	3447
train-00006-of-00008.parquet	000289	13b7b654417c67518276237bde2f7511c53b3b12	2915
train-00006-of-00008.parquet	000290	75c948b590f20204cdfb042f894ac8853a386e60	3396
train-00006-of-00008.parquet	000291	fc06a9731537f8a88786da8f0561d18455c413e4	3184
train-00006-of-00008.parquet	000292	b891cc9ce94577deab22b87c516a67dcf3de0011	3285
train-00006-of-00008.parquet	000293	3b955b3a67e0f84d4888f827562f9aada0836eac	2883
train-00006-of-00008.parquet	000294	dc60a939ef4c3a5cd34dfe57eea426b623f514cc	2900
train-00006-of-00008.parquet	000295	7f84abaa71a0781abdd922973decc23f2781c49a	3337
train-00006-of-00008.parquet	000296	02b19f3e3e20d40d97b446589b8e27039b08ee49	3118
train-00006-of-00008.parquet	000297	c0d33b38cd23a78996ad7fa71ca4310a93133671	3681
train-00006-of-00008.parquet	000298	c845cf6f6a1e8ae2f50297fe4201c56effbb0b5d	2630
train-00006-of-00008.parquet	000299	8e5ff09530ba6f207824476307b11d0a630cb5a5	2942
train-00006-of-00008.parquet	000300	e3dd57666374af8bf8618cbf4fab08ec8f549248	3578
train-00006-of-00008.parquet	000301	e8c090262986fe2e78e5a00fca0115c6cea9f28b	2747
train-00006-of-00008.parquet	000302	8bff396c4f8538b110504fe07b5e3f4f7f33ba2f	3784
train-00006-of-00008.parquet	000303	2a26c93a7816d68dc9cea8297f15520668ea8d28	2641
train-00006-of-00008.parquet	000304	1303b97bef3c1c1143d2d2448b763813322a3e16	2852
train-00006-of-00008.parquet	000305	a1bea1c41b1676eec7324ca7e18dd157e986c3e9	3565
train-00006-of-00008.parquet	000306	4ff9b9c03377c79a0c92b248b793fab5c7c8c255	2780
train-00006-of-00008.parquet	000307	f5440b0959002d281a148720ede9830763b1ba15	3792
train-00006-of-00008.parquet	000308	4941567a95f346868aa722a7192230d7acd4b4c8	3098
train-00006-of-00008.parquet	000309	adbcfd5f3da2b9f7073b4f3f34928f224af58ef2	2453
train-00006-of-00008.parquet	000310	f76272bed64dcc167ebd0d762f55fdb6a80f241f	3619
train-00006-of-00008.parquet	000311	aa9a5aa288794968af1387e28f1f1ab922265988	2693
train-00006-of-00008.parquet	000312	025d48dc86b53540e629c06e0922381183fae13e	3716
train-00006-of-00008.parquet	000313	ff30b995de247eea749292522251394b47639032	3167
train-00006-of-00008.parquet	000314	86d2c0b60251c65f63809e16599f2bfc4b6617fd	2470
train-00006-of-00008.parquet	000315	104ecd681e7cae0e19074523281a0f618f80fd62	3569
train-00006-of-00008.parquet	000316	1542483481c87b2c833e7c1b6635264dfbaa2de2	2697
train-00006-of-00008.parquet	000317	057f90246d1861b1c58892ee3510440ff0f3508c	3777
train-00006-of-00008.parquet	000318	0d0dce0625af5f3e89f9961bac247858d4b27401	3206
train-00006-of-00008.parquet	000319	df82454fbdde924fe652a4a1118972ae4b4becca	2460
train-00006-of-00008.parquet	000320	e27c40a30bb5192b223dcbf0dd4d66618f9f5cdf	3539
train-00006-of-00008.parquet	000321	b8f4fb754f5af5d4fe35606552b2055e58b04435	2788
train-00006-of-00008.parquet	000322	dd99e7b335c977c9c4e1feafb17988355dc5fe64	3590
train-00006-of-00008.parquet	000323	026f2326eeab06cf1a3b2977be0d1e1af5a87ecd	3221
train-00006-of-00008.parquet	000324	31a38d791acc95d35d5eca7eb41f031a5fdb27a5	2668
train-00006-of-00008.parquet	000325	56728a487a06046a3fe44402a68adbff7deae5f5	3289
train-00006-of-00008.parquet	000326	b4b6b339141783a6060c8902ec835342dc218a14	2929
train-00006-of-00008.parquet	000327	25a4329b499c2aa6e41bb2a23ca17eeb06eddf1e	3481
train-00006-of-00008.parquet	000328	e0b7762384c8cfed51770f7c1e8d0d8e20ecc9c6	3135
train-00006-of-00008.parquet	000329	34931aa53c0953f1de6b78ee6d11c12f1095c561	2752
train-00006-of-00008.parquet	000330	717a053c4f9b9911984dfdc96d378b9011643f46	3487
train-00006-of-00008.parquet	000331	91a598a7235b147ae394f007f610a866be99ba31	2940
train-00006-of-00008.parquet	000332	d08602c8e997d74e3235c87cd63bc18c841e5ed5	3497
train-00006-of-00008.parquet	000333	028b54208bb9462cfe13a8414c0614ad6dcd27aa	3061
train-00006-of-00008.parquet	000334	bf32d89c15dee7d7d6c900fb6955f06199312b25	2854
train-00006-of-00008.parquet	000335	bec1c3842fe50d5d2e6e6af32a01f58a326cc746	3447
train-00006-of-00008.parquet	000336	f2b99ccdf7d0774d9c73d7a37c58135efb6af261	2874
train-00006-of-00008.parquet	000337	c4aa457b946c3fc173e53902bd25a9befdabb339	3396
train-00006-of-00008.parquet	000338	1eddbe8f7e67cbf3045d2bd437293799a4e56b99	3179
train-00006-of-00008.parquet	000339	185203ea6600e141fc2c48f8d1a5651aa50fb1cd	3284
train-00006-of-00008.parquet	000340	3b955b3a67e0f84d4888f827562f9aada0836eac	2883
train-00006-of-00008.parquet	000341	e965e31e79faab655ac66df3a090cb61bb1f5f3d	2900
train-00006-of-00008.parquet	000342	aa12dfe80141df96b3a32beb7b5b65263557ce03	3337
train-00006-of-00008.parquet	000343	142f3eb1cd883e90a2dbeea0dc48c19656595b32	3073
train-00006-of-00008.parquet	000344	0bd1ff84c7a377e262f2dbffd0c3b1f642269fda	3650
train-00006-of-00008.parquet	000345	c845cf6f6a1e8ae2f50297fe4201c56effbb0b5d	2630
train-00006-of-00008.parquet	000346	f22ff3a4974c939cb6acc8e20a3baa091097ea0a	2929
train-00006-of-00008.parquet	000347	9d98dd6da8881a4cb3079caf975769b3c5543ba3	3577
train-00006-of-00008.parquet	000348	1100ec9a980a32677c8306a2ace679202736267d	2757
train-00006-of-00008.parquet	000349	555abd379c4f53480e9d2746fd0e68d664011bd2	3769
train-00006-of-00008.parquet	000350	2a26c93a7816d68dc9cea8297f15520668ea8d28	2641
train-00006-of-00008.parquet	000351	46e343d4efd261950e935a148f3a3cc8b0634e1d	2842
train-00006-of-00008.parquet	000352	a1bea1c41b1676eec7324ca7e18dd157e986c3e9	3565
train-00006-of-00008.parquet	000353	0a52b8da5e91bc01e5c2121f75f774a27f61424c	2791
train-00006-of-00008.parquet	000354	89bb96bac08eb184243525a75312e087af57e127	3789
train-00006-of-00008.parquet	000355	4941567a95f346868aa722a7192230d7acd4b4c8	3098
train-00006-of-00008.parquet	000356	cf86ff2baaeff2443b4bedcf0effcc197762627d	2431
train-00006-of-00008.parquet	000357	f76272bed64dcc167ebd0d762f55fdb6a80f241f	3619
train-00006-of-00008.parquet	000358	0e9e90a62586b3799c2ed1137bcb88b2ee419493	2736
train-00006-of-00008.parquet	000359	6e0502c5f03afa90059c75516e90e2a347280d5b	3717
train-00006-of-00008.parquet	000360	f78c5d0c29c8152fa209607db464b9318db5042d	3166
train-00006-of-00008.parquet	000361	bcfd714f17f172d7c75fde39c36fca7d650577c7	2432
train-00006-of-00008.parquet	000362	104ecd681e7cae0e19074523281a0f618f80fd62	3569
train-00006-of-00008.parquet	000363	5f0284bc87858ae4c69409a6ad54f1e1e3dce6c1	2708
train-00006-of-00008.parquet	000364	852bdff7438425e70e1ef578a3c2ae256eec8223	3762
train-00006-of-00008.parquet	000365	3914eb0c8ec1ee058346b2582491386b2bea8201	3220
train-00006-of-00008.parquet	000366	f3bbf3d7cfa57c613470d8fa27a6d6efb42bb187	2454
train-00006-of-00008.parquet	000367	e27c40a30bb5192b223dcbf0dd4d66618f9f5cdf	3539
train-00006-of-00008.parquet	000368	3908e8fca3f030f8ae46444f652e6cced83c746e	2758
train-00006-of-00008.parquet	000369	c5e02a364f05db962bedf38317ac1159118c525b	3590
train-00006-of-00008.parquet	000370	77f3a9d705beecc6c0306bbced3252ab4ddec166	3252
train-00006-of-00008.parquet	000371	de4d36e3fc21d827b450c8564a06bcc0976f63cb	2668
train-00006-of-00008.parquet	000372	56728a487a06046a3fe44402a68adbff7deae5f5	3289
train-00006-of-00008.parquet	000373	93e41ef3313dd1e15f5f9971eac0c978db6d1768	2970
train-00006-of-00008.parquet	000374	ca4412ee21f90a5fb7fb7137fb395037d7d3fa36	3488
train-00006-of-00008.parquet	000375	03ec0ea42b5dfc97f6178e258b22b0b25793fd7a	3145
train-00006-of-00008.parquet	000376	5bf000c3864921aa0e11db06c2bec4cae3875ad7	2745
train-00006-of-00008.parquet	000377	717a053c4f9b9911984dfdc96d378b9011643f46	3487
train-00006-of-00008.parquet	000378	9a5098c562c082f644c5f9a5c63ec2a7bf987ee9	2829
train-00006-of-00008.parquet	000379	5ab52dcec8da8255b1f5e0f9e78797d553b2f4cf	3472
train-00006-of-00008.parquet	000380	d0ce271249b003bd2b6d6bb3d3bf8ac7fdd2a4a1	3047
train-00006-of-00008.parquet	000381	d356fc858009537296a9986d67235452d0861b8a	2857
train-00006-of-00008.parquet	000382	bec1c3842fe50d5d2e6e6af32a01f58a326cc746	3447
train-00006-of-00008.parquet	000383	989b95577075e777a0c8481beb0bab6047eadb99	2934
train-00006-of-00008.parquet	000384	e7c67d141120c90f3df3c0ab0c3b8386cc5d1c31	3392
train-00006-of-00008.parquet	000385	8ea3ed6ffd62534674f68432f15fe62e23f04f31	3190
train-00006-of-00008.parquet	000386	52ba14c90475b173d56e9be66dc3982df3c104e0	3285
train-00006-of-00008.parquet	000387	3b955b3a67e0f84d4888f827562f9aada0836eac	2883
train-00006-of-00008.parquet	000388	487af7973c3758ca119fa4f513ddc450c5cad5fe	2899
train-00006-of-00008.parquet	000389	890b94c389374c53fb55a91bf0cfc3e01c4d767e	3336
train-00006-of-00008.parquet	000390	1a02ea8c270e0131583b58d14da9f50c2d677bc9	3107
train-00006-of-00008.parquet	000391	ba34c7f9edd6eef42689843f575f1d0fc7c4c95c	3636
train-00006-of-00008.parquet	000392	c845cf6f6a1e8ae2f50297fe4201c56effbb0b5d	2630
train-00006-of-00008.parquet	000393	29f4110558b9ade71498900a19bd6eca0fa4c79a	2945
train-00006-of-00008.parquet	000394	9d98dd6da8881a4cb3079caf975769b3c5543ba3	3577
train-00006-of-00008.parquet	000395	7fe0cf3be6d1c9c43696cc89802b1e70dc1d5530	2737
train-00006-of-00008.parquet	000396	8db0dd5900e6ef6ac4e841ac4f949c162855dd29	3766
train-00006-of-00008.parquet	000397	2a26c93a7816d68dc9cea8297f15520668ea8d28	2641
train-00006-of-00008.parquet	000398	9e49c822be47297345f3a37d793902fdb583535e	2904
train-00006-of-00008.parquet	000399	a1bea1c41b1676eec7324ca7e18dd157e986c3e9	3565
train-00006-of-00008.parquet	000400	a6fd9cfce5f319203adecb5738e4b8f4561d72f9	2750
train-00006-of-00008.parquet	000401	5100f7ceee4962adf4f99e2eaf14380a6fe5b198	3802
train-00006-of-00008.parquet	000402	4941567a95f346868aa722a7192230d7acd4b4c8	3098
train-00006-of-00008.parquet	000403	fb20994a2d4defcd0cc8c64145afd0b8f3a85251	2519
train-00006-of-00008.parquet	000404	f76272bed64dcc167ebd0d762f55fdb6a80f241f	3619
train-00006-of-00008.parquet	000405	f43f2e62553807bef9c425af4ac832c7751f30d4	2693
train-00006-of-00008.parquet	000406	ce990bcd6b6e80ac5171aac3604da29f000b4b34	3733
train-00006-of-00008.parquet	000407	cca78daf5b96c2f2544e40373836b9d68930ef01	3191
train-00006-of-00008.parquet	000408	f092d07829e401e0b2c174280379decec1278065	2467
train-00006-of-00008.parquet	000409	104ecd681e7cae0e19074523281a0f618f80fd62	3569
train-00006-of-00008.parquet	000410	8e8321ebb79cd6518a56f92e20161e2d50a51088	2670
train-00006-of-00008.parquet	000411	741c92d18170da533b51fb7c09724bc72e45d87d	3776
train-00006-of-00008.parquet	000412	9c5374d0ac619d0efad2c060611b8ef815459df6	3241
train-00006-of-00008.parquet	000413	7589eafa1364567b70fa8183a62692e5eb26b6b0	2464
train-00006-of-00008.parquet	000414	e27c40a30bb5192b223dcbf0dd4d66618f9f5cdf	3539
train-00006-of-00008.parquet	000415	534e5e5d9c968ecf7595b0f61d001adb6029a1ef	2833
train-00006-of-00008.parquet	000416	020d75592aec35ebc022f27245ed8b5099dbd8cd	3591
train-00006-of-00008.parquet	000417	06337a50bc4ed5f3dc167fa4be360c8ed2b20485	3201
train-00006-of-00008.parquet	000418	a2d1049cd01d8ac9d970f42eba34561ce8b204e5	2666
train-00006-of-00008.parquet	000419	56728a487a06046a3fe44402a68adbff7deae5f5	3289
train-00006-of-00008.parquet	000420	acd3d9184d98a0c67a0e7ccdd1ce64a79e82d626	2927
train-00006-of-00008.parquet	000421	25a4329b499c2aa6e41bb2a23ca17eeb06eddf1e	3481
train-00006-of-00008.parquet	000422	e426c60e63d47628c89e9b768905f399aefe0c73	3149
train-00006-of-00008.parquet	000423	6197f3a29bada459a06221a017f0c9208caa5154	2744
train-00006-of-00008.parquet	000424	717a053c4f9b9911984dfdc96d378b9011643f46	3487
train-00006-of-00008.parquet	000425	ff8285124155c16ce61cbe4ffa34af22123ad0a7	2827
train-00006-of-00008.parquet	000426	749be4256aabb6fb48476e124a648eaf2417a6f7	3490
train-00006-of-00008.parquet	000427	1cb8258a1b6c69088be592b8f02cdebcba5dbac3	3008
train-00006-of-00008.parquet	000428	09a3d5c20ed21ffc13224db655b4e83936fabcb6	2851
train-00006-of-00008.parquet	000429	bec1c3842fe50d5d2e6e6af32a01f58a326cc746	3447
train-00006-of-00008.parquet	000430	d242a2025f98d2dc8366c90bab400b182ce8e479	2929
train-00006-of-00008.parquet	000431	089b68dc82ae9bc105173e04365e502c9eb41722	3393
train-00006-of-00008.parquet	000432	a16ddf59f5111373000111e10ee4c85353965cd7	3156
train-00006-of-00008.parquet	000433	fe025e90536fc7a31539a0c2fcec5d4c1f416bac	3303
train-00006-of-00008.parquet	000434	3b955b3a67e0f84d4888f827562f9aada0836eac	2883
train-00006-of-00008.parquet	000435	c19cb0ba700c4236886db362aa2f93df59478283	2949
train-00006-of-00008.parquet	000436	7f84abaa71a0781abdd922973decc23f2781c49a	3337
train-00006-of-00008.parquet	000437	0cba9f9c284ff14130cc94424afc3e61cc5ab8cf	3123
train-00006-of-00008.parquet	000438	c98496bbbf73851ede9f69d257ec1ca822984725	3653
train-00006-of-00008.parquet	000439	c845cf6f6a1e8ae2f50297fe4201c56effbb0b5d	2630
train-00006-of-00008.parquet	000440	ac6cc518b21366c74f396986301bd56ac38adf77	2976
train-00006-of-00008.parquet	000441	9d98dd6da8881a4cb3079caf975769b3c5543ba3	3577
train-00006-of-00008.parquet	000442	4a8096b7e5110e8e5f7641746132cfe599f40758	2802
train-00006-of-00008.parquet	000443	d044fb91c5a65c8937106ba6cfc267b3b1995fb1	3761
train-00006-of-00008.parquet	000444	2a26c93a7816d68dc9cea8297f15520668ea8d28	2641
train-00006-of-00008.parquet	000445	0573d6a9acfec9e8312aa1c34e1108f65fe02442	2867
train-00006-of-00008.parquet	000446	a1bea1c41b1676eec7324ca7e18dd157e986c3e9	3565
train-00006-of-00008.parquet	000447	b14113c4452866d8cda701ac8050cd3cce217549	2733
train-00006-of-00008.parquet	000448	0a192b7950a3c275cac9a2378affd7378e7e6ec1	3796
train-00006-of-00008.parquet	000449	4941567a95f346868aa722a7192230d7acd4b4c8	3098
train-00006-of-00008.parquet	000450	3533f17c7b6c478f13fec3176de1141b626f684a	2422
train-00006-of-00008.parquet	000451	f76272bed64dcc167ebd0d762f55fdb6a80f241f	3619
train-00006-of-00008.parquet	000452	96a2b4c3875831ae29c4d4fdb65a241a243fbec6	2734
train-00006-of-00008.parquet	000453	507720e1bc6c96242490de9a8ee652180abfadbc	3721
train-00006-of-00008.parquet	000454	ec608b1803f911ca5b9d58ce3764ce519aa807cc	3169
train-00006-of-00008.parquet	000455	75be1588a7df9b0005f5e077daa69b1f10cfab8e	2447
train-00006-of-00008.parquet	000456	104ecd681e7cae0e19074523281a0f618f80fd62	3569
train-00006-of-00008.parquet	000457	5d6bfa33357f3b6c8853f688b38b029ad74d3563	2700
train-00006-of-00008.parquet	000458	741c92d18170da533b51fb7c09724bc72e45d87d	3776
train-00006-of-00008.parquet	000459	ae442bd979b8353cc2a0788aae3f631816b97503	3195
train-00006-of-00008.parquet	000460	e8abebd2c94921e843bbb89694f2cb48e41fe9b7	2469
train-00006-of-00008.parquet	000461	e27c40a30bb5192b223dcbf0dd4d66618f9f5cdf	3539
train-00006-of-00008.parquet	000462	a5e3b007dd6e73fb7e45ec0096963495451635d5	2746
train-00006-of-00008.parquet	000463	23adf51c99bf31477efd1fec4aa65109b108ebac	3609
train-00006-of-00008.parquet	000464	d84df5bc6f08633db04e74d40b3ea9438bd88586	3232
train-00006-of-00008.parquet	000465	f5945e983dcc856e28ca476b2a8340f858ebffc0	2675
train-00006-of-00008.parquet	000466	56728a487a06046a3fe44402a68adbff7deae5f5	3289
train-00006-of-00008.parquet	000467	9d576802bc686c4822cd30f17bc3973a6c08b22a	2950
train-00006-of-00008.parquet	000468	aeca10a1034af539dac5c2699e76a0eca8c5227a	3496
train-00006-of-00008.parquet	000469	dcf754f95cc19672199e64d7f5a92997f44b0339	3154
train-00006-of-00008.parquet	000470	73b412912b9240452ae9b173c3e38285e31deb29	2740
train-00006-of-00008.parquet	000471	717a053c4f9b9911984dfdc96d378b9011643f46	3487
train-00006-of-00008.parquet	000472	c215d41ac6b8ddb721e879ead6d218ec8626ca71	2840
train-00006-of-00008.parquet	000473	cc315e157555c8673f09191be2d768eb82a25cfe	3473
train-00006-of-00008.parquet	000474	8d591309cfb913ba204f21fdb0bdb86f0207538c	3025
train-00006-of-00008.parquet	000475	c602bfdcd1369f2e3095679dab504a6f90399dae	2864
train-00006-of-00008.parquet	000476	bec1c3842fe50d5d2e6e6af32a01f58a326cc746	3447
train-00006-of-00008.parquet	000477	4d07181d5ec35ae5cb14021c4334381d5b0f86e9	2894
train-00006-of-00008.parquet	000478	f192360cd0b5de05f682473d811cae5e0df4c764	3393
train-00006-of-00008.parquet	000479	3949b0aecb4caf99f0cd4eeea5abf8fc5e62be84	3168
train-00006-of-00008.parquet	000480	0b5e65db82317ebd07ff636c80586ce125f6c404	3285
train-00006-of-00008.parquet	000481	3b955b3a67e0f84d4888f827562f9aada0836eac	2883
train-00006-of-00008.parquet	000482	4331212406382f4a46c80807a3ba3168979781b0	2890
train-00006-of-00008.parquet	000483	63975f25cf066c3239609f26d35343a65e3f78cc	3337
train-00006-of-00008.parquet	000484	f33fb6637278c95b454fbbcfc25765cb3301c84d	3125
train-00006-of-00008.parquet	000485	26afdddffa55989650b38658dc0ee2d1829386ac	3639
train-00006-of-00008.parquet	000486	c845cf6f6a1e8ae2f50297fe4201c56effbb0b5d	2630
train-00006-of-00008.parquet	000487	2b25d135b9568080f2f39790024856a4333ed651	2932
train-00006-of-00008.parquet	000488	c81084bf5779bd6763218b9e8fac2e920d936c72	3580
train-00006-of-00008.parquet	000489	34963b1b2465d9d2d19d442b83b27d3bc62eed1c	2756
train-00006-of-00008.parquet	000490	2074734fd203197e7a9605e7e496a1a9e478a705	3767
train-00006-of-00008.parquet	000491	2a26c93a7816d68dc9cea8297f15520668ea8d28	2641
train-00006-of-00008.parquet	000492	e5fd7a333807dac7912be06e5d854349cdc10163	2877
train-00006-of-00008.parquet	000493	a1bea1c41b1676eec7324ca7e18dd157e986c3e9	3565
train-00006-of-00008.parquet	000494	c2dab428467e50cd35ac3968b9d2e9f0c8d6be16	2740
train-00006-of-00008.parquet	000495	9f84a4626da78b068d55f9ae9eaeda920f3de234	3800
train-00006-of-00008.parquet	000496	4941567a95f346868aa722a7192230d7acd4b4c8	3098
train-00006-of-00008.parquet	000497	ffc4790ca191ebf4f9bb47b9b3aa30ff05234d7d	2424
train-00006-of-00008.parquet	000498	f76272bed64dcc167ebd0d762f55fdb6a80f241f	3619
train-00006-of-00008.parquet	000499	1f3cdc01ae92b7773879f2a534be5cb9803074c4	2723
train-00006-of-00008.parquet	000500	3c26363c79315867ac97615bc85ca801d7f26d57	3733
train-00006-of-00008.parquet	000501	9bd7ec30519dd13297bdeea465dc6e42dc974c21	3163
train-00006-of-00008.parquet	000502	2b2d62df1507b8c09f97b18a37b53bb00d140c3f	2433
train-00006-of-00008.parquet	000503	104ecd681e7cae0e19074523281a0f618f80fd62	3569
train-00006-of-00008.parquet	000504	5f89e536c65103adb8e053120f6b7e018a7b4d3d	2723
train-00006-of-00008.parquet	000505	8627a55ab97e131abca1bc3c6365331058446a05	3758
train-00006-of-00008.parquet	000506	f70201d641dcc947e04f1b56ec8f24e42a06c8dd	3197
train-00006-of-00008.parquet	000507	da6956b006c984ca746daa4b0aedef93704c82f5	2464
train-00006-of-00008.parquet	000508	e27c40a30bb5192b223dcbf0dd4d66618f9f5cdf	3539
train-00006-of-00008.parquet	000509	d9dd279fa17aa7279589a20b32602102e8243919	2802
train-00006-of-00008.parquet	000510	10750eccaf2a1eccf352cc5d771bcd74908a9d2f	3597
train-00006-of-00008.parquet	000511	a0b5be535f10ca7cd767343c3fb563696021a40d	3268
train-00006-of-00008.parquet	000512	a16f5ea5cc7274484815110edab917fc2f84a5a0	2698
train-00006-of-00008.parquet	000513	56728a487a06046a3fe44402a68adbff7deae5f5	3289
train-00006-of-00008.parquet	000514	30dfcccdb1610f24775cf3c75f21f03ea8c188b9	2949
train-00006-of-00008.parquet	000515	25a4329b499c2aa6e41bb2a23ca17eeb06eddf1e	3481
train-00006-of-00008.parquet	000516	8175e1873ee6dbb95cb7dddf617cd8e43f7efa3e	3175
train-00006-of-00008.parquet	000517	5c1667cd9ed415a9687f52b804f6a5444e90e4d5	2729
train-00006-of-00008.parquet	000518	717a053c4f9b9911984dfdc96d378b9011643f46	3487
train-00006-of-00008.parquet	000519	3ed49c7f5ab8e75555ca3792f3a37adc1a7325a1	2818
train-00006-of-00008.parquet	000520	d8e6cc9b78659f1b454d20b62e33b353c3c1a86c	3481
train-00006-of-00008.parquet	000521	ae0d43d13ea8080c55b881d35359d02f5360de37	3027
train-00006-of-00008.parquet	000522	472222f9a95f8a6f642e8829644a3eb202807faf	2863
train-00006-of-00008.parquet	000523	bec1c3842fe50d5d2e6e6af32a01f58a326cc746	3447
train-00006-of-00008.parquet	000524	92c2bec9236686193a0e694ccf925cebcbdc8aef	2867
train-00006-of-00008.parquet	000525	f113ba014d36502e34ec9359c9e4c142b7231120	3393
train-00006-of-00008.parquet	000526	003e7b45f306b717c6ceafcf91f0ad9d27d9a3a2	3150
train-00006-of-00008.parquet	000527	50d737c9c7f29f243c3ad41a14361f4924b1b335	3291
train-00006-of-00008.parquet	000528	3b955b3a67e0f84d4888f827562f9aada0836eac	2883
train-00006-of-00008.parquet	000529	fab5f8975eb1d3a4c8c966f51c25814f61b1dd98	2929
train-00006-of-00008.parquet	000530	5ba02af5ae6fafad3c99bf8b079fa78fb128e2cb	3337
train-00006-of-00008.parquet	000531	744eb8dc53d3167500f449910934d2b184fbb59b	3104
train-00006-of-00008.parquet	000532	4881b6e4de351b037a5b79c585b5ead8b0e39985	3639
train-00006-of-00008.parquet	000533	c845cf6f6a1e8ae2f50297fe4201c56effbb0b5d	2630
train-00006-of-00008.parquet	000534	4779652277fc9a386c0cdcc37d0a4e4f8e7429b2	2963
train-00006-of-00008.parquet	000535	48f1f206b92a58c1d47d5509b0fa1ff545aa15fa	3586
train-00006-of-00008.parquet	000536	0a086a9d4e05d7cad832403bc18e3879bcecbe72	2790
train-00006-of-00008.parquet	000537	d1ca42b19e2400f6736276608fba87499985ffcd	3761
train-00006-of-00008.parquet	000538	2a26c93a7816d68dc9cea8297f15520668ea8d28	2641
train-00006-of-00008.parquet	000539	f8a1588750640115c10d83454ca67d214c00aafa	2855
train-00006-of-00008.parquet	000540	a1bea1c41b1676eec7324ca7e18dd157e986c3e9	3565
train-00006-of-00008.parquet	000541	d84641013df52c89fa0e0053fcf2b8e895454901	2746
train-00006-of-00008.parquet	000542	843088515c644091f2500f9b8d2cc974d40cb1ec	3801
train-00006-of-00008.parquet	000543	4941567a95f346868aa722a7192230d7acd4b4c8	3098
train-00006-of-00008.parquet	000544	5a5ddeaeedc9d10b2e67100f2f0d329f5256fa86	2453
train-00006-of-00008.parquet	000545	f76272bed64dcc167ebd0d762f55fdb6a80f241f	3619
train-00006-of-00008.parquet	000546	55f28857964be643cd2b81b13726408c205004ab	2685
train-00006-of-00008.parquet	000547	68010c235276876716d24af6ba464dcffd68d29d	3716
train-00006-of-00008.parquet	000548	e2886ffe8fc7424b3cfa8680d566dc1bd5959e7d	3161
train-00006-of-00008.parquet	000549	0ac6cb2a108e5f6249b0247183fc26f0fa48bdd3	2443
train-00006-of-00008.parquet	000550	104ecd681e7cae0e19074523281a0f618f80fd62	3569
train-00006-of-00008.parquet	000551	06e5dd3b5f455a7389c4aa12c6796799264e7f21	2696
train-00006-of-00008.parquet	000552	9dc41241a0483573b52a0e28cd0da94b08a2715a	3765
train-00006-of-00008.parquet	000553	c14eb307f70d7aebefbe6c3a56253374102cf628	2768
train-00006-of-00008.parquet	000554	a32a351f3b70d914bd9657862dab5f5f61d83d6d	15
train-00006-of-00008.parquet	000555	827c546b8ffb3df5e3cc2dec6d0b1c5a1d90c66e	4331
train-00006-of-00008.parquet	000556	011562ea25d2a8d2cdf1633355244f0b56e12008	1513
train-00006-of-00008.parquet	000557	e491e1946e074ef47391ce53db34bd0bdec573a1	2265
train-00006-of-00008.parquet	000558	2105bda817fe69bcf09d016f311224cc123ddaf8	273
train-00006-of-00008.parquet	000559	b6e8a151045fa9d750592708f0ffce9d909e838d	653
train-00006-of-00008.parquet	000560	907a9fc89753eb9668619fbd03da486bd02be3f3	655
train-00006-of-00008.parquet	000561	af1f2e48245927854931baa90a480cebc5245394	4389
train-00006-of-00008.parquet	000562	a6b6ed930401ae61325fcc72139951606c1ff87c	4829
train-00006-of-00008.parquet	000563	f7b67c649cad7f1c82a3c24f71f8e7190eadfc9f	2378
train-00006-of-00008.parquet	000564	df4a62fe793d712314fd29219d5e88349c585bfd	2751
train-00006-of-00008.parquet	000565	00b44f2f4153b686596729d8ed13f4bfcc0ebfe8	3477
train-00006-of-00008.parquet	000566	8731cde8a176e9685fed29a8bca71b9adabf4634	4696
train-00006-of-00008.parquet	000567	2158037ed272ec9d6fff8056efafbc60b7033c1b	3418
train-00006-of-00008.parquet	000568	ea1b139eb4cbdf75bc31dcd3c9c29f5952a84cb0	4067
train-00006-of-00008.parquet	000569	8229dd361b91b193736273c089ed78ac35815a34	3926
train-00006-of-00008.parquet	000570	06499dd84b6c199472fed549af877be1ec55867e	4397
train-00006-of-00008.parquet	000571	49feb6c2c42c55cd680633a956632a33a40e9ea2	3459
train-00006-of-00008.parquet	000572	6ffdae52325683849606756b1394faeeecfe6dc9	3515
train-00006-of-00008.parquet	000573	73162af189a0caffcc8409fe85c2c1c83838252a	2093
train-00006-of-00008.parquet	000574	76daa388c5306befd0f292ececb468376d2b055e	1208
train-00006-of-00008.parquet	000575	23a6ae5f9ddcded365fc749130c332555338c6b2	3298
train-00006-of-00008.parquet	000576	3a1a8784608a50d51e15fedbc1fac7bf2c187787	2661
train-00006-of-00008.parquet	000577	cad6ff2929ece172ff8ef0e7a322909fd464f7cb	2977
train-00006-of-00008.parquet	000578	8bebc3ead27ab369f5b6591042324bb93df8d066	2692
train-00006-of-00008.parquet	000579	95b11974ef3d2214cd67fc67ba6ce80c71790895	2965
train-00006-of-00008.parquet	000580	ebd25bf4c6edb8855683ee0a831226202211eecd	3333
train-00006-of-00008.parquet	000581	708c8d068e44137c9f13689bb506c7c10a37db5f	3186
train-00006-of-00008.parquet	000582	a3629e21da4feb8876ebb08cc506b21c85a8fbbb	3472
train-00006-of-00008.parquet	000583	c56f951a1ce111fe915876d4f330c41148e2ec09	1575
train-00006-of-00008.parquet	000584	c1eabfeadda01fc07f64c5b7b2257c656a80b225	2278
train-00006-of-00008.parquet	000585	b56b31b5874e3fb01493397e4011faaaf5e2f375	299
train-00006-of-00008.parquet	000586	81d421785e656cdfab70aeb00fb6fdbe91081ad3	3595
train-00006-of-00008.parquet	000587	bcb88f3747c25082ed04cab58a18be66b832c620	2444
train-00006-of-00008.parquet	000588	2dba9858ef0af28d89003da993f1f4df68899a1a	3593
train-00006-of-00008.parquet	000589	4207c6cfec0890eb487b41538574ee9ad5361a55	4282
train-00006-of-00008.parquet	000590	db37e11767b769cbd6607dd026512e5b4c182eca	773
train-00006-of-00008.parquet	000591	58f2615caaf9fbfdd23c84fd613d4beb994db9a9	1079
train-00006-of-00008.parquet	000592	9739ff0a6d480ec296b8a0ccc2d7ba52baa450dc	2516
train-00006-of-00008.parquet	000593	d1c4fadc4611574259164b194115c8679ab6ff8f	2560
train-00006-of-00008.parquet	000594	b01055cb77d3fb7b7652325a1d51e496d3f07187	875
train-00006-of-00008.parquet	000595	aee608416c0488317ce0276754bb122b2dead5d8	2455
train-00006-of-00008.parquet	000596	c7a3cd1a3691924e0664124881b959e82b856def	1146
train-00006-of-00008.parquet	000597	736ff9e20663d3a873a4d6741ab2247c7d9f2643	3543
train-00006-of-00008.parquet	000598	27b5be1e1a7f0f76d38407868f0feac8eb9fb79f	2577
train-00006-of-00008.parquet	000599	92ae21278da8ba8ea253771ce1a26e535192d253	3382
train-00006-of-00008.parquet	000600	dad521cb2d4583100bca8c0339b007a03c831ae2	3507
train-00006-of-00008.parquet	000601	692df40f92c1256fcf7ae7476b1d7bfec9dde526	2752
train-00006-of-00008.parquet	000602	7571a3d539f54f3df1b67dcb66b86130b25b2256	2867
train-00006-of-00008.parquet	000603	a6a6c5cf9e96f4b6f9b314c58fbcccff3d051b31	2826
train-00006-of-00008.parquet	000604	87f93203dd02e994f2e8fd16f60854ffc160c9f9	1609
train-00006-of-00008.parquet	000605	b6713118d03d4b94ee78ca486caf077955008b28	2416
train-00006-of-00008.parquet	000606	db2deff7483a3908cdd3e782a5ed150239b3dcdb	2305
train-00006-of-00008.parquet	000607	e82cc4544fc30bd3a1aed23053589ef2579772a8	2349
train-00006-of-00008.parquet	000608	32ec04d5de6cf67d199008f311431aa9f7073187	2197
train-00006-of-00008.parquet	000609	139f0d7d013ecdfbd2e85fe38ada0b32a061e5ea	2336
train-00006-of-00008.parquet	000610	798ae08f6e50f4d2cb8b1bfd55db4fbab697429d	2384
train-00006-of-00008.parquet	000611	f91f7ed12e7d90d1037215320b870df81eaea6d5	2342
train-00006-of-00008.parquet	000612	1880703d63b30e2fa4da096dec1c48468c131088	1444
train-00006-of-00008.parquet	000613	628ab36e9e8406f6bf644c8077939b6fe94772f4	2068
train-00006-of-00008.parquet	000614	f2054f9955be24bfccf19ca472b12b2aa3153d28	1750
train-00006-of-00008.parquet	000615	cead27ca418382df77eeb5b0b324648d46f0bd42	2700
train-00006-of-00008.parquet	000616	b5e09118cabc7f637b089fd196090aa6525fc89f	2964
train-00006-of-00008.parquet	000617	e41f0b13e7632b40be01996990096b9c28e02f9b	2476
train-00006-of-00008.parquet	000618	7a41ac8b83024e8d8ddd26bb7dea82b34f5c7ab7	4774
train-00006-of-00008.parquet	000619	ca1c2a3218bff97cb297fb19ac760e9736d83305	2998
train-00006-of-00008.parquet	000620	e3e71418993f0706e6f94207d5d34277f4a1a138	1242
train-00006-of-00008.parquet	000621	315ea1b1e3c514511ceb6e7952e4e5ddc383c1af	8620
train-00006-of-00008.parquet	000622	a2108aa6e3ed4f6a21c582a1bbce9ac27bacae68	7180
train-00006-of-00008.parquet	000623	0b04f5ecce9c835a54246ddc52a0e9fc5eb88780	4278
train-00006-of-00008.parquet	000624	1f6f989d2251d7f255b8058f08bec2cc422908b4	4658
train-00006-of-00008.parquet	000625	7316531c356625c73c6f880c3f724e6378a6e678	1035
train-00006-of-00008.parquet	000626	e4da4e041660ee55ff31b495e6f6b3f652f5e138	3191
train-00006-of-00008.parquet	000627	afc31014bad5dfe33d7f530e791a2fd4423ddac4	2110
train-00006-of-00008.parquet	000628	8c2d5696f961d0c3b8c05f8b3cbfef68bbd18008	5092
train-00006-of-00008.parquet	000629	40d61a7732f3a1d960d3bb399358c9f2e0e95903	1095
train-00006-of-00008.parquet	000630	5b5c8de2929bcc178a0ebaf4a176c87e6dd0ae2f	1236
train-00006-of-00008.parquet	000631	0bc7b14ac1e4123acb54d2e17dd4f9166d6a0a3d	1898
train-00006-of-00008.parquet	000632	dabeaede073e111fb015437555d2a786d386d36a	358
train-00006-of-00008.parquet	000633	cee9f94b720a631b68c6846789251ecae1665f44	2030
train-00006-of-00008.parquet	000634	a177df74b837b75a7af558ef57e60c6bdea968d3	1750
train-00006-of-00008.parquet	000635	d318c826beba7203d2c276b9b0b2cd0030787a13	2700
train-00006-of-00008.parquet	000636	1140982cb5552d7ec508aa299ab6d477e0d08786	2950
train-00006-of-00008.parquet	000637	8f4d802ce47f9c3e24a9ac900d6030692effd3ac	3870
train-00006-of-00008.parquet	000638	3394ccbedd4e9d65902ad7f7fe04cd273cd9e1aa	381
train-00006-of-00008.parquet	000639	361fd80dafa2965b65582f28a00f52d9189ea322	1624
train-00006-of-00008.parquet	000640	5e58bab0b5efe6593a9ed39a76544e47f512020d	534
train-00006-of-00008.parquet	000641	b3abffa7b4a870e27553106de67e40edd8c1d5e7	763
train-00006-of-00008.parquet	000642	2e42cbecb0470c04f80389db9c0b5c5f48074308	1020
train-00006-of-00008.parquet	000643	ac408eeb212305682b61ec84a2631c4a4b3b2f93	1018
train-00006-of-00008.parquet	000644	31968160ec9b75c68a12e3926ad8224120b3e031	2112
train-00006-of-00008.parquet	000645	d0515e72244809da1dcb03d6ed48917f15129c3f	3212
train-00006-of-00008.parquet	000646	0121d447239c0a3ad40cd56ebd588ae5cfcb6648	242
train-00006-of-00008.parquet	000647	348a1bb1912ef27b5363b915726b8a0d32a56a9a	312
train-00006-of-00008.parquet	000648	271309cfa447095cfd44d69e8e2b12d3f4a92e2e	1036
train-00006-of-00008.parquet	000649	79693ccc257b87ad71c78ab418a2a6aaf2c10272	691
train-00006-of-00008.parquet	000650	d3b84aacbd306f56327865b8601085455d66343b	2300
train-00006-of-00008.parquet	000651	6b1c2ab5e1ec9add77a5e657319802fda27fdc2b	1977
train-00006-of-00008.parquet	000652	4a52bd8f7b776a86908192442516ec8f77adec07	2235
train-00006-of-00008.parquet	000653	fac644281905e7c64dcb4b942558488f1cea2494	3179
train-00006-of-00008.parquet	000654	2b52c63d401d0d7965c35890c5963174580efd76	3186
train-00006-of-00008.parquet	000655	82aef01480e1bab7bad701b209f1b21db81616e8	2761
train-00006-of-00008.parquet	000656	5971d496cf92f861d3668cc1a221534332279e9d	3214
train-00006-of-00008.parquet	000657	9118f41f0a552e361588d8870a481f4514a29439	2994
train-00006-of-00008.parquet	000658	3296e4e27f31351724920e06538bdb2c4a470247	3159
train-00006-of-00008.parquet	000659	953da46913ded02d8c4ec0bdf672573c7f6446fe	3161
train-00006-of-00008.parquet	000660	c3be10f468f9cc0d55f322a904dae2107108699a	2807
train-00006-of-00008.parquet	000661	c5791b70de55bee401e74139b39a1b52adc96b00	2550
train-00006-of-00008.parquet	000662	0a5308b4ccf30d10a13cd4fd9f60b0f00ee17529	1184
train-00006-of-00008.parquet	000663	bd5e8247fbbe7b0fd73a607de6d832738afefb5a	3045
train-00006-of-00008.parquet	000664	e69d06ae9f40a88e188e72e8bff2ab05dc02acaa	2772
train-00006-of-00008.parquet	000665	3fec746c0bbd8c64dd156783e6ba2c3ef126ffc6	296
train-00006-of-00008.parquet	000666	9084bd15aef6b700d3ed0ee73196130f0e7b1472	193
train-00006-of-00008.parquet	000667	5b8f4132c82aab2943bf2c405f74e1feb212d448	123
train-00006-of-00008.parquet	000668	780c02b910e8d3c9834ceddcf9c4d8dd74dd6e11	152
train-00006-of-00008.parquet	000669	05136df0d0c223ed7b89fe8d7b4932960e6113b9	3695
train-00006-of-00008.parquet	000670	4ef6d4481e89109802710a7f5b32624a0c1a1796	3062
train-00006-of-00008.parquet	000671	c14621a9b284a6b48ad6c6d1cd02302285620f56	3073
train-00006-of-00008.parquet	000672	8f9fa6e57c61b9646e45f1a5e088d8d701766551	2684
train-00006-of-00008.parquet	000673	d8f2865e854714df13ca7626d2d0f557f5609498	401
train-00006-of-00008.parquet	000674	90d5a2510b6f6c5fcffe333cb6763c4433685ba0	3189
train-00006-of-00008.parquet	000675	8f08a7e06382ad523bffcaea6f32eea4a50832ca	2575
train-00006-of-00008.parquet	000676	c9466c9b04b665563d63789e8e904c363657eb6b	2691
train-00006-of-00008.parquet	000677	da130de62fe5698e73c440b9fce26fa8dc9bfc4d	2712
train-00006-of-00008.parquet	000678	cd1d7b8b9461989c3d285db7f9d6e1eb5aaa497e	2715
train-00006-of-00008.parquet	000679	51ab98996821cddd7ab5514072578f6eba9dae88	2585
train-00006-of-00008.parquet	000680	72fc50b8f3c26008375b4b16569772e7f3796324	2670
train-00006-of-00008.parquet	000681	a4bd009f01fa166fae8ac01c2cf1e55c776f41ad	2553
train-00006-of-00008.parquet	000682	dfe856412472b0ddaf76363a32b2ddb9820531cb	2725
train-00006-of-00008.parquet	000683	3098eef6ce72518efc54855bd946d53dd56d0cce	425
train-00006-of-00008.parquet	000684	4929fb085eb8354fed253aa7d5425ba7b05bd571	784
train-00006-of-00008.parquet	000685	43bd1696c6d148d27a42cae37c677893df7ca2ae	1002
train-00006-of-00008.parquet	000686	9423d10d42fbae3625a7c9d083addbf6123d6bee	1046
train-00006-of-00008.parquet	000687	50fbf469e692e7b799d9dc61f1b49db5083f5a65	2074
train-00006-of-00008.parquet	000688	66d99edc45291590a4f1efcd18c7de31657f4fb8	3250
train-00006-of-00008.parquet	000689	1193d512a882cb08c31e18e90bebe7b7eb0e958d	174
train-00006-of-00008.parquet	000690	c588422a9d2b5b349fface6a6c8eb5b82c795331	747
train-00006-of-00008.parquet	000691	694e3d7aa8dfa7ba210819cad9ab0e152dda8bdf	1018
train-00006-of-00008.parquet	000692	58a433ff7d6dc1c03f550b125ea0eb363e72ed90	1020
train-00006-of-00008.parquet	000693	b4e3ebcc02e2ec9361cbdd4638202f72b154ba06	2126
train-00006-of-00008.parquet	000694	82dc2c7acbaeee2ae7a1152fed1a0a133c55e518	3253
train-00006-of-00008.parquet	000695	1193d512a882cb08c31e18e90bebe7b7eb0e958d	174
train-00006-of-00008.parquet	000696	6151bcc78d0320e22b0e26b764def8876bcaae0c	4203
train-00006-of-00008.parquet	000697	d04ff2a38fe4345a41dc50f6ba3a51f3ca3382bb	1334
train-00006-of-00008.parquet	000698	0fdfcabaca5fc07bba2f0584dac5e6e54ae154f9	1108
train-00006-of-00008.parquet	000699	924ce50b899502e37fc8bd572842b679425d98c9	1016
train-00006-of-00008.parquet	000700	7273f605d2d2245e8a0eb63819af11e9efaf9fb6	1101
train-00006-of-00008.parquet	000701	9c6f0add962c28e725ad71705e5bbf71618ad728	1173
train-00006-of-00008.parquet	000702	6fb55185d3c9f4d02f2d85e8790fc36b13365a68	4624
train-00006-of-00008.parquet	000703	0a34c111f23135f209d5c9bf8fc3fd2a37a20380	1236
train-00006-of-00008.parquet	000704	b3f1c815a239c4b14c23c5bff24ec685729fa493	190
train-00006-of-00008.parquet	000705	5ccdabe8f88725ed3643f55d9fd78b1391f4b8fd	1070
train-00006-of-00008.parquet	000706	3f458ac0883e89a8064a76043b39fc52644382e0	3090
train-00006-of-00008.parquet	000707	18fc1caa34b249d285a044e989b3785f944569db	3842
train-00006-of-00008.parquet	000708	f93da738c17d11cec08e9e1bf18ac5cb8bb30c3a	3562
train-00006-of-00008.parquet	000709	ed031b5e2ce2d03fe12a05b53cc9f970bda211d6	4295
train-00006-of-00008.parquet	000710	4fe64eaaccef42f86d4e85a5ff07da05a0a20759	5604
train-00006-of-00008.parquet	000711	32fd745cf55246091cf13d00a7497285cc906cf5	5065
train-00006-of-00008.parquet	000712	6b5341eb248496a0bae33e31c093f05fc0d2064a	5315
train-00006-of-00008.parquet	000713	4a2feeb76497b860d3066b08e81879add57c9a65	5002
train-00006-of-00008.parquet	000714	1f2bc3b97f2e0f4762dad2b5ad1ae081abdaee05	5125
train-00006-of-00008.parquet	000715	9391088802f1ab1a6769a22ea7377eb5d8c40119	5045
train-00006-of-00008.parquet	000716	1a48915f27fa41dd419c152b3059a3ca73901f34	4669
train-00006-of-00008.parquet	000717	c24d00f57ea1722feb8c2f54a73b2eac9f4a49ba	5035
train-00006-of-00008.parquet	000718	45396dd4bc7c7aa25ca42d21c49bbfb1d47b3503	5018
train-00006-of-00008.parquet	000719	917333176c591c00a421c3948e0528b28af877b7	5362
train-00006-of-00008.parquet	000720	5623e9c7fda0eb92795ba0740e08076d4d4a3c88	5692
train-00006-of-00008.parquet	000721	18874f835183256a4aec609303aeacb160933184	3702
train-00006-of-00008.parquet	000722	722ec671055d64ef6f23f6c64ebe259904ff3583	3447
train-00006-of-00008.parquet	000723	98136ffa3c2ec7076037a97005d398119171dca0	3832
train-00006-of-00008.parquet	000724	dbdda4bfda917f699db6a9ed5d27b497b726b820	3873
train-00006-of-00008.parquet	000725	ba89c25ae814e0aef900d558d088723c076ba953	3185
train-00006-of-00008.parquet	000726	b41931c51f691fed16739a95c1830bbced0d2c57	3458
train-00006-of-00008.parquet	000727	d786aa1731bf4acc2c2ca401eb1ea0744ce58127	4923
train-00006-of-00008.parquet	000728	3e6133d099e4016175faa5dbd14f848b29d94e45	466
train-00006-of-00008.parquet	000729	66119841ce20fde6bed4441fbb11ba408f4768fb	428
train-00006-of-00008.parquet	000730	1faa856d6b43644e59110117c5df17abaff82b45	220
train-00006-of-00008.parquet	000731	543ffafbfc3dca56be4a767568ba11e7b58513f1	1175
train-00006-of-00008.parquet	000732	aa8c58bcb3f40d6054ac3457f635b6e7f05bb335	141
train-00006-of-00008.parquet	000733	95a878c48ac72d3af9273c75a9a7010f0c6cafbc	1334
train-00006-of-00008.parquet	000734	99fea7055f88637c61f24ae97f39e2b176e18be3	1108
train-00006-of-00008.parquet	000735	b7f3e9e6787f4991a5b64f9401f76df907d60826	1016
train-00006-of-00008.parquet	000736	4c85a8169fec3b5fee1298bafbd2e277260968b3	1101
train-00006-of-00008.parquet	000737	c6d02ff8c522aed6db4ea4f78cb461cdb04b447d	1173
train-00006-of-00008.parquet	000738	57b55a47634f4b2ca9c4eb5a1112ee5c87aff237	3055
train-00006-of-00008.parquet	000739	3dd32c692959986f48171cd10cb35e0d0117b99f	259
train-00006-of-00008.parquet	000740	20f4346b66dbab52391f3083916829f26b64560d	3799
train-00006-of-00008.parquet	000741	560aeba80a506eefd99373cc209fd8ea032427d7	3748
train-00006-of-00008.parquet	000742	b416e89725cf20683058c0e5c3a5f9abca712bca	3748
train-00006-of-00008.parquet	000743	bbb06ca015d933e506f1e2c6cfc98221d1103a44	4128
train-00006-of-00008.parquet	000744	f8f8502ec4dc515c11d5b7bf64e3a8805e694d32	790
train-00006-of-00008.parquet	000745	27e118cea7de07e95a114c71325ae0a3156ee6ad	1239
train-00006-of-00008.parquet	000746	c25344dddb696007c92d310ebc33d82fc9bf8808	3027
train-00006-of-00008.parquet	000747	e4042db6f7add47b95092a3757a8620701276098	2719
train-00006-of-00008.parquet	000748	35002146d52c987c0394c4a55d189ad406c21e37	3388
train-00006-of-00008.parquet	000749	6ed99b9e09c551f5b1f88f0bccebe44dd5beb668	2603
train-00006-of-00008.parquet	000750	cc5c6b783a977fc21356298bb1b94afd5687967a	2509
train-00006-of-00008.parquet	000751	b3b12ec3bebe86c57f2551e7dc58ebbfdd18da5c	3288
train-00006-of-00008.parquet	000752	3e9ed272856e0c0a7289b89d298b7b6c48aaa5ff	3416
train-00006-of-00008.parquet	000753	e47310a74c09dc3451f4f43e77da26229b5e9742	3976
train-00006-of-00008.parquet	000754	137419075c205e465e39ca4531fb418de2adbcc9	92
train-00006-of-00008.parquet	000755	10658be6e34e6be76f2df791036a551270814d4d	1550
train-00006-of-00008.parquet	000756	270fad3df3d9d9a942651bb092599035d4889afa	2257
train-00006-of-00008.parquet	000757	a10894d4d985f9c8e594162f09b87653c2329e5e	865
train-00006-of-00008.parquet	000758	cf7f7457b9f176ad6fb2303f689b434c161a685c	3954
train-00006-of-00008.parquet	000759	0576837f9c7dbf6e4d2e07e1bb8f437d0f0c93ef	4731
train-00006-of-00008.parquet	000760	8e3e29c12c9fbb01c57fdf8ea337cf798e167cfd	5215
train-00006-of-00008.parquet	000761	9edc5e7c3d50c3057bea9633afd4e4b2f79e902e	1531
train-00006-of-00008.parquet	000762	cd25fe43f182fbb72fa580008fa5f1474bfda53c	2265
train-00006-of-00008.parquet	000763	a576158d8030b520805e92fe5eacc401d703d565	278
train-00006-of-00008.parquet	000764	22f129351a42af446a63f3ac2517843c77dc0b56	4607
train-00006-of-00008.parquet	000765	c31bcf1558679bfca3179226edad87fc56b65dc2	4609
train-00006-of-00008.parquet	000766	c893a052fb9dc3989d6bf63f8165b4f8b7888904	2275
train-00006-of-00008.parquet	000767	86091d31f1cc5c6547113ebf176c6b50c0918500	494
train-00006-of-00008.parquet	000768	a93ce16275183b854dc752e9b130f14b9839b6d0	2554
train-00006-of-00008.parquet	000769	7e7e164eb92c723e6d46dc7f78855899e1f8325b	3079
train-00006-of-00008.parquet	000770	05045075693d8fb0f29d6b57576f2c6f1add3765	2689
train-00006-of-00008.parquet	000771	0a281e27c15642e3a7ea3315d1e630bfcfa5c044	2434
train-00006-of-00008.parquet	000772	817ee0e699c834a57bf1b2c4685ba865850168b6	2500
train-00006-of-00008.parquet	000773	fb0e1ae992656509d5be46c7c4531bc13bc5937a	2874
train-00006-of-00008.parquet	000774	0f846f3d781b73187b466575123279e6aadd7dc2	3282
train-00006-of-00008.parquet	000775	37eb414f9f3b3f29224e16305b28bd34f9d14146	3400
train-00006-of-00008.parquet	000776	5feb69ff9d07b41d152fb430dc691eed6666a32f	3077
train-00006-of-00008.parquet	000777	fddf43fa2dada526c3722952b22d76596aa46343	2991
train-00006-of-00008.parquet	000778	043ed47e3dfaa7fd244008f07ab5bbdf40dc02a3	3115
train-00006-of-00008.parquet	000779	5d4c386825387f313f02da169b7a1489b9aef0d6	2606
train-00006-of-00008.parquet	000780	e6db2a47870b49e73226daae39967027250c4a38	3433
train-00006-of-00008.parquet	000781	2be580a2843373f290e16a5bfcc0a651c617d84c	3589
train-00006-of-00008.parquet	000782	601dcbd534bbc6e4eedf76440d61cbe82cebacfd	77
train-00006-of-00008.parquet	000783	46443e0e557c553bd6025a5f75b8caf5cc59d42d	2657
train-00006-of-00008.parquet	000784	182475852563525495a62981ec479c697801809f	2621
train-00006-of-00008.parquet	000785	714b62f588284beef6b372b434aca7086cb607aa	595
train-00006-of-00008.parquet	000786	be4954d1e31961109a8128ba1eb4eb6729a13749	1498
train-00006-of-00008.parquet	000787	526cbe679969c22cf6a94c7c6ede653941acd844	3276
train-00006-of-00008.parquet	000788	bd0dd7f8e998a0da183b9068f85ef022747d39ba	745
train-00006-of-00008.parquet	000789	9d95125199120748572356ba54f2f370495a5c75	3390
train-00006-of-00008.parquet	000790	0e4ad2c9ab5b23ad9d82b67c5a5ad31ad5812fc3	898
train-00006-of-00008.parquet	000791	d6c31f01c10d46830f7fc1d5837a14dacfab5ca0	1026
train-00006-of-00008.parquet	000792	c6b70f57d47f108b430d310f7c62c2fb9adff63f	1220
train-00006-of-00008.parquet	000793	64260347b8f2bd6fb65bf24bfac28b14412c4b4a	2110
train-00006-of-00008.parquet	000794	8709cde916ac9272d51b643cef5ad1fc99006824	6138
train-00006-of-00008.parquet	000795	67716024ce4994da81c2bd560b933ccfc8d231be	5620
train-00006-of-00008.parquet	000796	138f1e6c7f171d5a3039e981404728bc446baa4e	964
train-00006-of-00008.parquet	000797	0c6fd64c089116909d0a913432508d735de75c6d	162
train-00006-of-00008.parquet	000798	75479701ff46ce8086516ecac69c0c5e50c0c84b	1015
train-00006-of-00008.parquet	000799	4506fac0e40ee0293b7cdd6dbe436701fc7c5628	926
train-00006-of-00008.parquet	000800	34c33b32cbb7244ec83f87262df533e77a8175d1	570
train-00006-of-00008.parquet	000801	c9e9efa392e2ea4b80a0ca57c5d87a21b6afcd4e	5746
train-00006-of-00008.parquet	000802	63608949e30542b0d086c9ca83f5a0472aac329b	4949
train-00006-of-00008.parquet	000803	fb5fcbd6ed88b563df600b5cb2dfac98d27d7215	551
train-00006-of-00008.parquet	000804	ec745db232c9e73bf27f4adf4edac3cc97beedcb	5299
train-00006-of-00008.parquet	000805	732570e04b40029a0686415cf6181fadc6a3bda0	5493
train-00006-of-00008.parquet	000806	13f1ca14c0a4c245c985e36e011d7e66793b51cc	895
train-00006-of-00008.parquet	000807	76b2105d2cc4bd2ebca47c7c8c89e5e95a6194dd	5846
train-00006-of-00008.parquet	000808	a6f1a6ca78ba25f9d72c1ce68e12d327e74d1d44	5238
train-00006-of-00008.parquet	000809	f1410ecf4c1464421d298b28d5fa443c62be2b19	6028
train-00006-of-00008.parquet	000810	3518492b5952f80e5c83e2e1a39f337924cc6338	5807
train-00006-of-00008.parquet	000811	12196ba752eb1cc3f1aa1eec761d6375552da5d1	1422
train-00006-of-00008.parquet	000812	64b8a52b7bf317af54fe137b4eb057043106987f	5926
train-00006-of-00008.parquet	000813	4a5d0bf1992b70038a3d97d504dc7ec154df4ffe	6768
train-00006-of-00008.parquet	000814	5d8e386fa600e1981dd8c650c99fd31dac98054a	6035
train-00006-of-00008.parquet	000815	a73c6f1e4c765527b2e45ec632cb2e24360f48d0	896
train-00006-of-00008.parquet	000816	932eb81243ca126e457ce8d3cd2111f429deeea1	5966
train-00006-of-00008.parquet	000817	1615f26dfd03919f4c404b7f198578a16f6ada77	6335
train-00006-of-00008.parquet	000818	291e8181960a1524ba3b2778366b6525eb4fb173	3162
train-00006-of-00008.parquet	000819	e831fe00f551c7f7ab0957d6460d9b74801241d4	5816
train-00006-of-00008.parquet	000820	d26c4899fab664d8106ffd943f6a0aba9498ba58	7032
train-00006-of-00008.parquet	000821	5fd8436703e1642eaab665a4dd2adf1d10b0623e	4743
train-00006-of-00008.parquet	000822	17b6d555eb4fa874f86436f103bad0923c80b155	5775
train-00006-of-00008.parquet	000823	1acb012886041a7a012c1e7ff030a316bc1702e2	5960
train-00006-of-00008.parquet	000824	2655af21db2e311c32e111e0e337222102ae7913	2908
train-00006-of-00008.parquet	000825	2f2f35e1448536801d2f553286e5704be191b8d6	5826
train-00006-of-00008.parquet	000826	5a9a6751e4c5a0bd3ecb218831dc3a4513c3d268	4821
train-00006-of-00008.parquet	000827	b320ff16f619775300ca9e1e5b3080fae038b358	7075
train-00006-of-00008.parquet	000828	7156681da8962fca712ab5d48e6d2331635b9abd	7219
train-00006-of-00008.parquet	000829	f702aa9b5c7f115acb81cdbd8de8ded5a6ee849c	7409
train-00006-of-00008.parquet	000830	7d09b43ff28a4749459c4c41d65bec7c636d509f	7610
train-00006-of-00008.parquet	000831	b08e76a9e0025743f88b8da0629d8bc00f3d7bf8	7574
train-00006-of-00008.parquet	000832	61ac7d387839435587d2ed479341506f27c2480a	7607
train-00006-of-00008.parquet	000833	b4aae6f768249bb785d52689041722cb31c2b594	300
train-00006-of-00008.parquet	000834	e0cfa7f1f7649b5c5d0627948ae9bebe5afdc87b	6164
train-00006-of-00008.parquet	000835	2fd67ff4c6a80c06461eb6c99ac54d9db44d2fc7	6575
train-00006-of-00008.parquet	000836	f4d1c58137b8dd5fd478f8cd35a8f2fde58f1cd9	6854
train-00006-of-00008.parquet	000837	96692cb9c0070527c821937c108e28c48de9f80e	6156
train-00006-of-00008.parquet	000838	e9f277c7bd99ef07ed9619edcb85dbab3621436b	6089
train-00006-of-00008.parquet	000839	d268fe33fa54f96f79dbea082925616f5b36a4fa	5562
train-00006-of-00008.parquet	000840	8a0ccac3b25cc88066c7508ca7023e7a890a9640	6925
train-00006-of-00008.parquet	000841	19733ca034f8725d04513ad4892bf9df9132840e	565
train-00006-of-00008.parquet	000842	c1b1ac7054810d2ba73478647d065a32c3bb3704	2973
train-00006-of-00008.parquet	000843	18d2dd2b7856865e14377e0c377258dc94187cef	2143
train-00006-of-00008.parquet	000844	51e97cd9e51379795f5b9abf5d685735fd2dde0e	1167
train-00006-of-00008.parquet	000845	873111577b1274cf18a5f0ab1a34978ea2f5967a	1139
train-00006-of-00008.parquet	000846	9b560f20268e28f0fa2ac9a2a619c99897a6595d	1151
train-00006-of-00008.parquet	000847	2d4acf4e919a1e84b94a7d8f60b7ae12e11f37a7	1091
train-00006-of-00008.parquet	000848	f2596ca66db3552622c6bf092e0e4981bd49b910	1126
train-00006-of-00008.parquet	000849	88e45bd2fb59d3ec0b81cda02ac5bacb9eae8c52	1119
train-00006-of-00008.parquet	000850	8dfb2810b86efa3a5cd71ffb6bc5713fc321eaa1	1080
train-00006-of-00008.parquet	000851	b5d59f7cf4688255ddd52f4699aa7078bbffb2ff	1104
train-00006-of-00008.parquet	000852	0dfadc4d1e4d31de35f96a4d7ae86a6a123a335a	1664
train-00006-of-00008.parquet	000853	b79d1a8b893c5ce507e591de19d8dd81cd0bfd0f	4816
train-00006-of-00008.parquet	000854	62d084d2e30a4699bdf82db7c7e50293d406e9ec	4818
train-00006-of-00008.parquet	000855	6e8c6b4207b36502379858e29580298445ca0853	2887
train-00006-of-00008.parquet	000856	7e75e3bc760f885ed4086dcac979fd73659eadd6	2955
train-00006-of-00008.parquet	000857	934b312ba7b8684049ae1ca538bc303d7ac09fc3	3080
train-00006-of-00008.parquet	000858	957a41be522434f84150eead01c59063a865850a	2637
train-00006-of-00008.parquet	000859	96342d5da906feaeaee21e2ca0567fec13ca055e	767
train-00006-of-00008.parquet	000860	fb159716d4ace0794b3c3b68a458a7fbc638d527	2840
train-00006-of-00008.parquet	000861	6db2059fb19c95d5cc677a56bcba27a599e86f8a	2177
train-00006-of-00008.parquet	000862	1ec0aafe5582f714ffd9eb64599e3d0de648e02d	2691
train-00006-of-00008.parquet	000863	baa0d6c3c4ab629e2f60664247ba8720ea90e5ae	1968
train-00006-of-00008.parquet	000864	5e01d7bec6cf2b2a2e208da867bef85c9927622d	727
train-00006-of-00008.parquet	000865	0d422f515169acfe3181cd8657f07483ff4fd3a4	2929
train-00006-of-00008.parquet	000866	23ae21a724cac3704b1ffd6901d0283a4b008d46	2818
train-00006-of-00008.parquet	000867	e3c0f4fb354ef72dbb671814fc3d5eafc761beab	1860
train-00006-of-00008.parquet	000868	acea8b5355260d3bfd99f93f1ffb32d224f05674	3179
train-00006-of-00008.parquet	000869	e806c859685d7779c13a335d761e1c1f77fad369	2779
train-00006-of-00008.parquet	000870	22886c80cc1d0fd49a278df9b9e7a2c0b9b7f687	1892
train-00006-of-00008.parquet	000871	a8561832d86e15cb2f098800bc01c8f0a1ebba33	3163
train-00006-of-00008.parquet	000872	1d3ea4be363be9f0da75a2eca84fa40993348ae8	2762
train-00006-of-00008.parquet	000873	88e32321b049180905898d25905ced321888f50f	1877
train-00006-of-00008.parquet	000874	d8d234d831190fa7a2c301f198a9bd66be4b55c1	2702
train-00006-of-00008.parquet	000875	811045d67669843f467332ead2126695ac5285ca	2414
train-00006-of-00008.parquet	000876	d498d7406136adc545bc1c180b2b72b12e996e4b	768
train-00006-of-00008.parquet	000877	e44dbd5d1e2aa765e6060796a973f07aebab5b86	3157
train-00006-of-00008.parquet	000878	c1f12cd48c41e374b2ab91efbeac76939a2e90d7	1915
train-00006-of-00008.parquet	000879	103fb5b29662de59885d85f2f880ccd037aa8ca5	2814
train-00006-of-00008.parquet	000880	2d242aa59ac6f6d304472234faddd4088813f878	2228
train-00006-of-00008.parquet	000881	60be442ab5557f3c28597a7c2611f01564f11aac	1507
train-00006-of-00008.parquet	000882	34bf3f5ea262e38df59089828f4d2d77910f70ad	4218
train-00006-of-00008.parquet	000883	72f82491c9d03fa73f5749c09e713981019ddfa3	3837
train-00006-of-00008.parquet	000884	784db1b6a3b45b8556a1d84b687d44c9cc57bc3b	3468
train-00006-of-00008.parquet	000885	3c871a57016567cf651922ef06b30c727aa75251	1421
train-00006-of-00008.parquet	000886	e4ed6fe13ab6c386708d7709c0af055246ebacda	2393
train-00006-of-00008.parquet	000887	c920e71884b3d36c12fb5d743cb7eca510a7cc14	2474
train-00006-of-00008.parquet	000888	1a56e9b1d955fd9c36f263bd0b38da03838016e1	2692
train-00006-of-00008.parquet	000889	c9c00add4aa4919c193d086452070a031c428c91	2022
train-00006-of-00008.parquet	000890	9554eba86bf602d2438b2cea558385ff72b87382	3424
train-00006-of-00008.parquet	000891	e52912f36e1ba209c8b44dccbaa132c107bb077c	3360
train-00006-of-00008.parquet	000892	9d89cc024f3b4e3e447ceb2066cd926f33d8fe98	3454
train-00006-of-00008.parquet	000893	e8efe89fea33f8cf2554606b66c82a1acf4174d7	2979
train-00006-of-00008.parquet	000894	2d3d4c598adaf96c21086e157f942a410c05051e	3005
train-00006-of-00008.parquet	000895	e997827e4771b06d75deddb2e24bded743ec1b9d	3579
train-00006-of-00008.parquet	000896	8a2df16a61c1f128cc4f6b547c2bf7f3fa6410a8	2911
train-00006-of-00008.parquet	000897	b01f3fb01ffd30499ed807a331bf1a9378c1b683	3730
train-00006-of-00008.parquet	000898	4941567a95f346868aa722a7192230d7acd4b4c8	3098
train-00006-of-00008.parquet	000899	6e9f3d157eca9dd69815a41c42f92ff1da5c8fd4	2516
train-00006-of-00008.parquet	000900	4141728f20886b32f375eec9e27caa7690506fc8	3619
train-00006-of-00008.parquet	000901	25476171f15a0b8a62c9375b78b0c31133ad790c	3072
train-00006-of-00008.parquet	000902	3edbdc65bf873a194a490c4570bfa2d5e12bc6b3	3646
train-00006-of-00008.parquet	000903	2e1be35b86ed2d8ef7600d4a50157ff8e27b421a	2586
train-00006-of-00008.parquet	000904	a8831907b30577aff793bcde3f7fca9a53597e5b	2605
train-00006-of-00008.parquet	000905	6dc275073a8435ae943e49644c57691a64a49235	3747
train-00006-of-00008.parquet	000906	c26f5d275e04312e2f9bc1dcc474f281ade74c98	3130
train-00006-of-00008.parquet	000907	33be94e8aec6a74a6acdfb6c2fa9ad868df0a416	2497
train-00006-of-00008.parquet	000908	34e01892c253607492e71a6e5b4d6a3ed81e8927	3574
train-00006-of-00008.parquet	000909	c67abf71fc6d1b87ceee328c110dce3eeea193fc	2924
train-00006-of-00008.parquet	000910	8d69dc442541ab43e442ca2ced2ec4b7c733c82d	3506
train-00006-of-00008.parquet	000911	55fa2c1fd229f0f6e64dfaed7fd1d78fb95bea27	3206
train-00006-of-00008.parquet	000912	83c89e94a84371ab0260784aabe83e42c6131904	2720
train-00006-of-00008.parquet	000913	d0e596c2485da437ccd723bc9f98270de25b94b4	3389
train-00006-of-00008.parquet	000914	6d53caede41085e3d7a8b8b290849f2d31bcd198	3024
train-00006-of-00008.parquet	000915	c62578c8aa091f1e8f7802c1c07d6367126d8074	3415
train-00006-of-00008.parquet	000916	555a76dbb4fcc78736aff6988d90fd66a2e885c4	3138
train-00006-of-00008.parquet	000917	d7b9ee4872446739c74a9b6456fd2f705297cdad	3337
train-00006-of-00008.parquet	000918	3b955b3a67e0f84d4888f827562f9aada0836eac	2883
train-00006-of-00008.parquet	000919	6cb2b254e2f8e86b22aaea048e7319cbead3a2e0	2991
train-00006-of-00008.parquet	000920	deca43dbc4e32c169e23142a738b3105311a47fa	3573
train-00006-of-00008.parquet	000921	3919d21702bd9adf4e5a846518f561ebadf8a377	2813
train-00006-of-00008.parquet	000922	82a9d0f51352fc1e0a7580bc868a95591b3f29ec	3807
train-00006-of-00008.parquet	000923	e7adc5104fb5974432a430e2a5467abf2f58b34d	2851
train-00006-of-00008.parquet	000924	aef4f94c8376d8a6bd8b3ccba5bb56401b0fd0a3	2683
train-00006-of-00008.parquet	000925	6c8d6c5ae44b2d082046118a59c955156bd01eba	3619
train-00006-of-00008.parquet	000926	e90e70406333c369a0707b39585e6439a1b856c5	2809
train-00006-of-00008.parquet	000927	8291d73a5dd786efb7b3b81b47c690673d0acda8	3632
train-00006-of-00008.parquet	000928	2d5dd9bfde6c6f49c6f0cb6acbd2c46eab0a86dc	3175
train-00006-of-00008.parquet	000929	decd2324be4d64346f6557291a7d36643eb025eb	2734
train-00006-of-00008.parquet	000930	56728a487a06046a3fe44402a68adbff7deae5f5	3289
train-00006-of-00008.parquet	000931	444c20630cef8f52ccdb57e969b720e8bcf26da6	3068
train-00006-of-00008.parquet	000932	6a9fa43175ff3608afbe39624ccbf9b72b49aa6a	3470
train-00006-of-00008.parquet	000933	8099b16df8d63e4e219a8431107c8eb14ad328ec	3152
train-00006-of-00008.parquet	000934	4eb110edd5b480876ba544d025299c8ea4cccb2b	3319
train-00006-of-00008.parquet	000935	3b955b3a67e0f84d4888f827562f9aada0836eac	2883
train-00006-of-00008.parquet	000936	fead97e15e0b7fafb93c54e52f9750c7cea8833f	2964
train-00006-of-00008.parquet	000937	169c8f529f5343575c61eb29027e82db9555495c	3554
train-00006-of-00008.parquet	000938	5aa5699be64ec6d7dabe6107712ebc66eef5d34f	3010
train-00006-of-00008.parquet	000939	d73de6256d44c42106dd591a529e86bfe82951de	3776
train-00006-of-00008.parquet	000940	70d690e8715d02d2d3d0a92e53fb9557bebbee97	2643
train-00006-of-00008.parquet	000941	7bb473c7ceb05a21cd7b390bc98363baeb1be25d	2630
train-00006-of-00008.parquet	000942	6512f137561b43fedb2efe53ba92ce4cf48e01a8	2906
train-00006-of-00008.parquet	000943	26830c3e8b9d80ddc17767233ac715824d90ba58	3455
train-00006-of-00008.parquet	000944	84b939e906a53a6e28085b7ba951a843cf95bc0f	2595
train-00006-of-00008.parquet	000945	6d0fa71c77fe03ed6e0c2eb45c0d6d00a6f3e212	2723
train-00006-of-00008.parquet	000946	56728a487a06046a3fe44402a68adbff7deae5f5	3289
train-00006-of-00008.parquet	000947	4dbe9473d5761667bf96cb0f6505844ed085f908	3116
train-00006-of-00008.parquet	000948	051e26ba4f6ecc8d87690374d42bc7b57fdd8879	3474
train-00006-of-00008.parquet	000949	85400934a975f92990bcc7c9ffa9a27b846d8973	3151
train-00006-of-00008.parquet	000950	436d6c94fd4346b32a1242cddfb69b26897b1fbb	3332
train-00006-of-00008.parquet	000951	3b955b3a67e0f84d4888f827562f9aada0836eac	2883
train-00006-of-00008.parquet	000952	14148320c836feeb81688e2e40281b8aa5bb632d	2965
train-00006-of-00008.parquet	000953	690a134961cf0eb583090e30ee21f57db6ac399f	3579
train-00006-of-00008.parquet	000954	618d79e4815bbf9cc52c35412bce0171de4d0506	2865
train-00006-of-00008.parquet	000955	ecdcb00abd7f3c10c2481b89771adf3bdd691e31	3730
train-00006-of-00008.parquet	000956	4941567a95f346868aa722a7192230d7acd4b4c8	3098
train-00006-of-00008.parquet	000957	7d76b37d0949c764385e20cd6ecde8d4f69f7d9a	2530
train-00006-of-00008.parquet	000958	4141728f20886b32f375eec9e27caa7690506fc8	3619
train-00006-of-00008.parquet	000959	f6d98ea6131241a74c0a896a4d05f4573f1f8392	2814
train-00006-of-00008.parquet	000960	c6c83dd927f00694e3439e0adbaa8b37c06fc039	3619
train-00006-of-00008.parquet	000961	6fdd496b0ca02965e2c16e06bba8b0808b56826d	3244
train-00006-of-00008.parquet	000962	22aeeab6cedf40908c32f3de9b36357b476c4960	2826
train-00006-of-00008.parquet	000963	d0e596c2485da437ccd723bc9f98270de25b94b4	3389
train-00006-of-00008.parquet	000964	12928390e1ef97fb2c616d7b269b623591bfffbf	2985
train-00006-of-00008.parquet	000965	2ee79f4ee3229ea27a03959c31bfb56be9042a24	3430
train-00006-of-00008.parquet	000966	3180c1fc5bbb6a2498f704e93d32dcfc4ba9d38e	3091
train-00006-of-00008.parquet	000967	c943f46070937ae4509627523d3e25d5bb0efba1	3017
train-00006-of-00008.parquet	000968	e2e300b7602cfba40152965e5e468daf31849b9a	3357
train-00006-of-00008.parquet	000969	c7bd8e19f96a36b69a61418c1df8b594aed6f522	2971
train-00006-of-00008.parquet	000970	e07a6e68a63053e2222e603dfdd5950bbbae4241	3336
train-00006-of-00008.parquet	000971	35f2e9ebddb73f34c45e667ed59580045cd9a8fd	3112
train-00006-of-00008.parquet	000972	d343dca18fe11d0aa9e6b43190cff60a06ddd28e	3731
train-00006-of-00008.parquet	000973	30f046e4984a21c0aeafe0fca8882ad0f2fde5f7	2540
train-00006-of-00008.parquet	000974	241d9a39336222cb862a97505dfad43b75a9a043	3071
train-00006-of-00008.parquet	000975	f76272bed64dcc167ebd0d762f55fdb6a80f241f	3619
train-00006-of-00008.parquet	000976	4d21b75a57035c7aa84292ac5d8638b98b77ea30	2715
train-00006-of-00008.parquet	000977	37b4de06511ed96e5d8e0a862d6c81742f5e9a71	3760
train-00006-of-00008.parquet	000978	a9973aea80038a00f958b733c193b75164273098	3203
train-00006-of-00008.parquet	000979	b7b50f97d27bf419b932c01b8be91f5c0774353c	2713
train-00006-of-00008.parquet	000980	56728a487a06046a3fe44402a68adbff7deae5f5	3289
train-00006-of-00008.parquet	000981	a4eed6b150941e6badaba4cc935a13d10f4fafda	3119
train-00006-of-00008.parquet	000982	4ce92f612d3332ecc0fe5327112912eed3c10051	3425
train-00006-of-00008.parquet	000983	b33aa1b6d585f989df3f350216e8186f4c3c9f9a	3179
train-00006-of-00008.parquet	000984	c648ab4ab9c9a132657be4ffa9cd486192691b64	3026
train-00006-of-00008.parquet	000985	ccb147340416566121e6a31579cb135689115896	3229
train-00006-of-00008.parquet	000986	a5246255cbd4c182b8e88480c12f9fa45922f455	2977
train-00006-of-00008.parquet	000987	f78c2ccf510b3e639c1562f1a69d73a387010b8b	3408
train-00006-of-00008.parquet	000988	efe15384d65ac6179e17693910f2c8147ca1420e	2989
train-00006-of-00008.parquet	000989	59d0fef87b945fe161e3901f8026296da19fe951	3742
train-00006-of-00008.parquet	000990	2a26c93a7816d68dc9cea8297f15520668ea8d28	2641
train-00006-of-00008.parquet	000991	380094d5a4afa46ec2b0246a99674a70ce0d51f7	2968
train-00006-of-00008.parquet	000992	4a557b1d5b29dd40d8d81c1fb3685815003994c8	3610
train-00006-of-00008.parquet	000993	fbb0ad92070021250b38e0c0e40f744cb8f63463	2746
train-00006-of-00008.parquet	000994	f5adb68aa1b9ba7505ed064129940c59dfa0b68e	3713
train-00007-of-00008.parquet	000000	15a8af42e76fe4fd9958fd414b54655191825993	3129
train-00007-of-00008.parquet	000001	c58bbe7b370ddc6b0bcdd19d63720645f835d7ca	2475
train-00007-of-00008.parquet	000002	985724d2d4b244cae47f9cf9e134d557776d3292	3672
train-00007-of-00008.parquet	000003	d4ea7ab12a10d9e1fa3256cf19be27afceea6f15	2972
train-00007-of-00008.parquet	000004	ad0a68d278f48cbef6b7a4c7db7c308d07fc9cf1	3454
train-00007-of-00008.parquet	000005	87f88dc4e06d13d12e5a4f5aa1531b11c7bc42a9	3134
train-00007-of-00008.parquet	000006	e4c429e39f9b23e2569bf625e0cfc38f0420f538	2887
train-00007-of-00008.parquet	000007	bec1c3842fe50d5d2e6e6af32a01f58a326cc746	3447
train-00007-of-00008.parquet	000008	b04ef7f08810b29e6ec875467595707d25971fe1	2955
train-00007-of-00008.parquet	000009	00cecfcafe9dc0730080058c86cec0c0cf567135	3361
train-00007-of-00008.parquet	000010	b89c661287bd43dd3d0f027bb73aa53a17ea859a	3045
train-00007-of-00008.parquet	000011	20ca3eb683947c93a981610b003b35ec7aa6d7da	3772
train-00007-of-00008.parquet	000012	2a26c93a7816d68dc9cea8297f15520668ea8d28	2641
train-00007-of-00008.parquet	000013	7fca84c864873c966792f667b893e166bbdc3d20	2961
train-00007-of-00008.parquet	000014	4a557b1d5b29dd40d8d81c1fb3685815003994c8	3610
train-00007-of-00008.parquet	000015	06744951afd9f616237bd6bb7a84b9355176101f	2764
train-00007-of-00008.parquet	000016	e39f1f083de32e54919e12804c1f16ef0bdba6fd	3732
train-00007-of-00008.parquet	000017	d533470f2ade8cb10ec19fd7de91b10cef413d20	3215
train-00007-of-00008.parquet	000018	9916e23bbbca939e5380cf8a7dfa1c9b00ffce4f	2630
train-00007-of-00008.parquet	000019	d05549df1faa4d8cdc2dab434b5d746e9c26df14	3621
train-00007-of-00008.parquet	000020	d2a13a0af5995d5980d8145d5a27e0cbece3c51b	2375
train-00007-of-00008.parquet	000021	a1c1e4dcc275fcead9900f1f2473215e65129ae5	2855
train-00007-of-00008.parquet	000022	d9e78d141e94682301581a63187ee77a71bb475b	3622
train-00007-of-00008.parquet	000023	7b4643affed55d71c5bfa3a2f4c8d40e3adb858b	2860
train-00007-of-00008.parquet	000024	9b7fbcbe03e33094c781d087b6198a1eb5e719cb	3604
train-00007-of-00008.parquet	000025	d95d7bca443e0d335c1351c75284a48669325cd8	3186
train-00007-of-00008.parquet	000026	82b27790c6c820618463b7d2c9f79e93c07ced03	2712
train-00007-of-00008.parquet	000027	d0e596c2485da437ccd723bc9f98270de25b94b4	3389
train-00007-of-00008.parquet	000028	25a6e5b131944d34309bc730b50703081bff4e95	3037
train-00007-of-00008.parquet	000029	3c215c876f5182ac0e542af363171e2b3b747821	3413
train-00007-of-00008.parquet	000030	4256819eac63bf42ea7b87a012f08957211a925b	3150
train-00007-of-00008.parquet	000031	5b5fd15ad2855679a3755b7cd6fa9b94b06b3ff5	3609
train-00007-of-00008.parquet	000032	5028958b5ade24ad22cbb95d344b852f05c2a84c	2639
train-00007-of-00008.parquet	000033	b6bfbcf336757beebcc4a8df74498c4dacc5736a	2976
train-00007-of-00008.parquet	000034	a1bea1c41b1676eec7324ca7e18dd157e986c3e9	3565
train-00007-of-00008.parquet	000035	7baf9f770dfc7bec0d4eb5556d70375c462f075f	2817
train-00007-of-00008.parquet	000036	4739d11bb63cda7c6a14a4d6281a2e9af8b85d31	3740
train-00007-of-00008.parquet	000037	4ffa6aa25c4e7e53d1d48a4d0df40a7479a326bf	3097
train-00007-of-00008.parquet	000038	850afb12f38411f3d513188822b8026f0bdba67b	2507
train-00007-of-00008.parquet	000039	d05549df1faa4d8cdc2dab434b5d746e9c26df14	3621
train-00007-of-00008.parquet	000040	4412c3ceede4476cbb39a029afcbe527394815a6	2930
train-00007-of-00008.parquet	000041	784379aa4565624541cf621bf651740339783b3f	3451
train-00007-of-00008.parquet	000042	5dbb5bfb8ddbf494b6910528b573d33f3fa912be	3226
train-00007-of-00008.parquet	000043	e4af632d7bb36ba9cb5338e3daf047e99a281b97	2765
train-00007-of-00008.parquet	000044	717a053c4f9b9911984dfdc96d378b9011643f46	3487
train-00007-of-00008.parquet	000045	56a506e7d222ba7d305bb3704595b0df456ceddb	2960
train-00007-of-00008.parquet	000046	5286028b733af3fd9f677107d400c541cd9f87b5	3360
train-00007-of-00008.parquet	000047	852cacf1d892bec36b2ebef667f0bad23a1c7b60	3120
train-00007-of-00008.parquet	000048	2e4cbf580d14051aa874b3b53bd5e011bf696656	3613
train-00007-of-00008.parquet	000049	e94bbb4c6887e5924375450ee448dbb784747def	2695
train-00007-of-00008.parquet	000050	3188d4ae638a08909382b1119ac13639676505b1	3010
train-00007-of-00008.parquet	000051	3c43061914b49c563dcd196523ae82a069f515aa	3607
train-00007-of-00008.parquet	000052	462f14803da4b2f2ceb3cc593c7c40f012d8e898	3058
train-00007-of-00008.parquet	000053	dbd5c66a27e4fe8d3453d9f083a0eebc4dddc790	3817
train-00007-of-00008.parquet	000054	83994f76df72a9433bcbc8c7173d48f62b478e67	2607
train-00007-of-00008.parquet	000055	1d5418fec6d0bc3e7b2958750ca055e99d1ce7c4	2503
train-00007-of-00008.parquet	000056	273b02a3a83c453574ef7945ccd0a772a9de233e	3637
train-00007-of-00008.parquet	000057	7dc7dafa8adc0abb9bc24c588193215710d72e07	2644
train-00007-of-00008.parquet	000058	c4a5d5cfac099a01a8a194c619ad135473ab2a07	2977
train-00007-of-00008.parquet	000059	8f63c03955b25350540ad67c1a86b60da693fa87	3560
train-00007-of-00008.parquet	000060	8144a76f7d48e0a4798952d695d880a2dc78915e	2889
train-00007-of-00008.parquet	000061	9d0196ec6fade3fbd1c98b858e8c68316dab0436	3722
train-00007-of-00008.parquet	000062	f6648c2d123b3df18a7ef38ecf022cfd717394c7	3164
train-00007-of-00008.parquet	000063	db30adc359e0ebbbf659a2f31d7896acf78e941f	2561
train-00007-of-00008.parquet	000064	e27c40a30bb5192b223dcbf0dd4d66618f9f5cdf	3539
train-00007-of-00008.parquet	000065	a20dc0907f2fe34705beb420e121a5d24c22a21f	2935
train-00007-of-00008.parquet	000066	a44edc19138fd4580605969cddcee2145c4d7ce6	3459
train-00007-of-00008.parquet	000067	e06170281450a76a9f5b166f4a60f500d427b5f9	3271
train-00007-of-00008.parquet	000068	c8b7f48e5640b5619d22f0f967fae42a2d1f5bb5	2875
train-00007-of-00008.parquet	000069	d0e596c2485da437ccd723bc9f98270de25b94b4	3389
train-00007-of-00008.parquet	000070	488e7a01083c8628646ad7c8a5951406a1302727	2729
train-00007-of-00008.parquet	000071	b9706152b5dfb319e79b8c0dce9571fb9830982e	2425
train-00007-of-00008.parquet	000072	985724d2d4b244cae47f9cf9e134d557776d3292	3672
train-00007-of-00008.parquet	000073	9324f312b4b884623b849573af4b24ed7844708b	2944
train-00007-of-00008.parquet	000074	a44edc19138fd4580605969cddcee2145c4d7ce6	3459
train-00007-of-00008.parquet	000075	c46ff9c0a3a78974329eca81a302ad86c609ad24	3133
train-00007-of-00008.parquet	000076	7b3050e0cec1c6916866d826cb4bb342775f9daf	2862
train-00007-of-00008.parquet	000077	bec1c3842fe50d5d2e6e6af32a01f58a326cc746	3447
train-00007-of-00008.parquet	000078	8246af60edd98eaa83c278438f5794d38efad91b	2990
train-00007-of-00008.parquet	000079	1538b2e10f44fffc47c332b6b9b4bab641ae548f	3342
train-00007-of-00008.parquet	000080	a5ccd11c9bcc49ac7007837c431af0f062f433d5	3302
train-00007-of-00008.parquet	000081	4d29aea706622ed1d1cb0b59e6af9ea2bf810058	3674
train-00007-of-00008.parquet	000082	eaebd38573263699b3997309be5ca50a24edf9ad	2735
train-00007-of-00008.parquet	000083	691390ebc8ee6edf08c6464bec0a7125dbafc81d	2431
train-00007-of-00008.parquet	000084	a88fb3d7b80a46cdd8e5665e0555a53cb355018f	2926
train-00007-of-00008.parquet	000085	bec1c3842fe50d5d2e6e6af32a01f58a326cc746	3447
train-00007-of-00008.parquet	000086	3bfef1a64030c824e120ed192c195dae6c33e0b5	3147
train-00007-of-00008.parquet	000087	ad07d989c822e059aeb0c90c79f9ec015412e934	3397
train-00007-of-00008.parquet	000088	1d8c3a129692d12fc2c106be527a8613a0b48e12	2500
train-00007-of-00008.parquet	000089	d3936a4d09dc733ed15a039f70f63691956a6e9d	2805
train-00007-of-00008.parquet	000090	5ca6a8664e7ada3695bebe2ad848d465f7b21f3e	3433
train-00007-of-00008.parquet	000091	f5ca773e5883ac3fcd3edd1acef4f702e1a8a5d4	3160
train-00007-of-00008.parquet	000092	ac90b3a2de12d12888cd9ffc2b62b11992c9a38e	3106
train-00007-of-00008.parquet	000093	ccb147340416566121e6a31579cb135689115896	3229
train-00007-of-00008.parquet	000094	b1012c206b8879f9470b30bf913cb9c2fd35f740	2999
train-00007-of-00008.parquet	000095	87df765b1ccf9e1cf2f4da6f7053d58be3015910	3528
train-00007-of-00008.parquet	000096	889dc77639d30733ae9d9bf69606cf3d7e87d452	2872
train-00007-of-00008.parquet	000097	b1607b45776bf322950abf1bbc22a8fc8a267b13	3807
train-00007-of-00008.parquet	000098	e7adc5104fb5974432a430e2a5467abf2f58b34d	2851
train-00007-of-00008.parquet	000099	2aa2d2bef3e32f5e741326406a561b63cec8aaa4	2748
train-00007-of-00008.parquet	000100	6c8d6c5ae44b2d082046118a59c955156bd01eba	3619
train-00007-of-00008.parquet	000101	d4d923f3b03db446bcfd4dc7416fbbf53fd97d53	2800
train-00007-of-00008.parquet	000102	a1eb2e22046e984e420b18161cef250af3536b86	3638
train-00007-of-00008.parquet	000103	4d0c8d917a5ef432d0b58ca46c26e069d69fd57a	3163
train-00007-of-00008.parquet	000104	52bcca1aaa3233f97a3e0ffec006c8075f3824f3	2740
train-00007-of-00008.parquet	000105	56728a487a06046a3fe44402a68adbff7deae5f5	3289
train-00007-of-00008.parquet	000106	c3d297ff8a7f76f6488f5b71b20dc05ac1fb7698	3205
train-00007-of-00008.parquet	000107	78149dcb049781862c7efd63e635bebabc96f11b	3465
train-00007-of-00008.parquet	000108	b495ba1cba455affaa8f22a8a765ed372c4fa6eb	2600
train-00007-of-00008.parquet	000109	dab229e747e2fdd4d07383d75a9efaa272a2c727	2636
train-00007-of-00008.parquet	000110	37690187b1495d796a51be458d881c4a5c2ca0c8	3626
train-00007-of-00008.parquet	000111	234cac8f570412d797cb2ee70600bdde835f9eca	3213
train-00007-of-00008.parquet	000112	ecc1ab3e8c9f618fc90dfee29a9881989adeef79	2733
train-00007-of-00008.parquet	000113	56728a487a06046a3fe44402a68adbff7deae5f5	3289
train-00007-of-00008.parquet	000114	2bc18ad50f960dd552c3f8f48a0cc682e1610582	3149
train-00007-of-00008.parquet	000115	e9559336901d763cc95ea9a7fd9149ccbf021e7a	3423
train-00007-of-00008.parquet	000116	54ec2ad7336868a6a33cc9f34c8ab7dfc1cfcf80	3063
train-00007-of-00008.parquet	000117	3df1bc0c84dd41ab0efb895064e9067322ab3812	2887
train-00007-of-00008.parquet	000118	bec1c3842fe50d5d2e6e6af32a01f58a326cc746	3447
train-00007-of-00008.parquet	000119	35aefb251c309e6751c6395f2d261f92d7d6b7b6	3020
train-00007-of-00008.parquet	000120	a0c2757a848c41701a21ffbc968de82450fcb17a	3359
train-00007-of-00008.parquet	000121	82addc6406cc95107f583b974f98bc0b7635e21b	3070
train-00007-of-00008.parquet	000122	3fb42347b35da00e43441909a0b0c51e5f78b7da	3781
train-00007-of-00008.parquet	000123	2a26c93a7816d68dc9cea8297f15520668ea8d28	2641
train-00007-of-00008.parquet	000124	b8018eb86c612165259038117b5d99948b167c69	2983
train-00007-of-00008.parquet	000125	4a557b1d5b29dd40d8d81c1fb3685815003994c8	3610
train-00007-of-00008.parquet	000126	37cea12277379b27ac92e2608cb3c80014a13395	2732
train-00007-of-00008.parquet	000127	714892e36ae990ca132ccb60b2e51e9615915a68	3717
train-00007-of-00008.parquet	000128	0318319601a2ec971d9476af1dd4e43245d3f56a	3189
train-00007-of-00008.parquet	000129	f1d2ccbc5c6b26076057e253f0589cb384cce2d3	2659
train-00007-of-00008.parquet	000130	fe17d18a769b94002f0d2f6155f1c1ffb4264c97	3413
train-00007-of-00008.parquet	000131	acd9b79084bdac476ffcdaac77accb5673ee6e27	2436
train-00007-of-00008.parquet	000132	9090e4754692d2b8dc596719e028f7fadde4ba69	1265
train-00007-of-00008.parquet	000133	27fce1690e77272884c42baeee04a976f34a83a7	3189
train-00007-of-00008.parquet	000134	d56f5ef16e94793358e49a21ff4bbdbc624d74b7	857
train-00007-of-00008.parquet	000135	e3cbdd10d8d95de4a5a86cb63d88f4900e89ef03	1537
train-00007-of-00008.parquet	000136	b7c50cfe0f18ad180276d2c5756401b8011dedcc	1986
train-00007-of-00008.parquet	000137	810fef9f5e159c7f2c7c690986b18fd6bd2c4e73	940
train-00007-of-00008.parquet	000138	470e71e46cef31787cbbaa948be71a43d725b3f6	3161
train-00007-of-00008.parquet	000139	364f27b668c6951efede57b5989ce27618cdeb39	5112
train-00007-of-00008.parquet	000140	b406f8472acefc424aa4578b7aa669e476b26363	5448
train-00007-of-00008.parquet	000141	07a95c40426491ae59584f0b4fac7069d466e2fe	3012
train-00007-of-00008.parquet	000142	b9a2b9ede417aa300169544951a5ca71ac46df8f	4107
train-00007-of-00008.parquet	000143	6c38bf1622d93e4604e59400b6ce1d9de8c8d4af	19
train-00007-of-00008.parquet	000144	f93aaad3829d02c78251f3fb98c64e30b224b946	3547
train-00007-of-00008.parquet	000145	37e9366dbab40f5a7109f01851f8af580768431f	2062
train-00007-of-00008.parquet	000146	0868320546eab7ea8fb19b7cc423842a357d5fa4	3576
train-00007-of-00008.parquet	000147	3f4124ee0a66cb8b39dcdef69d06dc13f7464c41	2064
train-00007-of-00008.parquet	000148	b38a59b0b3fc90db2c1fbbc62b554570bb3716f0	2104
train-00007-of-00008.parquet	000149	cf8a53082897823ba54e1313b01aac0cd4d40bc2	6856
train-00007-of-00008.parquet	000150	7a4fcff767e5f0410fa44eb6235f71caef6b3f30	4376
train-00007-of-00008.parquet	000151	87eff702bdd2eeb69aadc33f8c485c7d6d6633a9	3491
train-00007-of-00008.parquet	000152	b24def0be0637efe064e1f880f91957ed8fd4f07	3614
train-00007-of-00008.parquet	000153	a14eaa42442ef491c7c926a24a4df1bf80cd75be	891
train-00007-of-00008.parquet	000154	8bc1da9b73a288ccfc92805dddf9359c56489cfe	3916
train-00007-of-00008.parquet	000155	30dbb322885dee918f234ef02acefbb1cdfe150e	3300
train-00007-of-00008.parquet	000156	d17d3f21488cd1846e217f7eec2cf224cc6689c9	3047
train-00007-of-00008.parquet	000157	4e800db37ebb468ab34ef839ba299009526d03f5	677
train-00007-of-00008.parquet	000158	6b81ee625401ea03f919b4ef07646c5e4fd7e7f4	2177
train-00007-of-00008.parquet	000159	ca35c98c0c5cecf19dac5a8d73a16aa7f5f85999	2589
train-00007-of-00008.parquet	000160	d904c601e6ba2a6764bdd51b394a1f953a6ee914	746
train-00007-of-00008.parquet	000161	1de4f47f16922ff3dedfe107f8c2ff1a94d34b93	3366
train-00007-of-00008.parquet	000162	b2ffac3112c0c708d4f41e555696f003f9d59be8	3880
train-00007-of-00008.parquet	000163	ecdf68ee6a4c0e20d010622e3d5d3c59ece3812b	4057
train-00007-of-00008.parquet	000164	db8e30ad20a011b2bf26d56367b59af243de3434	4533
train-00007-of-00008.parquet	000165	a2ae532045c34dc8fea4d01a26fd46e8ea1ab774	3705
train-00007-of-00008.parquet	000166	ee8ae36ff43fc55025eab7464b91394d2f588064	3629
train-00007-of-00008.parquet	000167	07db13ad5798dc619fcbf889f10b72a647a89104	4247
train-00007-of-00008.parquet	000168	2fec7871cb3b0fcda01b4eacc28fe953d06219f3	4076
train-00007-of-00008.parquet	000169	1f9a21d6d0e0f6b4c59c75da462b33e81bb083db	2738
train-00007-of-00008.parquet	000170	83aec2dfb6c20d65a55727e4a1ced2fe37c1ada0	2853
train-00007-of-00008.parquet	000171	75e93b24179aaa7405ea72f2ede7a9c455e70e44	3601
train-00007-of-00008.parquet	000172	fb94ca99e246f98b28f45b1d690315e75374d448	4017
train-00007-of-00008.parquet	000173	8c4be9d72cf71f068b1f80820f7ed2828de6321d	4016
train-00007-of-00008.parquet	000174	d5f713b62983a22be8afb86e78b2fbb0ed01c004	4316
train-00007-of-00008.parquet	000175	cea447e384e2177953cf3c42a9ab2efb82ca4ba1	4697
train-00007-of-00008.parquet	000176	521c32a45dc320247137a231d027abaa1ab967e1	4440
train-00007-of-00008.parquet	000177	530473fa35d2d268a89cf4e050f4c762fc7c4307	3792
train-00007-of-00008.parquet	000178	0153c4ab9fb8b0433b408e178fe9cd8be71e93b5	3578
train-00007-of-00008.parquet	000179	297c301cf8dfbc3b503f4b0ae378d67193efae3e	4105
train-00007-of-00008.parquet	000180	35076c3f408130275954cb9e8eba659bf7ac186a	3776
train-00007-of-00008.parquet	000181	5c13d52a612593b1eed096268930862247a8c3b7	2130
train-00007-of-00008.parquet	000182	9918999d5f0733b6e85103d2d0d946f507c9e4fa	3445
train-00007-of-00008.parquet	000183	d79dc54941318bc73f4ca54722c3dd6e9a847b0f	3359
train-00007-of-00008.parquet	000184	a1d23c6ecb5066caad441ee19d4ea87a0598e10d	4223
train-00007-of-00008.parquet	000185	c402ac64c3fd5cf488bac8442e4c842452734993	4696
train-00007-of-00008.parquet	000186	bfa2809a82882411525917a84e4859a49f7433e5	4444
train-00007-of-00008.parquet	000187	fba6e1632f6fea72f633ea8845c8cde5ecbcfc94	4643
train-00007-of-00008.parquet	000188	d804600bf70f0d646b4641943dd4bb9b3ce2c9df	3675
train-00007-of-00008.parquet	000189	546bc9d328452f3f30c33dea88587dea0af31587	3730
train-00007-of-00008.parquet	000190	401109dd86e7be04bd1992ca4ead3d8a2526dac8	2142
train-00007-of-00008.parquet	000191	7d4202a5122db5eba0045f715dab1c03abdf9138	4100
train-00007-of-00008.parquet	000192	7fe17ba083e84f2c8f89b70b5df4a06eaa049678	997
train-00007-of-00008.parquet	000193	3d40ded0d4de3a7e038cd66b567d3aa73b2fd8bb	1884
train-00007-of-00008.parquet	000194	a0cb0a0ec66fb392409d7407ae1a788c0d95e4a1	1881
train-00007-of-00008.parquet	000195	4936e7c7a01c330ebfe0c675317f51d197bf7305	2600
train-00007-of-00008.parquet	000196	e2df2f26487ec08e1e4566e64e2e6a8cb3234d71	2176
train-00007-of-00008.parquet	000197	d1e73159fa48b295b23e65dad6e0f59cb7d04881	2068
train-00007-of-00008.parquet	000198	03d13ec5f5650454831d584e31b866bc2305f7a8	3280
train-00007-of-00008.parquet	000199	f9abd88f064de1b760275e4a9e408ba2b205c590	3668
train-00007-of-00008.parquet	000200	77ec76cc5aee6ae1331e08e5caabf3baac1167b7	3949
train-00007-of-00008.parquet	000201	c3791483e1ca34b41488f7481a03c9f68fb4e196	3454
train-00007-of-00008.parquet	000202	6088cf097684ff360c8f5daebc7a6383f42715f7	2017
train-00007-of-00008.parquet	000203	ff0757a3c05361173952d681bfdb9d76c716afad	3699
train-00007-of-00008.parquet	000204	2c7ffda38641cb47ac4218040fe6641c3801d302	2224
train-00007-of-00008.parquet	000205	60e66e19d1f0d649007017899174e651bbd9f6d3	3937
train-00007-of-00008.parquet	000206	c0f84b78d9bfbaed425d3e465a094407c367627b	4934
train-00007-of-00008.parquet	000207	db46dea2c410113073ddafcc8d1f8b53979e4130	4557
train-00007-of-00008.parquet	000208	c06a3667224f7dce4c01b453ae6c6e062ced96fa	4930
train-00007-of-00008.parquet	000209	3ef7a580fe2c9180627fb7ff6506b5b81b8c1b24	4575
train-00007-of-00008.parquet	000210	73a0abcfafb40b42f3d06deae4c7a13fe17a36dd	4870
train-00007-of-00008.parquet	000211	462038a281fbb9215c4688863ed5ba8abfd09c60	5023
train-00007-of-00008.parquet	000212	2c0eeb797edc2bf15fa0ab0d77fe2e12064bbaca	4420
train-00007-of-00008.parquet	000213	20f9a98ef79250fcb900e077b3b4a0901b9752d2	4270
train-00007-of-00008.parquet	000214	41abcdd20e1ab25b26d2fd9eec6c4c9ab36c03e1	4058
train-00007-of-00008.parquet	000215	794eff0abb1ebcaaa890610305509a4d741815af	3802
train-00007-of-00008.parquet	000216	9eb733e4691fe9ead1b149619135839b51ae041d	3769
train-00007-of-00008.parquet	000217	35a32631717bbfa3d7dae5b3f696ab7042cad4ae	4210
train-00007-of-00008.parquet	000218	fd424f0d36256cf5e7309c38f27ff0d8d4634fc5	4152
train-00007-of-00008.parquet	000219	04e71c9dc2823333f86308ba510630ec17d93c41	5447
train-00007-of-00008.parquet	000220	2fd84b349ca5b0ae0e3e8a75b447bb1de0ac08e5	5250
train-00007-of-00008.parquet	000221	cc5ea8884fdac64e08378919d4e4c29f9cea15d2	2682
train-00007-of-00008.parquet	000222	ceebadd6f317c4ddb7eb2e123d1609944ea1b1d9	423
train-00007-of-00008.parquet	000223	964fb76c8d49c01158920d23c0c026c65a43ce8c	2327
train-00007-of-00008.parquet	000224	8c2f06e3f0f929b4f0bc8cb0f3416f4a474b69a0	2314
train-00007-of-00008.parquet	000225	5ae8ec80cb50542a8c72caf20514bd43f44fe087	3248
train-00007-of-00008.parquet	000226	61bfe42e01575a614964ad1959672e1d61d4f1bd	2179
train-00007-of-00008.parquet	000227	de3c185c91d88c456e0fbcc8d3769bf37c6c630b	3139
train-00007-of-00008.parquet	000228	3c5ea8144bfa418c982608d4f24140af4c6b6c4c	2700
train-00007-of-00008.parquet	000229	340fa36daf4629b886d00b891be321569270111e	3017
train-00007-of-00008.parquet	000230	a026f2c254672333af7d1e4c38806c6ffe4a0c68	4727
train-00007-of-00008.parquet	000231	b4c5bee314e75dbb1f68b913f6aa92ebc62b0290	5177
train-00007-of-00008.parquet	000232	a358b209d7527abc599b0cc7b5c2efa1b784bfbf	3631
train-00007-of-00008.parquet	000233	e77feaa693c96ff03226fcb6bba3123b5cae9c12	4582
train-00007-of-00008.parquet	000234	b2f5e5f2fe76266114a4caa24decbbef93b6f14c	4583
train-00007-of-00008.parquet	000235	0088dcbd99c234224fe3a5eb8f86b010f72611c2	4380
train-00007-of-00008.parquet	000236	1d627ac429692f400578b64ef3b74de4e99316a0	4851
train-00007-of-00008.parquet	000237	f781102571a9ee0b6179d5438852314bb31ec2ee	4553
train-00007-of-00008.parquet	000238	8cbae18112fa4e0ea6b99eaaf653b6fae09ed019	3699
train-00007-of-00008.parquet	000239	55fb4fca30a1660ee62f78137d9a296335c07d36	5163
train-00007-of-00008.parquet	000240	eba66a8d21f52e3c07448faa7f40364ea7e7b617	3495
train-00007-of-00008.parquet	000241	29e82aa605c5d07a76cd98eb90cb8433f3db30a7	4269
train-00007-of-00008.parquet	000242	4c161c0778f489507fc018afd1a57cbed05550f0	4730
train-00007-of-00008.parquet	000243	e30476a11ddf813bd3309348809e71f02ea3305a	1049
train-00007-of-00008.parquet	000244	0bc224eed1869f4b27caa35b71b0bba486e54299	4424
train-00007-of-00008.parquet	000245	ff16d849ffbada688304398e1a2c13009a7714da	3836
train-00007-of-00008.parquet	000246	e55073385d9eca8fa5fded6aac9044c0e22dbb37	3552
train-00007-of-00008.parquet	000247	a4a9337b8d6d3d494a3ca36e12c619f21767b5ee	3268
train-00007-of-00008.parquet	000248	b36bb287366bace04c39fb6592edf7ef3ef0c700	2320
train-00007-of-00008.parquet	000249	935cb990a4a20922060ecb7801773ed2a494e8c5	3779
train-00007-of-00008.parquet	000250	ebe5c62bec9d682c2b5620f60e3d079301ccca74	4360
train-00007-of-00008.parquet	000251	a60469469e675a603545b716879a48a1efb3254d	5073
train-00007-of-00008.parquet	000252	20dbcaead8c9b1c3c6bd28f7bec7c8f1adf47fa0	4108
train-00007-of-00008.parquet	000253	b58302d1a09e4d48f80a9fe00f33d2293a7c9390	4494
train-00007-of-00008.parquet	000254	dec5b435dbf41fb1c0a9f878cc3656d7f346af3c	4109
train-00007-of-00008.parquet	000255	0560ce9edae3707ebc4553bc4c2eeb781bb6709b	4688
train-00007-of-00008.parquet	000256	a068eb9f8511e645e3520ef93b762d33c52f44d2	4632
train-00007-of-00008.parquet	000257	06f50656222a32c16ccaa247fae0793347f99ef9	5246
train-00007-of-00008.parquet	000258	391af5f9418bded2a3d28c5d43371ea27cb4e9fc	5077
train-00007-of-00008.parquet	000259	bdcf24f7a6d5292182984c940ccdb30be76fb9bf	3993
train-00007-of-00008.parquet	000260	2b5bd1b7b8954708d408ef7994d1611311595ee5	4107
train-00007-of-00008.parquet	000261	162b5786b86c2b03f21507185a955310b90662be	4134
train-00007-of-00008.parquet	000262	4d146350a6e30f9805603b77845d805180fd89ae	1386
train-00007-of-00008.parquet	000263	495cf21129d8b5095fb5cf2ecc8cd445e2cd8683	4058
train-00007-of-00008.parquet	000264	199e2bd5de4a2ac91cd60781b7f035afa7395c78	2628
train-00007-of-00008.parquet	000265	7f7aa47f59738b3f08f504a8d5f07fbf9d9062c6	4341
train-00007-of-00008.parquet	000266	52f9ff04ee99c1d17508ded346f342859ea0f429	4668
train-00007-of-00008.parquet	000267	5082f0a55907b80e2f61542c32694d5b6dc044b1	1169
train-00007-of-00008.parquet	000268	5d94a82dc21cfe02bf3ea602c0911bccd60d3359	2244
train-00007-of-00008.parquet	000269	18f2fadbc07a69cf1620b169d69e7b067644f270	2992
train-00007-of-00008.parquet	000270	e23adcdc44623f8f914b393aa9373f43d11ca44c	1374
train-00007-of-00008.parquet	000271	3e64c5f3f2774aa7df15a3004831a66a9f425bbf	3284
train-00007-of-00008.parquet	000272	acbb4457e566a4e522e386bec2ada4dfec0345f0	3728
train-00007-of-00008.parquet	000273	a73cb226808d48c0484d3d94b42533687d1daf67	2743
train-00007-of-00008.parquet	000274	4e5d3620492c87cc59fea5de2bcc678eb8e2ba39	4787
train-00007-of-00008.parquet	000275	1d3e3e7f6dc4080e03938a24e829c961b382bfcc	3885
train-00007-of-00008.parquet	000276	f5cc9bf391bd2978516cec420cbc215bc1a32ef5	4084
train-00007-of-00008.parquet	000277	67aba53fd1c9b28807fdd511dafc3ddd6c2fdeb6	3717
train-00007-of-00008.parquet	000278	d46aa94bc7f9844e7a3cea11fb86a86f9b76a1bc	3462
train-00007-of-00008.parquet	000279	37688c0f950fd31d5d8d2f43bb07ab17efdf0681	4454
train-00007-of-00008.parquet	000280	a9036fac81b922da17c00cca5de2047020c50bae	4807
train-00007-of-00008.parquet	000281	2cc074b95865293fbd5635745ca26f1e6dbe1417	4150
train-00007-of-00008.parquet	000282	afcdfa8c6f3b0b0dd667dff8000cbb336709cffe	2798
train-00007-of-00008.parquet	000283	6bc79e371cd12b1291fec40f80f692ba490af268	2551
train-00007-of-00008.parquet	000284	fca0404757be3de60874563c8285faab104bd6f8	180
train-00007-of-00008.parquet	000285	60a7486c0efbcefe43b87a07303e59d7df714e4f	2622
train-00007-of-00008.parquet	000286	5b472296a3d587a08bd6f682bf03b5e30cdd5c04	1245
train-00007-of-00008.parquet	000287	c2e6498a50b8b2912d29c731b76d378afae98920	1913
train-00007-of-00008.parquet	000288	de9c0965b4e706eb9b0bfb42451398fdcff716dd	3067
train-00007-of-00008.parquet	000289	c48d2f510361b1a47ff3c17bc92a5946d97ffba6	4180
train-00007-of-00008.parquet	000290	154d7fb365920d0e289d50473efe35ecb2cc90de	3207
train-00007-of-00008.parquet	000291	6720f2d187305c1d7a3166e1acc556dc9b479442	800
train-00007-of-00008.parquet	000292	efe27005566c9ee37f6624b473e7b452dd37b7ed	199
train-00007-of-00008.parquet	000293	c9ac993021c7f676a6f56e5a7a8d421807a5b2e6	2043
train-00007-of-00008.parquet	000294	dae0ee327458f48cf366472e94ee019d203e5cd8	2105
train-00007-of-00008.parquet	000295	d8dbe25fda211032552d8f4cbcb6ea1c1099e795	1534
train-00007-of-00008.parquet	000296	745fb111f0bbbf248793c4b9d198af956345c57b	181
train-00007-of-00008.parquet	000297	cf847d3a427a53d91dc8e1b3c1a4cadbca84b1c5	3553
train-00007-of-00008.parquet	000298	fcffdac006c87a33e7153d43e04f5b9a2ec34302	4891
train-00007-of-00008.parquet	000299	4d461bdc295f6fc225e1d992a03607d9c942a14f	3734
train-00007-of-00008.parquet	000300	5d05400f4149be6ee61b55c1810becd48a14ecd1	5029
train-00007-of-00008.parquet	000301	d8583db22a376364475db21f39af0a060b743d1c	5133
train-00007-of-00008.parquet	000302	bcfdfa82c1693fb0c7886e77d297192692ba540a	4052
train-00007-of-00008.parquet	000303	21011dd5e50ca21f65e91b6bbac1b8f52687e116	4258
train-00007-of-00008.parquet	000304	00ac105f04e892791a5f0fb2a897e8fb9a286cdf	4960
train-00007-of-00008.parquet	000305	8c02732f6d533b605e1ea42f8d9e0bff463c8e24	4797
train-00007-of-00008.parquet	000306	a2bb148e1c6edf65faa53aed5964e5e59bde7e5b	4870
train-00007-of-00008.parquet	000307	fbc78a8fb3dad5f12aaa228f7f5762b88700fa39	4705
train-00007-of-00008.parquet	000308	a361c172502bf301390cdbb8f18aa4f99f2913e5	4658
train-00007-of-00008.parquet	000309	6a5929f0b4567f8e279a4025e931331412170156	4283
train-00007-of-00008.parquet	000310	f9d3463ed88c36295244f93afd2ff483e553204a	4903
train-00007-of-00008.parquet	000311	a96f74af4d4fdaa9001ff6ca1eff7c1ae101e007	4706
train-00007-of-00008.parquet	000312	5c6abc3d9abcf1211847067221d54f514683f86e	4617
train-00007-of-00008.parquet	000313	3db208e696e1f8d2a3fc46d8cc6d2c7b913df19d	4239
train-00007-of-00008.parquet	000314	48d13aa0ebead5cf7a99924aa2f4753cfeca8e1d	4330
train-00007-of-00008.parquet	000315	ca03f9d900f967fbae31f27fdded9eca94dcf477	4705
train-00007-of-00008.parquet	000316	2b9d6b51d69ca00bd780ab1be76ecf68ef5f38a2	3867
train-00007-of-00008.parquet	000317	d1a4f43996b298272625beb87964a80e46f993bc	4594
train-00007-of-00008.parquet	000318	9a3b24ed519332074cfa3b011349e009a360ead9	4269
train-00007-of-00008.parquet	000319	40c4cded0197f73f58608556b55e4e66008c1a28	4833
train-00007-of-00008.parquet	000320	698b3a06aee90216202f1ed49195e94e9f24357d	4698
train-00007-of-00008.parquet	000321	41e10d4fa456dccb9a9a31fbbbe107d0b60e87b4	4703
train-00007-of-00008.parquet	000322	498de2ac5ad8ed2f6deeba09bb55da964e2f0bef	4389
train-00007-of-00008.parquet	000323	789aa85f826db3191612028efad2184fc16cb7eb	5009
train-00007-of-00008.parquet	000324	a66b1e54225a899f977308907a5e2f1c9756d992	4763
train-00007-of-00008.parquet	000325	bddcb8e81405c4c766d86d2d6d302a9d58c28cea	4900
train-00007-of-00008.parquet	000326	81c78c6d070ea0b5de824a8e9e7c395c6e78a9ed	4517
train-00007-of-00008.parquet	000327	6573c96104517373084f9bece6483acb338fd5a0	4550
train-00007-of-00008.parquet	000328	8337863fccb0977be4ede70b13d656c81d1fad72	4703
train-00007-of-00008.parquet	000329	cba1b817afcabb49c039b9350e53ebb1bdbdb459	4659
train-00007-of-00008.parquet	000330	a6a684dc6edb284500863278aabe1d11f02e320d	4218
train-00007-of-00008.parquet	000331	678bb56ae606779aad644cf821b78266dee80ee9	4175
train-00007-of-00008.parquet	000332	0ffb52cb7dc0b4dd8a7f9047beee63abced8f6ea	4830
train-00007-of-00008.parquet	000333	4cdd45afb7f1d34f7d6167a9f754abf7154e4d4f	4126
train-00007-of-00008.parquet	000334	abac7674b3f3fd3e51456739b18bc7430cb24e79	4054
train-00007-of-00008.parquet	000335	a36e6a534193b24dc5a03aef98f1e9aad8a22ffd	3866
train-00007-of-00008.parquet	000336	320ebbd94cd80641b00a47f4519c6bc8fc410582	4478
train-00007-of-00008.parquet	000337	439b2f126327c387e04eaa08289be47a36ec9f52	4845
train-00007-of-00008.parquet	000338	65796f3d40822a6c8007353190e0caf4050ea8ac	5054
train-00007-of-00008.parquet	000339	65167ba757c05651768ced6a3f8c42b35aeabf6d	4799
train-00007-of-00008.parquet	000340	84cf1c6806f950c6d98bdb8bdac4819294f9fe3f	5009
train-00007-of-00008.parquet	000341	eb06ef4baa93fdfc0ee16c37362eedf4185b1a9e	5077
train-00007-of-00008.parquet	000342	f308018ff0021132f21136602374569a3bad40af	5051
train-00007-of-00008.parquet	000343	3a0e7f282634ad6117dbe3c00ba53862b9dd6c5d	4398
train-00007-of-00008.parquet	000344	c25bf699caf9bd9aeb64af28495e954307424714	5124
train-00007-of-00008.parquet	000345	bf6362ebd48c7d1de18f69fdb6b23d39cd5da357	4989
train-00007-of-00008.parquet	000346	22a22f3f52a52a97e1ec8859b1c7c03b1510113d	4762
train-00007-of-00008.parquet	000347	724f2a296f1073bae36b646623d179c919916b04	4385
train-00007-of-00008.parquet	000348	5890128bd8e28c1d2edf23f6b49b0a0abd4138f6	4273
train-00007-of-00008.parquet	000349	ef1d135689bf8c15fe2a753c37bdbfd24107fc75	4351
train-00007-of-00008.parquet	000350	6030c4c1a16d0792839a172e04b7c0d2f9f989cc	4044
train-00007-of-00008.parquet	000351	8ae3e07da865e71e4c320b430887a077e947c5f9	4657
train-00007-of-00008.parquet	000352	32533d5b660b0e7723f4fc39f5130cadd242cc1d	3847
train-00007-of-00008.parquet	000353	e95e4b2e3ab946cef14161c70cce37f930e5999e	4339
train-00007-of-00008.parquet	000354	1222babad2e8411de29fba71b106b5ff165dc1f5	4348
train-00007-of-00008.parquet	000355	260dd18aa9ae7a17552b8e9b7a19a8665f77481b	2973
train-00007-of-00008.parquet	000356	7bec26bfcebdf46afb0f92f40495637fbdcb1e8a	2718
train-00007-of-00008.parquet	000357	5d38a3802d65aecbd8b5c34054054a8d662d3106	3681
train-00007-of-00008.parquet	000358	140bc365ce0f1265e52270934b5a7d658ceb52cf	3372
train-00007-of-00008.parquet	000359	3548e0637eab004fc6a4c51d181d470b8cd6cd1e	3223
train-00007-of-00008.parquet	000360	3cf9c107466082ba2d5b4b37109e5af59aa7ab0e	4264
train-00007-of-00008.parquet	000361	83d5cfd6dbddab7c6c3161c1b829bfc664e846d0	2686
train-00007-of-00008.parquet	000362	93779edcfe4d7bfb506edcafddcacf27a4d95b78	3110
train-00007-of-00008.parquet	000363	c89201accedb4e5a09150ab6868e9b4925135caf	3857
train-00007-of-00008.parquet	000364	60769cc8222805ce18c84f118b49472298d624c1	2253
train-00007-of-00008.parquet	000365	2f0b026df820556c2cc0b969abc63a6458bcf5b2	5307
train-00007-of-00008.parquet	000366	59588bfbd72acc147db4ddc35be0ef69c4060dbc	2205
train-00007-of-00008.parquet	000367	df1f1ed1f55226db67a639a1f4eb0bf105187857	602
train-00007-of-00008.parquet	000368	25e7497d65432dccb0131e22996e99f43bb2a67a	4171
train-00007-of-00008.parquet	000369	850301993ca8d4310f8ab2af1176ab1335375b0c	4576
train-00007-of-00008.parquet	000370	d58cb360c8b1c44bf5fd486bccf0baab95340ed6	5150
train-00007-of-00008.parquet	000371	92306c73ad35d01c3f8b96624bfef41812e3f5e6	4532
train-00007-of-00008.parquet	000372	ee79c03751998aa905cb64d447e82893dc4436a3	524
train-00007-of-00008.parquet	000373	2aa6c0708ba261c1004afdf9aacc02039bc00941	217
train-00007-of-00008.parquet	000374	abb168b2770edfebcb05ba025274eb2ecc9d7e44	110
train-00007-of-00008.parquet	000375	95131e33b1def0b483e3ad38867aedef4f642b9c	4027
train-00007-of-00008.parquet	000376	ce341e4b9c5257510074388ef802ad4c074cc6e8	5256
train-00007-of-00008.parquet	000377	5a3d995a94b05de5942f141c9aa34c4a6399aa3e	4506
train-00007-of-00008.parquet	000378	e2e94e0e2a5193053cc8b9c718bb455e751716cc	2784
train-00007-of-00008.parquet	000379	8bbb06bb70148519655e801ff2554c8650ebebc3	2617
train-00007-of-00008.parquet	000380	d80b3327b2759f50b5111b1a1d50e630ea0a0538	3572
train-00007-of-00008.parquet	000381	213dbe7f750e04b242f1a465f5bc66c7186520f8	3466
train-00007-of-00008.parquet	000382	e1ad67f1d49b19cf17037486d0d5f8af9952fb47	3468
train-00007-of-00008.parquet	000383	5646dc3bc126a7bc754fcf651c1356fa4ae1c6ac	2191
train-00007-of-00008.parquet	000384	f20ea4afc28a2395dc1f15c88abf24d1d4108aa1	2232
train-00007-of-00008.parquet	000385	c0ad691598e3c78c6d6553ea00c3b5cc2d5f9887	3044
train-00007-of-00008.parquet	000386	5c028befeae62d0afed66388c9fb33d3df3e869b	2723
train-00007-of-00008.parquet	000387	b701adf521eb22834e867eaa350c126ec537869d	4213
train-00007-of-00008.parquet	000388	32b88a3c03d1e6634a288dfd1ae362129fe9c0ff	4410
train-00007-of-00008.parquet	000389	fd57dd983940d318925509df41b60dde011a56f3	2960
train-00007-of-00008.parquet	000390	151363c1659d52f581105115886ae486b3fe04db	2996
train-00007-of-00008.parquet	000391	f5eecd71ff0f7ac4a19b90c19dd24dc99b7ea34d	2781
train-00007-of-00008.parquet	000392	6f7ef4aab0e02251194109c1bebf75fc1d9a52dd	3278
train-00007-of-00008.parquet	000393	ae7805105abc3621524e8f6c6a22e0b945825002	3353
train-00007-of-00008.parquet	000394	c1d51d69c929bba3f545b9677c3fe63e65d01024	2699
train-00007-of-00008.parquet	000395	26eb8399e4b90624e54fb33f7c5b96be23b08f01	2914
train-00007-of-00008.parquet	000396	b16cad3e7d482a0f4497cdf63dc06e2688bd2231	2771
train-00007-of-00008.parquet	000397	71bf5779d0efb3403153e9cfa9046cb784cfc4fa	3451
train-00007-of-00008.parquet	000398	b22d30cf89d346604e452d14161ee67746c42f12	5083
train-00007-of-00008.parquet	000399	a6e41e76f23c9b120b21e129e9d26c318bcd199e	3783
train-00007-of-00008.parquet	000400	78381f760263369476b514fa83ee749a01150c3e	3939
train-00007-of-00008.parquet	000401	2ae28e00ab66ed57e380fff2cb95ed8102bb037e	3045
train-00007-of-00008.parquet	000402	00837f86091b041a0cf7fde2182b27189df0cd06	3876
train-00007-of-00008.parquet	000403	fb1237fd269c9060313b7e56563d99683a3fe336	3222
train-00007-of-00008.parquet	000404	66d7e61fcddc0e2a516b7a3ba4eb3028e1e8fc3b	3034
train-00007-of-00008.parquet	000405	c7536fdc0ebb1eedaf9662968431aa424253e290	4197
train-00007-of-00008.parquet	000406	9190924eb61c8b7a9578a95cad6d9b9fefa7ea71	3032
train-00007-of-00008.parquet	000407	a2d4e59f052dd243022009da936f20e3eb218fe4	3167
train-00007-of-00008.parquet	000408	42b860d06f0068449577491160919f0c54026103	2781
train-00007-of-00008.parquet	000409	cf8328c187b79f2ae0c8d43eb15a0c7b317e5183	2632
train-00007-of-00008.parquet	000410	04f9bc2b1c5bfce86b02865468ac5d6e300beed8	3696
train-00007-of-00008.parquet	000411	95d91eae9fc6ec9f79f8f3c29ec5cd93f5076967	3487
train-00007-of-00008.parquet	000412	b24a945d87d9953bdb9ce7dc358599419a301eac	3341
train-00007-of-00008.parquet	000413	1d7598cb85943fc714ee59f2106d2f49fadf7c0b	4725
train-00007-of-00008.parquet	000414	9a6c8e60d843e1b5139c4e8fe0263b2b9dde2856	3313
train-00007-of-00008.parquet	000415	9833999fbd14a9f108175eaa040a66c95caa5002	4030
train-00007-of-00008.parquet	000416	7fec76392a5656d3df365b3272dedfb3d1429dd5	3976
train-00007-of-00008.parquet	000417	824f97611d13efa9f18abae1c420ffda31a7c4c5	3838
train-00007-of-00008.parquet	000418	333f5d73ac5e596dee049f990ceea76fde8ea5ce	4396
train-00007-of-00008.parquet	000419	80bbb48aa887626edcf36e1a59c7f5176a21fe3e	4258
train-00007-of-00008.parquet	000420	157972fa485bb05fdeafa8a2248705b4c49717d2	3621
train-00007-of-00008.parquet	000421	077ab6077dda216602784eb8741da62ae7c1d9a0	5232
train-00007-of-00008.parquet	000422	16419585a8f4e72364b06de22df9cfe3cb9fc71b	3468
train-00007-of-00008.parquet	000423	4841e68a0b4c57a8bf059d79c86b05bfd2a89fe9	4399
train-00007-of-00008.parquet	000424	72988a85a8c3897761814dfc17c844d56d4d8d24	4072
train-00007-of-00008.parquet	000425	c11fb5dfc06a389d04b62d218dfce8efbaa134b1	3189
train-00007-of-00008.parquet	000426	12ce852f221dd5d9dc2ba5dd17341cf0da53303f	4250
train-00007-of-00008.parquet	000427	c67d415a624d81f9289fc073e8867888d685d854	4269
train-00007-of-00008.parquet	000428	c88caf18e7c9a4b2ebeccc61ed302c1e9bb38a58	3311
train-00007-of-00008.parquet	000429	518b836bc2a7b504ccf23462b6dffaab8437125f	4722
train-00007-of-00008.parquet	000430	3e6ecded9bb29e4c07ffa10570588832370c7459	3892
train-00007-of-00008.parquet	000431	db58321695138ec6b070148112d6d1c8f2b863a4	3533
train-00007-of-00008.parquet	000432	a284a958f0011aa7fc4566d77f2cc5aa610ac069	4739
train-00007-of-00008.parquet	000433	bb28cc14c4e8b31c076cb00d90f3740da956c751	3638
train-00007-of-00008.parquet	000434	191741557a84a187576f3c0f1eef5518f45a8029	4488
train-00007-of-00008.parquet	000435	762928accbfe600098f5095e28db3e86071cb59e	4233
train-00007-of-00008.parquet	000436	012f934f98912d15175cd34c4359fd69c95f699b	3922
train-00007-of-00008.parquet	000437	1f1b6bda486f9622a6e2a030d48ac6ebe2989a67	4579
train-00007-of-00008.parquet	000438	0a704e31b19a5e78802daafcd0a7d500a61fbc50	3963
train-00007-of-00008.parquet	000439	d56ed5b6d61efb5a7e81172716654ce363770237	4854
train-00007-of-00008.parquet	000440	e24b3c39e409afa87cee431afc3d0bdf2999aa7f	4272
train-00007-of-00008.parquet	000441	67aaf9b43c9af2fe40e0945c268ac7c4f3b97088	4173
train-00007-of-00008.parquet	000442	ea20fa1da4a9791dacd492f006a5bf4caee9534b	4924
train-00007-of-00008.parquet	000443	55d1df2caf483f8475fc51dd2d1175e08812fa08	3834
train-00007-of-00008.parquet	000444	41d11a0aae7d7977c286347a07d092f1ba6710eb	5166
train-00007-of-00008.parquet	000445	0b0f933e50249fa50c073e220d1f76e771246e08	3736
train-00007-of-00008.parquet	000446	aeaebb4619c70c86763288fe725d1b1323bb8dd7	5348
train-00007-of-00008.parquet	000447	a778d0e08a01d53dfc6332f949f3db6a11843271	3519
train-00007-of-00008.parquet	000448	67b44de8b50879c5d1b5f722f60239fa7e310b99	5319
train-00007-of-00008.parquet	000449	246e06568d28545b6ce3e12ba0a80570fb5ca1c0	4997
train-00007-of-00008.parquet	000450	e83ee1b226fbb43d5638b39fddf38bfeff618f91	3918
train-00007-of-00008.parquet	000451	4180b7b89e38642dcc2da889013a4536492dbd69	5304
train-00007-of-00008.parquet	000452	48aa50594cc5915f576025479692277ceb2818a0	5333
train-00007-of-00008.parquet	000453	fe889bdc251a282a15ee6f3caa991334882bf2ae	3951
train-00007-of-00008.parquet	000454	1893626b1673715ad004611b70ec360397e05a2c	5173
train-00007-of-00008.parquet	000455	7f6bae897e7955081912b4628578a3e4e0be7ca9	5286
train-00007-of-00008.parquet	000456	afeea6d4f5a6ddbdc8ff14ad4d23ad2b383dcc49	3877
train-00007-of-00008.parquet	000457	1821649e1dd47dd3ee3b0bfe8f6d58b01b403424	5163
train-00007-of-00008.parquet	000458	c37fc5a1d5a07da95d00ac9f119c4bd7c0b8240b	5255
train-00007-of-00008.parquet	000459	99a7a493d25bbf97d3548ca775bed89efa100978	3823
train-00007-of-00008.parquet	000460	79087425ff9b5460de603d2e3b9304f66fbea38b	5171
train-00007-of-00008.parquet	000461	cc602b653de742797e5ecc6462ff6f73a9a74a1f	5370
train-00007-of-00008.parquet	000462	00790a5b0f121046f22dee8d2ca29261f586af2a	3870
train-00007-of-00008.parquet	000463	436b29a5e2ae879bbe67c33772e5f5739425df5e	5186
train-00007-of-00008.parquet	000464	2b2aad382c47078ae0b21619112a69f0dd543acf	5254
train-00007-of-00008.parquet	000465	2802aa907021f0e1b312f3239fe1868717c077e2	4015
train-00007-of-00008.parquet	000466	8f77cbb0d05b48d0f1898e3610cd9549f09ebe9b	4961
train-00007-of-00008.parquet	000467	be9dcdb9aa331f63fe9b7d77f359132c5b53307c	5247
train-00007-of-00008.parquet	000468	d8ae04b78aa19f8a6dfb2602e95c098f3af8fa90	4053
train-00007-of-00008.parquet	000469	f0871470732ad59e2e24c4d021e2385d8a4f11c7	5056
train-00007-of-00008.parquet	000470	b68b56b0c3a3db09b62a769b0c1fda726a37ee73	5342
train-00007-of-00008.parquet	000471	9fc73f9d1baa7f1f803a298c2ce9df5ea2e634e4	3817
train-00007-of-00008.parquet	000472	2a950226cecf0ceb667a307355d7d192599ab1ab	5235
train-00007-of-00008.parquet	000473	8907ad26b2cb19619036001bc180e9f6203d827e	3592
train-00007-of-00008.parquet	000474	1de868dbbe11b3250c5eb413ef27b03654796705	5124
train-00007-of-00008.parquet	000475	7a0bace51fe4d2c07201212475721cfa6cabb05e	5394
train-00007-of-00008.parquet	000476	64e8dbbd87828ba6a030692a81c9cdbd51ed5f96	4239
train-00007-of-00008.parquet	000477	f93fbe5169cda673c2c3acb8fbffd62e8ae43ea3	4557
train-00007-of-00008.parquet	000478	32cd6ee38179522841de44a584d40d1ee46ee084	5554
train-00007-of-00008.parquet	000479	5a79da8189f4ea6078ac7685e4e7eaf44ff9191c	4344
train-00007-of-00008.parquet	000480	ba24703cb9fd43aa39ab29cf6ebb0eb591dc2ea3	2349
train-00007-of-00008.parquet	000481	6ee5bb7774eb1d2296e2d1be9f23bc101b1daf38	3746
train-00007-of-00008.parquet	000482	509c54301c5da4049a24ee13f74c0fa9813f81d0	4113
train-00007-of-00008.parquet	000483	eb2135e885df7f27a55b8b82ad115fbf3c97a1c2	4905
train-00007-of-00008.parquet	000484	3069af9cc747c776b239270dbf952978b836084d	3372
train-00007-of-00008.parquet	000485	aa68858b29624e6decc0126aa06526a05338fd55	3335
train-00007-of-00008.parquet	000486	995eb5776153111e4ee638d4e6dc180142892c19	3468
train-00007-of-00008.parquet	000487	cbfb8972d0afb4184e8c50df5b6697194ef18d42	3465
train-00007-of-00008.parquet	000488	c492b5311ab7c5ddbec029709c6c7c12834a00ae	3460
train-00007-of-00008.parquet	000489	a609f3ba4ca6538a7171917d37b73ec46a3c4af4	3372
train-00007-of-00008.parquet	000490	2716375c016e9f26d20a902301d50441ad0700d5	3424
train-00007-of-00008.parquet	000491	1facb039edb8b20dbcfac761b8d08b8ecbceaa28	3410
train-00007-of-00008.parquet	000492	3b7ce7f171b0256ad5fcf360714af9a076e42297	3192
train-00007-of-00008.parquet	000493	22622ca282eb02ec3dfd6be3da24b8afe20dde58	3341
train-00007-of-00008.parquet	000494	4dbd41ca781e3049f059e55d5282d1abcc3451a2	2720
train-00007-of-00008.parquet	000495	f9d8f0b456f9d0288a0b960cffd1022cffcaa48a	3383
train-00007-of-00008.parquet	000496	d9e1249b89feb1cd396602b795d5363fb6f30ee0	3429
train-00007-of-00008.parquet	000497	f8d80462c664991dbe34da8ecee54d6621ba8877	3505
train-00007-of-00008.parquet	000498	0e4afdcfe358f612e4484f00f3dc5bd85dc8a57a	3527
train-00007-of-00008.parquet	000499	cc43224496c1b883d96c87722e4f51bd6b020b84	3503
train-00007-of-00008.parquet	000500	34fcdf0e03ce00bba14414ae783f40dd918dec92	3544
train-00007-of-00008.parquet	000501	2b88f01c726f27d9ef7f8e14b93a4908b32a4eaf	3442
train-00007-of-00008.parquet	000502	82348d820c4f0050f6021d2b4020633b226ee26a	3512
train-00007-of-00008.parquet	000503	1eda7f7bead8bb5af8b8c6c521a37a07a8654534	3510
train-00007-of-00008.parquet	000504	4faac7a2ebee3f03cc9a40f78e682a27f7d98bb7	3548
train-00007-of-00008.parquet	000505	38fb102dd2f7bbd8c240a3e4eac2ad5b99f13065	3640
train-00007-of-00008.parquet	000506	27ab293d9380bfba52bca5cdca1c008ec25e6cde	3436
train-00007-of-00008.parquet	000507	4ed7778d9a7be3a7f953e73efbe69bc9ac0d7ccd	3289
train-00007-of-00008.parquet	000508	f85d6871ec74c11f5b9126daa4b7fc35fe74b852	3389
train-00007-of-00008.parquet	000509	0af0e7ff9f64b50ba7879e1dcc08dce3e95291e1	3449
train-00007-of-00008.parquet	000510	ee903f04114940afdace344176a966726a922dda	3474
train-00007-of-00008.parquet	000511	d7a4ec95a584ae32b07c169cb82462d9adcfbcdb	3454
train-00007-of-00008.parquet	000512	0084fe80d915b75c265ea2d3e7b4879927693b93	3326
train-00007-of-00008.parquet	000513	8f8f4d8bd32bc100a4db62f62a4f7e832488a8c3	3362
train-00007-of-00008.parquet	000514	1812bd3eee15aa2d9b05c4d063eff63b8608b738	3362
train-00007-of-00008.parquet	000515	3b7e33dfb207d82121a6c3fe1e701a66c07dea05	3414
train-00007-of-00008.parquet	000516	e4bd242a32ad0ad63b044009251e3b6f552f83a6	3459
train-00007-of-00008.parquet	000517	7dce87e4a887fa2e74b9a2cff3a019e36103b278	3475
train-00007-of-00008.parquet	000518	0f8aa2f4af30bfa3a295885eb09c012939a79064	3559
train-00007-of-00008.parquet	000519	9aa690de8553ab95bee692d3212c11f4a9abe9a8	3438
train-00007-of-00008.parquet	000520	f164107370170835737b0df1885abab33d95a9bf	3494
train-00007-of-00008.parquet	000521	aa3db91aabda109bffbe5446a3a5a19a4d49415f	3485
train-00007-of-00008.parquet	000522	ddbd4a54fa07586463ca6f165cc789c715ecf0cd	3531
train-00007-of-00008.parquet	000523	7eb3464a2c15ae56cf817d515007de321db90c29	3538
train-00007-of-00008.parquet	000524	42a458c46819c441404e15bfda74d3191d4db1f4	3547
train-00007-of-00008.parquet	000525	ed177416506df9fb517475af2301f472722974bd	3378
train-00007-of-00008.parquet	000526	96c211dce6d4011e74743431f660c171f70ed5e3	4569
train-00007-of-00008.parquet	000527	a18d5c83953f085c3e332d330f1db14c91dd2ab6	2922
train-00007-of-00008.parquet	000528	28c60d5df92919daeeaa6edda07d394ec56476f1	5097
train-00007-of-00008.parquet	000529	9111fe7f156332c50911dc09774e11846afb3324	2624
train-00007-of-00008.parquet	000530	886f6ef9769adf6738515fa438e2241b9e4f54e9	3447
train-00007-of-00008.parquet	000531	7152b9e4e90e71631978115c97c78d3a62ca3842	2908
train-00007-of-00008.parquet	000532	765c2ac91a2cba6457e1d6a17fcd5fd7727de258	3822
train-00007-of-00008.parquet	000533	78331d91a0e94f4dbda05a3bd8548fec97d41c23	2744
train-00007-of-00008.parquet	000534	430a5eb6d85a88306974c062bf94d6f4cd77b87e	3006
train-00007-of-00008.parquet	000535	b9d6ede3757504eb119df8b04a387cb74ed7f167	2957
train-00007-of-00008.parquet	000536	b79ba2a5f54e451308cc446a1d08d860b06572ff	4221
train-00007-of-00008.parquet	000537	e3019965fd993656ed019e4df2fd6194c2a49b47	4405
train-00007-of-00008.parquet	000538	180ecb334fe4102ac6d80181ca60ae8b71adc57c	3090
train-00007-of-00008.parquet	000539	3f19a677f664acf9e267d885340e029d2ccabc2d	3771
train-00007-of-00008.parquet	000540	266310aa0ddd14d655f712ef4ffafd7e7d79cf7c	3555
train-00007-of-00008.parquet	000541	315e3430cbc9ca8bd731f95e6c635fb51ff98586	3347
train-00007-of-00008.parquet	000542	23957b123d175b1691e358dd766bcc7dfe7cdd3b	3934
train-00007-of-00008.parquet	000543	4dd19e74f83d8f7cad0530f30c77733121760d33	3007
train-00007-of-00008.parquet	000544	c2a561fc0cf471cec7bbc6b019549e30d149d021	3586
train-00007-of-00008.parquet	000545	f91822f30239967f72a7494541d8553d8a53e700	3373
train-00007-of-00008.parquet	000546	2a9f50e0af7a01d25adf0fd6977c44febffc29c5	4034
train-00007-of-00008.parquet	000547	5597008e1ea83b60ad1273fa055b24868c416bd8	2413
train-00007-of-00008.parquet	000548	e132c58c175e6e50ed705d17f71c78f043938336	4199
train-00007-of-00008.parquet	000549	6e201fa2b09b7a4239709fc247a48ccf00705be6	3359
train-00007-of-00008.parquet	000550	8583cce00e6fa6be69210f957fce14ec85dec6b3	2818
train-00007-of-00008.parquet	000551	51b9eded12480773ea50ab05b16755cf8acb2ec9	2899
train-00007-of-00008.parquet	000552	3d6f79db3ec6504bb6dae4f5bb39271cc5321c83	3482
train-00007-of-00008.parquet	000553	27ca88116685f6317a968cf019db06cc71f0e61a	3098
train-00007-of-00008.parquet	000554	c6030a4cb1cf3c06418a9a6a4608a22c01094a87	4318
train-00007-of-00008.parquet	000555	c627327465de80761a928bbaff87ccf7678e0fc5	3300
train-00007-of-00008.parquet	000556	4dd4fa13c65809a161e942d9a6de7247ab5803f7	3823
train-00007-of-00008.parquet	000557	530088c61914cf57bb548b1e2b99dc96e7d8ab31	3007
train-00007-of-00008.parquet	000558	304efeb2e22a16d9ed73a3b2b7c273ee107bf886	3229
train-00007-of-00008.parquet	000559	85ce06ec2564b8d24c6f7023e8d1c05eba84b86e	2660
train-00007-of-00008.parquet	000560	ca4e6a7c0aa4754dadf10d9161ecf9ed7908fd25	4903
train-00007-of-00008.parquet	000561	d2d294f26e79a461f348ab385004b6d45497269e	2989
train-00007-of-00008.parquet	000562	611b46424ef837ed9bb98bf7e1a22d874ebd6ccb	2464
train-00007-of-00008.parquet	000563	ce70c86ac6c0a8ebb3bb5b748f765aa0124a63c0	2764
train-00007-of-00008.parquet	000564	6f850759119add719b40dc17a4aa0ef0a492a254	3201
train-00007-of-00008.parquet	000565	f967a2bb5898a74eac40103d07a2779d36b17fd3	2535
train-00007-of-00008.parquet	000566	a218a19b31caaa905eaa28aa181a5f082972a001	3426
train-00007-of-00008.parquet	000567	5ab46c5a053bd46b02d7750e419d392fc17a6518	2909
train-00007-of-00008.parquet	000568	bbe0f4e766e9f383ef1c55359fdda5e98376545a	4224
train-00007-of-00008.parquet	000569	69a2f452c4a7b24a0c26bacf1300b265b128beee	4392
train-00007-of-00008.parquet	000570	49d5fce0d5fe3716ac4f249a939d74cf964bcd76	3004
train-00007-of-00008.parquet	000571	b91fa959fa7214675c9cd5180536d0b51d1aabd5	5038
train-00007-of-00008.parquet	000572	7b94ab79b62a880f6af2463255215a8d4fbfd781	2539
train-00007-of-00008.parquet	000573	0c4d83b4f9fd287ae3cb5e48bc6fc28cbfc6330a	3558
train-00007-of-00008.parquet	000574	6b926f6f6ad0e483bc777e9a42ec6875382ffc92	3640
train-00007-of-00008.parquet	000575	aa85c504eb2a1c86f599bd77bed1e06827b24a88	3559
train-00007-of-00008.parquet	000576	8334351996db781b21b0df6c064d50325a1ce3af	2983
train-00007-of-00008.parquet	000577	8c31df420260760b0b4ada2de37e02b2eac078b5	3029
train-00007-of-00008.parquet	000578	8affe6195ade8707f2515d3553e795307569dade	2776
train-00007-of-00008.parquet	000579	aac8d2b958b28180892be7d242897915faad23c0	3172
train-00007-of-00008.parquet	000580	6d28ca15939dd9ba9b5555925ffdb2772f72ac4d	2847
train-00007-of-00008.parquet	000581	34ec54986f6bd2c0e6446c8ff86bdf73f60dde25	3598
train-00007-of-00008.parquet	000582	6c558e4b01844412bca2c5c1b0c4834744d0f895	2593
train-00007-of-00008.parquet	000583	7b4d19e809792bea2f3d493c4965dc49e5555ca1	2633
train-00007-of-00008.parquet	000584	5e3650dfcbab75d8e503a34b97118686acb5c27a	4246
train-00007-of-00008.parquet	000585	454de37ca2cc2fb071f1aec15e175843bf6f6b5d	2904
train-00007-of-00008.parquet	000586	e0f1daf73d5ad2e3dc33c8dfcbb6942410d41c15	2447
train-00007-of-00008.parquet	000587	9018139d7856d80e1692006d1e496d056dceb99c	2626
train-00007-of-00008.parquet	000588	529e6a889f6edc008fbce60ee7b4211cd0a2e99d	2926
train-00007-of-00008.parquet	000589	f5606a41b52a7071f2f5fb0fc974c083a3abe015	3305
train-00007-of-00008.parquet	000590	04fe8126c6a9f46d276366f4b55f7caf0610b262	2870
train-00007-of-00008.parquet	000591	c99b6f71423e9bbd00a9491869aa4bb12a7839e5	2959
train-00007-of-00008.parquet	000592	26be3b6715d6d5336034c357e9ae4259909540c1	5485
train-00007-of-00008.parquet	000593	9b7713bf2b79f6cfd5ba010d79467f42e9f7754e	3053
train-00007-of-00008.parquet	000594	2aa8d9cfb6a88696bb051c753e8b62dfd65318dc	3018
train-00007-of-00008.parquet	000595	acd6a9b3c1bfe51a3a36963d99f4ca6011129e7f	2963
train-00007-of-00008.parquet	000596	e16b0fd693a9973a8357e903a4532e0aec6e794c	3660
train-00007-of-00008.parquet	000597	9cdbee6c5b2597054570160322b2b30fc02731d1	4012
train-00007-of-00008.parquet	000598	430f35e58b51bcb051c99afce9af95234e4fd824	3079
train-00007-of-00008.parquet	000599	626fc63e43e2c36d34896ba549d4298ece3d0e85	4126
train-00007-of-00008.parquet	000600	a11647b5148444f507233a491cd38bac855d0fae	4419
train-00007-of-00008.parquet	000601	0f9cc8f4e029abb4ba13fa3a859501c9e80d9127	3330
train-00007-of-00008.parquet	000602	d35190bd52d5e4f0aa3a9ad62537c79fbaf185a7	5275
train-00007-of-00008.parquet	000603	0bd9b7d8b6d82c5988114263795c7cc2fe3677f9	3123
train-00007-of-00008.parquet	000604	ab987de4903c901eecbec5a2403cd54610a24eac	2990
train-00007-of-00008.parquet	000605	c84e32479a727cfdb2ea31c08cdcdc953967f7ed	2557
train-00007-of-00008.parquet	000606	5ce53e3d5ece35c2f4447efd7570fc2238f8b84a	2909
train-00007-of-00008.parquet	000607	2acc39c6337fe95d34109ffabc1ccb6627365736	3039
train-00007-of-00008.parquet	000608	add797e84c469787d88a7762230c3714d0980c4b	2607
train-00007-of-00008.parquet	000609	8685e7236e94ff1531cd7cd4aa4e05ccc53daaea	2806
train-00007-of-00008.parquet	000610	9d4eaf7cb6d473b0e51fcae4f727987432e3d63b	2400
train-00007-of-00008.parquet	000611	03e30a57b02a0896c2ccf605aee17ee73afeae36	2935
train-00007-of-00008.parquet	000612	8e88cf0a62fb4138815cb3a1835801afe4a1c841	2428
train-00007-of-00008.parquet	000613	29d9f7c22129954efd2a607e14e772623a3ace5f	2635
train-00007-of-00008.parquet	000614	d5099352a239cc6e62417a72c7591d317aa22df1	2504
train-00007-of-00008.parquet	000615	5c2417f3d925e9c4a236214b9f8674365b26d730	2954
train-00007-of-00008.parquet	000616	109fc88b5d42f3b4db560290d35c8875318583c5	2359
train-00007-of-00008.parquet	000617	720a072ba7e2f7ff7edd0c642788fb1a60fb02a0	2660
train-00007-of-00008.parquet	000618	085c15894685966ecf7145dff1c3aec9ce2dfa92	3060
train-00007-of-00008.parquet	000619	ae4dc30be64f9479676767c3f19f2dca1b9f5c91	4022
train-00007-of-00008.parquet	000620	6d84a52cae3a2d54916b97d762a5036756fa5209	3941
train-00007-of-00008.parquet	000621	d739566c19ba424045e64033c30e8d654bcd9fc1	3448
train-00007-of-00008.parquet	000622	2eddfbad860445c6ec1f0716459035a3e21c05dc	2966
train-00007-of-00008.parquet	000623	649228583484c023e13b916afaea8c465d6b03f7	3399
train-00007-of-00008.parquet	000624	a109dc3951b25749a6c725c6a2c442e27d5ae714	4408
train-00007-of-00008.parquet	000625	b12e0926ccbc5d08f092db6fb5ad6ec813540b59	3212
train-00007-of-00008.parquet	000626	0477e0664d158e9b92326df53f395888e6c4c3c2	2595
train-00007-of-00008.parquet	000627	ea74ed648e00de228a17cf730da42d0d4ba1bf9e	2592
train-00007-of-00008.parquet	000628	41954090218c817fecbe7916b95da6f776ad353c	2616
train-00007-of-00008.parquet	000629	2791295d6d35acae90802cd4328b01a3fc193f7e	2924
train-00007-of-00008.parquet	000630	9d49c9ed6cfa90dbc46a8fdf67cfb390efbe9c4d	2633
train-00007-of-00008.parquet	000631	55cceb0b2d1eb25acc51d335f3631f15dd0e2886	2564
train-00007-of-00008.parquet	000632	b050ce1e9c90f6579c3b0f4a655ce570c3bb82f2	2503
train-00007-of-00008.parquet	000633	635234f13072dece9bfe02dc0bc553a401a5daba	2894
train-00007-of-00008.parquet	000634	7f56e50a37849af9bbbf993d5a0e9ed407df0c20	2692
train-00007-of-00008.parquet	000635	03b9fd4cd5b6a57a434086dfc501ca7e701c6d81	2856
train-00007-of-00008.parquet	000636	c95e540af80e4d62a78468a3948873fa609df9cb	2832
train-00007-of-00008.parquet	000637	6cfd28674e1b407622b463366c5a8a2181d2c35f	3287
train-00007-of-00008.parquet	000638	1edd6ee10ab9be3ab94f7e86b80b8631fd5f4225	2947
train-00007-of-00008.parquet	000639	4e16b6de569c7dea5098e476972e519e392ae731	3428
train-00007-of-00008.parquet	000640	21c817aa3c60265b6135a822b5e8db27d3cb770f	2903
train-00007-of-00008.parquet	000641	0a06d1c53101052fe9b9ec65ed04f9970f51e967	3086
train-00007-of-00008.parquet	000642	6a3561eed13247dcf8841c705989418d00a9d69d	2937
train-00007-of-00008.parquet	000643	cd9c1ac2a37968ad902bc6f435b82ce6d8aa6e73	3009
train-00007-of-00008.parquet	000644	11db947bd4ca601681545202706d899a92224e14	3359
train-00007-of-00008.parquet	000645	44c3214ea5a514d5ee26b19337efc3fa5849a4e9	3273
train-00007-of-00008.parquet	000646	7ede149283db92a86b563adc630f0235bc129769	2832
train-00007-of-00008.parquet	000647	f558c80ad803116ce96a02b5e2433e0e5b29a93c	3307
train-00007-of-00008.parquet	000648	3a76d78b2251380c9c4e34432711907c4c87ef1c	2933
train-00007-of-00008.parquet	000649	6638e26dca52ce5e9a40b14979675c447629eb74	3159
train-00007-of-00008.parquet	000650	996dd57ea221e49ff973572e08463692fbe81325	3058
train-00007-of-00008.parquet	000651	5646dc3bc126a7bc754fcf651c1356fa4ae1c6ac	2191
train-00007-of-00008.parquet	000652	f20ea4afc28a2395dc1f15c88abf24d1d4108aa1	2232
train-00007-of-00008.parquet	000653	c0ad691598e3c78c6d6553ea00c3b5cc2d5f9887	3044
train-00007-of-00008.parquet	000654	5c028befeae62d0afed66388c9fb33d3df3e869b	2723
train-00007-of-00008.parquet	000655	b701adf521eb22834e867eaa350c126ec537869d	4213
train-00007-of-00008.parquet	000656	32b88a3c03d1e6634a288dfd1ae362129fe9c0ff	4410
train-00007-of-00008.parquet	000657	fd57dd983940d318925509df41b60dde011a56f3	2960
train-00007-of-00008.parquet	000658	151363c1659d52f581105115886ae486b3fe04db	2996
train-00007-of-00008.parquet	000659	f5eecd71ff0f7ac4a19b90c19dd24dc99b7ea34d	2781
train-00007-of-00008.parquet	000660	6f7ef4aab0e02251194109c1bebf75fc1d9a52dd	3278
train-00007-of-00008.parquet	000661	ae7805105abc3621524e8f6c6a22e0b945825002	3353
train-00007-of-00008.parquet	000662	c1d51d69c929bba3f545b9677c3fe63e65d01024	2699
train-00007-of-00008.parquet	000663	26eb8399e4b90624e54fb33f7c5b96be23b08f01	2914
train-00007-of-00008.parquet	000664	b16cad3e7d482a0f4497cdf63dc06e2688bd2231	2771
train-00007-of-00008.parquet	000665	71bf5779d0efb3403153e9cfa9046cb784cfc4fa	3451
train-00007-of-00008.parquet	000666	b22d30cf89d346604e452d14161ee67746c42f12	5083
train-00007-of-00008.parquet	000667	a6e41e76f23c9b120b21e129e9d26c318bcd199e	3783
train-00007-of-00008.parquet	000668	78381f760263369476b514fa83ee749a01150c3e	3939
train-00007-of-00008.parquet	000669	2ae28e00ab66ed57e380fff2cb95ed8102bb037e	3045
train-00007-of-00008.parquet	000670	00837f86091b041a0cf7fde2182b27189df0cd06	3876
train-00007-of-00008.parquet	000671	fb1237fd269c9060313b7e56563d99683a3fe336	3222
train-00007-of-00008.parquet	000672	66d7e61fcddc0e2a516b7a3ba4eb3028e1e8fc3b	3034
train-00007-of-00008.parquet	000673	c7536fdc0ebb1eedaf9662968431aa424253e290	4197
train-00007-of-00008.parquet	000674	9190924eb61c8b7a9578a95cad6d9b9fefa7ea71	3032
train-00007-of-00008.parquet	000675	a2d4e59f052dd243022009da936f20e3eb218fe4	3167
train-00007-of-00008.parquet	000676	42b860d06f0068449577491160919f0c54026103	2781
train-00007-of-00008.parquet	000677	cf8328c187b79f2ae0c8d43eb15a0c7b317e5183	2632
train-00007-of-00008.parquet	000678	04f9bc2b1c5bfce86b02865468ac5d6e300beed8	3696
train-00007-of-00008.parquet	000679	95d91eae9fc6ec9f79f8f3c29ec5cd93f5076967	3487
train-00007-of-00008.parquet	000680	b24a945d87d9953bdb9ce7dc358599419a301eac	3341
train-00007-of-00008.parquet	000681	1d7598cb85943fc714ee59f2106d2f49fadf7c0b	4725
train-00007-of-00008.parquet	000682	9a6c8e60d843e1b5139c4e8fe0263b2b9dde2856	3313
train-00007-of-00008.parquet	000683	9833999fbd14a9f108175eaa040a66c95caa5002	4030
train-00007-of-00008.parquet	000684	7fec76392a5656d3df365b3272dedfb3d1429dd5	3976
train-00007-of-00008.parquet	000685	824f97611d13efa9f18abae1c420ffda31a7c4c5	3838
train-00007-of-00008.parquet	000686	333f5d73ac5e596dee049f990ceea76fde8ea5ce	4396
train-00007-of-00008.parquet	000687	80bbb48aa887626edcf36e1a59c7f5176a21fe3e	4258
train-00007-of-00008.parquet	000688	157972fa485bb05fdeafa8a2248705b4c49717d2	3621
train-00007-of-00008.parquet	000689	077ab6077dda216602784eb8741da62ae7c1d9a0	5232
train-00007-of-00008.parquet	000690	16419585a8f4e72364b06de22df9cfe3cb9fc71b	3468
train-00007-of-00008.parquet	000691	4841e68a0b4c57a8bf059d79c86b05bfd2a89fe9	4399
train-00007-of-00008.parquet	000692	72988a85a8c3897761814dfc17c844d56d4d8d24	4072
train-00007-of-00008.parquet	000693	c11fb5dfc06a389d04b62d218dfce8efbaa134b1	3189
train-00007-of-00008.parquet	000694	12ce852f221dd5d9dc2ba5dd17341cf0da53303f	4250
train-00007-of-00008.parquet	000695	c67d415a624d81f9289fc073e8867888d685d854	4269
train-00007-of-00008.parquet	000696	c88caf18e7c9a4b2ebeccc61ed302c1e9bb38a58	3311
train-00007-of-00008.parquet	000697	518b836bc2a7b504ccf23462b6dffaab8437125f	4722
train-00007-of-00008.parquet	000698	3e6ecded9bb29e4c07ffa10570588832370c7459	3892
train-00007-of-00008.parquet	000699	db58321695138ec6b070148112d6d1c8f2b863a4	3533
train-00007-of-00008.parquet	000700	a284a958f0011aa7fc4566d77f2cc5aa610ac069	4739
train-00007-of-00008.parquet	000701	bb28cc14c4e8b31c076cb00d90f3740da956c751	3638
train-00007-of-00008.parquet	000702	191741557a84a187576f3c0f1eef5518f45a8029	4488
train-00007-of-00008.parquet	000703	762928accbfe600098f5095e28db3e86071cb59e	4233
train-00007-of-00008.parquet	000704	012f934f98912d15175cd34c4359fd69c95f699b	3922
train-00007-of-00008.parquet	000705	1f1b6bda486f9622a6e2a030d48ac6ebe2989a67	4579
train-00007-of-00008.parquet	000706	0a704e31b19a5e78802daafcd0a7d500a61fbc50	3963
train-00007-of-00008.parquet	000707	d56ed5b6d61efb5a7e81172716654ce363770237	4854
train-00007-of-00008.parquet	000708	e24b3c39e409afa87cee431afc3d0bdf2999aa7f	4272
train-00007-of-00008.parquet	000709	67aaf9b43c9af2fe40e0945c268ac7c4f3b97088	4173
train-00007-of-00008.parquet	000710	ea20fa1da4a9791dacd492f006a5bf4caee9534b	4924
train-00007-of-00008.parquet	000711	55d1df2caf483f8475fc51dd2d1175e08812fa08	3834
train-00007-of-00008.parquet	000712	41d11a0aae7d7977c286347a07d092f1ba6710eb	5166
train-00007-of-00008.parquet	000713	0b0f933e50249fa50c073e220d1f76e771246e08	3736
train-00007-of-00008.parquet	000714	aeaebb4619c70c86763288fe725d1b1323bb8dd7	5348
train-00007-of-00008.parquet	000715	a778d0e08a01d53dfc6332f949f3db6a11843271	3519
train-00007-of-00008.parquet	000716	67b44de8b50879c5d1b5f722f60239fa7e310b99	5319
train-00007-of-00008.parquet	000717	246e06568d28545b6ce3e12ba0a80570fb5ca1c0	4997
train-00007-of-00008.parquet	000718	e83ee1b226fbb43d5638b39fddf38bfeff618f91	3918
train-00007-of-00008.parquet	000719	4180b7b89e38642dcc2da889013a4536492dbd69	5304
train-00007-of-00008.parquet	000720	48aa50594cc5915f576025479692277ceb2818a0	5333
train-00007-of-00008.parquet	000721	fe889bdc251a282a15ee6f3caa991334882bf2ae	3951
train-00007-of-00008.parquet	000722	1893626b1673715ad004611b70ec360397e05a2c	5173
train-00007-of-00008.parquet	000723	7f6bae897e7955081912b4628578a3e4e0be7ca9	5286
train-00007-of-00008.parquet	000724	afeea6d4f5a6ddbdc8ff14ad4d23ad2b383dcc49	3877
train-00007-of-00008.parquet	000725	1821649e1dd47dd3ee3b0bfe8f6d58b01b403424	5163
train-00007-of-00008.parquet	000726	c37fc5a1d5a07da95d00ac9f119c4bd7c0b8240b	5255
train-00007-of-00008.parquet	000727	99a7a493d25bbf97d3548ca775bed89efa100978	3823
train-00007-of-00008.parquet	000728	79087425ff9b5460de603d2e3b9304f66fbea38b	5171
train-00007-of-00008.parquet	000729	cc602b653de742797e5ecc6462ff6f73a9a74a1f	5370
train-00007-of-00008.parquet	000730	00790a5b0f121046f22dee8d2ca29261f586af2a	3870
train-00007-of-00008.parquet	000731	436b29a5e2ae879bbe67c33772e5f5739425df5e	5186
train-00007-of-00008.parquet	000732	2b2aad382c47078ae0b21619112a69f0dd543acf	5254
train-00007-of-00008.parquet	000733	2802aa907021f0e1b312f3239fe1868717c077e2	4015
train-00007-of-00008.parquet	000734	8f77cbb0d05b48d0f1898e3610cd9549f09ebe9b	4961
train-00007-of-00008.parquet	000735	be9dcdb9aa331f63fe9b7d77f359132c5b53307c	5247
train-00007-of-00008.parquet	000736	d8ae04b78aa19f8a6dfb2602e95c098f3af8fa90	4053
train-00007-of-00008.parquet	000737	f0871470732ad59e2e24c4d021e2385d8a4f11c7	5056
train-00007-of-00008.parquet	000738	b68b56b0c3a3db09b62a769b0c1fda726a37ee73	5342
train-00007-of-00008.parquet	000739	9fc73f9d1baa7f1f803a298c2ce9df5ea2e634e4	3817
train-00007-of-00008.parquet	000740	2a950226cecf0ceb667a307355d7d192599ab1ab	5235
train-00007-of-00008.parquet	000741	8907ad26b2cb19619036001bc180e9f6203d827e	3592
train-00007-of-00008.parquet	000742	1de868dbbe11b3250c5eb413ef27b03654796705	5124
train-00007-of-00008.parquet	000743	7a0bace51fe4d2c07201212475721cfa6cabb05e	5394
train-00007-of-00008.parquet	000744	64e8dbbd87828ba6a030692a81c9cdbd51ed5f96	4239
train-00007-of-00008.parquet	000745	f93fbe5169cda673c2c3acb8fbffd62e8ae43ea3	4557
train-00007-of-00008.parquet	000746	32cd6ee38179522841de44a584d40d1ee46ee084	5554
train-00007-of-00008.parquet	000747	5a79da8189f4ea6078ac7685e4e7eaf44ff9191c	4344
train-00007-of-00008.parquet	000748	ba24703cb9fd43aa39ab29cf6ebb0eb591dc2ea3	2349
train-00007-of-00008.parquet	000749	6ee5bb7774eb1d2296e2d1be9f23bc101b1daf38	3746
train-00007-of-00008.parquet	000750	509c54301c5da4049a24ee13f74c0fa9813f81d0	4113
train-00007-of-00008.parquet	000751	eb2135e885df7f27a55b8b82ad115fbf3c97a1c2	4905
train-00007-of-00008.parquet	000752	3069af9cc747c776b239270dbf952978b836084d	3372
train-00007-of-00008.parquet	000753	aa68858b29624e6decc0126aa06526a05338fd55	3335
train-00007-of-00008.parquet	000754	995eb5776153111e4ee638d4e6dc180142892c19	3468
train-00007-of-00008.parquet	000755	cbfb8972d0afb4184e8c50df5b6697194ef18d42	3465
train-00007-of-00008.parquet	000756	c492b5311ab7c5ddbec029709c6c7c12834a00ae	3460
train-00007-of-00008.parquet	000757	a609f3ba4ca6538a7171917d37b73ec46a3c4af4	3372
train-00007-of-00008.parquet	000758	2716375c016e9f26d20a902301d50441ad0700d5	3424
train-00007-of-00008.parquet	000759	1facb039edb8b20dbcfac761b8d08b8ecbceaa28	3410
train-00007-of-00008.parquet	000760	3b7ce7f171b0256ad5fcf360714af9a076e42297	3192
train-00007-of-00008.parquet	000761	22622ca282eb02ec3dfd6be3da24b8afe20dde58	3341
train-00007-of-00008.parquet	000762	4dbd41ca781e3049f059e55d5282d1abcc3451a2	2720
train-00007-of-00008.parquet	000763	f9d8f0b456f9d0288a0b960cffd1022cffcaa48a	3383
train-00007-of-00008.parquet	000764	d9e1249b89feb1cd396602b795d5363fb6f30ee0	3429
train-00007-of-00008.parquet	000765	f8d80462c664991dbe34da8ecee54d6621ba8877	3505
train-00007-of-00008.parquet	000766	0e4afdcfe358f612e4484f00f3dc5bd85dc8a57a	3527
train-00007-of-00008.parquet	000767	cc43224496c1b883d96c87722e4f51bd6b020b84	3503
train-00007-of-00008.parquet	000768	34fcdf0e03ce00bba14414ae783f40dd918dec92	3544
train-00007-of-00008.parquet	000769	2b88f01c726f27d9ef7f8e14b93a4908b32a4eaf	3442
train-00007-of-00008.parquet	000770	82348d820c4f0050f6021d2b4020633b226ee26a	3512
train-00007-of-00008.parquet	000771	1eda7f7bead8bb5af8b8c6c521a37a07a8654534	3510
train-00007-of-00008.parquet	000772	4faac7a2ebee3f03cc9a40f78e682a27f7d98bb7	3548
train-00007-of-00008.parquet	000773	38fb102dd2f7bbd8c240a3e4eac2ad5b99f13065	3640
train-00007-of-00008.parquet	000774	27ab293d9380bfba52bca5cdca1c008ec25e6cde	3436
train-00007-of-00008.parquet	000775	4ed7778d9a7be3a7f953e73efbe69bc9ac0d7ccd	3289
train-00007-of-00008.parquet	000776	f85d6871ec74c11f5b9126daa4b7fc35fe74b852	3389
train-00007-of-00008.parquet	000777	0af0e7ff9f64b50ba7879e1dcc08dce3e95291e1	3449
train-00007-of-00008.parquet	000778	ee903f04114940afdace344176a966726a922dda	3474
train-00007-of-00008.parquet	000779	d7a4ec95a584ae32b07c169cb82462d9adcfbcdb	3454
train-00007-of-00008.parquet	000780	0084fe80d915b75c265ea2d3e7b4879927693b93	3326
train-00007-of-00008.parquet	000781	8f8f4d8bd32bc100a4db62f62a4f7e832488a8c3	3362
train-00007-of-00008.parquet	000782	1812bd3eee15aa2d9b05c4d063eff63b8608b738	3362
train-00007-of-00008.parquet	000783	3b7e33dfb207d82121a6c3fe1e701a66c07dea05	3414
train-00007-of-00008.parquet	000784	e4bd242a32ad0ad63b044009251e3b6f552f83a6	3459
train-00007-of-00008.parquet	000785	7dce87e4a887fa2e74b9a2cff3a019e36103b278	3475
train-00007-of-00008.parquet	000786	0f8aa2f4af30bfa3a295885eb09c012939a79064	3559
train-00007-of-00008.parquet	000787	9aa690de8553ab95bee692d3212c11f4a9abe9a8	3438
train-00007-of-00008.parquet	000788	f164107370170835737b0df1885abab33d95a9bf	3494
train-00007-of-00008.parquet	000789	aa3db91aabda109bffbe5446a3a5a19a4d49415f	3485
train-00007-of-00008.parquet	000790	ddbd4a54fa07586463ca6f165cc789c715ecf0cd	3531
train-00007-of-00008.parquet	000791	7eb3464a2c15ae56cf817d515007de321db90c29	3538
train-00007-of-00008.parquet	000792	42a458c46819c441404e15bfda74d3191d4db1f4	3547
train-00007-of-00008.parquet	000793	ed177416506df9fb517475af2301f472722974bd	3378
train-00007-of-00008.parquet	000794	96c211dce6d4011e74743431f660c171f70ed5e3	4569
train-00007-of-00008.parquet	000795	a18d5c83953f085c3e332d330f1db14c91dd2ab6	2922
train-00007-of-00008.parquet	000796	28c60d5df92919daeeaa6edda07d394ec56476f1	5097
train-00007-of-00008.parquet	000797	9111fe7f156332c50911dc09774e11846afb3324	2624
train-00007-of-00008.parquet	000798	886f6ef9769adf6738515fa438e2241b9e4f54e9	3447
train-00007-of-00008.parquet	000799	7152b9e4e90e71631978115c97c78d3a62ca3842	2908
train-00007-of-00008.parquet	000800	765c2ac91a2cba6457e1d6a17fcd5fd7727de258	3822
train-00007-of-00008.parquet	000801	78331d91a0e94f4dbda05a3bd8548fec97d41c23	2744
train-00007-of-00008.parquet	000802	430a5eb6d85a88306974c062bf94d6f4cd77b87e	3006
train-00007-of-00008.parquet	000803	b9d6ede3757504eb119df8b04a387cb74ed7f167	2957
train-00007-of-00008.parquet	000804	b79ba2a5f54e451308cc446a1d08d860b06572ff	4221
train-00007-of-00008.parquet	000805	e3019965fd993656ed019e4df2fd6194c2a49b47	4405
train-00007-of-00008.parquet	000806	180ecb334fe4102ac6d80181ca60ae8b71adc57c	3090
train-00007-of-00008.parquet	000807	3f19a677f664acf9e267d885340e029d2ccabc2d	3771
train-00007-of-00008.parquet	000808	266310aa0ddd14d655f712ef4ffafd7e7d79cf7c	3555
train-00007-of-00008.parquet	000809	315e3430cbc9ca8bd731f95e6c635fb51ff98586	3347
train-00007-of-00008.parquet	000810	23957b123d175b1691e358dd766bcc7dfe7cdd3b	3934
train-00007-of-00008.parquet	000811	4dd19e74f83d8f7cad0530f30c77733121760d33	3007
train-00007-of-00008.parquet	000812	c2a561fc0cf471cec7bbc6b019549e30d149d021	3586
train-00007-of-00008.parquet	000813	f91822f30239967f72a7494541d8553d8a53e700	3373
train-00007-of-00008.parquet	000814	2a9f50e0af7a01d25adf0fd6977c44febffc29c5	4034
train-00007-of-00008.parquet	000815	5597008e1ea83b60ad1273fa055b24868c416bd8	2413
train-00007-of-00008.parquet	000816	e132c58c175e6e50ed705d17f71c78f043938336	4199
train-00007-of-00008.parquet	000817	6e201fa2b09b7a4239709fc247a48ccf00705be6	3359
train-00007-of-00008.parquet	000818	8583cce00e6fa6be69210f957fce14ec85dec6b3	2818
train-00007-of-00008.parquet	000819	51b9eded12480773ea50ab05b16755cf8acb2ec9	2899
train-00007-of-00008.parquet	000820	3d6f79db3ec6504bb6dae4f5bb39271cc5321c83	3482
train-00007-of-00008.parquet	000821	27ca88116685f6317a968cf019db06cc71f0e61a	3098
train-00007-of-00008.parquet	000822	c6030a4cb1cf3c06418a9a6a4608a22c01094a87	4318
train-00007-of-00008.parquet	000823	c627327465de80761a928bbaff87ccf7678e0fc5	3300
train-00007-of-00008.parquet	000824	4dd4fa13c65809a161e942d9a6de7247ab5803f7	3823
train-00007-of-00008.parquet	000825	530088c61914cf57bb548b1e2b99dc96e7d8ab31	3007
train-00007-of-00008.parquet	000826	304efeb2e22a16d9ed73a3b2b7c273ee107bf886	3229
train-00007-of-00008.parquet	000827	85ce06ec2564b8d24c6f7023e8d1c05eba84b86e	2660
train-00007-of-00008.parquet	000828	ca4e6a7c0aa4754dadf10d9161ecf9ed7908fd25	4903
train-00007-of-00008.parquet	000829	d2d294f26e79a461f348ab385004b6d45497269e	2989
train-00007-of-00008.parquet	000830	611b46424ef837ed9bb98bf7e1a22d874ebd6ccb	2464
train-00007-of-00008.parquet	000831	ce70c86ac6c0a8ebb3bb5b748f765aa0124a63c0	2764
train-00007-of-00008.parquet	000832	6f850759119add719b40dc17a4aa0ef0a492a254	3201
train-00007-of-00008.parquet	000833	f967a2bb5898a74eac40103d07a2779d36b17fd3	2535
train-00007-of-00008.parquet	000834	a218a19b31caaa905eaa28aa181a5f082972a001	3426
train-00007-of-00008.parquet	000835	5ab46c5a053bd46b02d7750e419d392fc17a6518	2909
train-00007-of-00008.parquet	000836	bbe0f4e766e9f383ef1c55359fdda5e98376545a	4224
train-00007-of-00008.parquet	000837	69a2f452c4a7b24a0c26bacf1300b265b128beee	4392
train-00007-of-00008.parquet	000838	49d5fce0d5fe3716ac4f249a939d74cf964bcd76	3004
train-00007-of-00008.parquet	000839	b91fa959fa7214675c9cd5180536d0b51d1aabd5	5038
train-00007-of-00008.parquet	000840	7b94ab79b62a880f6af2463255215a8d4fbfd781	2539
train-00007-of-00008.parquet	000841	0c4d83b4f9fd287ae3cb5e48bc6fc28cbfc6330a	3558
train-00007-of-00008.parquet	000842	6b926f6f6ad0e483bc777e9a42ec6875382ffc92	3640
train-00007-of-00008.parquet	000843	aa85c504eb2a1c86f599bd77bed1e06827b24a88	3559
train-00007-of-00008.parquet	000844	8334351996db781b21b0df6c064d50325a1ce3af	2983
train-00007-of-00008.parquet	000845	8c31df420260760b0b4ada2de37e02b2eac078b5	3029
train-00007-of-00008.parquet	000846	8affe6195ade8707f2515d3553e795307569dade	2776
train-00007-of-00008.parquet	000847	aac8d2b958b28180892be7d242897915faad23c0	3172
train-00007-of-00008.parquet	000848	6d28ca15939dd9ba9b5555925ffdb2772f72ac4d	2847
train-00007-of-00008.parquet	000849	34ec54986f6bd2c0e6446c8ff86bdf73f60dde25	3598
train-00007-of-00008.parquet	000850	6c558e4b01844412bca2c5c1b0c4834744d0f895	2593
train-00007-of-00008.parquet	000851	7b4d19e809792bea2f3d493c4965dc49e5555ca1	2633
train-00007-of-00008.parquet	000852	5e3650dfcbab75d8e503a34b97118686acb5c27a	4246
train-00007-of-00008.parquet	000853	454de37ca2cc2fb071f1aec15e175843bf6f6b5d	2904
train-00007-of-00008.parquet	000854	e0f1daf73d5ad2e3dc33c8dfcbb6942410d41c15	2447
train-00007-of-00008.parquet	000855	9018139d7856d80e1692006d1e496d056dceb99c	2626
train-00007-of-00008.parquet	000856	529e6a889f6edc008fbce60ee7b4211cd0a2e99d	2926
train-00007-of-00008.parquet	000857	f5606a41b52a7071f2f5fb0fc974c083a3abe015	3305
train-00007-of-00008.parquet	000858	04fe8126c6a9f46d276366f4b55f7caf0610b262	2870
train-00007-of-00008.parquet	000859	c99b6f71423e9bbd00a9491869aa4bb12a7839e5	2959
train-00007-of-00008.parquet	000860	26be3b6715d6d5336034c357e9ae4259909540c1	5485
train-00007-of-00008.parquet	000861	9b7713bf2b79f6cfd5ba010d79467f42e9f7754e	3053
train-00007-of-00008.parquet	000862	2aa8d9cfb6a88696bb051c753e8b62dfd65318dc	3018
train-00007-of-00008.parquet	000863	acd6a9b3c1bfe51a3a36963d99f4ca6011129e7f	2963
train-00007-of-00008.parquet	000864	e16b0fd693a9973a8357e903a4532e0aec6e794c	3660
train-00007-of-00008.parquet	000865	9cdbee6c5b2597054570160322b2b30fc02731d1	4012
train-00007-of-00008.parquet	000866	430f35e58b51bcb051c99afce9af95234e4fd824	3079
train-00007-of-00008.parquet	000867	626fc63e43e2c36d34896ba549d4298ece3d0e85	4126
train-00007-of-00008.parquet	000868	a11647b5148444f507233a491cd38bac855d0fae	4419
train-00007-of-00008.parquet	000869	0f9cc8f4e029abb4ba13fa3a859501c9e80d9127	3330
train-00007-of-00008.parquet	000870	d35190bd52d5e4f0aa3a9ad62537c79fbaf185a7	5275
train-00007-of-00008.parquet	000871	0bd9b7d8b6d82c5988114263795c7cc2fe3677f9	3123
train-00007-of-00008.parquet	000872	ab987de4903c901eecbec5a2403cd54610a24eac	2990
train-00007-of-00008.parquet	000873	c84e32479a727cfdb2ea31c08cdcdc953967f7ed	2557
train-00007-of-00008.parquet	000874	5ce53e3d5ece35c2f4447efd7570fc2238f8b84a	2909
train-00007-of-00008.parquet	000875	2acc39c6337fe95d34109ffabc1ccb6627365736	3039
train-00007-of-00008.parquet	000876	add797e84c469787d88a7762230c3714d0980c4b	2607
train-00007-of-00008.parquet	000877	8685e7236e94ff1531cd7cd4aa4e05ccc53daaea	2806
train-00007-of-00008.parquet	000878	9d4eaf7cb6d473b0e51fcae4f727987432e3d63b	2400
train-00007-of-00008.parquet	000879	03e30a57b02a0896c2ccf605aee17ee73afeae36	2935
train-00007-of-00008.parquet	000880	8e88cf0a62fb4138815cb3a1835801afe4a1c841	2428
train-00007-of-00008.parquet	000881	29d9f7c22129954efd2a607e14e772623a3ace5f	2635
train-00007-of-00008.parquet	000882	d5099352a239cc6e62417a72c7591d317aa22df1	2504
train-00007-of-00008.parquet	000883	5c2417f3d925e9c4a236214b9f8674365b26d730	2954
train-00007-of-00008.parquet	000884	109fc88b5d42f3b4db560290d35c8875318583c5	2359
train-00007-of-00008.parquet	000885	720a072ba7e2f7ff7edd0c642788fb1a60fb02a0	2660
train-00007-of-00008.parquet	000886	085c15894685966ecf7145dff1c3aec9ce2dfa92	3060
train-00007-of-00008.parquet	000887	ae4dc30be64f9479676767c3f19f2dca1b9f5c91	4022
train-00007-of-00008.parquet	000888	6d84a52cae3a2d54916b97d762a5036756fa5209	3941
train-00007-of-00008.parquet	000889	d739566c19ba424045e64033c30e8d654bcd9fc1	3448
train-00007-of-00008.parquet	000890	2eddfbad860445c6ec1f0716459035a3e21c05dc	2966
train-00007-of-00008.parquet	000891	649228583484c023e13b916afaea8c465d6b03f7	3399
train-00007-of-00008.parquet	000892	a109dc3951b25749a6c725c6a2c442e27d5ae714	4408
train-00007-of-00008.parquet	000893	b12e0926ccbc5d08f092db6fb5ad6ec813540b59	3212
train-00007-of-00008.parquet	000894	0477e0664d158e9b92326df53f395888e6c4c3c2	2595
train-00007-of-00008.parquet	000895	ea74ed648e00de228a17cf730da42d0d4ba1bf9e	2592
train-00007-of-00008.parquet	000896	41954090218c817fecbe7916b95da6f776ad353c	2616
train-00007-of-00008.parquet	000897	2791295d6d35acae90802cd4328b01a3fc193f7e	2924
train-00007-of-00008.parquet	000898	9d49c9ed6cfa90dbc46a8fdf67cfb390efbe9c4d	2633
train-00007-of-00008.parquet	000899	55cceb0b2d1eb25acc51d335f3631f15dd0e2886	2564
train-00007-of-00008.parquet	000900	b050ce1e9c90f6579c3b0f4a655ce570c3bb82f2	2503
train-00007-of-00008.parquet	000901	635234f13072dece9bfe02dc0bc553a401a5daba	2894
train-00007-of-00008.parquet	000902	7f56e50a37849af9bbbf993d5a0e9ed407df0c20	2692
train-00007-of-00008.parquet	000903	03b9fd4cd5b6a57a434086dfc501ca7e701c6d81	2856
train-00007-of-00008.parquet	000904	c95e540af80e4d62a78468a3948873fa609df9cb	2832
train-00007-of-00008.parquet	000905	6cfd28674e1b407622b463366c5a8a2181d2c35f	3287
train-00007-of-00008.parquet	000906	1edd6ee10ab9be3ab94f7e86b80b8631fd5f4225	2947
train-00007-of-00008.parquet	000907	4e16b6de569c7dea5098e476972e519e392ae731	3428
train-00007-of-00008.parquet	000908	21c817aa3c60265b6135a822b5e8db27d3cb770f	2903
train-00007-of-00008.parquet	000909	0a06d1c53101052fe9b9ec65ed04f9970f51e967	3086
train-00007-of-00008.parquet	000910	6a3561eed13247dcf8841c705989418d00a9d69d	2937
train-00007-of-00008.parquet	000911	cd9c1ac2a37968ad902bc6f435b82ce6d8aa6e73	3009
train-00007-of-00008.parquet	000912	11db947bd4ca601681545202706d899a92224e14	3359
train-00007-of-00008.parquet	000913	44c3214ea5a514d5ee26b19337efc3fa5849a4e9	3273
train-00007-of-00008.parquet	000914	7ede149283db92a86b563adc630f0235bc129769	2832
train-00007-of-00008.parquet	000915	f558c80ad803116ce96a02b5e2433e0e5b29a93c	3307
train-00007-of-00008.parquet	000916	3a76d78b2251380c9c4e34432711907c4c87ef1c	2933
train-00007-of-00008.parquet	000917	6638e26dca52ce5e9a40b14979675c447629eb74	3159
train-00007-of-00008.parquet	000918	680a1176ca41aea9e4a1e971a835a6aa169f0cf5	3055
train-00007-of-00008.parquet	000919	b251676a3bb006b5f4a006ad1d27f28075a3b69b	1878
train-00007-of-00008.parquet	000920	ef3c2459602de832bb8a554c58c5f1ff659c16ed	3074
train-00007-of-00008.parquet	000921	20df6382f4369b649528cf0638607998d6ddd000	3173
train-00007-of-00008.parquet	000922	826509f8b045a6402e3081a2c7dc82d8a15745dc	378
train-00007-of-00008.parquet	000923	16686422b57aff37065fd2de85aee39c6ef379b9	2379
train-00007-of-00008.parquet	000924	ae885ad966de6dc1bf5be69dd034c51fb609732c	2516
train-00007-of-00008.parquet	000925	b21d7b244995495d3daf51db092103cc11d25c3b	2311
train-00007-of-00008.parquet	000926	33be4ef893cd43dc66f302bbae7e558d063f492a	2348
train-00007-of-00008.parquet	000927	c86b6d67699b7c89d77ad65be67b0aa38b184ad5	2405
train-00007-of-00008.parquet	000928	c3f2c8a468748536b48a7d9cd41e082540d32ea4	1435
train-00007-of-00008.parquet	000929	a1362668baed80b126e33d6bb8580198fb3fb7c5	1250
train-00007-of-00008.parquet	000930	f5a74c7a9d38dcdfcdf89062d07fe5647e198f99	3771
train-00007-of-00008.parquet	000931	8f4b2219f3fada03d8e942c6c145ea3e424fc6b9	323
train-00007-of-00008.parquet	000932	3044f099430a494fec637661cdea956d8f7fc5ea	1525
train-00007-of-00008.parquet	000933	01fcf75cdc1310260b10dc8d497d7493d8bd0586	2299
train-00007-of-00008.parquet	000934	52864e5aca8909b63f675e4477ce4f0afc5571db	259
train-00007-of-00008.parquet	000935	84376ddc227422c96f7da652eba562d450da5bc5	2991
train-00007-of-00008.parquet	000936	b753369b93636dbf96044e3a33f362a0dfbc8f92	6102
train-00007-of-00008.parquet	000937	1575d0f840e36786362c4e15167a72c9acaee87a	3862
train-00007-of-00008.parquet	000938	28eb8f8805f96c4a7cded8a0ae3a3ef4c4774695	3234
train-00007-of-00008.parquet	000939	91051096e1e7ba15627ef738c8ff332d74a53048	551
train-00007-of-00008.parquet	000940	359fbd8f0f5a86676ce849d46155cdf036cd2623	19
train-00007-of-00008.parquet	000941	48e6e6f1cc2467d96260c0b57ddc7f67b4fe263d	1087
train-00007-of-00008.parquet	000942	214b2dcff93d5873bfa4c6dd15ee276513fccbce	1836
train-00007-of-00008.parquet	000943	4b95b332c54f699d59f1a63a19d3266b5351b419	1604
train-00007-of-00008.parquet	000944	9cf8e90430c911f14aad4d146a66f34877dc23d2	1370
train-00007-of-00008.parquet	000945	a9b138da68a11bb7bdb618b370208d3a7fe6df88	2447
train-00007-of-00008.parquet	000946	b859a8c494c5b6019c1a81e8a20c30d76b6aa350	3617
train-00007-of-00008.parquet	000947	af327aa07b526165f51c22c0f05f7f5d47ccd0b5	1450
train-00007-of-00008.parquet	000948	68f67259d380d0a3f6d2e20948b185eddcf6e03e	2637
train-00007-of-00008.parquet	000949	f08022dc227cc2547bfb06a82240ca22ece29e8b	4252
train-00007-of-00008.parquet	000950	436338ca896643b4c868a2bb7b31a9abb1c0ae9b	3894
train-00007-of-00008.parquet	000951	4b4322219c3611d77fe2ba7ff953ee3d4c0e4f0a	3141
train-00007-of-00008.parquet	000952	d1b1f31e1d8205e5b197822576540b484a274a9c	2971
train-00007-of-00008.parquet	000953	8cc19e0c60e32189334c4b74e20b1aaf4a3692fa	1261
train-00007-of-00008.parquet	000954	a4fad33a172ad520e6b4c6258264c78bcb833771	807
train-00007-of-00008.parquet	000955	2c60056e57a58594dfdf8d755ccaecc5eb7b1bba	1103
train-00007-of-00008.parquet	000956	2f2159d42d6fdac85088d5bde6fb7f359c2ff467	1291
train-00007-of-00008.parquet	000957	df1fd9557dc9522fce6c266b77f7a9f83baf69bd	3824
train-00007-of-00008.parquet	000958	234951bea7ecd58d814e1d99986ecd080a08842e	2061
train-00007-of-00008.parquet	000959	a54c9d9f2fdddddda0daa59b23df52ce813ec1dc	3420
train-00007-of-00008.parquet	000960	dd16319de7c1f5e4316fb19c789efff1f2de84b2	1691
train-00007-of-00008.parquet	000961	f9a6408e5ef42fb2dada67389853e1e53cf45629	1229
train-00007-of-00008.parquet	000962	030ae28ea672ec30e7b8bc5fd4ebea986ee92fc8	794
train-00007-of-00008.parquet	000963	cb1659bab5484e6314f418e196df10919bfa0e38	2002
train-00007-of-00008.parquet	000964	8cd6ff5800aa21f3d67c976a28b083653c71dc37	4833
train-00007-of-00008.parquet	000965	b142adea6a94522528503057320965cdd5f2d822	1141
train-00007-of-00008.parquet	000966	ee71d3ad3a07201c40efd6c81a934225f7ce8678	4608
train-00007-of-00008.parquet	000967	a92cc95d35cedd879bfca49adcd30ca5573ffbc2	3860
train-00007-of-00008.parquet	000968	4acbc31f49af305e669622190688a20a9442e035	4484
train-00007-of-00008.parquet	000969	1be15e53d56d21c366b53d59298331424cb78d43	649
train-00007-of-00008.parquet	000970	a9d718717ccd7cbb3ec98a1d7f34c26ebaed8787	3594
train-00007-of-00008.parquet	000971	332ddd5f4557ab1648aa80512bbc3a1d207beab9	3781
train-00007-of-00008.parquet	000972	3ebec67d7d3cf241beb3b22a1fb2edb3a59f04db	1214
train-00007-of-00008.parquet	000973	a2f281164630a5b2f6df5708057b033fae5dfab0	3166
train-00007-of-00008.parquet	000974	914c09c8d92dc92f2710d9b1c35937501973647d	2771
train-00007-of-00008.parquet	000975	c5cee647e37adce1fd215561ff286c46738b0972	2945
train-00007-of-00008.parquet	000976	457d2a8bcfe7ce0a912848860042725063326d96	2637
train-00007-of-00008.parquet	000977	849bbbf5728d898d421ab189d5007ec5abde4290	2477
train-00007-of-00008.parquet	000978	2729b197e9c90ab77ea921233dd3363fc67707e0	3424
train-00007-of-00008.parquet	000979	f5c096f17f1d183619733260a9addf6015018daa	3950
train-00007-of-00008.parquet	000980	aeacab4547ad046b9ac5c2ca1bb31e0724631757	117
train-00007-of-00008.parquet	000981	8cca12ad4b53bb5a9370c8b9b7a001b938e6d4e7	1535
train-00007-of-00008.parquet	000982	37fb3ff2298bcba69d5c99b0f8a3cc0690d5b2d7	2265
train-00007-of-00008.parquet	000983	4d5ac7673781c1fe39633075d4d159e935fe9159	306
train-00007-of-00008.parquet	000984	4e6fb696efd2b6f4ecff4111b10b45adac339f08	3694
train-00007-of-00008.parquet	000985	aeaeeee111b6748d1307636366a5b4b6e93b3b7c	752
train-00007-of-00008.parquet	000986	a5be9f74106699c37f48761139d71ae250617526	1001
train-00007-of-00008.parquet	000987	1b1eddec1ce7dcff09ba6a35129f16277f82820a	2231
train-00007-of-00008.parquet	000988	2d11453e8a53dbda246701a86ad7f8a3f619c08e	2990
train-00007-of-00008.parquet	000989	2fc502d7ff040bf37af36e3b83868f941bfbd2e4	3725
train-00007-of-00008.parquet	000990	fb3b318c48544ac97a0516d7a82b1692585b5562	3660
train-00007-of-00008.parquet	000991	8e26e9b4212e0a8831c72e41fe0d617db4a7267c	3755
train-00007-of-00008.parquet	000992	09c732edca5bc80392b3cef60e6a092817778ff1	3817
train-00007-of-00008.parquet	000993	6468eb8bdcc0d183701fb6b5d0679f668d50f38e	4097
train-00007-of-00008.parquet	000994	98925a45c6f5b9c99ca3ca27258f976f941abd4a	3455
