#shard	row	containment	best_score_shard	best_score_row
train-00000-of-00008.parquet	000001	0.0778	train-00000-of-00008.parquet	000000
train-00000-of-00008.parquet	000003	0.0778	train-00000-of-00008.parquet	000000
train-00000-of-00008.parquet	000004	0.0046	train-00000-of-00008.parquet	000539
train-00000-of-00008.parquet	000005	0.0000		
train-00000-of-00008.parquet	000006	0.0047	train-00000-of-00008.parquet	000539
train-00000-of-00008.parquet	000007	0.0049	train-00000-of-00008.parquet	000627
train-00000-of-00008.parquet	000008	0.0055	train-00000-of-00008.parquet	000539
train-00000-of-00008.parquet	000009	0.0044	train-00000-of-00008.parquet	000000
train-00000-of-00008.parquet	000010	0.0131	train-00000-of-00008.parquet	000000
train-00000-of-00008.parquet	000012	0.0174	train-00000-of-00008.parquet	000011
train-00000-of-00008.parquet	000013	0.0000		
train-00000-of-00008.parquet	000014	0.0033	train-00000-of-00008.parquet	000011
train-00000-of-00008.parquet	000015	0.0023	train-00000-of-00008.parquet	000033
train-00000-of-00008.parquet	000016	0.0120	train-00000-of-00008.parquet	000627
train-00000-of-00008.parquet	000017	0.0000		
train-00000-of-00008.parquet	000018	0.0000		
train-00000-of-00008.parquet	000019	0.0041	train-00000-of-00008.parquet	000495
train-00000-of-00008.parquet	000020	0.0000		
train-00000-of-00008.parquet	000021	0.1550	train-00000-of-00008.parquet	000022
train-00000-of-00008.parquet	000023	0.0168	train-00000-of-00008.parquet	000033
train-00000-of-00008.parquet	000024	0.0073	train-00000-of-00008.parquet	000033
train-00000-of-00008.parquet	000025	0.0232	train-00000-of-00008.parquet	000033
train-00000-of-00008.parquet	000026	0.1236	train-00000-of-00008.parquet	000033
train-00000-of-00008.parquet	000027	0.1880	train-00000-of-00008.parquet	000033
train-00000-of-00008.parquet	000028	0.1880	train-00000-of-00008.parquet	000033
train-00000-of-00008.parquet	000029	0.2481	train-00000-of-00008.parquet	000033
train-00000-of-00008.parquet	000030	0.3682	train-00000-of-00008.parquet	000033
train-00000-of-00008.parquet	000031	0.3410	train-00000-of-00008.parquet	000033
train-00000-of-00008.parquet	000032	0.3392	train-00000-of-00008.parquet	000033
train-00000-of-00008.parquet	000034	0.0101	train-00000-of-00008.parquet	000000
train-00000-of-00008.parquet	000035	0.0103	train-00000-of-00008.parquet	000000
train-00000-of-00008.parquet	000036	0.0088	train-00000-of-00008.parquet	000000
train-00000-of-00008.parquet	000037	0.0090	train-00000-of-00008.parquet	000000
train-00000-of-00008.parquet	000038	0.0090	train-00000-of-00008.parquet	000000
train-00000-of-00008.parquet	000039	0.0039	train-00000-of-00008.parquet	000011
train-00000-of-00008.parquet	000040	0.0101	train-00000-of-00008.parquet	000000
train-00000-of-00008.parquet	000041	0.0089	train-00000-of-00008.parquet	000473
train-00000-of-00008.parquet	000042	0.0032	train-00000-of-00008.parquet	000066
train-00000-of-00008.parquet	000043	0.1259	train-00000-of-00008.parquet	000055
train-00000-of-00008.parquet	000045	0.5645	train-00000-of-00008.parquet	000044
train-00000-of-00008.parquet	000046	1.0000	train-00000-of-00008.parquet	000044
train-00000-of-00008.parquet	000047	0.5932	train-00000-of-00008.parquet	000044
train-00000-of-00008.parquet	000048	0.9464	train-00000-of-00008.parquet	000044
train-00000-of-00008.parquet	000049	0.4318	train-00000-of-00008.parquet	000044
train-00000-of-00008.parquet	000050	0.8772	train-00000-of-00008.parquet	000044
train-00000-of-00008.parquet	000051	0.6667	train-00000-of-00008.parquet	000044
train-00000-of-00008.parquet	000052	0.8772	train-00000-of-00008.parquet	000044
train-00000-of-00008.parquet	000053	0.7377	train-00000-of-00008.parquet	000044
train-00000-of-00008.parquet	000054	0.8182	train-00000-of-00008.parquet	000044
train-00000-of-00008.parquet	000056	0.0308	train-00000-of-00008.parquet	000374
train-00000-of-00008.parquet	000057	0.8304	train-00000-of-00008.parquet	000297
train-00000-of-00008.parquet	000059	0.9074	train-00000-of-00008.parquet	000231
train-00000-of-00008.parquet	000060	0.9418	train-00000-of-00008.parquet	000352
train-00000-of-00008.parquet	000061	0.9585	train-00000-of-00008.parquet	000165
train-00000-of-00008.parquet	000062	0.8713	train-00000-of-00008.parquet	000374
train-00000-of-00008.parquet	000063	0.9696	train-00000-of-00008.parquet	000363
train-00000-of-00008.parquet	000064	0.8068	train-00000-of-00008.parquet	000176
train-00000-of-00008.parquet	000065	0.9895	train-00000-of-00008.parquet	000209
train-00000-of-00008.parquet	000067	0.9185	train-00000-of-00008.parquet	000275
train-00000-of-00008.parquet	000069	0.8969	train-00000-of-00008.parquet	000297
train-00000-of-00008.parquet	000070	0.9885	train-00000-of-00008.parquet	000242
train-00000-of-00008.parquet	000071	0.8627	train-00000-of-00008.parquet	000110
train-00000-of-00008.parquet	000072	0.9279	train-00000-of-00008.parquet	000187
train-00000-of-00008.parquet	000073	0.9540	train-00000-of-00008.parquet	000165
train-00000-of-00008.parquet	000074	0.7984	train-00000-of-00008.parquet	000121
train-00000-of-00008.parquet	000075	0.9106	train-00000-of-00008.parquet	000286
train-00000-of-00008.parquet	000076	0.7273	train-00000-of-00008.parquet	000231
train-00000-of-00008.parquet	000078	0.8299	train-00000-of-00008.parquet	000132
train-00000-of-00008.parquet	000079	0.7615	train-00000-of-00008.parquet	000319
train-00000-of-00008.parquet	000080	0.9331	train-00000-of-00008.parquet	000187
train-00000-of-00008.parquet	000081	0.9530	train-00000-of-00008.parquet	000165
train-00000-of-00008.parquet	000082	0.9140	train-00000-of-00008.parquet	000374
train-00000-of-00008.parquet	000083	0.9696	train-00000-of-00008.parquet	000363
train-00000-of-00008.parquet	000084	0.8051	train-00000-of-00008.parquet	000176
train-00000-of-00008.parquet	000085	0.9895	train-00000-of-00008.parquet	000209
train-00000-of-00008.parquet	000086	0.9569	train-00000-of-00008.parquet	000066
train-00000-of-00008.parquet	000087	0.9204	train-00000-of-00008.parquet	000275
train-00000-of-00008.parquet	000089	0.8869	train-00000-of-00008.parquet	000297
train-00000-of-00008.parquet	000090	0.9773	train-00000-of-00008.parquet	000242
train-00000-of-00008.parquet	000091	0.8662	train-00000-of-00008.parquet	000198
train-00000-of-00008.parquet	000092	0.9297	train-00000-of-00008.parquet	000187
train-00000-of-00008.parquet	000093	0.9540	train-00000-of-00008.parquet	000165
train-00000-of-00008.parquet	000094	0.8324	train-00000-of-00008.parquet	000341
train-00000-of-00008.parquet	000095	0.9504	train-00000-of-00008.parquet	000286
train-00000-of-00008.parquet	000096	0.6948	train-00000-of-00008.parquet	000099
train-00000-of-00008.parquet	000097	0.9374	train-00000-of-00008.parquet	000341
train-00000-of-00008.parquet	000098	0.9713	train-00000-of-00008.parquet	000242
train-00000-of-00008.parquet	000100	0.9075	train-00000-of-00008.parquet	000176
train-00000-of-00008.parquet	000101	0.9360	train-00000-of-00008.parquet	000242
train-00000-of-00008.parquet	000102	0.9450	train-00000-of-00008.parquet	000198
train-00000-of-00008.parquet	000103	0.9380	train-00000-of-00008.parquet	000275
train-00000-of-00008.parquet	000104	0.9369	train-00000-of-00008.parquet	000088
train-00000-of-00008.parquet	000105	0.9673	train-00000-of-00008.parquet	000341
train-00000-of-00008.parquet	000106	0.9904	train-00000-of-00008.parquet	000242
train-00000-of-00008.parquet	000107	0.8980	train-00000-of-00008.parquet	000099
train-00000-of-00008.parquet	000108	0.8791	train-00000-of-00008.parquet	000176
train-00000-of-00008.parquet	000109	0.9336	train-00000-of-00008.parquet	000242
train-00000-of-00008.parquet	000111	0.9496	train-00000-of-00008.parquet	000187
train-00000-of-00008.parquet	000112	0.8762	train-00000-of-00008.parquet	000165
train-00000-of-00008.parquet	000113	0.9161	train-00000-of-00008.parquet	000341
train-00000-of-00008.parquet	000114	0.9885	train-00000-of-00008.parquet	000286
train-00000-of-00008.parquet	000115	0.8137	train-00000-of-00008.parquet	000099
train-00000-of-00008.parquet	000116	0.8675	train-00000-of-00008.parquet	000253
train-00000-of-00008.parquet	000117	0.9676	train-00000-of-00008.parquet	000242
train-00000-of-00008.parquet	000118	0.9023	train-00000-of-00008.parquet	000198
train-00000-of-00008.parquet	000119	0.9339	train-00000-of-00008.parquet	000187
train-00000-of-00008.parquet	000120	0.9134	train-00000-of-00008.parquet	000165
train-00000-of-00008.parquet	000122	0.9464	train-00000-of-00008.parquet	000286
train-00000-of-00008.parquet	000123	0.8186	train-00000-of-00008.parquet	000231
train-00000-of-00008.parquet	000124	0.9851	train-00000-of-00008.parquet	000220
train-00000-of-00008.parquet	000125	0.9516	train-00000-of-00008.parquet	000165
train-00000-of-00008.parquet	000126	0.9335	train-00000-of-00008.parquet	000154
train-00000-of-00008.parquet	000128	0.9183	train-00000-of-00008.parquet	000176
train-00000-of-00008.parquet	000129	0.9360	train-00000-of-00008.parquet	000242
train-00000-of-00008.parquet	000130	0.9103	train-00000-of-00008.parquet	000198
train-00000-of-00008.parquet	000131	0.9398	train-00000-of-00008.parquet	000264
train-00000-of-00008.parquet	000133	0.8267	train-00000-of-00008.parquet	000319
train-00000-of-00008.parquet	000134	0.8010	train-00000-of-00008.parquet	000154
train-00000-of-00008.parquet	000135	0.9938	train-00000-of-00008.parquet	000363
train-00000-of-00008.parquet	000136	0.6390	train-00000-of-00008.parquet	000066
train-00000-of-00008.parquet	000137	0.8139	train-00000-of-00008.parquet	000374
train-00000-of-00008.parquet	000138	0.9098	train-00000-of-00008.parquet	000363
train-00000-of-00008.parquet	000139	0.7898	train-00000-of-00008.parquet	000176
train-00000-of-00008.parquet	000140	0.9717	train-00000-of-00008.parquet	000209
train-00000-of-00008.parquet	000141	0.9377	train-00000-of-00008.parquet	000165
train-00000-of-00008.parquet	000142	0.8551	train-00000-of-00008.parquet	000275
train-00000-of-00008.parquet	000144	0.8723	train-00000-of-00008.parquet	000297
train-00000-of-00008.parquet	000145	0.9981	train-00000-of-00008.parquet	000242
train-00000-of-00008.parquet	000146	0.8933	train-00000-of-00008.parquet	000110
train-00000-of-00008.parquet	000147	0.9259	train-00000-of-00008.parquet	000187
train-00000-of-00008.parquet	000148	0.9232	train-00000-of-00008.parquet	000165
train-00000-of-00008.parquet	000149	0.8142	train-00000-of-00008.parquet	000121
train-00000-of-00008.parquet	000150	0.9330	train-00000-of-00008.parquet	000286
train-00000-of-00008.parquet	000151	0.7764	train-00000-of-00008.parquet	000231
train-00000-of-00008.parquet	000152	0.9167	train-00000-of-00008.parquet	000220
train-00000-of-00008.parquet	000153	0.9368	train-00000-of-00008.parquet	000165
train-00000-of-00008.parquet	000155	0.9811	train-00000-of-00008.parquet	000363
train-00000-of-00008.parquet	000156	0.8665	train-00000-of-00008.parquet	000176
train-00000-of-00008.parquet	000157	0.9419	train-00000-of-00008.parquet	000242
train-00000-of-00008.parquet	000158	0.9328	train-00000-of-00008.parquet	000198
train-00000-of-00008.parquet	000159	0.9533	train-00000-of-00008.parquet	000187
train-00000-of-00008.parquet	000160	0.8762	train-00000-of-00008.parquet	000165
train-00000-of-00008.parquet	000161	0.7813	train-00000-of-00008.parquet	000297
train-00000-of-00008.parquet	000162	0.9581	train-00000-of-00008.parquet	000286
train-00000-of-00008.parquet	000163	0.8584	train-00000-of-00008.parquet	000231
train-00000-of-00008.parquet	000164	0.9834	train-00000-of-00008.parquet	000352
train-00000-of-00008.parquet	000166	0.8743	train-00000-of-00008.parquet	000154
train-00000-of-00008.parquet	000167	0.9857	train-00000-of-00008.parquet	000363
train-00000-of-00008.parquet	000168	0.7663	train-00000-of-00008.parquet	000341
train-00000-of-00008.parquet	000169	0.9532	train-00000-of-00008.parquet	000209
train-00000-of-00008.parquet	000170	0.7634	train-00000-of-00008.parquet	000132
train-00000-of-00008.parquet	000171	0.8009	train-00000-of-00008.parquet	000176
train-00000-of-00008.parquet	000172	0.9894	train-00000-of-00008.parquet	000220
train-00000-of-00008.parquet	000173	0.9511	train-00000-of-00008.parquet	000165
train-00000-of-00008.parquet	000174	0.9033	train-00000-of-00008.parquet	000154
train-00000-of-00008.parquet	000177	0.9360	train-00000-of-00008.parquet	000242
train-00000-of-00008.parquet	000178	0.9355	train-00000-of-00008.parquet	000198
train-00000-of-00008.parquet	000179	0.9453	train-00000-of-00008.parquet	000275
train-00000-of-00008.parquet	000180	0.9369	train-00000-of-00008.parquet	000088
train-00000-of-00008.parquet	000181	0.9673	train-00000-of-00008.parquet	000341
train-00000-of-00008.parquet	000182	0.9904	train-00000-of-00008.parquet	000242
train-00000-of-00008.parquet	000183	0.9414	train-00000-of-00008.parquet	000099
train-00000-of-00008.parquet	000184	0.8830	train-00000-of-00008.parquet	000176
train-00000-of-00008.parquet	000185	0.9336	train-00000-of-00008.parquet	000242
train-00000-of-00008.parquet	000186	0.9371	train-00000-of-00008.parquet	000198
train-00000-of-00008.parquet	000188	0.8762	train-00000-of-00008.parquet	000165
train-00000-of-00008.parquet	000189	0.7760	train-00000-of-00008.parquet	000297
train-00000-of-00008.parquet	000190	0.9581	train-00000-of-00008.parquet	000286
train-00000-of-00008.parquet	000191	0.8540	train-00000-of-00008.parquet	000231
train-00000-of-00008.parquet	000193	0.9753	train-00000-of-00008.parquet	000165
train-00000-of-00008.parquet	000194	0.9128	train-00000-of-00008.parquet	000154
train-00000-of-00008.parquet	000195	0.9857	train-00000-of-00008.parquet	000363
train-00000-of-00008.parquet	000196	0.8233	train-00000-of-00008.parquet	000176
train-00000-of-00008.parquet	000197	0.9401	train-00000-of-00008.parquet	000209
train-00000-of-00008.parquet	000199	0.9380	train-00000-of-00008.parquet	000275
train-00000-of-00008.parquet	000200	0.9485	train-00000-of-00008.parquet	000088
train-00000-of-00008.parquet	000201	0.8268	train-00000-of-00008.parquet	000297
train-00000-of-00008.parquet	000203	0.9203	train-00000-of-00008.parquet	000231
train-00000-of-00008.parquet	000204	0.9317	train-00000-of-00008.parquet	000352
train-00000-of-00008.parquet	000205	0.9639	train-00000-of-00008.parquet	000165
train-00000-of-00008.parquet	000206	0.8919	train-00000-of-00008.parquet	000374
train-00000-of-00008.parquet	000207	0.9696	train-00000-of-00008.parquet	000363
train-00000-of-00008.parquet	000208	0.8068	train-00000-of-00008.parquet	000176
train-00000-of-00008.parquet	000210	0.9532	train-00000-of-00008.parquet	000066
train-00000-of-00008.parquet	000211	0.9224	train-00000-of-00008.parquet	000275
train-00000-of-00008.parquet	000213	0.9154	train-00000-of-00008.parquet	000341
train-00000-of-00008.parquet	000214	0.9461	train-00000-of-00008.parquet	000242
train-00000-of-00008.parquet	000215	0.7319	train-00000-of-00008.parquet	000132
train-00000-of-00008.parquet	000216	0.8143	train-00000-of-00008.parquet	000341
train-00000-of-00008.parquet	000217	0.9532	train-00000-of-00008.parquet	000209
train-00000-of-00008.parquet	000218	0.7655	train-00000-of-00008.parquet	000132
train-00000-of-00008.parquet	000219	0.7778	train-00000-of-00008.parquet	000176
train-00000-of-00008.parquet	000221	0.9458	train-00000-of-00008.parquet	000165
train-00000-of-00008.parquet	000222	0.8886	train-00000-of-00008.parquet	000154
train-00000-of-00008.parquet	000224	0.8945	train-00000-of-00008.parquet	000176
train-00000-of-00008.parquet	000225	0.9256	train-00000-of-00008.parquet	000242
train-00000-of-00008.parquet	000226	0.9273	train-00000-of-00008.parquet	000198
train-00000-of-00008.parquet	000227	0.9453	train-00000-of-00008.parquet	000275
train-00000-of-00008.parquet	000228	0.9369	train-00000-of-00008.parquet	000088
train-00000-of-00008.parquet	000229	0.8311	train-00000-of-00008.parquet	000297
train-00000-of-00008.parquet	000232	0.9317	train-00000-of-00008.parquet	000352
train-00000-of-00008.parquet	000233	0.9603	train-00000-of-00008.parquet	000165
train-00000-of-00008.parquet	000234	0.8684	train-00000-of-00008.parquet	000374
train-00000-of-00008.parquet	000235	0.9696	train-00000-of-00008.parquet	000363
train-00000-of-00008.parquet	000236	0.8068	train-00000-of-00008.parquet	000176
train-00000-of-00008.parquet	000238	0.9495	train-00000-of-00008.parquet	000066
train-00000-of-00008.parquet	000239	0.9068	train-00000-of-00008.parquet	000275
train-00000-of-00008.parquet	000241	0.9170	train-00000-of-00008.parquet	000297
train-00000-of-00008.parquet	000243	0.8734	train-00000-of-00008.parquet	000198
train-00000-of-00008.parquet	000244	0.9297	train-00000-of-00008.parquet	000187
train-00000-of-00008.parquet	000245	0.9540	train-00000-of-00008.parquet	000165
train-00000-of-00008.parquet	000246	0.7984	train-00000-of-00008.parquet	000121
train-00000-of-00008.parquet	000247	0.9106	train-00000-of-00008.parquet	000286
train-00000-of-00008.parquet	000248	0.7696	train-00000-of-00008.parquet	000176
train-00000-of-00008.parquet	000249	0.9505	train-00000-of-00008.parquet	000209
train-00000-of-00008.parquet	000250	0.9323	train-00000-of-00008.parquet	000165
train-00000-of-00008.parquet	000251	0.8613	train-00000-of-00008.parquet	000154
train-00000-of-00008.parquet	000254	0.9560	train-00000-of-00008.parquet	000242
train-00000-of-00008.parquet	000255	0.9257	train-00000-of-00008.parquet	000198
train-00000-of-00008.parquet	000256	0.9413	train-00000-of-00008.parquet	000187
train-00000-of-00008.parquet	000257	0.8962	train-00000-of-00008.parquet	000165
train-00000-of-00008.parquet	000258	0.8037	train-00000-of-00008.parquet	000121
train-00000-of-00008.parquet	000259	0.9504	train-00000-of-00008.parquet	000286
train-00000-of-00008.parquet	000260	0.8345	train-00000-of-00008.parquet	000231
train-00000-of-00008.parquet	000261	0.9418	train-00000-of-00008.parquet	000264
train-00000-of-00008.parquet	000262	0.8593	train-00000-of-00008.parquet	000132
train-00000-of-00008.parquet	000263	0.9188	train-00000-of-00008.parquet	000319
train-00000-of-00008.parquet	000265	0.9274	train-00000-of-00008.parquet	000132
train-00000-of-00008.parquet	000266	0.8592	train-00000-of-00008.parquet	000330
train-00000-of-00008.parquet	000267	0.9372	train-00000-of-00008.parquet	000275
train-00000-of-00008.parquet	000268	0.9793	train-00000-of-00008.parquet	000088
train-00000-of-00008.parquet	000269	0.8973	train-00000-of-00008.parquet	000297
train-00000-of-00008.parquet	000270	0.9923	train-00000-of-00008.parquet	000242
train-00000-of-00008.parquet	000271	0.8458	train-00000-of-00008.parquet	000198
train-00000-of-00008.parquet	000272	0.9627	train-00000-of-00008.parquet	000264
train-00000-of-00008.parquet	000273	0.9030	train-00000-of-00008.parquet	000132
train-00000-of-00008.parquet	000274	0.8584	train-00000-of-00008.parquet	000330
train-00000-of-00008.parquet	000276	0.9376	train-00000-of-00008.parquet	000088
train-00000-of-00008.parquet	000277	0.9673	train-00000-of-00008.parquet	000341
train-00000-of-00008.parquet	000278	0.9904	train-00000-of-00008.parquet	000242
train-00000-of-00008.parquet	000279	0.8784	train-00000-of-00008.parquet	000099
train-00000-of-00008.parquet	000280	0.8134	train-00000-of-00008.parquet	000176
train-00000-of-00008.parquet	000281	0.9242	train-00000-of-00008.parquet	000209
train-00000-of-00008.parquet	000282	0.9599	train-00000-of-00008.parquet	000198
train-00000-of-00008.parquet	000283	0.9453	train-00000-of-00008.parquet	000275
train-00000-of-00008.parquet	000284	0.9485	train-00000-of-00008.parquet	000088
train-00000-of-00008.parquet	000285	0.8283	train-00000-of-00008.parquet	000297
train-00000-of-00008.parquet	000287	0.9122	train-00000-of-00008.parquet	000231
train-00000-of-00008.parquet	000288	0.9188	train-00000-of-00008.parquet	000352
train-00000-of-00008.parquet	000289	0.9621	train-00000-of-00008.parquet	000165
train-00000-of-00008.parquet	000290	0.9140	train-00000-of-00008.parquet	000374
train-00000-of-00008.parquet	000291	0.9696	train-00000-of-00008.parquet	000363
train-00000-of-00008.parquet	000292	0.8034	train-00000-of-00008.parquet	000176
train-00000-of-00008.parquet	000293	0.9895	train-00000-of-00008.parquet	000209
train-00000-of-00008.parquet	000294	0.9534	train-00000-of-00008.parquet	000066
train-00000-of-00008.parquet	000295	0.9224	train-00000-of-00008.parquet	000275
train-00000-of-00008.parquet	000299	0.8568	train-00000-of-00008.parquet	000198
train-00000-of-00008.parquet	000300	0.9297	train-00000-of-00008.parquet	000187
train-00000-of-00008.parquet	000301	0.9540	train-00000-of-00008.parquet	000165
train-00000-of-00008.parquet	000302	0.7520	train-00000-of-00008.parquet	000121
train-00000-of-00008.parquet	000303	0.8847	train-00000-of-00008.parquet	000286
train-00000-of-00008.parquet	000304	0.7696	train-00000-of-00008.parquet	000176
train-00000-of-00008.parquet	000305	0.9444	train-00000-of-00008.parquet	000209
train-00000-of-00008.parquet	000306	0.9323	train-00000-of-00008.parquet	000165
train-00000-of-00008.parquet	000307	0.8613	train-00000-of-00008.parquet	000154
train-00000-of-00008.parquet	000309	0.8519	train-00000-of-00008.parquet	000253
train-00000-of-00008.parquet	000310	0.9252	train-00000-of-00008.parquet	000242
train-00000-of-00008.parquet	000311	0.9120	train-00000-of-00008.parquet	000198
train-00000-of-00008.parquet	000312	0.9358	train-00000-of-00008.parquet	000187
train-00000-of-00008.parquet	000313	0.8962	train-00000-of-00008.parquet	000165
train-00000-of-00008.parquet	000314	0.8160	train-00000-of-00008.parquet	000121
train-00000-of-00008.parquet	000315	0.9504	train-00000-of-00008.parquet	000286
train-00000-of-00008.parquet	000316	0.8345	train-00000-of-00008.parquet	000231
train-00000-of-00008.parquet	000317	0.9418	train-00000-of-00008.parquet	000264
train-00000-of-00008.parquet	000318	0.8593	train-00000-of-00008.parquet	000132
train-00000-of-00008.parquet	000320	0.9806	train-00000-of-00008.parquet	000264
train-00000-of-00008.parquet	000321	0.9274	train-00000-of-00008.parquet	000132
train-00000-of-00008.parquet	000322	0.8559	train-00000-of-00008.parquet	000330
train-00000-of-00008.parquet	000323	0.9372	train-00000-of-00008.parquet	000275
train-00000-of-00008.parquet	000324	0.9793	train-00000-of-00008.parquet	000088
train-00000-of-00008.parquet	000325	0.8831	train-00000-of-00008.parquet	000297
train-00000-of-00008.parquet	000326	0.9827	train-00000-of-00008.parquet	000242
train-00000-of-00008.parquet	000327	0.8458	train-00000-of-00008.parquet	000198
train-00000-of-00008.parquet	000328	0.9627	train-00000-of-00008.parquet	000264
train-00000-of-00008.parquet	000329	0.9030	train-00000-of-00008.parquet	000132
train-00000-of-00008.parquet	000331	0.9531	train-00000-of-00008.parquet	000275
train-00000-of-00008.parquet	000332	0.9376	train-00000-of-00008.parquet	000088
train-00000-of-00008.parquet	000333	0.8540	train-00000-of-00008.parquet	000297
train-00000-of-00008.parquet	000335	0.8636	train-00000-of-00008.parquet	000231
train-00000-of-00008.parquet	000336	0.9122	train-00000-of-00008.parquet	000264
train-00000-of-00008.parquet	000337	0.9527	train-00000-of-00008.parquet	000165
train-00000-of-00008.parquet	000338	0.8204	train-00000-of-00008.parquet	000341
train-00000-of-00008.parquet	000339	0.9464	train-00000-of-00008.parquet	000286
train-00000-of-00008.parquet	000340	0.6615	train-00000-of-00008.parquet	000099
train-00000-of-00008.parquet	000342	0.9904	train-00000-of-00008.parquet	000242
train-00000-of-00008.parquet	000343	0.8477	train-00000-of-00008.parquet	000099
train-00000-of-00008.parquet	000344	0.9029	train-00000-of-00008.parquet	000176
train-00000-of-00008.parquet	000345	0.9440	train-00000-of-00008.parquet	000242
train-00000-of-00008.parquet	000346	0.9371	train-00000-of-00008.parquet	000198
train-00000-of-00008.parquet	000347	0.9515	train-00000-of-00008.parquet	000187
train-00000-of-00008.parquet	000348	0.8762	train-00000-of-00008.parquet	000165
train-00000-of-00008.parquet	000349	0.7945	train-00000-of-00008.parquet	000297
train-00000-of-00008.parquet	000350	0.9581	train-00000-of-00008.parquet	000286
train-00000-of-00008.parquet	000351	0.8540	train-00000-of-00008.parquet	000231
train-00000-of-00008.parquet	000353	0.9662	train-00000-of-00008.parquet	000165
train-00000-of-00008.parquet	000354	0.8757	train-00000-of-00008.parquet	000374
train-00000-of-00008.parquet	000355	0.9857	train-00000-of-00008.parquet	000363
train-00000-of-00008.parquet	000356	0.7663	train-00000-of-00008.parquet	000341
train-00000-of-00008.parquet	000357	0.9532	train-00000-of-00008.parquet	000209
train-00000-of-00008.parquet	000358	0.7594	train-00000-of-00008.parquet	000132
train-00000-of-00008.parquet	000359	0.7796	train-00000-of-00008.parquet	000176
train-00000-of-00008.parquet	000360	0.9894	train-00000-of-00008.parquet	000220
train-00000-of-00008.parquet	000361	0.9405	train-00000-of-00008.parquet	000165
train-00000-of-00008.parquet	000362	0.9083	train-00000-of-00008.parquet	000154
train-00000-of-00008.parquet	000364	0.8796	train-00000-of-00008.parquet	000176
train-00000-of-00008.parquet	000365	0.9218	train-00000-of-00008.parquet	000242
train-00000-of-00008.parquet	000366	0.9431	train-00000-of-00008.parquet	000198
train-00000-of-00008.parquet	000367	0.9435	train-00000-of-00008.parquet	000275
train-00000-of-00008.parquet	000368	0.9369	train-00000-of-00008.parquet	000088
train-00000-of-00008.parquet	000369	0.8502	train-00000-of-00008.parquet	000297
train-00000-of-00008.parquet	000371	0.9054	train-00000-of-00008.parquet	000231
train-00000-of-00008.parquet	000372	0.9261	train-00000-of-00008.parquet	000352
train-00000-of-00008.parquet	000373	0.9639	train-00000-of-00008.parquet	000165
train-00000-of-00008.parquet	000375	0.9696	train-00000-of-00008.parquet	000363
train-00000-of-00008.parquet	000376	0.8017	train-00000-of-00008.parquet	000176
train-00000-of-00008.parquet	000377	0.9895	train-00000-of-00008.parquet	000209
train-00000-of-00008.parquet	000378	0.9102	train-00000-of-00008.parquet	000066
train-00000-of-00008.parquet	000379	0.8440	train-00000-of-00008.parquet	000264
train-00000-of-00008.parquet	000380	0.9709	train-00000-of-00008.parquet	000308
train-00000-of-00008.parquet	000381	0.7216	train-00000-of-00008.parquet	000319
train-00000-of-00008.parquet	000382	0.9126	train-00000-of-00008.parquet	000374
train-00000-of-00008.parquet	000383	0.9857	train-00000-of-00008.parquet	000363
train-00000-of-00008.parquet	000384	0.5000	train-00000-of-00008.parquet	000066
train-00000-of-00008.parquet	000386	0.0183	train-00000-of-00008.parquet	000000
train-00000-of-00008.parquet	000387	0.0214	train-00000-of-00008.parquet	000473
train-00000-of-00008.parquet	000388	0.0062	train-00000-of-00008.parquet	000385
train-00000-of-00008.parquet	000389	0.0000		
train-00000-of-00008.parquet	000390	0.0000		
train-00000-of-00008.parquet	000391	0.0027	train-00000-of-00008.parquet	000385
train-00000-of-00008.parquet	000392	0.0021	train-00000-of-00008.parquet	000396
train-00000-of-00008.parquet	000393	0.0000		
train-00000-of-00008.parquet	000394	0.0023	train-00000-of-00008.parquet	000385
train-00000-of-00008.parquet	000395	0.0345	train-00000-of-00008.parquet	000396
train-00000-of-00008.parquet	000397	0.0035	train-00000-of-00008.parquet	000407
train-00000-of-00008.parquet	000398	0.0369	train-00000-of-00008.parquet	000407
train-00000-of-00008.parquet	000399	0.4861	train-00000-of-00008.parquet	000418
train-00000-of-00008.parquet	000400	0.7791	train-00000-of-00008.parquet	000418
train-00000-of-00008.parquet	000401	0.7314	train-00000-of-00008.parquet	000418
train-00000-of-00008.parquet	000402	0.6765	train-00000-of-00008.parquet	000407
train-00000-of-00008.parquet	000403	0.6805	train-00000-of-00008.parquet	000407
train-00000-of-00008.parquet	000404	0.6409	train-00000-of-00008.parquet	000407
train-00000-of-00008.parquet	000405	0.6970	train-00000-of-00008.parquet	000407
train-00000-of-00008.parquet	000406	0.7030	train-00000-of-00008.parquet	000407
train-00000-of-00008.parquet	000408	0.7718	train-00000-of-00008.parquet	000407
train-00000-of-00008.parquet	000409	0.7257	train-00000-of-00008.parquet	000418
train-00000-of-00008.parquet	000410	0.7241	train-00000-of-00008.parquet	000407
train-00000-of-00008.parquet	000411	0.7278	train-00000-of-00008.parquet	000407
train-00000-of-00008.parquet	000412	0.7389	train-00000-of-00008.parquet	000418
train-00000-of-00008.parquet	000413	0.6170	train-00000-of-00008.parquet	000407
train-00000-of-00008.parquet	000414	0.7342	train-00000-of-00008.parquet	000407
train-00000-of-00008.parquet	000415	0.7143	train-00000-of-00008.parquet	000407
train-00000-of-00008.parquet	000416	0.6686	train-00000-of-00008.parquet	000407
train-00000-of-00008.parquet	000417	0.6824	train-00000-of-00008.parquet	000407
train-00000-of-00008.parquet	000419	0.4424	train-00000-of-00008.parquet	000418
train-00000-of-00008.parquet	000420	0.0240	train-00000-of-00008.parquet	000407
train-00000-of-00008.parquet	000421	0.0000		
train-00000-of-00008.parquet	000422	0.0000		
train-00000-of-00008.parquet	000423	0.0000		
train-00000-of-00008.parquet	000424	0.0000		
train-00000-of-00008.parquet	000425	0.0000		
train-00000-of-00008.parquet	000426	0.0051	train-00000-of-00008.parquet	000385
train-00000-of-00008.parquet	000427	0.0123	train-00000-of-00008.parquet	000473
train-00000-of-00008.parquet	000428	0.0000		
train-00000-of-00008.parquet	000430	0.0000		
train-00000-of-00008.parquet	000431	0.0000		
train-00000-of-00008.parquet	000432	0.0000		
train-00000-of-00008.parquet	000433	0.0000		
train-00000-of-00008.parquet	000435	0.0030	train-00000-of-00008.parquet	000440
train-00000-of-00008.parquet	000436	0.0268	train-00000-of-00008.parquet	000440
train-00000-of-00008.parquet	000437	0.0238	train-00000-of-00008.parquet	000440
train-00000-of-00008.parquet	000438	0.0288	train-00000-of-00008.parquet	000440
train-00000-of-00008.parquet	000439	0.0297	train-00000-of-00008.parquet	000440
train-00000-of-00008.parquet	000441	0.0266	train-00000-of-00008.parquet	000440
train-00000-of-00008.parquet	000442	0.0265	train-00000-of-00008.parquet	000440
train-00000-of-00008.parquet	000443	0.0076	train-00000-of-00008.parquet	000011
train-00000-of-00008.parquet	000444	0.0000		
train-00000-of-00008.parquet	000445	0.0191	train-00000-of-00008.parquet	000627
train-00000-of-00008.parquet	000446	0.0095	train-00000-of-00008.parquet	000495
train-00000-of-00008.parquet	000447	0.0178	train-00000-of-00008.parquet	000451
train-00000-of-00008.parquet	000448	0.0473	train-00000-of-00008.parquet	000451
train-00000-of-00008.parquet	000449	0.0163	train-00000-of-00008.parquet	000451
train-00000-of-00008.parquet	000450	0.0482	train-00000-of-00008.parquet	000451
train-00000-of-00008.parquet	000452	0.0088	train-00000-of-00008.parquet	000451
train-00000-of-00008.parquet	000455	0.0000		
train-00000-of-00008.parquet	000456	0.0042	train-00000-of-00008.parquet	000539
train-00000-of-00008.parquet	000457	0.0090	train-00000-of-00008.parquet	000000
train-00000-of-00008.parquet	000458	0.0000		
train-00000-of-00008.parquet	000459	0.0000		
train-00000-of-00008.parquet	000460	0.0060	train-00000-of-00008.parquet	000462
train-00000-of-00008.parquet	000461	0.0043	train-00000-of-00008.parquet	000066
train-00000-of-00008.parquet	000463	0.0090	train-00000-of-00008.parquet	000000
train-00000-of-00008.parquet	000464	0.0000		
train-00000-of-00008.parquet	000465	0.0130	train-00000-of-00008.parquet	000022
train-00000-of-00008.parquet	000466	0.0113	train-00000-of-00008.parquet	000000
train-00000-of-00008.parquet	000467	0.0068	train-00000-of-00008.parquet	000000
train-00000-of-00008.parquet	000468	0.0000		
train-00000-of-00008.parquet	000469	0.0093	train-00000-of-00008.parquet	000000
train-00000-of-00008.parquet	000470	0.0114	train-00000-of-00008.parquet	000473
train-00000-of-00008.parquet	000471	0.0000		
train-00000-of-00008.parquet	000472	0.0000		
train-00000-of-00008.parquet	000474	0.2228	train-00000-of-00008.parquet	000473
train-00000-of-00008.parquet	000475	0.1949	train-00000-of-00008.parquet	000473
train-00000-of-00008.parquet	000476	0.2054	train-00000-of-00008.parquet	000473
train-00000-of-00008.parquet	000477	0.2389	train-00000-of-00008.parquet	000473
train-00000-of-00008.parquet	000478	0.2389	train-00000-of-00008.parquet	000473
train-00000-of-00008.parquet	000479	0.2324	train-00000-of-00008.parquet	000473
train-00000-of-00008.parquet	000480	0.2363	train-00000-of-00008.parquet	000473
train-00000-of-00008.parquet	000481	0.0019	train-00000-of-00008.parquet	000539
train-00000-of-00008.parquet	000482	0.0040	train-00000-of-00008.parquet	000484
train-00000-of-00008.parquet	000483	0.0945	train-00000-of-00008.parquet	000484
train-00000-of-00008.parquet	000485	0.0000		
train-00000-of-00008.parquet	000486	0.0435	train-00000-of-00008.parquet	000000
train-00000-of-00008.parquet	000488	0.0435	train-00000-of-00008.parquet	000000
train-00000-of-00008.parquet	000489	0.7709	train-00000-of-00008.parquet	000473
train-00000-of-00008.parquet	000490	0.1299	train-00000-of-00008.parquet	000473
train-00000-of-00008.parquet	000491	0.0029	train-00000-of-00008.parquet	000473
train-00000-of-00008.parquet	000492	0.0027	train-00000-of-00008.parquet	000000
train-00000-of-00008.parquet	000493	0.0029	train-00000-of-00008.parquet	000671
train-00000-of-00008.parquet	000494	0.0000		
train-00000-of-00008.parquet	000496	0.0000		
train-00000-of-00008.parquet	000497	0.0000		
train-00000-of-00008.parquet	000498	0.0000		
train-00000-of-00008.parquet	000499	0.5553	train-00000-of-00008.parquet	000627
train-00000-of-00008.parquet	000500	0.0000		
train-00000-of-00008.parquet	000501	0.0060	train-00000-of-00008.parquet	000473
train-00000-of-00008.parquet	000502	0.0000		
train-00000-of-00008.parquet	000503	0.0000		
train-00000-of-00008.parquet	000504	0.0000		
train-00000-of-00008.parquet	000505	0.0320	train-00000-of-00008.parquet	000000
train-00000-of-00008.parquet	000507	0.0435	train-00000-of-00008.parquet	000000
train-00000-of-00008.parquet	000508	0.2124	train-00000-of-00008.parquet	000528
train-00000-of-00008.parquet	000509	0.0650	train-00000-of-00008.parquet	000594
train-00000-of-00008.parquet	000510	0.0000		
train-00000-of-00008.parquet	000511	0.8198	train-00000-of-00008.parquet	000473
train-00000-of-00008.parquet	000512	0.1028	train-00000-of-00008.parquet	000473
train-00000-of-00008.parquet	000513	0.1467	train-00000-of-00008.parquet	000473
train-00000-of-00008.parquet	000514	0.1447	train-00000-of-00008.parquet	000473
train-00000-of-00008.parquet	000515	0.1411	train-00000-of-00008.parquet	000473
train-00000-of-00008.parquet	000516	0.0099	train-00000-of-00008.parquet	000517
train-00000-of-00008.parquet	000518	0.1072	train-00000-of-00008.parquet	000528
train-00000-of-00008.parquet	000519	0.0217	train-00000-of-00008.parquet	000528
train-00000-of-00008.parquet	000520	0.0110	train-00000-of-00008.parquet	000627
train-00000-of-00008.parquet	000521	0.0088	train-00000-of-00008.parquet	000627
train-00000-of-00008.parquet	000522	0.0062	train-00000-of-00008.parquet	000594
train-00000-of-00008.parquet	000523	0.2997	train-00000-of-00008.parquet	000627
train-00000-of-00008.parquet	000524	0.5825	train-00000-of-00008.parquet	000627
train-00000-of-00008.parquet	000525	0.0138	train-00000-of-00008.parquet	000627
train-00000-of-00008.parquet	000526	0.0000		
train-00000-of-00008.parquet	000527	0.0117	train-00000-of-00008.parquet	000594
train-00000-of-00008.parquet	000529	0.0640	train-00000-of-00008.parquet	000594
train-00000-of-00008.parquet	000530	0.0340	train-00000-of-00008.parquet	000594
train-00000-of-00008.parquet	000531	0.0032	train-00000-of-00008.parquet	000594
train-00000-of-00008.parquet	000532	0.0643	train-00000-of-00008.parquet	000594
train-00000-of-00008.parquet	000533	0.3488	train-00000-of-00008.parquet	000594
train-00000-of-00008.parquet	000534	0.0000		
train-00000-of-00008.parquet	000535	0.0035	train-00000-of-00008.parquet	000627
train-00000-of-00008.parquet	000536	0.0441	train-00000-of-00008.parquet	000594
train-00000-of-00008.parquet	000537	0.1339	train-00000-of-00008.parquet	000594
train-00000-of-00008.parquet	000538	0.0166	train-00000-of-00008.parquet	000539
train-00000-of-00008.parquet	000540	0.0175	train-00000-of-00008.parquet	000539
train-00000-of-00008.parquet	000541	0.0044	train-00000-of-00008.parquet	000572
train-00000-of-00008.parquet	000542	0.0069	train-00000-of-00008.parquet	000638
train-00000-of-00008.parquet	000543	0.0071	train-00000-of-00008.parquet	000539
train-00000-of-00008.parquet	000544	0.0138	train-00000-of-00008.parquet	000594
train-00000-of-00008.parquet	000545	0.0000		
train-00000-of-00008.parquet	000546	0.0011	train-00000-of-00008.parquet	000550
train-00000-of-00008.parquet	000547	0.0013	train-00000-of-00008.parquet	000539
train-00000-of-00008.parquet	000548	0.0016	train-00000-of-00008.parquet	000539
train-00000-of-00008.parquet	000549	0.0466	train-00000-of-00008.parquet	000594
train-00000-of-00008.parquet	000551	0.0058	train-00000-of-00008.parquet	000594
train-00000-of-00008.parquet	000552	0.0020	train-00000-of-00008.parquet	000594
train-00000-of-00008.parquet	000553	0.0013	train-00000-of-00008.parquet	000594
train-00000-of-00008.parquet	000554	0.0012	train-00000-of-00008.parquet	000638
train-00000-of-00008.parquet	000555	0.0000		
train-00000-of-00008.parquet	000556	0.0218	train-00000-of-00008.parquet	000594
train-00000-of-00008.parquet	000557	0.0038	train-00000-of-00008.parquet	000638
train-00000-of-00008.parquet	000558	0.0000		
train-00000-of-00008.parquet	000559	0.0060	train-00000-of-00008.parquet	000627
train-00000-of-00008.parquet	000560	0.0036	train-00000-of-00008.parquet	000627
train-00000-of-00008.parquet	000562	0.0079	train-00000-of-00008.parquet	000594
train-00000-of-00008.parquet	000563	0.0155	train-00000-of-00008.parquet	000627
train-00000-of-00008.parquet	000564	0.0054	train-00000-of-00008.parquet	000583
train-00000-of-00008.parquet	000565	0.0016	train-00000-of-00008.parquet	000594
train-00000-of-00008.parquet	000566	0.0048	train-00000-of-00008.parquet	000594
train-00000-of-00008.parquet	000567	0.0254	train-00000-of-00008.parquet	000594
train-00000-of-00008.parquet	000568	0.0136	train-00000-of-00008.parquet	000638
train-00000-of-00008.parquet	000569	0.0058	train-00000-of-00008.parquet	000638
train-00000-of-00008.parquet	000570	0.0192	train-00000-of-00008.parquet	000638
train-00000-of-00008.parquet	000571	0.0352	train-00000-of-00008.parquet	000638
train-00000-of-00008.parquet	000573	0.0350	train-00000-of-00008.parquet	000638
train-00000-of-00008.parquet	000574	0.0093	train-00000-of-00008.parquet	000638
train-00000-of-00008.parquet	000575	0.0228	train-00000-of-00008.parquet	000638
train-00000-of-00008.parquet	000576	0.0107	train-00000-of-00008.parquet	000638
train-00000-of-00008.parquet	000577	0.0012	train-00000-of-00008.parquet	000638
train-00000-of-00008.parquet	000578	0.0014	train-00000-of-00008.parquet	000638
train-00000-of-00008.parquet	000579	0.0043	train-00000-of-00008.parquet	000638
train-00000-of-00008.parquet	000580	0.0000		
train-00000-of-00008.parquet	000582	0.1893	train-00000-of-00008.parquet	000627
train-00000-of-00008.parquet	000584	0.1403	train-00000-of-00008.parquet	000594
train-00000-of-00008.parquet	000585	0.0230	train-00000-of-00008.parquet	000594
train-00000-of-00008.parquet	000586	0.0106	train-00000-of-00008.parquet	000627
train-00000-of-00008.parquet	000587	0.0088	train-00000-of-00008.parquet	000627
train-00000-of-00008.parquet	000588	0.0062	train-00000-of-00008.parquet	000594
train-00000-of-00008.parquet	000589	0.2973	train-00000-of-00008.parquet	000627
train-00000-of-00008.parquet	000590	0.5845	train-00000-of-00008.parquet	000627
train-00000-of-00008.parquet	000591	0.0138	train-00000-of-00008.parquet	000627
train-00000-of-00008.parquet	000592	0.0000		
train-00000-of-00008.parquet	000593	0.0117	train-00000-of-00008.parquet	000594
train-00000-of-00008.parquet	000595	0.0376	train-00000-of-00008.parquet	000594
train-00000-of-00008.parquet	000596	0.0340	train-00000-of-00008.parquet	000594
train-00000-of-00008.parquet	000597	0.0032	train-00000-of-00008.parquet	000594
train-00000-of-00008.parquet	000598	0.0637	train-00000-of-00008.parquet	000594
train-00000-of-00008.parquet	000599	0.3659	train-00000-of-00008.parquet	000594
train-00000-of-00008.parquet	000600	0.0000		
train-00000-of-00008.parquet	000601	0.0035	train-00000-of-00008.parquet	000627
train-00000-of-00008.parquet	000602	0.0482	train-00000-of-00008.parquet	000594
train-00000-of-00008.parquet	000603	0.1336	train-00000-of-00008.parquet	000594
train-00000-of-00008.parquet	000604	0.0166	train-00000-of-00008.parquet	000539
train-00000-of-00008.parquet	000606	0.0175	train-00000-of-00008.parquet	000539
train-00000-of-00008.parquet	000607	0.0044	train-00000-of-00008.parquet	000572
train-00000-of-00008.parquet	000608	0.0069	train-00000-of-00008.parquet	000638
train-00000-of-00008.parquet	000609	0.0071	train-00000-of-00008.parquet	000539
train-00000-of-00008.parquet	000610	0.0138	train-00000-of-00008.parquet	000594
train-00000-of-00008.parquet	000611	0.0000		
train-00000-of-00008.parquet	000612	0.0011	train-00000-of-00008.parquet	000550
train-00000-of-00008.parquet	000613	0.0013	train-00000-of-00008.parquet	000539
train-00000-of-00008.parquet	000614	0.0016	train-00000-of-00008.parquet	000539
train-00000-of-00008.parquet	000615	0.0466	train-00000-of-00008.parquet	000594
train-00000-of-00008.parquet	000617	0.0045	train-00000-of-00008.parquet	000594
train-00000-of-00008.parquet	000618	0.0020	train-00000-of-00008.parquet	000594
train-00000-of-00008.parquet	000619	0.0011	train-00000-of-00008.parquet	000594
train-00000-of-00008.parquet	000620	0.0012	train-00000-of-00008.parquet	000638
train-00000-of-00008.parquet	000621	0.0000		
train-00000-of-00008.parquet	000622	0.0218	train-00000-of-00008.parquet	000594
train-00000-of-00008.parquet	000623	0.0038	train-00000-of-00008.parquet	000638
train-00000-of-00008.parquet	000624	0.0000		
train-00000-of-00008.parquet	000625	0.0060	train-00000-of-00008.parquet	000627
train-00000-of-00008.parquet	000626	0.0036	train-00000-of-00008.parquet	000627
train-00000-of-00008.parquet	000628	0.0079	train-00000-of-00008.parquet	000594
train-00000-of-00008.parquet	000629	0.0155	train-00000-of-00008.parquet	000627
train-00000-of-00008.parquet	000630	0.0054	train-00000-of-00008.parquet	000583
train-00000-of-00008.parquet	000631	0.0016	train-00000-of-00008.parquet	000594
train-00000-of-00008.parquet	000632	0.0048	train-00000-of-00008.parquet	000594
train-00000-of-00008.parquet	000633	0.0254	train-00000-of-00008.parquet	000594
train-00000-of-00008.parquet	000634	0.0136	train-00000-of-00008.parquet	000638
train-00000-of-00008.parquet	000635	0.0058	train-00000-of-00008.parquet	000638
train-00000-of-00008.parquet	000636	0.0192	train-00000-of-00008.parquet	000638
train-00000-of-00008.parquet	000637	0.0352	train-00000-of-00008.parquet	000638
train-00000-of-00008.parquet	000639	0.0350	train-00000-of-00008.parquet	000638
train-00000-of-00008.parquet	000640	0.0093	train-00000-of-00008.parquet	000638
train-00000-of-00008.parquet	000641	0.0228	train-00000-of-00008.parquet	000638
train-00000-of-00008.parquet	000642	0.0107	train-00000-of-00008.parquet	000638
train-00000-of-00008.parquet	000643	0.0012	train-00000-of-00008.parquet	000638
train-00000-of-00008.parquet	000644	0.0014	train-00000-of-00008.parquet	000638
train-00000-of-00008.parquet	000645	0.0043	train-00000-of-00008.parquet	000638
train-00000-of-00008.parquet	000646	0.0000		
train-00000-of-00008.parquet	000647	0.0213	train-00000-of-00008.parquet	000594
train-00000-of-00008.parquet	000648	0.0000		
train-00000-of-00008.parquet	000650	0.0191	train-00000-of-00008.parquet	000660
train-00000-of-00008.parquet	000651	0.0113	train-00000-of-00008.parquet	000671
train-00000-of-00008.parquet	000652	0.0450	train-00000-of-00008.parquet	000660
train-00000-of-00008.parquet	000653	0.0588	train-00000-of-00008.parquet	000660
train-00000-of-00008.parquet	000654	0.0135	train-00000-of-00008.parquet	000660
train-00000-of-00008.parquet	000655	0.0125	train-00000-of-00008.parquet	000660
train-00000-of-00008.parquet	000656	0.0120	train-00000-of-00008.parquet	000660
train-00000-of-00008.parquet	000657	0.0099	train-00000-of-00008.parquet	000660
train-00000-of-00008.parquet	000658	0.0132	train-00000-of-00008.parquet	000660
train-00000-of-00008.parquet	000659	0.0095	train-00000-of-00008.parquet	000660
train-00000-of-00008.parquet	000661	0.0116	train-00000-of-00008.parquet	000660
train-00000-of-00008.parquet	000662	0.0113	train-00000-of-00008.parquet	000660
train-00000-of-00008.parquet	000663	0.0124	train-00000-of-00008.parquet	000660
train-00000-of-00008.parquet	000664	0.0078	train-00000-of-00008.parquet	000660
train-00000-of-00008.parquet	000665	0.0095	train-00000-of-00008.parquet	000660
train-00000-of-00008.parquet	000666	0.0114	train-00000-of-00008.parquet	000660
train-00000-of-00008.parquet	000667	0.0096	train-00000-of-00008.parquet	000660
train-00000-of-00008.parquet	000668	0.0130	train-00000-of-00008.parquet	000671
train-00000-of-00008.parquet	000669	0.0279	train-00000-of-00008.parquet	000660
train-00000-of-00008.parquet	000670	0.0351	train-00000-of-00008.parquet	000671
train-00000-of-00008.parquet	000673	0.0014	train-00000-of-00008.parquet	000462
train-00000-of-00008.parquet	000674	0.0000		
train-00000-of-00008.parquet	000675	0.0017	train-00000-of-00008.parquet	000539
train-00000-of-00008.parquet	000676	0.0000		
train-00000-of-00008.parquet	000677	0.0000		
train-00000-of-00008.parquet	000678	0.0667	train-00000-of-00008.parquet	000473
train-00000-of-00008.parquet	000680	0.0435	train-00000-of-00008.parquet	000000
train-00000-of-00008.parquet	000681	0.0000		
train-00000-of-00008.parquet	000682	0.0103	train-00000-of-00008.parquet	000473
train-00000-of-00008.parquet	000683	0.0000		
train-00000-of-00008.parquet	000684	0.0046	train-00000-of-00008.parquet	000473
train-00000-of-00008.parquet	000685	0.0149	train-00000-of-00008.parquet	000473
train-00000-of-00008.parquet	000686	0.2326	train-00000-of-00008.parquet	000473
train-00000-of-00008.parquet	000687	0.0031	train-00000-of-00008.parquet	000385
train-00000-of-00008.parquet	000688	0.0051	train-00000-of-00008.parquet	000385
train-00000-of-00008.parquet	000689	0.0000		
train-00000-of-00008.parquet	000690	0.0026	train-00000-of-00008.parquet	000451
train-00000-of-00008.parquet	000691	0.0000		
train-00000-of-00008.parquet	000692	0.0221	train-00000-of-00008.parquet	000627
train-00000-of-00008.parquet	000693	0.0063	train-00000-of-00008.parquet	000451
train-00000-of-00008.parquet	000694	0.0042	train-00000-of-00008.parquet	000495
train-00000-of-00008.parquet	000695	0.0032	train-00000-of-00008.parquet	000451
train-00000-of-00008.parquet	000696	0.0143	train-00000-of-00008.parquet	000451
train-00000-of-00008.parquet	000697	0.0021	train-00000-of-00008.parquet	000627
train-00000-of-00008.parquet	000698	0.4019	train-00000-of-00008.parquet	000000
train-00000-of-00008.parquet	000699	0.2500	train-00000-of-00008.parquet	000473
train-00000-of-00008.parquet	000700	0.0032	train-00000-of-00008.parquet	000385
train-00000-of-00008.parquet	000701	0.0000		
train-00000-of-00008.parquet	000702	0.2441	train-00000-of-00008.parquet	000473
train-00000-of-00008.parquet	000703	0.0033	train-00000-of-00008.parquet	000385
train-00000-of-00008.parquet	000704	0.0000		
train-00000-of-00008.parquet	000705	0.0021	train-00000-of-00008.parquet	000660
train-00000-of-00008.parquet	000706	0.0018	train-00000-of-00008.parquet	000539
train-00000-of-00008.parquet	000707	0.0026	train-00000-of-00008.parquet	000539
train-00000-of-00008.parquet	000708	0.0000		
train-00000-of-00008.parquet	000709	0.0017	train-00000-of-00008.parquet	000638
train-00000-of-00008.parquet	000710	0.0000		
train-00000-of-00008.parquet	000711	0.0020	train-00000-of-00008.parquet	000462
train-00000-of-00008.parquet	000712	0.0000		
train-00000-of-00008.parquet	000713	0.0000		
train-00000-of-00008.parquet	000714	0.0000		
train-00000-of-00008.parquet	000715	0.0054	train-00000-of-00008.parquet	000000
train-00000-of-00008.parquet	000716	0.0083	train-00000-of-00008.parquet	000638
train-00000-of-00008.parquet	000717	0.0000		
train-00000-of-00008.parquet	000718	0.0000		
train-00000-of-00008.parquet	000721	0.0108	train-00000-of-00008.parquet	000000
train-00000-of-00008.parquet	000722	0.3486	train-00000-of-00008.parquet	000000
train-00000-of-00008.parquet	000723	0.0104	train-00000-of-00008.parquet	000000
train-00000-of-00008.parquet	000724	0.3970	train-00000-of-00008.parquet	000000
train-00000-of-00008.parquet	000725	0.2500	train-00000-of-00008.parquet	000473
train-00000-of-00008.parquet	000726	0.0033	train-00000-of-00008.parquet	000385
train-00000-of-00008.parquet	000727	0.0052	train-00000-of-00008.parquet	000385
train-00000-of-00008.parquet	000728	0.2331	train-00000-of-00008.parquet	000473
train-00000-of-00008.parquet	000729	0.0023	train-00000-of-00008.parquet	000385
train-00000-of-00008.parquet	000730	0.0019	train-00000-of-00008.parquet	000385
train-00000-of-00008.parquet	000732	0.0123	train-00000-of-00008.parquet	000000
train-00000-of-00008.parquet	000733	0.0028	train-00000-of-00008.parquet	000011
train-00000-of-00008.parquet	000734	0.0081	train-00000-of-00008.parquet	000000
train-00000-of-00008.parquet	000735	0.2331	train-00000-of-00008.parquet	000473
train-00000-of-00008.parquet	000736	0.0030	train-00000-of-00008.parquet	000385
train-00000-of-00008.parquet	000737	0.0026	train-00000-of-00008.parquet	000385
train-00000-of-00008.parquet	000738	0.0000		
train-00000-of-00008.parquet	000739	0.2248	train-00000-of-00008.parquet	000473
train-00000-of-00008.parquet	000740	0.1168	train-00000-of-00008.parquet	000473
train-00000-of-00008.parquet	000741	0.0049	train-00000-of-00008.parquet	000385
train-00000-of-00008.parquet	000742	0.0000		
train-00000-of-00008.parquet	000743	0.0083	train-00000-of-00008.parquet	000000
train-00000-of-00008.parquet	000744	0.0097	train-00000-of-00008.parquet	000000
train-00000-of-00008.parquet	000745	0.0102	train-00000-of-00008.parquet	000000
train-00000-of-00008.parquet	000746	0.0652	train-00000-of-00008.parquet	000473
train-00000-of-00008.parquet	000747	0.0000		
train-00000-of-00008.parquet	000748	0.1389	train-00000-of-00008.parquet	000473
train-00000-of-00008.parquet	000749	0.0476	train-00000-of-00008.parquet	000000
train-00000-of-00008.parquet	000750	0.0496	train-00000-of-00008.parquet	000473
train-00000-of-00008.parquet	000751	0.0316	train-00000-of-00008.parquet	000473
train-00000-of-00008.parquet	000752	0.0476	train-00000-of-00008.parquet	000000
train-00000-of-00008.parquet	000753	0.0496	train-00000-of-00008.parquet	000473
train-00000-of-00008.parquet	000754	0.0543	train-00000-of-00008.parquet	000473
train-00000-of-00008.parquet	000755	0.0476	train-00000-of-00008.parquet	000000
train-00000-of-00008.parquet	000756	0.0632	train-00000-of-00008.parquet	000473
train-00000-of-00008.parquet	000757	0.1000	train-00000-of-00008.parquet	000473
train-00000-of-00008.parquet	000758	0.0496	train-00000-of-00008.parquet	000473
train-00000-of-00008.parquet	000759	0.0271	train-00000-of-00008.parquet	000473
train-00000-of-00008.parquet	000760	0.0476	train-00000-of-00008.parquet	000000
train-00000-of-00008.parquet	000761	0.0496	train-00000-of-00008.parquet	000473
train-00000-of-00008.parquet	000762	0.0633	train-00000-of-00008.parquet	000473
train-00000-of-00008.parquet	000763	0.0476	train-00000-of-00008.parquet	000000
train-00000-of-00008.parquet	000764	0.0496	train-00000-of-00008.parquet	000473
train-00000-of-00008.parquet	000765	0.0629	train-00000-of-00008.parquet	000473
train-00000-of-00008.parquet	000766	0.0476	train-00000-of-00008.parquet	000000
train-00000-of-00008.parquet	000768	0.0216	train-00000-of-00008.parquet	000473
train-00000-of-00008.parquet	000769	0.0000		
train-00000-of-00008.parquet	000770	0.0116	train-00000-of-00008.parquet	000451
train-00000-of-00008.parquet	000771	0.0026	train-00000-of-00008.parquet	000440
train-00000-of-00008.parquet	000772	0.0326	train-00000-of-00008.parquet	000440
train-00000-of-00008.parquet	000773	0.0028	train-00000-of-00008.parquet	000451
train-00000-of-00008.parquet	000774	0.0040	train-00000-of-00008.parquet	000451
train-00000-of-00008.parquet	000775	0.0029	train-00000-of-00008.parquet	000451
train-00000-of-00008.parquet	000776	0.0022	train-00000-of-00008.parquet	000451
train-00000-of-00008.parquet	000777	0.0103	train-00000-of-00008.parquet	000473
train-00000-of-00008.parquet	000778	0.0169	train-00000-of-00008.parquet	000440
train-00000-of-00008.parquet	000779	0.0034	train-00000-of-00008.parquet	000451
train-00000-of-00008.parquet	000780	0.0032	train-00000-of-00008.parquet	000451
train-00000-of-00008.parquet	000781	0.0043	train-00000-of-00008.parquet	000451
train-00000-of-00008.parquet	000782	0.0000		
train-00000-of-00008.parquet	000783	0.0000		
train-00000-of-00008.parquet	000784	0.0000		
train-00000-of-00008.parquet	000786	0.0080	train-00000-of-00008.parquet	000000
train-00000-of-00008.parquet	000787	0.0263	train-00000-of-00008.parquet	000000
train-00000-of-00008.parquet	000788	0.0219	train-00000-of-00008.parquet	000440
train-00000-of-00008.parquet	000789	0.0111	train-00000-of-00008.parquet	000451
train-00000-of-00008.parquet	000790	0.0145	train-00000-of-00008.parquet	000451
train-00000-of-00008.parquet	000791	0.0061	train-00000-of-00008.parquet	000451
train-00000-of-00008.parquet	000792	0.0149	train-00000-of-00008.parquet	000451
train-00000-of-00008.parquet	000793	0.0061	train-00000-of-00008.parquet	000440
train-00000-of-00008.parquet	000794	0.0157	train-00000-of-00008.parquet	000440
train-00000-of-00008.parquet	000795	0.0139	train-00000-of-00008.parquet	000440
train-00000-of-00008.parquet	000796	0.3634	train-00000-of-00008.parquet	000440
train-00000-of-00008.parquet	000797	0.0131	train-00000-of-00008.parquet	000440
train-00000-of-00008.parquet	000798	0.0187	train-00000-of-00008.parquet	000440
train-00000-of-00008.parquet	000799	0.0047	train-00000-of-00008.parquet	000451
train-00000-of-00008.parquet	000800	0.0173	train-00000-of-00008.parquet	000440
train-00000-of-00008.parquet	000801	0.0041	train-00000-of-00008.parquet	000451
train-00000-of-00008.parquet	000802	0.0081	train-00000-of-00008.parquet	000473
train-00000-of-00008.parquet	000803	0.0082	train-00000-of-00008.parquet	000440
train-00000-of-00008.parquet	000804	0.0067	train-00000-of-00008.parquet	000451
train-00000-of-00008.parquet	000805	0.0248	train-00000-of-00008.parquet	000000
train-00000-of-00008.parquet	000806	0.0526	train-00000-of-00008.parquet	000473
train-00000-of-00008.parquet	000807	0.0087	train-00000-of-00008.parquet	000473
train-00000-of-00008.parquet	000808	0.0076	train-00000-of-00008.parquet	000451
train-00000-of-00008.parquet	000809	0.0103	train-00000-of-00008.parquet	000000
train-00000-of-00008.parquet	000810	0.0034	train-00000-of-00008.parquet	000385
train-00000-of-00008.parquet	000811	0.0127	train-00000-of-00008.parquet	000627
train-00000-of-00008.parquet	000812	0.0152	train-00000-of-00008.parquet	000627
train-00000-of-00008.parquet	000813	0.0022	train-00000-of-00008.parquet	000539
train-00000-of-00008.parquet	000814	0.0016	train-00000-of-00008.parquet	000385
train-00000-of-00008.parquet	000815	0.0197	train-00000-of-00008.parquet	000627
train-00000-of-00008.parquet	000816	0.0153	train-00000-of-00008.parquet	000583
train-00000-of-00008.parquet	000817	0.0000		
train-00000-of-00008.parquet	000818	0.0000		
train-00000-of-00008.parquet	000819	0.0000		
train-00000-of-00008.parquet	000820	0.0000		
train-00000-of-00008.parquet	000821	0.0000		
train-00000-of-00008.parquet	000822	0.0016	train-00000-of-00008.parquet	000594
train-00000-of-00008.parquet	000823	0.0000		
train-00000-of-00008.parquet	000824	0.0000		
train-00000-of-00008.parquet	000825	0.0183	train-00000-of-00008.parquet	000627
train-00000-of-00008.parquet	000826	0.0743	train-00000-of-00008.parquet	000473
train-00000-of-00008.parquet	000827	0.0000		
train-00000-of-00008.parquet	000828	0.0000		
train-00000-of-00008.parquet	000829	0.0013	train-00000-of-00008.parquet	000539
train-00000-of-00008.parquet	000830	0.0000		
train-00000-of-00008.parquet	000831	0.0000		
train-00000-of-00008.parquet	000832	0.0013	train-00000-of-00008.parquet	000627
train-00000-of-00008.parquet	000833	0.0028	train-00000-of-00008.parquet	000539
train-00000-of-00008.parquet	000834	0.0019	train-00000-of-00008.parquet	000638
train-00000-of-00008.parquet	000835	0.0000		
train-00000-of-00008.parquet	000836	0.0000		
train-00000-of-00008.parquet	000837	0.0016	train-00000-of-00008.parquet	000638
train-00000-of-00008.parquet	000838	0.0000		
train-00000-of-00008.parquet	000839	0.0015	train-00000-of-00008.parquet	000638
train-00000-of-00008.parquet	000840	0.0012	train-00000-of-00008.parquet	000539
train-00000-of-00008.parquet	000841	0.0033	train-00000-of-00008.parquet	000473
train-00000-of-00008.parquet	000842	0.0014	train-00000-of-00008.parquet	000638
train-00000-of-00008.parquet	000843	0.0000		
train-00000-of-00008.parquet	000844	0.0000		
train-00000-of-00008.parquet	000845	0.0000		
train-00000-of-00008.parquet	000846	0.0000		
train-00000-of-00008.parquet	000847	0.0000		
train-00000-of-00008.parquet	000848	0.0000		
train-00000-of-00008.parquet	000849	0.0000		
train-00000-of-00008.parquet	000850	0.0000		
train-00000-of-00008.parquet	000851	0.0000		
train-00000-of-00008.parquet	000852	0.0013	train-00000-of-00008.parquet	000000
train-00000-of-00008.parquet	000853	0.0000		
train-00000-of-00008.parquet	000854	0.0016	train-00000-of-00008.parquet	000000
train-00000-of-00008.parquet	000855	0.0000		
train-00000-of-00008.parquet	000856	0.0044	train-00000-of-00008.parquet	000550
train-00000-of-00008.parquet	000857	0.0000		
train-00000-of-00008.parquet	000858	0.0000		
train-00000-of-00008.parquet	000859	0.0013	train-00000-of-00008.parquet	000352
train-00000-of-00008.parquet	000860	0.0073	train-00000-of-00008.parquet	000627
train-00000-of-00008.parquet	000861	0.0000		
train-00000-of-00008.parquet	000862	0.0000		
train-00000-of-00008.parquet	000863	0.0012	train-00000-of-00008.parquet	000539
train-00000-of-00008.parquet	000864	0.0000		
train-00000-of-00008.parquet	000865	0.0000		
train-00000-of-00008.parquet	000866	0.0000		
train-00000-of-00008.parquet	000867	0.0046	train-00000-of-00008.parquet	000627
train-00000-of-00008.parquet	000868	0.0000		
train-00000-of-00008.parquet	000869	0.0069	train-00000-of-00008.parquet	000539
train-00000-of-00008.parquet	000870	0.0000		
train-00000-of-00008.parquet	000871	0.0014	train-00000-of-00008.parquet	000066
train-00000-of-00008.parquet	000872	0.0014	train-00000-of-00008.parquet	000066
train-00000-of-00008.parquet	000873	0.0011	train-00000-of-00008.parquet	000539
train-00000-of-00008.parquet	000874	0.0011	train-00000-of-00008.parquet	000638
train-00000-of-00008.parquet	000875	0.0016	train-00000-of-00008.parquet	000000
train-00000-of-00008.parquet	000876	0.0188	train-00000-of-00008.parquet	000627
train-00000-of-00008.parquet	000877	0.0022	train-00000-of-00008.parquet	000011
train-00000-of-00008.parquet	000878	0.0000		
train-00000-of-00008.parquet	000879	0.0000		
train-00000-of-00008.parquet	000880	0.0000		
train-00000-of-00008.parquet	000881	0.0000		
train-00000-of-00008.parquet	000882	0.0013	train-00000-of-00008.parquet	000385
train-00000-of-00008.parquet	000883	0.0012	train-00000-of-00008.parquet	000638
train-00000-of-00008.parquet	000884	0.0000		
train-00000-of-00008.parquet	000885	0.0014	train-00000-of-00008.parquet	000539
train-00000-of-00008.parquet	000886	0.0018	train-00000-of-00008.parquet	000539
train-00000-of-00008.parquet	000887	0.0053	train-00000-of-00008.parquet	000594
train-00000-of-00008.parquet	000889	0.0065	train-00000-of-00008.parquet	000550
train-00000-of-00008.parquet	000890	0.0017	train-00000-of-00008.parquet	000539
train-00000-of-00008.parquet	000891	0.0013	train-00000-of-00008.parquet	000638
train-00000-of-00008.parquet	000892	0.0018	train-00000-of-00008.parquet	000638
train-00000-of-00008.parquet	000893	0.0015	train-00000-of-00008.parquet	000539
train-00000-of-00008.parquet	000894	0.0034	train-00000-of-00008.parquet	000000
train-00000-of-00008.parquet	000895	0.0030	train-00000-of-00008.parquet	000594
train-00000-of-00008.parquet	000896	0.0027	train-00000-of-00008.parquet	000462
train-00000-of-00008.parquet	000897	0.0000		
train-00000-of-00008.parquet	000898	0.0198	train-00000-of-00008.parquet	000550
train-00000-of-00008.parquet	000899	0.0012	train-00000-of-00008.parquet	000539
train-00000-of-00008.parquet	000900	0.0025	train-00000-of-00008.parquet	000594
train-00000-of-00008.parquet	000901	0.0071	train-00000-of-00008.parquet	000550
train-00000-of-00008.parquet	000902	0.0000		
train-00000-of-00008.parquet	000903	0.0011	train-00000-of-00008.parquet	000638
train-00000-of-00008.parquet	000904	0.0013	train-00000-of-00008.parquet	000066
train-00000-of-00008.parquet	000905	0.0024	train-00000-of-00008.parquet	000594
train-00000-of-00008.parquet	000906	0.0011	train-00000-of-00008.parquet	000066
train-00000-of-00008.parquet	000907	0.0208	train-00000-of-00008.parquet	000550
train-00000-of-00008.parquet	000908	0.0164	train-00000-of-00008.parquet	000550
train-00000-of-00008.parquet	000909	0.0034	train-00000-of-00008.parquet	000550
train-00000-of-00008.parquet	000910	0.0000		
train-00000-of-00008.parquet	000911	0.0014	train-00000-of-00008.parquet	000440
train-00000-of-00008.parquet	000912	0.0000		
train-00000-of-00008.parquet	000913	0.0000		
train-00000-of-00008.parquet	000914	0.0000		
train-00000-of-00008.parquet	000915	0.0044	train-00000-of-00008.parquet	000594
train-00000-of-00008.parquet	000916	0.0014	train-00000-of-00008.parquet	000638
train-00000-of-00008.parquet	000917	0.0000		
train-00000-of-00008.parquet	000918	0.0000		
train-00000-of-00008.parquet	000919	0.0013	train-00000-of-00008.parquet	000539
train-00000-of-00008.parquet	000920	0.0015	train-00000-of-00008.parquet	000583
train-00000-of-00008.parquet	000921	0.0025	train-00000-of-00008.parquet	000627
train-00000-of-00008.parquet	000922	0.0000		
train-00000-of-00008.parquet	000923	0.0000		
train-00000-of-00008.parquet	000924	0.0000		
train-00000-of-00008.parquet	000925	0.0000		
train-00000-of-00008.parquet	000926	0.0012	train-00000-of-00008.parquet	000000
train-00000-of-00008.parquet	000927	0.0013	train-00000-of-00008.parquet	000539
train-00000-of-00008.parquet	000928	0.0017	train-00000-of-00008.parquet	000583
train-00000-of-00008.parquet	000929	0.0000		
train-00000-of-00008.parquet	000930	0.0031	train-00000-of-00008.parquet	000539
train-00000-of-00008.parquet	000931	0.0017	train-00000-of-00008.parquet	000539
train-00000-of-00008.parquet	000932	0.0013	train-00000-of-00008.parquet	000539
train-00000-of-00008.parquet	000933	0.0013	train-00000-of-00008.parquet	000638
train-00000-of-00008.parquet	000934	0.0030	train-00000-of-00008.parquet	000539
train-00000-of-00008.parquet	000935	0.0014	train-00000-of-00008.parquet	000638
train-00000-of-00008.parquet	000936	0.0025	train-00000-of-00008.parquet	000539
train-00000-of-00008.parquet	000937	0.0025	train-00000-of-00008.parquet	000539
train-00000-of-00008.parquet	000938	0.0018	train-00000-of-00008.parquet	000638
train-00000-of-00008.parquet	000939	0.0011	train-00000-of-00008.parquet	000385
train-00000-of-00008.parquet	000940	0.0011	train-00000-of-00008.parquet	000539
train-00000-of-00008.parquet	000941	0.0014	train-00000-of-00008.parquet	000066
train-00000-of-00008.parquet	000942	0.0000		
train-00000-of-00008.parquet	000943	0.0000		
train-00000-of-00008.parquet	000944	0.0000		
train-00000-of-00008.parquet	000945	0.0000		
train-00000-of-00008.parquet	000946	0.0000		
train-00000-of-00008.parquet	000947	0.0000		
train-00000-of-00008.parquet	000948	0.0000		
train-00000-of-00008.parquet	000949	0.2500	train-00000-of-00008.parquet	000473
train-00000-of-00008.parquet	000950	0.0032	train-00000-of-00008.parquet	000385
train-00000-of-00008.parquet	000951	0.0041	train-00000-of-00008.parquet	000385
train-00000-of-00008.parquet	000952	0.0000		
train-00000-of-00008.parquet	000953	0.0000		
train-00000-of-00008.parquet	000954	0.0144	train-00000-of-00008.parquet	000627
train-00000-of-00008.parquet	000955	0.0160	train-00000-of-00008.parquet	000583
train-00000-of-00008.parquet	000956	0.0726	train-00000-of-00008.parquet	000473
train-00000-of-00008.parquet	000957	0.0000		
train-00000-of-00008.parquet	000958	0.0000		
train-00000-of-00008.parquet	000959	0.0000		
train-00000-of-00008.parquet	000960	0.0000		
train-00000-of-00008.parquet	000961	0.0000		
train-00000-of-00008.parquet	000962	0.0000		
train-00000-of-00008.parquet	000963	0.0000		
train-00000-of-00008.parquet	000964	0.0878	train-00000-of-00008.parquet	000473
train-00000-of-00008.parquet	000965	0.0000		
train-00000-of-00008.parquet	000966	0.0000		
train-00000-of-00008.parquet	000967	0.0036	train-00000-of-00008.parquet	000539
train-00000-of-00008.parquet	000968	0.0000		
train-00000-of-00008.parquet	000969	0.0013	train-00000-of-00008.parquet	000539
train-00000-of-00008.parquet	000970	0.0000		
train-00000-of-00008.parquet	000971	0.0000		
train-00000-of-00008.parquet	000972	0.0000		
train-00000-of-00008.parquet	000973	0.0726	train-00000-of-00008.parquet	000473
train-00000-of-00008.parquet	000974	0.0051	train-00000-of-00008.parquet	000594
train-00000-of-00008.parquet	000975	0.0019	train-00000-of-00008.parquet	000583
train-00000-of-00008.parquet	000976	0.0000		
train-00000-of-00008.parquet	000977	0.0000		
train-00000-of-00008.parquet	000978	0.0000		
train-00000-of-00008.parquet	000979	0.0000		
train-00000-of-00008.parquet	000980	0.0000		
train-00000-of-00008.parquet	000981	0.0000		
train-00000-of-00008.parquet	000982	0.0000		
train-00000-of-00008.parquet	000983	0.0000		
train-00000-of-00008.parquet	000984	0.0164	train-00000-of-00008.parquet	000473
train-00000-of-00008.parquet	000985	0.0112	train-00000-of-00008.parquet	000473
train-00000-of-00008.parquet	000986	0.0000		
train-00000-of-00008.parquet	000987	0.0000		
train-00000-of-00008.parquet	000988	0.0034	train-00000-of-00008.parquet	000539
train-00000-of-00008.parquet	000989	0.0000		
train-00000-of-00008.parquet	000990	0.0878	train-00000-of-00008.parquet	000473
train-00000-of-00008.parquet	000991	0.0000		
train-00000-of-00008.parquet	000992	0.0046	train-00000-of-00008.parquet	000539
train-00000-of-00008.parquet	000993	0.0000		
train-00000-of-00008.parquet	000994	0.0000		
train-00000-of-00008.parquet	000995	0.0000		
train-00001-of-00008.parquet	000000	0.0161	train-00000-of-00008.parquet	000000
train-00001-of-00008.parquet	000001	0.0114	train-00000-of-00008.parquet	000473
train-00001-of-00008.parquet	000002	0.0000		
train-00001-of-00008.parquet	000003	0.0000		
train-00001-of-00008.parquet	000004	0.0100	train-00000-of-00008.parquet	000473
train-00001-of-00008.parquet	000005	0.0000		
train-00001-of-00008.parquet	000006	0.0041	train-00000-of-00008.parquet	000473
train-00001-of-00008.parquet	000007	0.0061	train-00000-of-00008.parquet	000473
train-00001-of-00008.parquet	000008	0.0000		
train-00001-of-00008.parquet	000010	0.0217	train-00000-of-00008.parquet	000473
train-00001-of-00008.parquet	000011	0.0036	train-00000-of-00008.parquet	000440
train-00001-of-00008.parquet	000012	0.0968	train-00000-of-00008.parquet	000440
train-00001-of-00008.parquet	000013	0.0030	train-00000-of-00008.parquet	000440
train-00001-of-00008.parquet	000014	0.0309	train-00000-of-00008.parquet	000440
train-00001-of-00008.parquet	000015	0.0000		
train-00001-of-00008.parquet	000016	0.0000		
train-00001-of-00008.parquet	000017	0.0000		
train-00001-of-00008.parquet	000018	0.0000		
train-00001-of-00008.parquet	000019	0.0121	train-00000-of-00008.parquet	000440
train-00001-of-00008.parquet	000020	0.0000		
train-00001-of-00008.parquet	000021	0.0035	train-00000-of-00008.parquet	000473
train-00001-of-00008.parquet	000022	0.0507	train-00000-of-00008.parquet	000473
train-00001-of-00008.parquet	000024	0.0435	train-00000-of-00008.parquet	000000
train-00001-of-00008.parquet	000025	0.0000		
train-00001-of-00008.parquet	000026	0.0000		
train-00001-of-00008.parquet	000027	0.0000		
train-00001-of-00008.parquet	000028	0.0000		
train-00001-of-00008.parquet	000029	0.0000		
train-00001-of-00008.parquet	000030	0.0000		
train-00001-of-00008.parquet	000031	0.0000		
train-00001-of-00008.parquet	000032	0.0000		
train-00001-of-00008.parquet	000033	0.0000		
train-00001-of-00008.parquet	000034	0.0000		
train-00001-of-00008.parquet	000035	0.0000		
train-00001-of-00008.parquet	000036	0.0000		
train-00001-of-00008.parquet	000037	0.0000		
train-00001-of-00008.parquet	000038	0.0000		
train-00001-of-00008.parquet	000039	0.0000		
train-00001-of-00008.parquet	000040	0.0000		
train-00001-of-00008.parquet	000041	0.0000		
train-00001-of-00008.parquet	000042	0.0000		
train-00001-of-00008.parquet	000043	0.0000		
train-00001-of-00008.parquet	000044	0.0000		
train-00001-of-00008.parquet	000045	0.0000		
train-00001-of-00008.parquet	000046	0.0000		
train-00001-of-00008.parquet	000047	0.0000		
train-00001-of-00008.parquet	000048	0.0000		
train-00001-of-00008.parquet	000049	0.0000		
train-00001-of-00008.parquet	000050	0.0000		
train-00001-of-00008.parquet	000051	0.0000		
train-00001-of-00008.parquet	000052	0.0000		
train-00001-of-00008.parquet	000053	0.0000		
train-00001-of-00008.parquet	000054	0.0000		
train-00001-of-00008.parquet	000055	0.0000		
train-00001-of-00008.parquet	000056	0.0000		
train-00001-of-00008.parquet	000057	0.0000		
train-00001-of-00008.parquet	000058	0.0000		
train-00001-of-00008.parquet	000059	0.0000		
train-00001-of-00008.parquet	000060	0.0000		
train-00001-of-00008.parquet	000061	0.0000		
train-00001-of-00008.parquet	000062	0.0000		
train-00001-of-00008.parquet	000063	0.0000		
train-00001-of-00008.parquet	000064	0.0000		
train-00001-of-00008.parquet	000065	0.0000		
train-00001-of-00008.parquet	000066	0.0000		
train-00001-of-00008.parquet	000067	0.0000		
train-00001-of-00008.parquet	000068	0.0000		
train-00001-of-00008.parquet	000069	0.0000		
train-00001-of-00008.parquet	000070	0.0000		
train-00001-of-00008.parquet	000071	0.0000		
train-00001-of-00008.parquet	000072	0.0000		
train-00001-of-00008.parquet	000073	0.0000		
train-00001-of-00008.parquet	000074	0.0000		
train-00001-of-00008.parquet	000075	0.0000		
train-00001-of-00008.parquet	000076	0.0000		
train-00001-of-00008.parquet	000077	0.0000		
train-00001-of-00008.parquet	000078	0.0000		
train-00001-of-00008.parquet	000079	0.0000		
train-00001-of-00008.parquet	000080	0.0000		
train-00001-of-00008.parquet	000081	0.0000		
train-00001-of-00008.parquet	000082	0.0000		
train-00001-of-00008.parquet	000083	0.0000		
train-00001-of-00008.parquet	000084	0.0000		
train-00001-of-00008.parquet	000085	0.0000		
train-00001-of-00008.parquet	000086	0.0000		
train-00001-of-00008.parquet	000087	0.0000		
train-00001-of-00008.parquet	000088	0.0000		
train-00001-of-00008.parquet	000089	0.0000		
train-00001-of-00008.parquet	000090	0.0000		
train-00001-of-00008.parquet	000091	0.0000		
train-00001-of-00008.parquet	000092	0.0000		
train-00001-of-00008.parquet	000093	0.0000		
train-00001-of-00008.parquet	000094	0.0000		
train-00001-of-00008.parquet	000095	0.0000		
train-00001-of-00008.parquet	000096	0.0000		
train-00001-of-00008.parquet	000097	0.0000		
train-00001-of-00008.parquet	000098	0.0000		
train-00001-of-00008.parquet	000099	0.0000		
train-00001-of-00008.parquet	000100	0.0000		
train-00001-of-00008.parquet	000101	0.0000		
train-00001-of-00008.parquet	000102	0.0000		
train-00001-of-00008.parquet	000103	0.0000		
train-00001-of-00008.parquet	000104	0.0000		
train-00001-of-00008.parquet	000105	0.0000		
train-00001-of-00008.parquet	000106	0.0000		
train-00001-of-00008.parquet	000107	0.0000		
train-00001-of-00008.parquet	000108	0.0000		
train-00001-of-00008.parquet	000109	0.0000		
train-00001-of-00008.parquet	000110	0.0000		
train-00001-of-00008.parquet	000111	0.0000		
train-00001-of-00008.parquet	000112	0.0000		
train-00001-of-00008.parquet	000113	0.0000		
train-00001-of-00008.parquet	000114	0.0000		
train-00001-of-00008.parquet	000115	0.0000		
train-00001-of-00008.parquet	000116	0.0000		
train-00001-of-00008.parquet	000117	0.0000		
train-00001-of-00008.parquet	000118	0.0000		
train-00001-of-00008.parquet	000119	0.0000		
train-00001-of-00008.parquet	000120	0.0000		
train-00001-of-00008.parquet	000121	0.0507	train-00000-of-00008.parquet	000473
train-00001-of-00008.parquet	000123	0.0435	train-00000-of-00008.parquet	000000
train-00001-of-00008.parquet	000124	0.0000		
train-00001-of-00008.parquet	000125	0.0000		
train-00001-of-00008.parquet	000126	0.0000		
train-00001-of-00008.parquet	000127	0.0000		
train-00001-of-00008.parquet	000128	0.0000		
train-00001-of-00008.parquet	000129	0.0000		
train-00001-of-00008.parquet	000130	0.0000		
train-00001-of-00008.parquet	000131	0.0000		
train-00001-of-00008.parquet	000132	0.0000		
train-00001-of-00008.parquet	000133	0.0000		
train-00001-of-00008.parquet	000134	0.0000		
train-00001-of-00008.parquet	000135	0.0000		
train-00001-of-00008.parquet	000136	0.0000		
train-00001-of-00008.parquet	000137	0.0000		
train-00001-of-00008.parquet	000138	0.0000		
train-00001-of-00008.parquet	000139	0.0000		
train-00001-of-00008.parquet	000140	0.0000		
train-00001-of-00008.parquet	000141	0.0000		
train-00001-of-00008.parquet	000142	0.0000		
train-00001-of-00008.parquet	000143	0.0000		
train-00001-of-00008.parquet	000144	0.0000		
train-00001-of-00008.parquet	000145	0.0000		
train-00001-of-00008.parquet	000146	0.0000		
train-00001-of-00008.parquet	000147	0.0000		
train-00001-of-00008.parquet	000148	0.0000		
train-00001-of-00008.parquet	000149	0.0000		
train-00001-of-00008.parquet	000150	0.0000		
train-00001-of-00008.parquet	000151	0.0000		
train-00001-of-00008.parquet	000152	0.0000		
train-00001-of-00008.parquet	000153	0.0000		
train-00001-of-00008.parquet	000154	0.0000		
train-00001-of-00008.parquet	000155	0.0000		
train-00001-of-00008.parquet	000156	0.0000		
train-00001-of-00008.parquet	000157	0.0000		
train-00001-of-00008.parquet	000158	0.0000		
train-00001-of-00008.parquet	000159	0.0000		
train-00001-of-00008.parquet	000160	0.0000		
train-00001-of-00008.parquet	000161	0.0000		
train-00001-of-00008.parquet	000162	0.0000		
train-00001-of-00008.parquet	000163	0.0000		
train-00001-of-00008.parquet	000164	0.0000		
train-00001-of-00008.parquet	000165	0.0000		
train-00001-of-00008.parquet	000166	0.0000		
train-00001-of-00008.parquet	000167	0.0000		
train-00001-of-00008.parquet	000168	0.0000		
train-00001-of-00008.parquet	000169	0.0000		
train-00001-of-00008.parquet	000170	0.0000		
train-00001-of-00008.parquet	000171	0.0000		
train-00001-of-00008.parquet	000172	0.0000		
train-00001-of-00008.parquet	000173	0.0000		
train-00001-of-00008.parquet	000174	0.0000		
train-00001-of-00008.parquet	000175	0.0000		
train-00001-of-00008.parquet	000176	0.0000		
train-00001-of-00008.parquet	000177	0.0000		
train-00001-of-00008.parquet	000178	0.0000		
train-00001-of-00008.parquet	000179	0.0000		
train-00001-of-00008.parquet	000180	0.0000		
train-00001-of-00008.parquet	000181	0.0000		
train-00001-of-00008.parquet	000182	0.0000		
train-00001-of-00008.parquet	000183	0.0000		
train-00001-of-00008.parquet	000184	0.0000		
train-00001-of-00008.parquet	000185	0.0000		
train-00001-of-00008.parquet	000186	0.0000		
train-00001-of-00008.parquet	000187	0.0000		
train-00001-of-00008.parquet	000188	0.0000		
train-00001-of-00008.parquet	000189	0.0000		
train-00001-of-00008.parquet	000190	0.0000		
train-00001-of-00008.parquet	000191	0.0000		
train-00001-of-00008.parquet	000192	0.0000		
train-00001-of-00008.parquet	000193	0.0000		
train-00001-of-00008.parquet	000194	0.0000		
train-00001-of-00008.parquet	000195	0.0000		
train-00001-of-00008.parquet	000196	0.0000		
train-00001-of-00008.parquet	000197	0.0000		
train-00001-of-00008.parquet	000198	0.0000		
train-00001-of-00008.parquet	000199	0.0000		
train-00001-of-00008.parquet	000200	0.0000		
train-00001-of-00008.parquet	000201	0.0000		
train-00001-of-00008.parquet	000202	0.0000		
train-00001-of-00008.parquet	000203	0.0000		
train-00001-of-00008.parquet	000204	0.0000		
train-00001-of-00008.parquet	000205	0.0000		
train-00001-of-00008.parquet	000206	0.0000		
train-00001-of-00008.parquet	000207	0.0000		
train-00001-of-00008.parquet	000208	0.0000		
train-00001-of-00008.parquet	000209	0.0000		
train-00001-of-00008.parquet	000210	0.0000		
train-00001-of-00008.parquet	000211	0.0000		
train-00001-of-00008.parquet	000212	0.0000		
train-00001-of-00008.parquet	000213	0.0000		
train-00001-of-00008.parquet	000214	0.0000		
train-00001-of-00008.parquet	000215	0.0000		
train-00001-of-00008.parquet	000216	0.0000		
train-00001-of-00008.parquet	000217	0.0000		
train-00001-of-00008.parquet	000218	0.0000		
train-00001-of-00008.parquet	000219	0.0000		
train-00001-of-00008.parquet	000220	0.0000		
train-00001-of-00008.parquet	000221	0.0000		
train-00001-of-00008.parquet	000222	0.0000		
train-00001-of-00008.parquet	000223	0.0507	train-00000-of-00008.parquet	000473
train-00001-of-00008.parquet	000225	0.0435	train-00000-of-00008.parquet	000000
train-00001-of-00008.parquet	000226	0.0000		
train-00001-of-00008.parquet	000227	0.0000		
train-00001-of-00008.parquet	000228	0.0000		
train-00001-of-00008.parquet	000229	0.0000		
train-00001-of-00008.parquet	000230	0.0000		
train-00001-of-00008.parquet	000231	0.0000		
train-00001-of-00008.parquet	000232	0.0000		
train-00001-of-00008.parquet	000233	0.0000		
train-00001-of-00008.parquet	000234	0.0000		
train-00001-of-00008.parquet	000235	0.0000		
train-00001-of-00008.parquet	000236	0.0000		
train-00001-of-00008.parquet	000237	0.0000		
train-00001-of-00008.parquet	000238	0.0000		
train-00001-of-00008.parquet	000239	0.0000		
train-00001-of-00008.parquet	000240	0.0000		
train-00001-of-00008.parquet	000241	0.0000		
train-00001-of-00008.parquet	000242	0.0000		
train-00001-of-00008.parquet	000243	0.0000		
train-00001-of-00008.parquet	000244	0.0000		
train-00001-of-00008.parquet	000245	0.0000		
train-00001-of-00008.parquet	000246	0.0000		
train-00001-of-00008.parquet	000247	0.0000		
train-00001-of-00008.parquet	000248	0.0000		
train-00001-of-00008.parquet	000249	0.0000		
train-00001-of-00008.parquet	000250	0.0000		
train-00001-of-00008.parquet	000251	0.0000		
train-00001-of-00008.parquet	000252	0.0000		
train-00001-of-00008.parquet	000253	0.0000		
train-00001-of-00008.parquet	000254	0.0000		
train-00001-of-00008.parquet	000255	0.0000		
train-00001-of-00008.parquet	000256	0.0000		
train-00001-of-00008.parquet	000257	0.0000		
train-00001-of-00008.parquet	000258	0.0000		
train-00001-of-00008.parquet	000259	0.0000		
train-00001-of-00008.parquet	000260	0.0000		
train-00001-of-00008.parquet	000261	0.0000		
train-00001-of-00008.parquet	000262	0.0000		
train-00001-of-00008.parquet	000263	0.0000		
train-00001-of-00008.parquet	000264	0.0000		
train-00001-of-00008.parquet	000265	0.0000		
train-00001-of-00008.parquet	000266	0.0000		
train-00001-of-00008.parquet	000267	0.0000		
train-00001-of-00008.parquet	000268	0.0000		
train-00001-of-00008.parquet	000269	0.0000		
train-00001-of-00008.parquet	000270	0.0000		
train-00001-of-00008.parquet	000271	0.0000		
train-00001-of-00008.parquet	000272	0.0000		
train-00001-of-00008.parquet	000273	0.0000		
train-00001-of-00008.parquet	000274	0.0000		
train-00001-of-00008.parquet	000275	0.0000		
train-00001-of-00008.parquet	000276	0.0000		
train-00001-of-00008.parquet	000277	0.0000		
train-00001-of-00008.parquet	000278	0.0000		
train-00001-of-00008.parquet	000279	0.0000		
train-00001-of-00008.parquet	000280	0.0000		
train-00001-of-00008.parquet	000281	0.0000		
train-00001-of-00008.parquet	000282	0.0000		
train-00001-of-00008.parquet	000283	0.0000		
train-00001-of-00008.parquet	000284	0.0000		
train-00001-of-00008.parquet	000285	0.0000		
train-00001-of-00008.parquet	000286	0.0000		
train-00001-of-00008.parquet	000287	0.0000		
train-00001-of-00008.parquet	000288	0.0000		
train-00001-of-00008.parquet	000289	0.0000		
train-00001-of-00008.parquet	000290	0.0000		
train-00001-of-00008.parquet	000291	0.0000		
train-00001-of-00008.parquet	000292	0.0000		
train-00001-of-00008.parquet	000293	0.0000		
train-00001-of-00008.parquet	000294	0.0000		
train-00001-of-00008.parquet	000295	0.0000		
train-00001-of-00008.parquet	000296	0.0000		
train-00001-of-00008.parquet	000297	0.0000		
train-00001-of-00008.parquet	000298	0.0000		
train-00001-of-00008.parquet	000299	0.0000		
train-00001-of-00008.parquet	000300	0.0000		
train-00001-of-00008.parquet	000301	0.0000		
train-00001-of-00008.parquet	000302	0.0000		
train-00001-of-00008.parquet	000303	0.0000		
train-00001-of-00008.parquet	000304	0.0000		
train-00001-of-00008.parquet	000305	0.0000		
train-00001-of-00008.parquet	000306	0.0000		
train-00001-of-00008.parquet	000307	0.0000		
train-00001-of-00008.parquet	000308	0.0000		
train-00001-of-00008.parquet	000309	0.0000		
train-00001-of-00008.parquet	000310	0.0000		
train-00001-of-00008.parquet	000311	0.0000		
train-00001-of-00008.parquet	000312	0.0000		
train-00001-of-00008.parquet	000313	0.0000		
train-00001-of-00008.parquet	000314	0.0000		
train-00001-of-00008.parquet	000315	0.0000		
train-00001-of-00008.parquet	000316	0.0000		
train-00001-of-00008.parquet	000317	0.0000		
train-00001-of-00008.parquet	000318	0.0000		
train-00001-of-00008.parquet	000319	0.0000		
train-00001-of-00008.parquet	000320	0.0000		
train-00001-of-00008.parquet	000321	0.0000		
train-00001-of-00008.parquet	000322	0.0000		
train-00001-of-00008.parquet	000323	0.0000		
train-00001-of-00008.parquet	000324	0.0000		
train-00001-of-00008.parquet	000325	0.0000		
train-00001-of-00008.parquet	000326	0.0000		
train-00001-of-00008.parquet	000327	0.0000		
train-00001-of-00008.parquet	000328	0.0000		
train-00001-of-00008.parquet	000329	0.0000		
train-00001-of-00008.parquet	000330	0.0000		
train-00001-of-00008.parquet	000331	0.0000		
train-00001-of-00008.parquet	000332	0.0000		
train-00001-of-00008.parquet	000333	0.0000		
train-00001-of-00008.parquet	000334	0.0000		
train-00001-of-00008.parquet	000335	0.0000		
train-00001-of-00008.parquet	000336	0.0000		
train-00001-of-00008.parquet	000337	0.0000		
train-00001-of-00008.parquet	000338	0.0000		
train-00001-of-00008.parquet	000339	0.0000		
train-00001-of-00008.parquet	000340	0.0000		
train-00001-of-00008.parquet	000341	0.0000		
train-00001-of-00008.parquet	000342	0.0000		
train-00001-of-00008.parquet	000343	0.0000		
train-00001-of-00008.parquet	000344	0.0000		
train-00001-of-00008.parquet	000345	0.0000		
train-00001-of-00008.parquet	000346	0.0000		
train-00001-of-00008.parquet	000347	0.0000		
train-00001-of-00008.parquet	000348	0.0000		
train-00001-of-00008.parquet	000349	0.0000		
train-00001-of-00008.parquet	000350	0.0000		
train-00001-of-00008.parquet	000351	0.0000		
train-00001-of-00008.parquet	000352	0.0000		
train-00001-of-00008.parquet	000353	0.0000		
train-00001-of-00008.parquet	000354	0.0000		
train-00001-of-00008.parquet	000355	0.0000		
train-00001-of-00008.parquet	000356	0.0000		
train-00001-of-00008.parquet	000357	0.0000		
train-00001-of-00008.parquet	000358	0.0000		
train-00001-of-00008.parquet	000359	0.0000		
train-00001-of-00008.parquet	000360	0.0000		
train-00001-of-00008.parquet	000361	0.0507	train-00000-of-00008.parquet	000473
train-00001-of-00008.parquet	000363	0.0435	train-00000-of-00008.parquet	000000
train-00001-of-00008.parquet	000364	0.0000		
train-00001-of-00008.parquet	000365	0.0000		
train-00001-of-00008.parquet	000366	0.0000		
train-00001-of-00008.parquet	000367	0.0000		
train-00001-of-00008.parquet	000368	0.0000		
train-00001-of-00008.parquet	000369	0.0000		
train-00001-of-00008.parquet	000370	0.0000		
train-00001-of-00008.parquet	000371	0.0000		
train-00001-of-00008.parquet	000372	0.0000		
train-00001-of-00008.parquet	000373	0.0000		
train-00001-of-00008.parquet	000374	0.0000		
train-00001-of-00008.parquet	000375	0.0000		
train-00001-of-00008.parquet	000376	0.0000		
train-00001-of-00008.parquet	000377	0.0000		
train-00001-of-00008.parquet	000378	0.0000		
train-00001-of-00008.parquet	000379	0.0000		
train-00001-of-00008.parquet	000380	0.0000		
train-00001-of-00008.parquet	000381	0.0000		
train-00001-of-00008.parquet	000382	0.0000		
train-00001-of-00008.parquet	000383	0.0000		
train-00001-of-00008.parquet	000384	0.0000		
train-00001-of-00008.parquet	000385	0.0000		
train-00001-of-00008.parquet	000386	0.0000		
train-00001-of-00008.parquet	000387	0.0000		
train-00001-of-00008.parquet	000388	0.0000		
train-00001-of-00008.parquet	000389	0.0000		
train-00001-of-00008.parquet	000390	0.0000		
train-00001-of-00008.parquet	000391	0.0000		
train-00001-of-00008.parquet	000392	0.0000		
train-00001-of-00008.parquet	000393	0.0000		
train-00001-of-00008.parquet	000394	0.0000		
train-00001-of-00008.parquet	000395	0.0000		
train-00001-of-00008.parquet	000396	0.0000		
train-00001-of-00008.parquet	000397	0.0000		
train-00001-of-00008.parquet	000398	0.0000		
train-00001-of-00008.parquet	000399	0.0000		
train-00001-of-00008.parquet	000400	0.0000		
train-00001-of-00008.parquet	000401	0.0000		
train-00001-of-00008.parquet	000402	0.0000		
train-00001-of-00008.parquet	000403	0.0000		
train-00001-of-00008.parquet	000404	0.0000		
train-00001-of-00008.parquet	000405	0.0000		
train-00001-of-00008.parquet	000406	0.0000		
train-00001-of-00008.parquet	000407	0.0000		
train-00001-of-00008.parquet	000408	0.0000		
train-00001-of-00008.parquet	000409	0.0000		
train-00001-of-00008.parquet	000410	0.0000		
train-00001-of-00008.parquet	000411	0.0000		
train-00001-of-00008.parquet	000412	0.0000		
train-00001-of-00008.parquet	000413	0.0000		
train-00001-of-00008.parquet	000414	0.0000		
train-00001-of-00008.parquet	000415	0.0000		
train-00001-of-00008.parquet	000416	0.0000		
train-00001-of-00008.parquet	000417	0.0000		
train-00001-of-00008.parquet	000418	0.0000		
train-00001-of-00008.parquet	000419	0.0000		
train-00001-of-00008.parquet	000420	0.0000		
train-00001-of-00008.parquet	000421	0.0000		
train-00001-of-00008.parquet	000422	0.0000		
train-00001-of-00008.parquet	000423	0.0000		
train-00001-of-00008.parquet	000424	0.0000		
train-00001-of-00008.parquet	000425	0.0000		
train-00001-of-00008.parquet	000426	0.0000		
train-00001-of-00008.parquet	000427	0.0000		
train-00001-of-00008.parquet	000428	0.0000		
train-00001-of-00008.parquet	000429	0.0000		
train-00001-of-00008.parquet	000430	0.0000		
train-00001-of-00008.parquet	000431	0.0000		
train-00001-of-00008.parquet	000432	0.0000		
train-00001-of-00008.parquet	000433	0.0000		
train-00001-of-00008.parquet	000434	0.0000		
train-00001-of-00008.parquet	000435	0.0000		
train-00001-of-00008.parquet	000436	0.0000		
train-00001-of-00008.parquet	000437	0.0000		
train-00001-of-00008.parquet	000438	0.0000		
train-00001-of-00008.parquet	000439	0.0000		
train-00001-of-00008.parquet	000440	0.0000		
train-00001-of-00008.parquet	000441	0.0000		
train-00001-of-00008.parquet	000442	0.0000		
train-00001-of-00008.parquet	000443	0.0000		
train-00001-of-00008.parquet	000444	0.0000		
train-00001-of-00008.parquet	000445	0.0000		
train-00001-of-00008.parquet	000446	0.0000		
train-00001-of-00008.parquet	000447	0.0000		
train-00001-of-00008.parquet	000448	0.0000		
train-00001-of-00008.parquet	000449	0.0000		
train-00001-of-00008.parquet	000450	0.0000		
train-00001-of-00008.parquet	000451	0.0000		
train-00001-of-00008.parquet	000452	0.0000		
train-00001-of-00008.parquet	000453	0.0000		
train-00001-of-00008.parquet	000454	0.0000		
train-00001-of-00008.parquet	000455	0.0000		
train-00001-of-00008.parquet	000456	0.0000		
train-00001-of-00008.parquet	000457	0.0000		
train-00001-of-00008.parquet	000458	0.0000		
train-00001-of-00008.parquet	000459	0.0000		
train-00001-of-00008.parquet	000460	0.0000		
train-00001-of-00008.parquet	000461	0.0000		
train-00001-of-00008.parquet	000462	0.0000		
train-00001-of-00008.parquet	000463	0.0000		
train-00001-of-00008.parquet	000464	0.0000		
train-00001-of-00008.parquet	000465	0.0000		
train-00001-of-00008.parquet	000466	0.0000		
train-00001-of-00008.parquet	000467	0.0000		
train-00001-of-00008.parquet	000468	0.0000		
train-00001-of-00008.parquet	000469	0.0000		
train-00001-of-00008.parquet	000470	0.0000		
train-00001-of-00008.parquet	000471	0.0000		
train-00001-of-00008.parquet	000472	0.0000		
train-00001-of-00008.parquet	000473	0.0000		
train-00001-of-00008.parquet	000474	0.0000		
train-00001-of-00008.parquet	000475	0.0000		
train-00001-of-00008.parquet	000476	0.0000		
train-00001-of-00008.parquet	000477	0.0000		
train-00001-of-00008.parquet	000478	0.0000		
train-00001-of-00008.parquet	000479	0.0000		
train-00001-of-00008.parquet	000480	0.0000		
train-00001-of-00008.parquet	000481	0.0000		
train-00001-of-00008.parquet	000482	0.0000		
train-00001-of-00008.parquet	000483	0.0000		
train-00001-of-00008.parquet	000484	0.0000		
train-00001-of-00008.parquet	000485	0.0000		
train-00001-of-00008.parquet	000486	0.0000		
train-00001-of-00008.parquet	000487	0.0000		
train-00001-of-00008.parquet	000488	0.0000		
train-00001-of-00008.parquet	000489	0.0000		
train-00001-of-00008.parquet	000490	0.0000		
train-00001-of-00008.parquet	000491	0.0000		
train-00001-of-00008.parquet	000492	0.0000		
train-00001-of-00008.parquet	000493	0.0000		
train-00001-of-00008.parquet	000494	0.0511	train-00000-of-00008.parquet	000473
train-00001-of-00008.parquet	000496	0.0435	train-00000-of-00008.parquet	000000
train-00001-of-00008.parquet	000497	0.0000		
train-00001-of-00008.parquet	000498	0.0000		
train-00001-of-00008.parquet	000499	0.0000		
train-00001-of-00008.parquet	000500	0.0000		
train-00001-of-00008.parquet	000501	0.0000		
train-00001-of-00008.parquet	000502	0.0000		
train-00001-of-00008.parquet	000503	0.0000		
train-00001-of-00008.parquet	000504	0.0000		
train-00001-of-00008.parquet	000505	0.0000		
train-00001-of-00008.parquet	000506	0.0000		
train-00001-of-00008.parquet	000507	0.0000		
train-00001-of-00008.parquet	000508	0.0000		
train-00001-of-00008.parquet	000509	0.0000		
train-00001-of-00008.parquet	000510	0.0000		
train-00001-of-00008.parquet	000511	0.0000		
train-00001-of-00008.parquet	000512	0.0000		
train-00001-of-00008.parquet	000513	0.0000		
train-00001-of-00008.parquet	000514	0.0000		
train-00001-of-00008.parquet	000515	0.0000		
train-00001-of-00008.parquet	000516	0.0000		
train-00001-of-00008.parquet	000517	0.0000		
train-00001-of-00008.parquet	000518	0.0000		
train-00001-of-00008.parquet	000519	0.0000		
train-00001-of-00008.parquet	000520	0.0000		
train-00001-of-00008.parquet	000521	0.0000		
train-00001-of-00008.parquet	000522	0.0000		
train-00001-of-00008.parquet	000523	0.0000		
train-00001-of-00008.parquet	000524	0.0000		
train-00001-of-00008.parquet	000525	0.0000		
train-00001-of-00008.parquet	000526	0.0000		
train-00001-of-00008.parquet	000527	0.0000		
train-00001-of-00008.parquet	000528	0.0000		
train-00001-of-00008.parquet	000529	0.0000		
train-00001-of-00008.parquet	000530	0.0000		
train-00001-of-00008.parquet	000531	0.0000		
train-00001-of-00008.parquet	000532	0.0000		
train-00001-of-00008.parquet	000533	0.0000		
train-00001-of-00008.parquet	000534	0.0000		
train-00001-of-00008.parquet	000535	0.0000		
train-00001-of-00008.parquet	000536	0.0000		
train-00001-of-00008.parquet	000537	0.0000		
train-00001-of-00008.parquet	000538	0.0000		
train-00001-of-00008.parquet	000539	0.0000		
train-00001-of-00008.parquet	000540	0.0000		
train-00001-of-00008.parquet	000541	0.0000		
train-00001-of-00008.parquet	000542	0.0000		
train-00001-of-00008.parquet	000543	0.0000		
train-00001-of-00008.parquet	000544	0.0000		
train-00001-of-00008.parquet	000545	0.0000		
train-00001-of-00008.parquet	000546	0.0000		
train-00001-of-00008.parquet	000547	0.0000		
train-00001-of-00008.parquet	000548	0.0000		
train-00001-of-00008.parquet	000549	0.0000		
train-00001-of-00008.parquet	000550	0.0000		
train-00001-of-00008.parquet	000551	0.0000		
train-00001-of-00008.parquet	000552	0.0000		
train-00001-of-00008.parquet	000553	0.0000		
train-00001-of-00008.parquet	000554	0.0000		
train-00001-of-00008.parquet	000555	0.0000		
train-00001-of-00008.parquet	000556	0.0000		
train-00001-of-00008.parquet	000557	0.0000		
train-00001-of-00008.parquet	000558	0.0000		
train-00001-of-00008.parquet	000559	0.0000		
train-00001-of-00008.parquet	000560	0.0000		
train-00001-of-00008.parquet	000561	0.0000		
train-00001-of-00008.parquet	000562	0.0000		
train-00001-of-00008.parquet	000563	0.0000		
train-00001-of-00008.parquet	000564	0.0000		
train-00001-of-00008.parquet	000565	0.0000		
train-00001-of-00008.parquet	000566	0.0000		
train-00001-of-00008.parquet	000567	0.0000		
train-00001-of-00008.parquet	000568	0.0000		
train-00001-of-00008.parquet	000569	0.0000		
train-00001-of-00008.parquet	000570	0.0000		
train-00001-of-00008.parquet	000571	0.0000		
train-00001-of-00008.parquet	000572	0.0000		
train-00001-of-00008.parquet	000573	0.0000		
train-00001-of-00008.parquet	000574	0.0000		
train-00001-of-00008.parquet	000575	0.0000		
train-00001-of-00008.parquet	000576	0.0000		
train-00001-of-00008.parquet	000577	0.0000		
train-00001-of-00008.parquet	000578	0.0000		
train-00001-of-00008.parquet	000579	0.0000		
train-00001-of-00008.parquet	000580	0.0000		
train-00001-of-00008.parquet	000581	0.0000		
train-00001-of-00008.parquet	000582	0.0000		
train-00001-of-00008.parquet	000583	0.0000		
train-00001-of-00008.parquet	000584	0.0000		
train-00001-of-00008.parquet	000585	0.0000		
train-00001-of-00008.parquet	000586	0.0000		
train-00001-of-00008.parquet	000587	0.0000		
train-00001-of-00008.parquet	000588	0.0000		
train-00001-of-00008.parquet	000589	0.0000		
train-00001-of-00008.parquet	000590	0.0000		
train-00001-of-00008.parquet	000591	0.0000		
train-00001-of-00008.parquet	000592	0.0000		
train-00001-of-00008.parquet	000593	0.0000		
train-00001-of-00008.parquet	000594	0.0000		
train-00001-of-00008.parquet	000595	0.0000		
train-00001-of-00008.parquet	000596	0.0000		
train-00001-of-00008.parquet	000597	0.0000		
train-00001-of-00008.parquet	000598	0.0000		
train-00001-of-00008.parquet	000599	0.0000		
train-00001-of-00008.parquet	000600	0.0000		
train-00001-of-00008.parquet	000601	0.0000		
train-00001-of-00008.parquet	000602	0.0000		
train-00001-of-00008.parquet	000603	0.0000		
train-00001-of-00008.parquet	000604	0.0000		
train-00001-of-00008.parquet	000605	0.0000		
train-00001-of-00008.parquet	000606	0.0000		
train-00001-of-00008.parquet	000607	0.0000		
train-00001-of-00008.parquet	000608	0.0000		
train-00001-of-00008.parquet	000609	0.0000		
train-00001-of-00008.parquet	000610	0.0000		
train-00001-of-00008.parquet	000611	0.0000		
train-00001-of-00008.parquet	000612	0.0000		
train-00001-of-00008.parquet	000613	0.0000		
train-00001-of-00008.parquet	000614	0.0000		
train-00001-of-00008.parquet	000615	0.0000		
train-00001-of-00008.parquet	000616	0.0000		
train-00001-of-00008.parquet	000617	0.0000		
train-00001-of-00008.parquet	000618	0.0000		
train-00001-of-00008.parquet	000619	0.0000		
train-00001-of-00008.parquet	000620	0.0000		
train-00001-of-00008.parquet	000621	0.0000		
train-00001-of-00008.parquet	000622	0.0000		
train-00001-of-00008.parquet	000623	0.0000		
train-00001-of-00008.parquet	000624	0.0000		
train-00001-of-00008.parquet	000625	0.0507	train-00000-of-00008.parquet	000473
train-00001-of-00008.parquet	000627	0.0435	train-00000-of-00008.parquet	000000
train-00001-of-00008.parquet	000628	0.0000		
train-00001-of-00008.parquet	000629	0.0000		
train-00001-of-00008.parquet	000630	0.0000		
train-00001-of-00008.parquet	000631	0.0000		
train-00001-of-00008.parquet	000632	0.0000		
train-00001-of-00008.parquet	000633	0.0000		
train-00001-of-00008.parquet	000634	0.0000		
train-00001-of-00008.parquet	000635	0.0000		
train-00001-of-00008.parquet	000636	0.0000		
train-00001-of-00008.parquet	000637	0.0000		
train-00001-of-00008.parquet	000638	0.0000		
train-00001-of-00008.parquet	000639	0.0000		
train-00001-of-00008.parquet	000640	0.0000		
train-00001-of-00008.parquet	000641	0.0000		
train-00001-of-00008.parquet	000642	0.0000		
train-00001-of-00008.parquet	000643	0.0000		
train-00001-of-00008.parquet	000644	0.0000		
train-00001-of-00008.parquet	000645	0.0000		
train-00001-of-00008.parquet	000646	0.0000		
train-00001-of-00008.parquet	000647	0.0000		
train-00001-of-00008.parquet	000648	0.0000		
train-00001-of-00008.parquet	000649	0.0000		
train-00001-of-00008.parquet	000650	0.0000		
train-00001-of-00008.parquet	000651	0.0000		
train-00001-of-00008.parquet	000652	0.0000		
train-00001-of-00008.parquet	000653	0.0000		
train-00001-of-00008.parquet	000654	0.0000		
train-00001-of-00008.parquet	000655	0.0000		
train-00001-of-00008.parquet	000656	0.0000		
train-00001-of-00008.parquet	000657	0.0000		
train-00001-of-00008.parquet	000658	0.0000		
train-00001-of-00008.parquet	000659	0.0000		
train-00001-of-00008.parquet	000660	0.0000		
train-00001-of-00008.parquet	000661	0.0000		
train-00001-of-00008.parquet	000662	0.0000		
train-00001-of-00008.parquet	000663	0.0000		
train-00001-of-00008.parquet	000664	0.0000		
train-00001-of-00008.parquet	000665	0.0000		
train-00001-of-00008.parquet	000666	0.0000		
train-00001-of-00008.parquet	000667	0.0000		
train-00001-of-00008.parquet	000668	0.0000		
train-00001-of-00008.parquet	000669	0.0000		
train-00001-of-00008.parquet	000670	0.0000		
train-00001-of-00008.parquet	000671	0.0000		
train-00001-of-00008.parquet	000672	0.0000		
train-00001-of-00008.parquet	000673	0.0000		
train-00001-of-00008.parquet	000674	0.0000		
train-00001-of-00008.parquet	000675	0.0000		
train-00001-of-00008.parquet	000676	0.0000		
train-00001-of-00008.parquet	000677	0.0000		
train-00001-of-00008.parquet	000678	0.0000		
train-00001-of-00008.parquet	000679	0.0000		
train-00001-of-00008.parquet	000680	0.0000		
train-00001-of-00008.parquet	000681	0.0000		
train-00001-of-00008.parquet	000682	0.0000		
train-00001-of-00008.parquet	000683	0.0000		
train-00001-of-00008.parquet	000684	0.0000		
train-00001-of-00008.parquet	000685	0.0000		
train-00001-of-00008.parquet	000686	0.0000		
train-00001-of-00008.parquet	000687	0.0000		
train-00001-of-00008.parquet	000688	0.0000		
train-00001-of-00008.parquet	000689	0.0000		
train-00001-of-00008.parquet	000690	0.0000		
train-00001-of-00008.parquet	000691	0.0000		
train-00001-of-00008.parquet	000692	0.0000		
train-00001-of-00008.parquet	000693	0.0000		
train-00001-of-00008.parquet	000694	0.0000		
train-00001-of-00008.parquet	000695	0.0000		
train-00001-of-00008.parquet	000696	0.0000		
train-00001-of-00008.parquet	000697	0.0000		
train-00001-of-00008.parquet	000698	0.0000		
train-00001-of-00008.parquet	000699	0.0000		
train-00001-of-00008.parquet	000700	0.0000		
train-00001-of-00008.parquet	000701	0.0000		
train-00001-of-00008.parquet	000702	0.0000		
train-00001-of-00008.parquet	000703	0.0000		
train-00001-of-00008.parquet	000704	0.0000		
train-00001-of-00008.parquet	000705	0.0000		
train-00001-of-00008.parquet	000706	0.0000		
train-00001-of-00008.parquet	000707	0.0000		
train-00001-of-00008.parquet	000708	0.0000		
train-00001-of-00008.parquet	000709	0.0000		
train-00001-of-00008.parquet	000710	0.0000		
train-00001-of-00008.parquet	000711	0.0000		
train-00001-of-00008.parquet	000712	0.0000		
train-00001-of-00008.parquet	000713	0.0000		
train-00001-of-00008.parquet	000714	0.0000		
train-00001-of-00008.parquet	000715	0.0000		
train-00001-of-00008.parquet	000716	0.0000		
train-00001-of-00008.parquet	000717	0.0000		
train-00001-of-00008.parquet	000718	0.0000		
train-00001-of-00008.parquet	000719	0.0000		
train-00001-of-00008.parquet	000720	0.0000		
train-00001-of-00008.parquet	000721	0.0000		
train-00001-of-00008.parquet	000722	0.0000		
train-00001-of-00008.parquet	000723	0.0000		
train-00001-of-00008.parquet	000724	0.0000		
train-00001-of-00008.parquet	000725	0.0000		
train-00001-of-00008.parquet	000726	0.0000		
train-00001-of-00008.parquet	000727	0.0000		
train-00001-of-00008.parquet	000728	0.0000		
train-00001-of-00008.parquet	000729	0.0000		
train-00001-of-00008.parquet	000730	0.0000		
train-00001-of-00008.parquet	000731	0.0000		
train-00001-of-00008.parquet	000732	0.0000		
train-00001-of-00008.parquet	000733	0.0000		
train-00001-of-00008.parquet	000734	0.0000		
train-00001-of-00008.parquet	000735	0.0000		
train-00001-of-00008.parquet	000736	0.0000		
train-00001-of-00008.parquet	000737	0.0000		
train-00001-of-00008.parquet	000738	0.0000		
train-00001-of-00008.parquet	000739	0.0000		
train-00001-of-00008.parquet	000740	0.0000		
train-00001-of-00008.parquet	000741	0.0000		
train-00001-of-00008.parquet	000742	0.0000		
train-00001-of-00008.parquet	000743	0.0000		
train-00001-of-00008.parquet	000744	0.0000		
train-00001-of-00008.parquet	000745	0.0507	train-00000-of-00008.parquet	000473
train-00001-of-00008.parquet	000747	0.0435	train-00000-of-00008.parquet	000000
train-00001-of-00008.parquet	000748	0.0000		
train-00001-of-00008.parquet	000749	0.0000		
train-00001-of-00008.parquet	000750	0.0000		
train-00001-of-00008.parquet	000751	0.0000		
train-00001-of-00008.parquet	000752	0.0000		
train-00001-of-00008.parquet	000753	0.0000		
train-00001-of-00008.parquet	000754	0.0000		
train-00001-of-00008.parquet	000755	0.0000		
train-00001-of-00008.parquet	000756	0.0000		
train-00001-of-00008.parquet	000757	0.0000		
train-00001-of-00008.parquet	000758	0.0000		
train-00001-of-00008.parquet	000759	0.0000		
train-00001-of-00008.parquet	000760	0.0000		
train-00001-of-00008.parquet	000761	0.0000		
train-00001-of-00008.parquet	000762	0.0000		
train-00001-of-00008.parquet	000763	0.0000		
train-00001-of-00008.parquet	000764	0.0000		
train-00001-of-00008.parquet	000765	0.0000		
train-00001-of-00008.parquet	000766	0.0000		
train-00001-of-00008.parquet	000767	0.0000		
train-00001-of-00008.parquet	000768	0.0000		
train-00001-of-00008.parquet	000769	0.0000		
train-00001-of-00008.parquet	000770	0.0000		
train-00001-of-00008.parquet	000771	0.0000		
train-00001-of-00008.parquet	000772	0.0000		
train-00001-of-00008.parquet	000773	0.0000		
train-00001-of-00008.parquet	000774	0.0000		
train-00001-of-00008.parquet	000775	0.0000		
train-00001-of-00008.parquet	000776	0.0000		
train-00001-of-00008.parquet	000777	0.0000		
train-00001-of-00008.parquet	000778	0.0000		
train-00001-of-00008.parquet	000779	0.0000		
train-00001-of-00008.parquet	000780	0.0000		
train-00001-of-00008.parquet	000781	0.0000		
train-00001-of-00008.parquet	000782	0.0000		
train-00001-of-00008.parquet	000783	0.0000		
train-00001-of-00008.parquet	000784	0.0000		
train-00001-of-00008.parquet	000785	0.0000		
train-00001-of-00008.parquet	000786	0.0000		
train-00001-of-00008.parquet	000787	0.0000		
train-00001-of-00008.parquet	000788	0.0000		
train-00001-of-00008.parquet	000789	0.0000		
train-00001-of-00008.parquet	000790	0.0000		
train-00001-of-00008.parquet	000791	0.0000		
train-00001-of-00008.parquet	000792	0.0000		
train-00001-of-00008.parquet	000793	0.0000		
train-00001-of-00008.parquet	000794	0.0000		
train-00001-of-00008.parquet	000795	0.0000		
train-00001-of-00008.parquet	000796	0.0000		
train-00001-of-00008.parquet	000797	0.0000		
train-00001-of-00008.parquet	000798	0.0000		
train-00001-of-00008.parquet	000799	0.0000		
train-00001-of-00008.parquet	000800	0.0000		
train-00001-of-00008.parquet	000801	0.0000		
train-00001-of-00008.parquet	000802	0.0000		
train-00001-of-00008.parquet	000803	0.0000		
train-00001-of-00008.parquet	000804	0.0000		
train-00001-of-00008.parquet	000805	0.0000		
train-00001-of-00008.parquet	000806	0.0000		
train-00001-of-00008.parquet	000807	0.0000		
train-00001-of-00008.parquet	000808	0.0000		
train-00001-of-00008.parquet	000809	0.0000		
train-00001-of-00008.parquet	000810	0.0000		
train-00001-of-00008.parquet	000811	0.0000		
train-00001-of-00008.parquet	000812	0.0000		
train-00001-of-00008.parquet	000813	0.0000		
train-00001-of-00008.parquet	000814	0.0000		
train-00001-of-00008.parquet	000815	0.0000		
train-00001-of-00008.parquet	000816	0.0000		
train-00001-of-00008.parquet	000817	0.0000		
train-00001-of-00008.parquet	000818	0.0000		
train-00001-of-00008.parquet	000819	0.0000		
train-00001-of-00008.parquet	000820	0.0000		
train-00001-of-00008.parquet	000821	0.0000		
train-00001-of-00008.parquet	000822	0.0000		
train-00001-of-00008.parquet	000823	0.0000		
train-00001-of-00008.parquet	000824	0.0000		
train-00001-of-00008.parquet	000825	0.0000		
train-00001-of-00008.parquet	000826	0.0000		
train-00001-of-00008.parquet	000827	0.0000		
train-00001-of-00008.parquet	000828	0.0000		
train-00001-of-00008.parquet	000829	0.0000		
train-00001-of-00008.parquet	000830	0.0000		
train-00001-of-00008.parquet	000831	0.0000		
train-00001-of-00008.parquet	000832	0.0000		
train-00001-of-00008.parquet	000833	0.0000		
train-00001-of-00008.parquet	000834	0.0000		
train-00001-of-00008.parquet	000835	0.0000		
train-00001-of-00008.parquet	000836	0.0000		
train-00001-of-00008.parquet	000837	0.0000		
train-00001-of-00008.parquet	000838	0.0000		
train-00001-of-00008.parquet	000839	0.0000		
train-00001-of-00008.parquet	000840	0.0000		
train-00001-of-00008.parquet	000841	0.0000		
train-00001-of-00008.parquet	000842	0.0000		
train-00001-of-00008.parquet	000843	0.0000		
train-00001-of-00008.parquet	000844	0.0000		
train-00001-of-00008.parquet	000845	0.0000		
train-00001-of-00008.parquet	000846	0.0000		
train-00001-of-00008.parquet	000847	0.0000		
train-00001-of-00008.parquet	000848	0.0000		
train-00001-of-00008.parquet	000849	0.0000		
train-00001-of-00008.parquet	000850	0.0000		
train-00001-of-00008.parquet	000851	0.0000		
train-00001-of-00008.parquet	000852	0.0000		
train-00001-of-00008.parquet	000853	0.0000		
train-00001-of-00008.parquet	000854	0.0000		
train-00001-of-00008.parquet	000855	0.0000		
train-00001-of-00008.parquet	000856	0.0000		
train-00001-of-00008.parquet	000857	0.0000		
train-00001-of-00008.parquet	000858	0.0000		
train-00001-of-00008.parquet	000859	0.0000		
train-00001-of-00008.parquet	000860	0.0000		
train-00001-of-00008.parquet	000861	0.0000		
train-00001-of-00008.parquet	000862	0.0000		
train-00001-of-00008.parquet	000863	0.0000		
train-00001-of-00008.parquet	000864	0.0000		
train-00001-of-00008.parquet	000865	0.0000		
train-00001-of-00008.parquet	000866	0.0000		
train-00001-of-00008.parquet	000867	0.0000		
train-00001-of-00008.parquet	000868	0.0000		
train-00001-of-00008.parquet	000869	0.0000		
train-00001-of-00008.parquet	000870	0.0000		
train-00001-of-00008.parquet	000871	0.0000		
train-00001-of-00008.parquet	000872	0.0000		
train-00001-of-00008.parquet	000873	0.0000		
train-00001-of-00008.parquet	000874	0.0000		
train-00001-of-00008.parquet	000875	0.0000		
train-00001-of-00008.parquet	000876	0.0000		
train-00001-of-00008.parquet	000877	0.0000		
train-00001-of-00008.parquet	000878	0.0000		
train-00001-of-00008.parquet	000879	0.0000		
train-00001-of-00008.parquet	000880	0.0000		
train-00001-of-00008.parquet	000881	0.0000		
train-00001-of-00008.parquet	000882	0.0000		
train-00001-of-00008.parquet	000883	0.0000		
train-00001-of-00008.parquet	000884	0.0507	train-00000-of-00008.parquet	000473
train-00001-of-00008.parquet	000886	0.0435	train-00000-of-00008.parquet	000000
train-00001-of-00008.parquet	000887	0.0000		
train-00001-of-00008.parquet	000888	0.0000		
train-00001-of-00008.parquet	000889	0.0000		
train-00001-of-00008.parquet	000890	0.0000		
train-00001-of-00008.parquet	000891	0.0000		
train-00001-of-00008.parquet	000892	0.0000		
train-00001-of-00008.parquet	000893	0.0000		
train-00001-of-00008.parquet	000894	0.0000		
train-00001-of-00008.parquet	000895	0.0000		
train-00001-of-00008.parquet	000896	0.0000		
train-00001-of-00008.parquet	000897	0.0000		
train-00001-of-00008.parquet	000898	0.0000		
train-00001-of-00008.parquet	000899	0.0000		
train-00001-of-00008.parquet	000900	0.0000		
train-00001-of-00008.parquet	000901	0.0000		
train-00001-of-00008.parquet	000902	0.0000		
train-00001-of-00008.parquet	000903	0.0000		
train-00001-of-00008.parquet	000904	0.0000		
train-00001-of-00008.parquet	000905	0.0000		
train-00001-of-00008.parquet	000906	0.0000		
train-00001-of-00008.parquet	000907	0.0000		
train-00001-of-00008.parquet	000908	0.0000		
train-00001-of-00008.parquet	000909	0.0000		
train-00001-of-00008.parquet	000910	0.0000		
train-00001-of-00008.parquet	000911	0.0000		
train-00001-of-00008.parquet	000912	0.0000		
train-00001-of-00008.parquet	000913	0.0000		
train-00001-of-00008.parquet	000914	0.0000		
train-00001-of-00008.parquet	000915	0.0000		
train-00001-of-00008.parquet	000916	0.0000		
train-00001-of-00008.parquet	000917	0.0000		
train-00001-of-00008.parquet	000918	0.0000		
train-00001-of-00008.parquet	000919	0.0000		
train-00001-of-00008.parquet	000920	0.0000		
train-00001-of-00008.parquet	000921	0.0000		
train-00001-of-00008.parquet	000922	0.0000		
train-00001-of-00008.parquet	000923	0.0000		
train-00001-of-00008.parquet	000924	0.0000		
train-00001-of-00008.parquet	000925	0.0000		
train-00001-of-00008.parquet	000926	0.0000		
train-00001-of-00008.parquet	000927	0.0000		
train-00001-of-00008.parquet	000928	0.0000		
train-00001-of-00008.parquet	000929	0.0000		
train-00001-of-00008.parquet	000930	0.0000		
train-00001-of-00008.parquet	000931	0.0000		
train-00001-of-00008.parquet	000932	0.0000		
train-00001-of-00008.parquet	000933	0.0000		
train-00001-of-00008.parquet	000934	0.0000		
train-00001-of-00008.parquet	000935	0.0000		
train-00001-of-00008.parquet	000936	0.0000		
train-00001-of-00008.parquet	000937	0.0000		
train-00001-of-00008.parquet	000938	0.0000		
train-00001-of-00008.parquet	000939	0.0000		
train-00001-of-00008.parquet	000940	0.0000		
train-00001-of-00008.parquet	000941	0.0000		
train-00001-of-00008.parquet	000942	0.0000		
train-00001-of-00008.parquet	000943	0.0000		
train-00001-of-00008.parquet	000944	0.0000		
train-00001-of-00008.parquet	000945	0.0000		
train-00001-of-00008.parquet	000946	0.0000		
train-00001-of-00008.parquet	000947	0.0000		
train-00001-of-00008.parquet	000948	0.0000		
train-00001-of-00008.parquet	000949	0.0000		
train-00001-of-00008.parquet	000950	0.0000		
train-00001-of-00008.parquet	000951	0.0000		
train-00001-of-00008.parquet	000952	0.0000		
train-00001-of-00008.parquet	000953	0.0000		
train-00001-of-00008.parquet	000954	0.0000		
train-00001-of-00008.parquet	000955	0.0000		
train-00001-of-00008.parquet	000956	0.0000		
train-00001-of-00008.parquet	000957	0.0000		
train-00001-of-00008.parquet	000958	0.0000		
train-00001-of-00008.parquet	000959	0.0000		
train-00001-of-00008.parquet	000960	0.0000		
train-00001-of-00008.parquet	000961	0.0000		
train-00001-of-00008.parquet	000962	0.0000		
train-00001-of-00008.parquet	000963	0.0000		
train-00001-of-00008.parquet	000964	0.0000		
train-00001-of-00008.parquet	000965	0.0000		
train-00001-of-00008.parquet	000966	0.0000		
train-00001-of-00008.parquet	000967	0.0000		
train-00001-of-00008.parquet	000968	0.0000		
train-00001-of-00008.parquet	000969	0.0000		
train-00001-of-00008.parquet	000970	0.0000		
train-00001-of-00008.parquet	000971	0.0000		
train-00001-of-00008.parquet	000972	0.0000		
train-00001-of-00008.parquet	000973	0.0000		
train-00001-of-00008.parquet	000974	0.0000		
train-00001-of-00008.parquet	000975	0.0000		
train-00001-of-00008.parquet	000976	0.0000		
train-00001-of-00008.parquet	000977	0.0000		
train-00001-of-00008.parquet	000978	0.0000		
train-00001-of-00008.parquet	000979	0.0000		
train-00001-of-00008.parquet	000980	0.0000		
train-00001-of-00008.parquet	000981	0.0000		
train-00001-of-00008.parquet	000982	0.0000		
train-00001-of-00008.parquet	000983	0.0000		
train-00001-of-00008.parquet	000984	0.0000		
train-00001-of-00008.parquet	000985	0.0000		
train-00001-of-00008.parquet	000986	0.0000		
train-00001-of-00008.parquet	000987	0.0000		
train-00001-of-00008.parquet	000988	0.0000		
train-00001-of-00008.parquet	000989	0.0000		
train-00001-of-00008.parquet	000990	0.0000		
train-00001-of-00008.parquet	000991	0.0000		
train-00001-of-00008.parquet	000992	0.0000		
train-00001-of-00008.parquet	000993	0.0000		
train-00001-of-00008.parquet	000994	0.0000		
train-00002-of-00008.parquet	000000	0.0000		
train-00002-of-00008.parquet	000001	0.0000		
train-00002-of-00008.parquet	000002	0.0000		
train-00002-of-00008.parquet	000003	0.0000		
train-00002-of-00008.parquet	000004	0.0000		
train-00002-of-00008.parquet	000005	0.0000		
train-00002-of-00008.parquet	000006	0.0000		
train-00002-of-00008.parquet	000007	0.0000		
train-00002-of-00008.parquet	000008	0.0000		
train-00002-of-00008.parquet	000009	0.0000		
train-00002-of-00008.parquet	000010	0.0000		
train-00002-of-00008.parquet	000011	0.0000		
train-00002-of-00008.parquet	000012	0.0000		
train-00002-of-00008.parquet	000013	0.0000		
train-00002-of-00008.parquet	000014	0.0000		
train-00002-of-00008.parquet	000015	0.0000		
train-00002-of-00008.parquet	000016	0.0000		
train-00002-of-00008.parquet	000017	0.0000		
train-00002-of-00008.parquet	000018	0.0000		
train-00002-of-00008.parquet	000019	0.0000		
train-00002-of-00008.parquet	000020	0.0000		
train-00002-of-00008.parquet	000021	0.0000		
train-00002-of-00008.parquet	000022	0.0000		
train-00002-of-00008.parquet	000023	0.0000		
train-00002-of-00008.parquet	000024	0.0000		
train-00002-of-00008.parquet	000025	0.0000		
train-00002-of-00008.parquet	000026	0.0000		
train-00002-of-00008.parquet	000027	0.0000		
train-00002-of-00008.parquet	000028	0.0000		
train-00002-of-00008.parquet	000029	0.0000		
train-00002-of-00008.parquet	000030	0.0000		
train-00002-of-00008.parquet	000031	0.0507	train-00000-of-00008.parquet	000473
train-00002-of-00008.parquet	000032	0.0656	train-00000-of-00008.parquet	000011
train-00002-of-00008.parquet	000033	0.0435	train-00000-of-00008.parquet	000000
train-00002-of-00008.parquet	000034	0.0000		
train-00002-of-00008.parquet	000035	0.0000		
train-00002-of-00008.parquet	000036	0.0000		
train-00002-of-00008.parquet	000037	0.0000		
train-00002-of-00008.parquet	000038	0.0000		
train-00002-of-00008.parquet	000039	0.0000		
train-00002-of-00008.parquet	000040	0.0000		
train-00002-of-00008.parquet	000041	0.0000		
train-00002-of-00008.parquet	000042	0.0000		
train-00002-of-00008.parquet	000043	0.0000		
train-00002-of-00008.parquet	000044	0.0000		
train-00002-of-00008.parquet	000045	0.0000		
train-00002-of-00008.parquet	000046	0.0000		
train-00002-of-00008.parquet	000047	0.0000		
train-00002-of-00008.parquet	000048	0.0000		
train-00002-of-00008.parquet	000049	0.0000		
train-00002-of-00008.parquet	000050	0.0000		
train-00002-of-00008.parquet	000051	0.0000		
train-00002-of-00008.parquet	000052	0.0000		
train-00002-of-00008.parquet	000053	0.0000		
train-00002-of-00008.parquet	000054	0.0000		
train-00002-of-00008.parquet	000055	0.0000		
train-00002-of-00008.parquet	000056	0.0000		
train-00002-of-00008.parquet	000057	0.0000		
train-00002-of-00008.parquet	000058	0.0000		
train-00002-of-00008.parquet	000059	0.0000		
train-00002-of-00008.parquet	000060	0.0000		
train-00002-of-00008.parquet	000061	0.0000		
train-00002-of-00008.parquet	000062	0.0000		
train-00002-of-00008.parquet	000063	0.0000		
train-00002-of-00008.parquet	000064	0.0000		
train-00002-of-00008.parquet	000065	0.0000		
train-00002-of-00008.parquet	000066	0.0000		
train-00002-of-00008.parquet	000067	0.0000		
train-00002-of-00008.parquet	000068	0.0000		
train-00002-of-00008.parquet	000069	0.0000		
train-00002-of-00008.parquet	000070	0.0000		
train-00002-of-00008.parquet	000071	0.0000		
train-00002-of-00008.parquet	000072	0.0000		
train-00002-of-00008.parquet	000073	0.0000		
train-00002-of-00008.parquet	000074	0.0000		
train-00002-of-00008.parquet	000075	0.0000		
train-00002-of-00008.parquet	000076	0.0000		
train-00002-of-00008.parquet	000077	0.0000		
train-00002-of-00008.parquet	000078	0.0000		
train-00002-of-00008.parquet	000079	0.0000		
train-00002-of-00008.parquet	000080	0.0000		
train-00002-of-00008.parquet	000081	0.0000		
train-00002-of-00008.parquet	000082	0.0000		
train-00002-of-00008.parquet	000083	0.0000		
train-00002-of-00008.parquet	000084	0.0000		
train-00002-of-00008.parquet	000085	0.0000		
train-00002-of-00008.parquet	000086	0.0000		
train-00002-of-00008.parquet	000087	0.0000		
train-00002-of-00008.parquet	000088	0.0000		
train-00002-of-00008.parquet	000089	0.0000		
train-00002-of-00008.parquet	000090	0.0000		
train-00002-of-00008.parquet	000091	0.0000		
train-00002-of-00008.parquet	000092	0.0000		
train-00002-of-00008.parquet	000093	0.0000		
train-00002-of-00008.parquet	000094	0.0000		
train-00002-of-00008.parquet	000095	0.0000		
train-00002-of-00008.parquet	000096	0.0000		
train-00002-of-00008.parquet	000097	0.0000		
train-00002-of-00008.parquet	000098	0.0000		
train-00002-of-00008.parquet	000099	0.0000		
train-00002-of-00008.parquet	000100	0.0000		
train-00002-of-00008.parquet	000101	0.0000		
train-00002-of-00008.parquet	000102	0.0000		
train-00002-of-00008.parquet	000103	0.0000		
train-00002-of-00008.parquet	000104	0.0000		
train-00002-of-00008.parquet	000105	0.0000		
train-00002-of-00008.parquet	000106	0.0000		
train-00002-of-00008.parquet	000107	0.0000		
train-00002-of-00008.parquet	000108	0.0000		
train-00002-of-00008.parquet	000109	0.0000		
train-00002-of-00008.parquet	000110	0.0000		
train-00002-of-00008.parquet	000111	0.0000		
train-00002-of-00008.parquet	000112	0.0000		
train-00002-of-00008.parquet	000113	0.0000		
train-00002-of-00008.parquet	000114	0.0000		
train-00002-of-00008.parquet	000115	0.0000		
train-00002-of-00008.parquet	000116	0.0000		
train-00002-of-00008.parquet	000117	0.0000		
train-00002-of-00008.parquet	000118	0.0000		
train-00002-of-00008.parquet	000119	0.0000		
train-00002-of-00008.parquet	000120	0.0000		
train-00002-of-00008.parquet	000121	0.0000		
train-00002-of-00008.parquet	000122	0.0000		
train-00002-of-00008.parquet	000123	0.0000		
train-00002-of-00008.parquet	000124	0.0000		
train-00002-of-00008.parquet	000125	0.0000		
train-00002-of-00008.parquet	000126	0.0000		
train-00002-of-00008.parquet	000127	0.0000		
train-00002-of-00008.parquet	000128	0.0000		
train-00002-of-00008.parquet	000129	0.0000		
train-00002-of-00008.parquet	000130	0.0000		
train-00002-of-00008.parquet	000131	0.0000		
train-00002-of-00008.parquet	000132	0.0000		
train-00002-of-00008.parquet	000133	0.0000		
train-00002-of-00008.parquet	000134	0.0000		
train-00002-of-00008.parquet	000135	0.0000		
train-00002-of-00008.parquet	000136	0.0000		
train-00002-of-00008.parquet	000137	0.0000		
train-00002-of-00008.parquet	000138	0.0000		
train-00002-of-00008.parquet	000139	0.0000		
train-00002-of-00008.parquet	000140	0.0000		
train-00002-of-00008.parquet	000141	0.0000		
train-00002-of-00008.parquet	000142	0.0000		
train-00002-of-00008.parquet	000143	0.0049	train-00000-of-00008.parquet	000011
train-00002-of-00008.parquet	000144	0.0000		
train-00002-of-00008.parquet	000145	0.0000		
train-00002-of-00008.parquet	000146	0.0000		
train-00002-of-00008.parquet	000147	0.0000		
train-00002-of-00008.parquet	000148	0.0000		
train-00002-of-00008.parquet	000149	0.0016	train-00000-of-00008.parquet	000440
train-00002-of-00008.parquet	000150	0.0000		
train-00002-of-00008.parquet	000151	0.0000		
train-00002-of-00008.parquet	000152	0.0000		
train-00002-of-00008.parquet	000153	0.0000		
train-00002-of-00008.parquet	000154	0.0000		
train-00002-of-00008.parquet	000155	0.0000		
train-00002-of-00008.parquet	000156	0.0018	train-00000-of-00008.parquet	000440
train-00002-of-00008.parquet	000157	0.0000		
train-00002-of-00008.parquet	000158	0.0022	train-00000-of-00008.parquet	000011
train-00002-of-00008.parquet	000159	0.0022	train-00000-of-00008.parquet	000011
train-00002-of-00008.parquet	000160	0.0008	train-00000-of-00008.parquet	000638
train-00002-of-00008.parquet	000161	0.0000		
train-00002-of-00008.parquet	000162	0.0000		
train-00002-of-00008.parquet	000163	0.0000		
train-00002-of-00008.parquet	000164	0.0000		
train-00002-of-00008.parquet	000165	0.0000		
train-00002-of-00008.parquet	000166	0.0000		
train-00002-of-00008.parquet	000167	0.0000		
train-00002-of-00008.parquet	000168	0.0000		
train-00002-of-00008.parquet	000169	0.0000		
train-00002-of-00008.parquet	000170	0.0038	train-00000-of-00008.parquet	000495
train-00002-of-00008.parquet	000171	0.0000		
train-00002-of-00008.parquet	000172	0.0000		
train-00002-of-00008.parquet	000173	0.0000		
train-00002-of-00008.parquet	000174	0.0000		
train-00002-of-00008.parquet	000175	0.0030	train-00000-of-00008.parquet	000627
train-00002-of-00008.parquet	000176	0.0000		
train-00002-of-00008.parquet	000177	0.0000		
train-00002-of-00008.parquet	000178	0.0000		
train-00002-of-00008.parquet	000179	0.0000		
train-00002-of-00008.parquet	000180	0.0000		
train-00002-of-00008.parquet	000181	0.0056	train-00000-of-00008.parquet	000495
train-00002-of-00008.parquet	000182	0.0031	train-00000-of-00008.parquet	000011
train-00002-of-00008.parquet	000183	0.0507	train-00000-of-00008.parquet	000473
train-00002-of-00008.parquet	000185	0.0435	train-00000-of-00008.parquet	000000
train-00002-of-00008.parquet	000186	0.0000		
train-00002-of-00008.parquet	000187	0.0511	train-00000-of-00008.parquet	000473
train-00002-of-00008.parquet	000189	0.0435	train-00000-of-00008.parquet	000000
train-00002-of-00008.parquet	000190	0.0000		
train-00002-of-00008.parquet	000191	0.0000		
train-00002-of-00008.parquet	000192	0.0000		
train-00002-of-00008.parquet	000193	0.0038	train-00000-of-00008.parquet	000495
train-00002-of-00008.parquet	000194	0.0000		
train-00002-of-00008.parquet	000195	0.0000		
train-00002-of-00008.parquet	000196	0.0000		
train-00002-of-00008.parquet	000197	0.0044	train-00000-of-00008.parquet	000495
train-00002-of-00008.parquet	000198	0.0000		
train-00002-of-00008.parquet	000199	0.0000		
train-00002-of-00008.parquet	000200	0.2385	train-00000-of-00008.parquet	000473
train-00002-of-00008.parquet	000201	0.0031	train-00000-of-00008.parquet	000385
train-00002-of-00008.parquet	000202	0.0000		
train-00002-of-00008.parquet	000203	0.1000	train-00000-of-00008.parquet	000000
train-00002-of-00008.parquet	000205	0.0185	train-00000-of-00008.parquet	000440
train-00002-of-00008.parquet	000206	0.0019	train-00000-of-00008.parquet	000539
train-00002-of-00008.parquet	000207	0.0032	train-00000-of-00008.parquet	000440
train-00002-of-00008.parquet	000208	0.0031	train-00000-of-00008.parquet	000440
train-00002-of-00008.parquet	000209	0.0153	train-00000-of-00008.parquet	000352
train-00002-of-00008.parquet	000210	0.0043	train-00000-of-00008.parquet	000440
train-00002-of-00008.parquet	000211	0.0018	train-00000-of-00008.parquet	000440
train-00002-of-00008.parquet	000212	0.0106	train-00000-of-00008.parquet	000440
train-00002-of-00008.parquet	000213	0.0072	train-00000-of-00008.parquet	000440
train-00002-of-00008.parquet	000214	0.0051	train-00000-of-00008.parquet	000451
train-00002-of-00008.parquet	000215	0.0062	train-00000-of-00008.parquet	000473
train-00002-of-00008.parquet	000216	0.0000		
train-00002-of-00008.parquet	000217	0.0000		
train-00002-of-00008.parquet	000218	0.0000		
train-00002-of-00008.parquet	000219	0.0000		
train-00002-of-00008.parquet	000220	0.0000		
train-00002-of-00008.parquet	000221	0.0000		
train-00002-of-00008.parquet	000222	0.0000		
train-00002-of-00008.parquet	000223	0.0212	train-00000-of-00008.parquet	000473
train-00002-of-00008.parquet	000224	0.0000		
train-00002-of-00008.parquet	000225	0.0025	train-00000-of-00008.parquet	000396
train-00002-of-00008.parquet	000226	0.0024	train-00000-of-00008.parquet	000396
train-00002-of-00008.parquet	000227	0.0094	train-00000-of-00008.parquet	000407
train-00002-of-00008.parquet	000228	0.0034	train-00000-of-00008.parquet	000066
train-00002-of-00008.parquet	000229	0.0062	train-00000-of-00008.parquet	000396
train-00002-of-00008.parquet	000230	0.0000		
train-00002-of-00008.parquet	000231	0.0426	train-00000-of-00008.parquet	000385
train-00002-of-00008.parquet	000232	0.0123	train-00000-of-00008.parquet	000473
train-00002-of-00008.parquet	000233	0.0000		
train-00002-of-00008.parquet	000234	0.6829	train-00000-of-00008.parquet	000429
train-00002-of-00008.parquet	000235	0.0225	train-00000-of-00008.parquet	000473
train-00002-of-00008.parquet	000236	0.0400	train-00000-of-00008.parquet	000000
train-00002-of-00008.parquet	000237	0.0018	train-00000-of-00008.parquet	000539
train-00002-of-00008.parquet	000238	0.0032	train-00000-of-00008.parquet	000539
train-00002-of-00008.parquet	000239	0.0017	train-00000-of-00008.parquet	000539
train-00002-of-00008.parquet	000240	0.0019	train-00000-of-00008.parquet	000539
train-00002-of-00008.parquet	000241	0.0015	train-00000-of-00008.parquet	000539
train-00002-of-00008.parquet	000242	0.0013	train-00000-of-00008.parquet	000539
train-00002-of-00008.parquet	000243	0.0075	train-00000-of-00008.parquet	000539
train-00002-of-00008.parquet	000244	0.0037	train-00000-of-00008.parquet	000539
train-00002-of-00008.parquet	000245	0.0053	train-00000-of-00008.parquet	000583
train-00002-of-00008.parquet	000246	0.0017	train-00000-of-00008.parquet	000539
train-00002-of-00008.parquet	000247	0.0023	train-00000-of-00008.parquet	000539
train-00002-of-00008.parquet	000248	0.0043	train-00000-of-00008.parquet	000539
train-00002-of-00008.parquet	000249	0.0034	train-00000-of-00008.parquet	000583
train-00002-of-00008.parquet	000250	0.0022	train-00000-of-00008.parquet	000539
train-00002-of-00008.parquet	000251	0.0039	train-00000-of-00008.parquet	000539
train-00002-of-00008.parquet	000252	0.0024	train-00000-of-00008.parquet	000539
train-00002-of-00008.parquet	000253	0.0035	train-00000-of-00008.parquet	000000
train-00002-of-00008.parquet	000254	0.0034	train-00000-of-00008.parquet	000539
train-00002-of-00008.parquet	000255	0.0027	train-00000-of-00008.parquet	000539
train-00002-of-00008.parquet	000256	0.0031	train-00000-of-00008.parquet	000539
train-00002-of-00008.parquet	000257	0.0023	train-00000-of-00008.parquet	000385
train-00002-of-00008.parquet	000258	0.0042	train-00000-of-00008.parquet	000539
train-00002-of-00008.parquet	000259	0.0057	train-00000-of-00008.parquet	000000
train-00002-of-00008.parquet	000260	0.0025	train-00000-of-00008.parquet	000594
train-00002-of-00008.parquet	000261	0.0088	train-00000-of-00008.parquet	000627
train-00002-of-00008.parquet	000262	0.0023	train-00000-of-00008.parquet	000539
train-00002-of-00008.parquet	000263	0.0026	train-00000-of-00008.parquet	000539
train-00002-of-00008.parquet	000264	0.0024	train-00000-of-00008.parquet	000539
train-00002-of-00008.parquet	000265	0.0069	train-00000-of-00008.parquet	000000
train-00002-of-00008.parquet	000266	0.0063	train-00000-of-00008.parquet	000583
train-00002-of-00008.parquet	000267	0.0412	train-00000-of-00008.parquet	000000
train-00002-of-00008.parquet	000268	0.0106	train-00000-of-00008.parquet	000000
train-00002-of-00008.parquet	000269	0.0086	train-00000-of-00008.parquet	000000
train-00002-of-00008.parquet	000271	0.0099	train-00000-of-00008.parquet	000000
train-00002-of-00008.parquet	000272	0.0103	train-00000-of-00008.parquet	000000
train-00002-of-00008.parquet	000273	0.0102	train-00000-of-00008.parquet	000000
train-00002-of-00008.parquet	000274	0.0023	train-00000-of-00008.parquet	000385
train-00002-of-00008.parquet	000275	0.0033	train-00000-of-00008.parquet	000627
train-00002-of-00008.parquet	000276	0.0059	train-00000-of-00008.parquet	000594
train-00002-of-00008.parquet	000277	0.0032	train-00000-of-00008.parquet	000638
train-00002-of-00008.parquet	000278	0.0037	train-00000-of-00008.parquet	000000
train-00002-of-00008.parquet	000279	0.0143	train-00000-of-00008.parquet	000594
train-00002-of-00008.parquet	000280	0.0363	train-00000-of-00008.parquet	000594
train-00002-of-00008.parquet	000281	0.0014	train-00000-of-00008.parquet	000539
train-00002-of-00008.parquet	000282	0.0052	train-00000-of-00008.parquet	000594
train-00002-of-00008.parquet	000283	0.0014	train-00000-of-00008.parquet	000594
train-00002-of-00008.parquet	000284	0.0000		
train-00002-of-00008.parquet	000285	0.0000		
train-00002-of-00008.parquet	000286	0.0080	train-00000-of-00008.parquet	000550
train-00002-of-00008.parquet	000287	0.0466	train-00000-of-00008.parquet	000550
train-00002-of-00008.parquet	000288	0.0016	train-00000-of-00008.parquet	000550
train-00002-of-00008.parquet	000289	0.0233	train-00000-of-00008.parquet	000550
train-00002-of-00008.parquet	000290	0.0000		
train-00002-of-00008.parquet	000291	0.0000		
train-00002-of-00008.parquet	000292	0.0000		
train-00002-of-00008.parquet	000293	0.0028	train-00000-of-00008.parquet	000539
train-00002-of-00008.parquet	000294	0.0016	train-00000-of-00008.parquet	000066
train-00002-of-00008.parquet	000295	0.0021	train-00000-of-00008.parquet	000451
train-00002-of-00008.parquet	000296	0.0058	train-00000-of-00008.parquet	000473
train-00002-of-00008.parquet	000297	0.0000		
train-00002-of-00008.parquet	000298	0.0000		
train-00002-of-00008.parquet	000299	0.0101	train-00000-of-00008.parquet	000473
train-00002-of-00008.parquet	000300	0.0063	train-00000-of-00008.parquet	000627
train-00002-of-00008.parquet	000301	0.0039	train-00000-of-00008.parquet	000627
train-00002-of-00008.parquet	000302	0.0172	train-00000-of-00008.parquet	000594
train-00002-of-00008.parquet	000303	0.0027	train-00000-of-00008.parquet	000638
train-00002-of-00008.parquet	000304	0.0052	train-00000-of-00008.parquet	000539
train-00002-of-00008.parquet	000305	0.0200	train-00000-of-00008.parquet	000594
train-00002-of-00008.parquet	000306	0.0043	train-00000-of-00008.parquet	000539
train-00002-of-00008.parquet	000307	0.0112	train-00000-of-00008.parquet	000638
train-00002-of-00008.parquet	000308	0.0399	train-00000-of-00008.parquet	000638
train-00002-of-00008.parquet	000309	0.0301	train-00000-of-00008.parquet	000638
train-00002-of-00008.parquet	000310	0.0079	train-00000-of-00008.parquet	000638
train-00002-of-00008.parquet	000311	0.0000		
train-00002-of-00008.parquet	000312	0.0016	train-00000-of-00008.parquet	000462
train-00002-of-00008.parquet	000313	0.0000		
train-00002-of-00008.parquet	000314	0.0036	train-00000-of-00008.parquet	000583
train-00002-of-00008.parquet	000315	0.0000		
train-00002-of-00008.parquet	000316	0.0000		
train-00002-of-00008.parquet	000317	0.0052	train-00000-of-00008.parquet	000594
train-00002-of-00008.parquet	000318	0.0000		
train-00002-of-00008.parquet	000319	0.0000		
train-00002-of-00008.parquet	000320	0.0032	train-00000-of-00008.parquet	000594
train-00002-of-00008.parquet	000321	0.0024	train-00000-of-00008.parquet	000583
train-00002-of-00008.parquet	000322	0.0000		
train-00002-of-00008.parquet	000323	0.0093	train-00000-of-00008.parquet	000594
train-00002-of-00008.parquet	000324	0.0054	train-00000-of-00008.parquet	000473
train-00002-of-00008.parquet	000325	0.0000		
train-00002-of-00008.parquet	000326	0.0033	train-00000-of-00008.parquet	000627
train-00002-of-00008.parquet	000327	0.0059	train-00000-of-00008.parquet	000594
train-00002-of-00008.parquet	000328	0.0032	train-00000-of-00008.parquet	000638
train-00002-of-00008.parquet	000329	0.0037	train-00000-of-00008.parquet	000000
train-00002-of-00008.parquet	000330	0.0143	train-00000-of-00008.parquet	000594
train-00002-of-00008.parquet	000331	0.0358	train-00000-of-00008.parquet	000594
train-00002-of-00008.parquet	000332	0.0014	train-00000-of-00008.parquet	000539
train-00002-of-00008.parquet	000333	0.0052	train-00000-of-00008.parquet	000594
train-00002-of-00008.parquet	000334	0.0014	train-00000-of-00008.parquet	000594
train-00002-of-00008.parquet	000335	0.0000		
train-00002-of-00008.parquet	000336	0.0000		
train-00002-of-00008.parquet	000337	0.0080	train-00000-of-00008.parquet	000550
train-00002-of-00008.parquet	000338	0.0466	train-00000-of-00008.parquet	000550
train-00002-of-00008.parquet	000339	0.0016	train-00000-of-00008.parquet	000550
train-00002-of-00008.parquet	000340	0.0233	train-00000-of-00008.parquet	000550
train-00002-of-00008.parquet	000341	0.0000		
train-00002-of-00008.parquet	000342	0.0000		
train-00002-of-00008.parquet	000343	0.0000		
train-00002-of-00008.parquet	000344	0.0028	train-00000-of-00008.parquet	000539
train-00002-of-00008.parquet	000345	0.0016	train-00000-of-00008.parquet	000066
train-00002-of-00008.parquet	000346	0.0021	train-00000-of-00008.parquet	000451
train-00002-of-00008.parquet	000347	0.0058	train-00000-of-00008.parquet	000473
train-00002-of-00008.parquet	000348	0.0000		
train-00002-of-00008.parquet	000349	0.0000		
train-00002-of-00008.parquet	000350	0.0101	train-00000-of-00008.parquet	000473
train-00002-of-00008.parquet	000351	0.0063	train-00000-of-00008.parquet	000627
train-00002-of-00008.parquet	000352	0.0039	train-00000-of-00008.parquet	000627
train-00002-of-00008.parquet	000353	0.0172	train-00000-of-00008.parquet	000594
train-00002-of-00008.parquet	000354	0.0027	train-00000-of-00008.parquet	000638
train-00002-of-00008.parquet	000355	0.0052	train-00000-of-00008.parquet	000539
train-00002-of-00008.parquet	000356	0.0200	train-00000-of-00008.parquet	000594
train-00002-of-00008.parquet	000357	0.0043	train-00000-of-00008.parquet	000539
train-00002-of-00008.parquet	000358	0.0112	train-00000-of-00008.parquet	000638
train-00002-of-00008.parquet	000359	0.0399	train-00000-of-00008.parquet	000638
train-00002-of-00008.parquet	000360	0.0301	train-00000-of-00008.parquet	000638
train-00002-of-00008.parquet	000361	0.0079	train-00000-of-00008.parquet	000638
train-00002-of-00008.parquet	000362	0.0000		
train-00002-of-00008.parquet	000363	0.0016	train-00000-of-00008.parquet	000462
train-00002-of-00008.parquet	000364	0.0000		
train-00002-of-00008.parquet	000365	0.0036	train-00000-of-00008.parquet	000583
train-00002-of-00008.parquet	000366	0.0000		
train-00002-of-00008.parquet	000367	0.0000		
train-00002-of-00008.parquet	000368	0.0052	train-00000-of-00008.parquet	000594
train-00002-of-00008.parquet	000369	0.0000		
train-00002-of-00008.parquet	000370	0.0000		
train-00002-of-00008.parquet	000371	0.0032	train-00000-of-00008.parquet	000594
train-00002-of-00008.parquet	000372	0.0024	train-00000-of-00008.parquet	000583
train-00002-of-00008.parquet	000373	0.0000		
train-00002-of-00008.parquet	000374	0.0095	train-00000-of-00008.parquet	000000
train-00002-of-00008.parquet	000375	0.0103	train-00000-of-00008.parquet	000000
train-00002-of-00008.parquet	000376	0.0110	train-00000-of-00008.parquet	000000
train-00002-of-00008.parquet	000377	0.0672	train-00000-of-00008.parquet	000473
train-00002-of-00008.parquet	000378	0.0000		
train-00002-of-00008.parquet	000379	0.0000		
train-00002-of-00008.parquet	000380	0.0662	train-00000-of-00008.parquet	000473
train-00002-of-00008.parquet	000381	0.0000		
train-00002-of-00008.parquet	000382	0.0290	train-00000-of-00008.parquet	000473
train-00002-of-00008.parquet	000383	0.0000		
train-00002-of-00008.parquet	000384	0.0455	train-00000-of-00008.parquet	000000
train-00002-of-00008.parquet	000385	0.0101	train-00000-of-00008.parquet	000473
train-00002-of-00008.parquet	000386	0.0000		
train-00002-of-00008.parquet	000387	0.0040	train-00000-of-00008.parquet	000473
train-00002-of-00008.parquet	000389	0.0095	train-00000-of-00008.parquet	000473
train-00002-of-00008.parquet	000390	0.0017	train-00000-of-00008.parquet	000440
train-00002-of-00008.parquet	000391	0.0069	train-00000-of-00008.parquet	000385
train-00002-of-00008.parquet	000392	0.0000		
train-00002-of-00008.parquet	000393	0.0011	train-00000-of-00008.parquet	000440
train-00002-of-00008.parquet	000394	0.0021	train-00000-of-00008.parquet	000440
train-00002-of-00008.parquet	000395	0.0032	train-00000-of-00008.parquet	000451
train-00002-of-00008.parquet	000396	0.0000		
train-00002-of-00008.parquet	000398	0.0000		
train-00002-of-00008.parquet	000400	0.0000		
train-00002-of-00008.parquet	000401	0.0000		
train-00002-of-00008.parquet	000402	0.0000		
train-00002-of-00008.parquet	000403	0.0000		
train-00002-of-00008.parquet	000404	0.0000		
train-00002-of-00008.parquet	000405	0.0025	train-00000-of-00008.parquet	000627
train-00002-of-00008.parquet	000406	0.0173	train-00000-of-00008.parquet	000473
train-00002-of-00008.parquet	000407	0.0023	train-00000-of-00008.parquet	000473
train-00002-of-00008.parquet	000408	0.0025	train-00000-of-00008.parquet	000396
train-00002-of-00008.parquet	000409	0.0022	train-00000-of-00008.parquet	000396
train-00002-of-00008.parquet	000410	0.0000		
train-00002-of-00008.parquet	000411	0.0136	train-00000-of-00008.parquet	000407
train-00002-of-00008.parquet	000412	0.0000		
train-00002-of-00008.parquet	000413	0.0058	train-00000-of-00008.parquet	000396
train-00002-of-00008.parquet	000414	0.0035	train-00000-of-00008.parquet	000385
train-00002-of-00008.parquet	000415	0.0122	train-00000-of-00008.parquet	000473
train-00002-of-00008.parquet	000416	0.0000		
train-00002-of-00008.parquet	000417	0.1761	train-00000-of-00008.parquet	000429
train-00002-of-00008.parquet	000418	0.0223	train-00000-of-00008.parquet	000473
train-00002-of-00008.parquet	000419	0.0312	train-00000-of-00008.parquet	000000
train-00002-of-00008.parquet	000420	0.0000		
train-00002-of-00008.parquet	000421	0.0364	train-00000-of-00008.parquet	000000
train-00002-of-00008.parquet	000422	0.0000		
train-00002-of-00008.parquet	000423	0.0000		
train-00002-of-00008.parquet	000424	0.0049	train-00000-of-00008.parquet	000385
train-00002-of-00008.parquet	000425	0.0000		
train-00002-of-00008.parquet	000426	0.0000		
train-00002-of-00008.parquet	000427	0.0000		
train-00002-of-00008.parquet	000428	0.0000		
train-00002-of-00008.parquet	000429	0.0018	train-00000-of-00008.parquet	000539
train-00002-of-00008.parquet	000430	0.0034	train-00000-of-00008.parquet	000440
train-00002-of-00008.parquet	000431	0.0000		
train-00002-of-00008.parquet	000432	0.0000		
train-00002-of-00008.parquet	000434	0.0000		
train-00002-of-00008.parquet	000435	0.0019	train-00000-of-00008.parquet	000638
train-00002-of-00008.parquet	000436	0.0000		
train-00002-of-00008.parquet	000437	0.0000		
train-00002-of-00008.parquet	000438	0.0000		
train-00002-of-00008.parquet	000439	0.0000		
train-00002-of-00008.parquet	000440	0.0000		
train-00002-of-00008.parquet	000441	0.0000		
train-00002-of-00008.parquet	000442	0.0000		
train-00002-of-00008.parquet	000443	0.0020	train-00000-of-00008.parquet	000066
train-00002-of-00008.parquet	000444	0.0058	train-00000-of-00008.parquet	000594
train-00002-of-00008.parquet	000445	0.0000		
train-00002-of-00008.parquet	000446	0.0028	train-00000-of-00008.parquet	000627
train-00002-of-00008.parquet	000447	0.0014	train-00000-of-00008.parquet	000440
train-00002-of-00008.parquet	000448	0.0000		
train-00002-of-00008.parquet	000449	0.0000		
train-00002-of-00008.parquet	000450	0.0013	train-00000-of-00008.parquet	000627
train-00002-of-00008.parquet	000451	0.0000		
train-00002-of-00008.parquet	000452	0.0000		
train-00002-of-00008.parquet	000453	0.0000		
train-00002-of-00008.parquet	000454	0.0013	train-00000-of-00008.parquet	000539
train-00002-of-00008.parquet	000455	0.0000		
train-00002-of-00008.parquet	000456	0.0000		
train-00002-of-00008.parquet	000457	0.0000		
train-00002-of-00008.parquet	000458	0.0000		
train-00002-of-00008.parquet	000459	0.0000		
train-00002-of-00008.parquet	000460	0.0000		
train-00002-of-00008.parquet	000461	0.0000		
train-00002-of-00008.parquet	000462	0.0000		
train-00002-of-00008.parquet	000463	0.0000		
train-00002-of-00008.parquet	000464	0.0000		
train-00002-of-00008.parquet	000465	0.0000		
train-00002-of-00008.parquet	000466	0.0000		
train-00002-of-00008.parquet	000467	0.0016	train-00000-of-00008.parquet	000440
train-00002-of-00008.parquet	000468	0.0000		
train-00002-of-00008.parquet	000469	0.0000		
train-00002-of-00008.parquet	000470	0.0017	train-00000-of-00008.parquet	000440
train-00002-of-00008.parquet	000471	0.0016	train-00000-of-00008.parquet	000000
train-00002-of-00008.parquet	000472	0.0019	train-00000-of-00008.parquet	000583
train-00002-of-00008.parquet	000473	0.0000		
train-00002-of-00008.parquet	000474	0.0000		
train-00002-of-00008.parquet	000475	0.0015	train-00000-of-00008.parquet	000638
train-00002-of-00008.parquet	000476	0.0000		
train-00002-of-00008.parquet	000477	0.0014	train-00000-of-00008.parquet	000539
train-00002-of-00008.parquet	000478	0.0017	train-00000-of-00008.parquet	000638
train-00002-of-00008.parquet	000479	0.0000		
train-00002-of-00008.parquet	000480	0.0000		
train-00002-of-00008.parquet	000481	0.0000		
train-00002-of-00008.parquet	000482	0.0000		
train-00002-of-00008.parquet	000483	0.0028	train-00000-of-00008.parquet	000055
train-00002-of-00008.parquet	000484	0.0117	train-00000-of-00008.parquet	000594
train-00002-of-00008.parquet	000485	0.0013	train-00000-of-00008.parquet	000539
train-00002-of-00008.parquet	000486	0.0017	train-00000-of-00008.parquet	000638
train-00002-of-00008.parquet	000487	0.0000		
train-00002-of-00008.parquet	000488	0.0019	train-00000-of-00008.parquet	000539
train-00002-of-00008.parquet	000489	0.0016	train-00000-of-00008.parquet	000539
train-00002-of-00008.parquet	000490	0.0017	train-00000-of-00008.parquet	000594
train-00002-of-00008.parquet	000491	0.0015	train-00000-of-00008.parquet	000539
train-00002-of-00008.parquet	000492	0.0039	train-00000-of-00008.parquet	000539
train-00002-of-00008.parquet	000493	0.0021	train-00000-of-00008.parquet	000550
train-00002-of-00008.parquet	000494	0.0029	train-00000-of-00008.parquet	000539
train-00002-of-00008.parquet	000495	0.0040	train-00000-of-00008.parquet	000539
train-00002-of-00008.parquet	000496	0.0025	train-00000-of-00008.parquet	000539
train-00002-of-00008.parquet	000497	0.0040	train-00000-of-00008.parquet	000550
train-00002-of-00008.parquet	000498	0.0016	train-00000-of-00008.parquet	000550
train-00002-of-00008.parquet	000499	0.0043	train-00000-of-00008.parquet	000385
train-00002-of-00008.parquet	000500	0.0024	train-00000-of-00008.parquet	000638
train-00002-of-00008.parquet	000501	0.0014	train-00000-of-00008.parquet	000539
train-00002-of-00008.parquet	000502	0.0023	train-00000-of-00008.parquet	000594
train-00002-of-00008.parquet	000503	0.0068	train-00000-of-00008.parquet	000594
train-00002-of-00008.parquet	000504	0.0030	train-00000-of-00008.parquet	000000
train-00002-of-00008.parquet	000505	0.0000		
train-00002-of-00008.parquet	000506	0.0000		
train-00002-of-00008.parquet	000507	0.0016	train-00000-of-00008.parquet	000583
train-00002-of-00008.parquet	000508	0.0065	train-00000-of-00008.parquet	000539
train-00002-of-00008.parquet	000509	0.0014	train-00000-of-00008.parquet	000638
train-00002-of-00008.parquet	000510	0.0015	train-00000-of-00008.parquet	000594
train-00002-of-00008.parquet	000511	0.0019	train-00000-of-00008.parquet	000583
train-00002-of-00008.parquet	000512	0.0000		
train-00002-of-00008.parquet	000513	0.0016	train-00000-of-00008.parquet	000066
train-00002-of-00008.parquet	000514	0.0018	train-00000-of-00008.parquet	000066
train-00002-of-00008.parquet	000515	0.0016	train-00000-of-00008.parquet	000000
train-00002-of-00008.parquet	000516	0.0027	train-00000-of-00008.parquet	000627
train-00002-of-00008.parquet	000517	0.0048	train-00000-of-00008.parquet	000539
train-00002-of-00008.parquet	000518	0.0000		
train-00002-of-00008.parquet	000519	0.0017	train-00000-of-00008.parquet	000539
train-00002-of-00008.parquet	000520	0.0000		
train-00002-of-00008.parquet	000521	0.0000		
train-00002-of-00008.parquet	000523	0.0000		
train-00002-of-00008.parquet	000524	0.0000		
train-00002-of-00008.parquet	000525	0.0030	train-00000-of-00008.parquet	000594
train-00002-of-00008.parquet	000526	0.0020	train-00000-of-00008.parquet	000539
train-00002-of-00008.parquet	000527	0.0013	train-00000-of-00008.parquet	000539
train-00002-of-00008.parquet	000528	0.0015	train-00000-of-00008.parquet	000638
train-00002-of-00008.parquet	000529	0.0047	train-00000-of-00008.parquet	000638
train-00002-of-00008.parquet	000530	0.0071	train-00000-of-00008.parquet	000638
train-00002-of-00008.parquet	000531	0.0037	train-00000-of-00008.parquet	000638
train-00002-of-00008.parquet	000532	0.0021	train-00000-of-00008.parquet	000638
train-00002-of-00008.parquet	000533	0.0000		
train-00002-of-00008.parquet	000534	0.0017	train-00000-of-00008.parquet	000000
train-00002-of-00008.parquet	000535	0.0020	train-00000-of-00008.parquet	000000
train-00002-of-00008.parquet	000536	0.0031	train-00000-of-00008.parquet	000539
train-00002-of-00008.parquet	000537	0.0019	train-00000-of-00008.parquet	000539
train-00002-of-00008.parquet	000538	0.0030	train-00000-of-00008.parquet	000539
train-00002-of-00008.parquet	000539	0.0015	train-00000-of-00008.parquet	000539
train-00002-of-00008.parquet	000540	0.0000		
train-00002-of-00008.parquet	000541	0.0000		
train-00002-of-00008.parquet	000542	0.0000		
train-00002-of-00008.parquet	000543	0.0015	train-00000-of-00008.parquet	000539
train-00002-of-00008.parquet	000544	0.0027	train-00000-of-00008.parquet	000550
train-00002-of-00008.parquet	000545	0.0015	train-00000-of-00008.parquet	000638
train-00002-of-00008.parquet	000546	0.0000		
train-00002-of-00008.parquet	000547	0.0075	train-00000-of-00008.parquet	000550
train-00002-of-00008.parquet	000548	0.0085	train-00000-of-00008.parquet	000550
train-00002-of-00008.parquet	000549	0.0030	train-00000-of-00008.parquet	000550
train-00002-of-00008.parquet	000550	0.0000		
train-00002-of-00008.parquet	000551	0.0033	train-00000-of-00008.parquet	000000
train-00002-of-00008.parquet	000552	0.0031	train-00000-of-00008.parquet	000066
train-00002-of-00008.parquet	000553	0.0000		
train-00002-of-00008.parquet	000554	0.0000		
train-00002-of-00008.parquet	000555	0.0041	train-00000-of-00008.parquet	000473
train-00002-of-00008.parquet	000556	0.0018	train-00000-of-00008.parquet	000539
train-00002-of-00008.parquet	000557	0.0015	train-00000-of-00008.parquet	000000
train-00002-of-00008.parquet	000558	0.0364	train-00000-of-00008.parquet	000627
train-00002-of-00008.parquet	000559	0.0021	train-00000-of-00008.parquet	000539
train-00002-of-00008.parquet	000560	0.0020	train-00000-of-00008.parquet	000539
train-00002-of-00008.parquet	000561	0.0026	train-00000-of-00008.parquet	000539
train-00002-of-00008.parquet	000562	0.0024	train-00000-of-00008.parquet	000539
train-00002-of-00008.parquet	000563	0.0023	train-00000-of-00008.parquet	000539
train-00002-of-00008.parquet	000564	0.0023	train-00000-of-00008.parquet	000539
train-00002-of-00008.parquet	000565	0.0025	train-00000-of-00008.parquet	000539
train-00002-of-00008.parquet	000566	0.0026	train-00000-of-00008.parquet	000638
train-00002-of-00008.parquet	000567	0.0025	train-00000-of-00008.parquet	000539
train-00002-of-00008.parquet	000568	0.0025	train-00000-of-00008.parquet	000539
train-00002-of-00008.parquet	000569	0.0000		
train-00002-of-00008.parquet	000570	0.0069	train-00000-of-00008.parquet	000385
train-00002-of-00008.parquet	000571	0.0016	train-00000-of-00008.parquet	000539
train-00002-of-00008.parquet	000572	0.0018	train-00000-of-00008.parquet	000539
train-00002-of-00008.parquet	000573	0.0041	train-00000-of-00008.parquet	000539
train-00002-of-00008.parquet	000574	0.0024	train-00000-of-00008.parquet	000539
train-00002-of-00008.parquet	000575	0.0032	train-00000-of-00008.parquet	000638
train-00002-of-00008.parquet	000576	0.0020	train-00000-of-00008.parquet	000539
train-00002-of-00008.parquet	000577	0.0000		
train-00002-of-00008.parquet	000578	0.0000		
train-00002-of-00008.parquet	000579	0.0043	train-00000-of-00008.parquet	000572
train-00002-of-00008.parquet	000580	0.0017	train-00000-of-00008.parquet	000440
train-00002-of-00008.parquet	000581	0.0052	train-00000-of-00008.parquet	000451
train-00002-of-00008.parquet	000582	0.0050	train-00000-of-00008.parquet	000451
train-00002-of-00008.parquet	000583	0.0036	train-00000-of-00008.parquet	000451
train-00002-of-00008.parquet	000584	0.0035	train-00000-of-00008.parquet	000440
train-00002-of-00008.parquet	000585	0.0026	train-00000-of-00008.parquet	000440
train-00002-of-00008.parquet	000586	0.0053	train-00000-of-00008.parquet	000627
train-00002-of-00008.parquet	000587	0.0000		
train-00002-of-00008.parquet	000588	0.0000		
train-00002-of-00008.parquet	000589	0.0000		
train-00002-of-00008.parquet	000590	0.0000		
train-00002-of-00008.parquet	000591	0.0000		
train-00002-of-00008.parquet	000592	0.0000		
train-00002-of-00008.parquet	000593	0.0047	train-00000-of-00008.parquet	000627
train-00002-of-00008.parquet	000594	0.0020	train-00000-of-00008.parquet	000638
train-00002-of-00008.parquet	000595	0.0000		
train-00002-of-00008.parquet	000596	0.0000		
train-00002-of-00008.parquet	000597	0.0049	train-00000-of-00008.parquet	000385
train-00002-of-00008.parquet	000598	0.0000		
train-00002-of-00008.parquet	000599	0.0000		
train-00002-of-00008.parquet	000600	0.0000		
train-00002-of-00008.parquet	000601	0.0000		
train-00002-of-00008.parquet	000602	0.0018	train-00000-of-00008.parquet	000539
train-00002-of-00008.parquet	000603	0.0034	train-00000-of-00008.parquet	000440
train-00002-of-00008.parquet	000604	0.0000		
train-00002-of-00008.parquet	000605	0.0000		
train-00002-of-00008.parquet	000607	0.0000		
train-00002-of-00008.parquet	000608	0.0019	train-00000-of-00008.parquet	000638
train-00002-of-00008.parquet	000609	0.0000		
train-00002-of-00008.parquet	000610	0.0000		
train-00002-of-00008.parquet	000611	0.0000		
train-00002-of-00008.parquet	000612	0.0000		
train-00002-of-00008.parquet	000613	0.0000		
train-00002-of-00008.parquet	000614	0.0000		
train-00002-of-00008.parquet	000615	0.0000		
train-00002-of-00008.parquet	000616	0.0020	train-00000-of-00008.parquet	000066
train-00002-of-00008.parquet	000617	0.0058	train-00000-of-00008.parquet	000594
train-00002-of-00008.parquet	000618	0.0000		
train-00002-of-00008.parquet	000619	0.0028	train-00000-of-00008.parquet	000627
train-00002-of-00008.parquet	000620	0.0014	train-00000-of-00008.parquet	000440
train-00002-of-00008.parquet	000621	0.0000		
train-00002-of-00008.parquet	000622	0.0000		
train-00002-of-00008.parquet	000623	0.0013	train-00000-of-00008.parquet	000627
train-00002-of-00008.parquet	000624	0.0000		
train-00002-of-00008.parquet	000625	0.0000		
train-00002-of-00008.parquet	000626	0.0000		
train-00002-of-00008.parquet	000627	0.0013	train-00000-of-00008.parquet	000539
train-00002-of-00008.parquet	000628	0.0000		
train-00002-of-00008.parquet	000629	0.0000		
train-00002-of-00008.parquet	000630	0.0000		
train-00002-of-00008.parquet	000631	0.0000		
train-00002-of-00008.parquet	000632	0.0000		
train-00002-of-00008.parquet	000633	0.0000		
train-00002-of-00008.parquet	000634	0.0000		
train-00002-of-00008.parquet	000635	0.0000		
train-00002-of-00008.parquet	000636	0.0000		
train-00002-of-00008.parquet	000637	0.0000		
train-00002-of-00008.parquet	000638	0.0000		
train-00002-of-00008.parquet	000639	0.0000		
train-00002-of-00008.parquet	000640	0.0016	train-00000-of-00008.parquet	000440
train-00002-of-00008.parquet	000641	0.0000		
train-00002-of-00008.parquet	000642	0.0000		
train-00002-of-00008.parquet	000643	0.0017	train-00000-of-00008.parquet	000440
train-00002-of-00008.parquet	000644	0.0016	train-00000-of-00008.parquet	000000
train-00002-of-00008.parquet	000645	0.0019	train-00000-of-00008.parquet	000583
train-00002-of-00008.parquet	000646	0.0000		
train-00002-of-00008.parquet	000647	0.0000		
train-00002-of-00008.parquet	000648	0.0015	train-00000-of-00008.parquet	000638
train-00002-of-00008.parquet	000649	0.0000		
train-00002-of-00008.parquet	000650	0.0013	train-00000-of-00008.parquet	000539
train-00002-of-00008.parquet	000651	0.0015	train-00000-of-00008.parquet	000638
train-00002-of-00008.parquet	000652	0.0000		
train-00002-of-00008.parquet	000653	0.0000		
train-00002-of-00008.parquet	000654	0.0000		
train-00002-of-00008.parquet	000655	0.0013	train-00000-of-00008.parquet	000539
train-00002-of-00008.parquet	000656	0.0175	train-00000-of-00008.parquet	000594
train-00002-of-00008.parquet	000657	0.0000		
train-00002-of-00008.parquet	000658	0.0013	train-00000-of-00008.parquet	000539
train-00002-of-00008.parquet	000659	0.0018	train-00000-of-00008.parquet	000638
train-00002-of-00008.parquet	000660	0.0000		
train-00002-of-00008.parquet	000661	0.0038	train-00000-of-00008.parquet	000539
train-00002-of-00008.parquet	000662	0.0000		
train-00002-of-00008.parquet	000663	0.0016	train-00000-of-00008.parquet	000594
train-00002-of-00008.parquet	000664	0.0047	train-00000-of-00008.parquet	000539
train-00002-of-00008.parquet	000665	0.0021	train-00000-of-00008.parquet	000550
train-00002-of-00008.parquet	000666	0.0019	train-00000-of-00008.parquet	000539
train-00002-of-00008.parquet	000667	0.0022	train-00000-of-00008.parquet	000539
train-00002-of-00008.parquet	000668	0.0044	train-00000-of-00008.parquet	000539
train-00002-of-00008.parquet	000669	0.0024	train-00000-of-00008.parquet	000539
train-00002-of-00008.parquet	000670	0.0039	train-00000-of-00008.parquet	000550
train-00002-of-00008.parquet	000671	0.0034	train-00000-of-00008.parquet	000385
train-00002-of-00008.parquet	000672	0.0036	train-00000-of-00008.parquet	000638
train-00002-of-00008.parquet	000673	0.0027	train-00000-of-00008.parquet	000638
train-00002-of-00008.parquet	000674	0.0016	train-00000-of-00008.parquet	000594
train-00002-of-00008.parquet	000675	0.0076	train-00000-of-00008.parquet	000594
train-00002-of-00008.parquet	000676	0.0000		
train-00002-of-00008.parquet	000677	0.0031	train-00000-of-00008.parquet	000000
train-00002-of-00008.parquet	000678	0.0000		
train-00002-of-00008.parquet	000679	0.0000		
train-00002-of-00008.parquet	000680	0.0018	train-00000-of-00008.parquet	000638
train-00002-of-00008.parquet	000681	0.0060	train-00000-of-00008.parquet	000539
train-00002-of-00008.parquet	000682	0.0000		
train-00002-of-00008.parquet	000683	0.0017	train-00000-of-00008.parquet	000594
train-00002-of-00008.parquet	000684	0.0000		
train-00002-of-00008.parquet	000685	0.0000		
train-00002-of-00008.parquet	000686	0.0017	train-00000-of-00008.parquet	000066
train-00002-of-00008.parquet	000687	0.0017	train-00000-of-00008.parquet	000066
train-00002-of-00008.parquet	000688	0.0030	train-00000-of-00008.parquet	000627
train-00002-of-00008.parquet	000689	0.0000		
train-00002-of-00008.parquet	000690	0.0048	train-00000-of-00008.parquet	000539
train-00002-of-00008.parquet	000691	0.0016	train-00000-of-00008.parquet	000539
train-00002-of-00008.parquet	000692	0.0018	train-00000-of-00008.parquet	000539
train-00002-of-00008.parquet	000693	0.0000		
train-00002-of-00008.parquet	000695	0.0000		
train-00002-of-00008.parquet	000696	0.0000		
train-00002-of-00008.parquet	000697	0.0030	train-00000-of-00008.parquet	000594
train-00002-of-00008.parquet	000698	0.0020	train-00000-of-00008.parquet	000539
train-00002-of-00008.parquet	000699	0.0013	train-00000-of-00008.parquet	000539
train-00002-of-00008.parquet	000700	0.0015	train-00000-of-00008.parquet	000638
train-00002-of-00008.parquet	000701	0.0047	train-00000-of-00008.parquet	000638
train-00002-of-00008.parquet	000702	0.0071	train-00000-of-00008.parquet	000638
train-00002-of-00008.parquet	000703	0.0037	train-00000-of-00008.parquet	000638
train-00002-of-00008.parquet	000704	0.0021	train-00000-of-00008.parquet	000638
train-00002-of-00008.parquet	000705	0.0000		
train-00002-of-00008.parquet	000706	0.0017	train-00000-of-00008.parquet	000000
train-00002-of-00008.parquet	000707	0.0020	train-00000-of-00008.parquet	000000
train-00002-of-00008.parquet	000708	0.0031	train-00000-of-00008.parquet	000539
train-00002-of-00008.parquet	000709	0.0019	train-00000-of-00008.parquet	000539
train-00002-of-00008.parquet	000710	0.0030	train-00000-of-00008.parquet	000539
train-00002-of-00008.parquet	000711	0.0015	train-00000-of-00008.parquet	000539
train-00002-of-00008.parquet	000712	0.0000		
train-00002-of-00008.parquet	000713	0.0000		
train-00002-of-00008.parquet	000714	0.0000		
train-00002-of-00008.parquet	000715	0.0015	train-00000-of-00008.parquet	000539
train-00002-of-00008.parquet	000716	0.0027	train-00000-of-00008.parquet	000550
train-00002-of-00008.parquet	000717	0.0015	train-00000-of-00008.parquet	000638
train-00002-of-00008.parquet	000718	0.0000		
train-00002-of-00008.parquet	000719	0.0075	train-00000-of-00008.parquet	000550
train-00002-of-00008.parquet	000720	0.0085	train-00000-of-00008.parquet	000550
train-00002-of-00008.parquet	000721	0.0030	train-00000-of-00008.parquet	000550
train-00002-of-00008.parquet	000722	0.0000		
train-00002-of-00008.parquet	000723	0.0033	train-00000-of-00008.parquet	000000
train-00002-of-00008.parquet	000724	0.0031	train-00000-of-00008.parquet	000066
train-00002-of-00008.parquet	000725	0.0000		
train-00002-of-00008.parquet	000726	0.0000		
train-00002-of-00008.parquet	000727	0.0037	train-00000-of-00008.parquet	000473
train-00002-of-00008.parquet	000728	0.0019	train-00000-of-00008.parquet	000539
train-00002-of-00008.parquet	000729	0.0014	train-00000-of-00008.parquet	000000
train-00002-of-00008.parquet	000730	0.0418	train-00000-of-00008.parquet	000627
train-00002-of-00008.parquet	000731	0.0021	train-00000-of-00008.parquet	000539
train-00002-of-00008.parquet	000732	0.0021	train-00000-of-00008.parquet	000539
train-00002-of-00008.parquet	000733	0.0026	train-00000-of-00008.parquet	000539
train-00002-of-00008.parquet	000734	0.0024	train-00000-of-00008.parquet	000539
train-00002-of-00008.parquet	000735	0.0023	train-00000-of-00008.parquet	000539
train-00002-of-00008.parquet	000736	0.0024	train-00000-of-00008.parquet	000539
train-00002-of-00008.parquet	000737	0.0026	train-00000-of-00008.parquet	000539
train-00002-of-00008.parquet	000738	0.0025	train-00000-of-00008.parquet	000638
train-00002-of-00008.parquet	000739	0.0026	train-00000-of-00008.parquet	000539
train-00002-of-00008.parquet	000740	0.0000		
train-00002-of-00008.parquet	000741	0.0000		
train-00002-of-00008.parquet	000742	0.0071	train-00000-of-00008.parquet	000385
train-00002-of-00008.parquet	000743	0.0016	train-00000-of-00008.parquet	000539
train-00002-of-00008.parquet	000744	0.0018	train-00000-of-00008.parquet	000539
train-00002-of-00008.parquet	000745	0.0043	train-00000-of-00008.parquet	000539
train-00002-of-00008.parquet	000746	0.0024	train-00000-of-00008.parquet	000539
train-00002-of-00008.parquet	000747	0.0032	train-00000-of-00008.parquet	000638
train-00002-of-00008.parquet	000748	0.0020	train-00000-of-00008.parquet	000539
train-00002-of-00008.parquet	000749	0.0000		
train-00002-of-00008.parquet	000750	0.0000		
train-00002-of-00008.parquet	000751	0.0043	train-00000-of-00008.parquet	000572
train-00002-of-00008.parquet	000752	0.0017	train-00000-of-00008.parquet	000440
train-00002-of-00008.parquet	000753	0.0052	train-00000-of-00008.parquet	000451
train-00002-of-00008.parquet	000754	0.0050	train-00000-of-00008.parquet	000451
train-00002-of-00008.parquet	000755	0.0036	train-00000-of-00008.parquet	000451
train-00002-of-00008.parquet	000756	0.0035	train-00000-of-00008.parquet	000440
train-00002-of-00008.parquet	000757	0.0026	train-00000-of-00008.parquet	000440
train-00002-of-00008.parquet	000758	0.0053	train-00000-of-00008.parquet	000627
train-00002-of-00008.parquet	000759	0.0000		
train-00002-of-00008.parquet	000760	0.0000		
train-00002-of-00008.parquet	000761	0.0000		
train-00002-of-00008.parquet	000762	0.0000		
train-00002-of-00008.parquet	000763	0.0000		
train-00002-of-00008.parquet	000764	0.0000		
train-00002-of-00008.parquet	000765	0.0048	train-00000-of-00008.parquet	000627
train-00002-of-00008.parquet	000766	0.0238	train-00000-of-00008.parquet	000473
train-00002-of-00008.parquet	000767	0.0306	train-00000-of-00008.parquet	000000
train-00002-of-00008.parquet	000768	0.0091	train-00000-of-00008.parquet	000000
train-00002-of-00008.parquet	000769	0.0155	train-00000-of-00008.parquet	000000
train-00002-of-00008.parquet	000770	0.0370	train-00000-of-00008.parquet	000000
train-00002-of-00008.parquet	000771	0.0238	train-00000-of-00008.parquet	000473
train-00002-of-00008.parquet	000772	0.0306	train-00000-of-00008.parquet	000000
train-00002-of-00008.parquet	000773	0.0222	train-00000-of-00008.parquet	000000
train-00002-of-00008.parquet	000774	0.0370	train-00000-of-00008.parquet	000000
train-00002-of-00008.parquet	000775	0.0223	train-00000-of-00008.parquet	000473
train-00002-of-00008.parquet	000776	0.0280	train-00000-of-00008.parquet	000000
train-00002-of-00008.parquet	000777	0.0000		
train-00002-of-00008.parquet	000778	0.0364	train-00000-of-00008.parquet	000000
train-00002-of-00008.parquet	000779	0.0223	train-00000-of-00008.parquet	000473
train-00002-of-00008.parquet	000780	0.0265	train-00000-of-00008.parquet	000000
train-00002-of-00008.parquet	000781	0.0000		
train-00002-of-00008.parquet	000782	0.0364	train-00000-of-00008.parquet	000000
train-00002-of-00008.parquet	000783	0.0172	train-00000-of-00008.parquet	000473
train-00002-of-00008.parquet	000784	0.0000		
train-00002-of-00008.parquet	000785	0.0000		
train-00002-of-00008.parquet	000786	0.0014	train-00000-of-00008.parquet	000539
train-00002-of-00008.parquet	000787	0.0000		
train-00002-of-00008.parquet	000788	0.0050	train-00000-of-00008.parquet	000473
train-00002-of-00008.parquet	000789	0.0056	train-00000-of-00008.parquet	000000
train-00002-of-00008.parquet	000790	0.0000		
train-00002-of-00008.parquet	000792	0.0303	train-00000-of-00008.parquet	000000
train-00002-of-00008.parquet	000793	0.0059	train-00000-of-00008.parquet	000473
train-00002-of-00008.parquet	000794	0.0000		
train-00002-of-00008.parquet	000795	0.0000		
train-00002-of-00008.parquet	000796	0.0000		
train-00002-of-00008.parquet	000797	0.0000		
train-00002-of-00008.parquet	000798	0.0000		
train-00002-of-00008.parquet	000799	0.0000		
train-00002-of-00008.parquet	000800	0.0000		
train-00002-of-00008.parquet	000801	0.0000		
train-00002-of-00008.parquet	000802	0.0000		
train-00002-of-00008.parquet	000803	0.0000		
train-00002-of-00008.parquet	000804	0.0000		
train-00002-of-00008.parquet	000805	0.0000		
train-00002-of-00008.parquet	000806	0.0000		
train-00002-of-00008.parquet	000807	0.0000		
train-00002-of-00008.parquet	000808	0.0000		
train-00002-of-00008.parquet	000809	0.0000		
train-00002-of-00008.parquet	000810	0.0000		
train-00002-of-00008.parquet	000811	0.0000		
train-00002-of-00008.parquet	000812	0.0000		
train-00002-of-00008.parquet	000813	0.0000		
train-00002-of-00008.parquet	000814	0.0000		
train-00002-of-00008.parquet	000815	0.0000		
train-00002-of-00008.parquet	000816	0.0000		
train-00002-of-00008.parquet	000817	0.0000		
train-00002-of-00008.parquet	000819	0.0741	train-00000-of-00008.parquet	000440
train-00002-of-00008.parquet	000820	0.0029	train-00000-of-00008.parquet	000440
train-00002-of-00008.parquet	000821	0.0286	train-00000-of-00008.parquet	000440
train-00002-of-00008.parquet	000822	0.0143	train-00000-of-00008.parquet	000440
train-00002-of-00008.parquet	000823	0.0141	train-00000-of-00008.parquet	000440
train-00002-of-00008.parquet	000824	0.0132	train-00000-of-00008.parquet	000440
train-00002-of-00008.parquet	000825	0.0290	train-00000-of-00008.parquet	000440
train-00002-of-00008.parquet	000826	0.0263	train-00000-of-00008.parquet	000440
train-00002-of-00008.parquet	000827	0.0228	train-00000-of-00008.parquet	000440
train-00002-of-00008.parquet	000828	0.0110	train-00000-of-00008.parquet	000440
train-00002-of-00008.parquet	000829	0.0212	train-00000-of-00008.parquet	000440
train-00002-of-00008.parquet	000830	0.0412	train-00000-of-00008.parquet	000473
train-00002-of-00008.parquet	000831	0.0000		
train-00002-of-00008.parquet	000832	0.0022	train-00000-of-00008.parquet	000440
train-00002-of-00008.parquet	000833	0.0000		
train-00002-of-00008.parquet	000834	0.0000		
train-00002-of-00008.parquet	000835	0.0000		
train-00002-of-00008.parquet	000836	0.0020	train-00000-of-00008.parquet	000440
train-00002-of-00008.parquet	000837	0.0049	train-00000-of-00008.parquet	000495
train-00002-of-00008.parquet	000838	0.0000		
train-00002-of-00008.parquet	000839	0.0000		
train-00002-of-00008.parquet	000840	0.0000		
train-00002-of-00008.parquet	000841	0.0000		
train-00002-of-00008.parquet	000842	0.0000		
train-00002-of-00008.parquet	000843	0.0029	train-00000-of-00008.parquet	000440
train-00002-of-00008.parquet	000844	0.0000		
train-00002-of-00008.parquet	000845	0.0025	train-00000-of-00008.parquet	000440
train-00002-of-00008.parquet	000846	0.0019	train-00000-of-00008.parquet	000539
train-00002-of-00008.parquet	000847	0.0000		
train-00002-of-00008.parquet	000848	0.0000		
train-00002-of-00008.parquet	000849	0.0000		
train-00002-of-00008.parquet	000850	0.0000		
train-00002-of-00008.parquet	000851	0.0000		
train-00002-of-00008.parquet	000852	0.0020	train-00000-of-00008.parquet	000583
train-00002-of-00008.parquet	000853	0.0042	train-00000-of-00008.parquet	000066
train-00002-of-00008.parquet	000854	0.0021	train-00000-of-00008.parquet	000066
train-00002-of-00008.parquet	000855	0.0000		
train-00002-of-00008.parquet	000856	0.0000		
train-00002-of-00008.parquet	000857	0.0022	train-00000-of-00008.parquet	000583
train-00002-of-00008.parquet	000858	0.0020	train-00000-of-00008.parquet	000066
train-00002-of-00008.parquet	000859	0.0020	train-00000-of-00008.parquet	000550
train-00002-of-00008.parquet	000860	0.0000		
train-00002-of-00008.parquet	000861	0.0000		
train-00002-of-00008.parquet	000862	0.0000		
train-00002-of-00008.parquet	000863	0.0031	train-00000-of-00008.parquet	000440
train-00002-of-00008.parquet	000864	0.0029	train-00000-of-00008.parquet	000451
train-00002-of-00008.parquet	000865	0.0022	train-00000-of-00008.parquet	000451
train-00002-of-00008.parquet	000866	0.0000		
train-00002-of-00008.parquet	000867	0.0054	train-00000-of-00008.parquet	000583
train-00002-of-00008.parquet	000868	0.0028	train-00000-of-00008.parquet	000583
train-00002-of-00008.parquet	000869	0.0000		
train-00002-of-00008.parquet	000870	0.0025	train-00000-of-00008.parquet	000627
train-00002-of-00008.parquet	000871	0.0000		
train-00002-of-00008.parquet	000872	0.0000		
train-00002-of-00008.parquet	000873	0.0000		
train-00002-of-00008.parquet	000874	0.0000		
train-00002-of-00008.parquet	000875	0.0047	train-00000-of-00008.parquet	000440
train-00002-of-00008.parquet	000876	0.0000		
train-00002-of-00008.parquet	000877	0.0000		
train-00002-of-00008.parquet	000878	0.0000		
train-00002-of-00008.parquet	000879	0.0000		
train-00002-of-00008.parquet	000880	0.0000		
train-00002-of-00008.parquet	000881	0.0000		
train-00002-of-00008.parquet	000882	0.0017	train-00000-of-00008.parquet	000495
train-00002-of-00008.parquet	000883	0.0000		
train-00002-of-00008.parquet	000884	0.0017	train-00000-of-00008.parquet	000495
train-00002-of-00008.parquet	000886	0.0000		
train-00002-of-00008.parquet	000887	0.0000		
train-00002-of-00008.parquet	000888	0.0000		
train-00002-of-00008.parquet	000889	0.0033	train-00000-of-00008.parquet	000583
train-00002-of-00008.parquet	000890	0.0000		
train-00002-of-00008.parquet	000891	0.0000		
train-00002-of-00008.parquet	000892	0.0024	train-00000-of-00008.parquet	000583
train-00002-of-00008.parquet	000893	0.0000		
train-00002-of-00008.parquet	000894	0.0000		
train-00002-of-00008.parquet	000895	0.0000		
train-00002-of-00008.parquet	000896	0.0000		
train-00002-of-00008.parquet	000897	0.0000		
train-00002-of-00008.parquet	000898	0.0000		
train-00002-of-00008.parquet	000899	0.0000		
train-00002-of-00008.parquet	000900	0.0000		
train-00002-of-00008.parquet	000901	0.0000		
train-00002-of-00008.parquet	000902	0.0020	train-00000-of-00008.parquet	000385
train-00002-of-00008.parquet	000903	0.0021	train-00000-of-00008.parquet	000440
train-00002-of-00008.parquet	000904	0.0021	train-00000-of-00008.parquet	000440
train-00002-of-00008.parquet	000905	0.0014	train-00000-of-00008.parquet	000539
train-00002-of-00008.parquet	000906	0.0000		
train-00002-of-00008.parquet	000907	0.0018	train-00000-of-00008.parquet	000440
train-00002-of-00008.parquet	000908	0.0000		
train-00002-of-00008.parquet	000909	0.0021	train-00000-of-00008.parquet	000440
train-00002-of-00008.parquet	000910	0.0000		
train-00002-of-00008.parquet	000911	0.0019	train-00000-of-00008.parquet	000440
train-00002-of-00008.parquet	000912	0.0029	train-00000-of-00008.parquet	000583
train-00002-of-00008.parquet	000913	0.0023	train-00000-of-00008.parquet	000583
train-00002-of-00008.parquet	000914	0.0000		
train-00002-of-00008.parquet	000915	0.0000		
train-00002-of-00008.parquet	000916	0.0000		
train-00002-of-00008.parquet	000917	0.0000		
train-00002-of-00008.parquet	000918	0.0000		
train-00002-of-00008.parquet	000919	0.0000		
train-00002-of-00008.parquet	000920	0.0000		
train-00002-of-00008.parquet	000921	0.0023	train-00000-of-00008.parquet	000583
train-00002-of-00008.parquet	000922	0.0000		
train-00002-of-00008.parquet	000923	0.0000		
train-00002-of-00008.parquet	000924	0.0000		
train-00002-of-00008.parquet	000925	0.0031	train-00000-of-00008.parquet	000583
train-00002-of-00008.parquet	000926	0.0000		
train-00002-of-00008.parquet	000927	0.0029	train-00000-of-00008.parquet	000440
train-00002-of-00008.parquet	000928	0.0000		
train-00002-of-00008.parquet	000929	0.0000		
train-00002-of-00008.parquet	000930	0.0019	train-00000-of-00008.parquet	000583
train-00002-of-00008.parquet	000931	0.0000		
train-00002-of-00008.parquet	000932	0.0022	train-00000-of-00008.parquet	000440
train-00002-of-00008.parquet	000933	0.0043	train-00000-of-00008.parquet	000583
train-00002-of-00008.parquet	000934	0.0000		
train-00002-of-00008.parquet	000935	0.0000		
train-00002-of-00008.parquet	000936	0.0000		
train-00002-of-00008.parquet	000938	0.0000		
train-00002-of-00008.parquet	000939	0.0000		
train-00002-of-00008.parquet	000940	0.0000		
train-00002-of-00008.parquet	000941	0.0000		
train-00002-of-00008.parquet	000942	0.0000		
train-00002-of-00008.parquet	000943	0.0023	train-00000-of-00008.parquet	000583
train-00002-of-00008.parquet	000944	0.0026	train-00000-of-00008.parquet	000583
train-00002-of-00008.parquet	000945	0.0032	train-00000-of-00008.parquet	000440
train-00002-of-00008.parquet	000946	0.0000		
train-00002-of-00008.parquet	000947	0.0000		
train-00002-of-00008.parquet	000948	0.0000		
train-00002-of-00008.parquet	000949	0.0000		
train-00002-of-00008.parquet	000950	0.0000		
train-00002-of-00008.parquet	000951	0.0028	train-00000-of-00008.parquet	000539
train-00002-of-00008.parquet	000952	0.0000		
train-00002-of-00008.parquet	000953	0.0194	train-00000-of-00008.parquet	000066
train-00002-of-00008.parquet	000955	0.0400	train-00000-of-00008.parquet	000000
train-00002-of-00008.parquet	000956	0.0000		
train-00002-of-00008.parquet	000957	0.0000		
train-00002-of-00008.parquet	000958	0.0000		
train-00002-of-00008.parquet	000959	0.0000		
train-00002-of-00008.parquet	000960	0.0000		
train-00002-of-00008.parquet	000961	0.0000		
train-00002-of-00008.parquet	000962	0.0000		
train-00002-of-00008.parquet	000963	0.0000		
train-00002-of-00008.parquet	000964	0.0034	train-00000-of-00008.parquet	000539
train-00002-of-00008.parquet	000965	0.0000		
train-00002-of-00008.parquet	000966	0.0024	train-00000-of-00008.parquet	000539
train-00002-of-00008.parquet	000967	0.0000		
train-00002-of-00008.parquet	000968	0.0024	train-00000-of-00008.parquet	000583
train-00002-of-00008.parquet	000969	0.0033	train-00000-of-00008.parquet	000539
train-00002-of-00008.parquet	000970	0.0028	train-00000-of-00008.parquet	000385
train-00002-of-00008.parquet	000971	0.0000		
train-00002-of-00008.parquet	000972	0.0000		
train-00002-of-00008.parquet	000973	0.0000		
train-00002-of-00008.parquet	000974	0.0000		
train-00002-of-00008.parquet	000975	0.0046	train-00000-of-00008.parquet	000000
train-00002-of-00008.parquet	000976	0.0024	train-00000-of-00008.parquet	000539
train-00002-of-00008.parquet	000977	0.0051	train-00000-of-00008.parquet	000000
train-00002-of-00008.parquet	000978	0.0000		
train-00002-of-00008.parquet	000979	0.0000		
train-00002-of-00008.parquet	000980	0.0000		
train-00002-of-00008.parquet	000981	0.0000		
train-00002-of-00008.parquet	000982	0.0000		
train-00002-of-00008.parquet	000983	0.0000		
train-00002-of-00008.parquet	000984	0.0000		
train-00002-of-00008.parquet	000985	0.0000		
train-00002-of-00008.parquet	000986	0.0000		
train-00002-of-00008.parquet	000987	0.0000		
train-00002-of-00008.parquet	000988	0.0000		
train-00002-of-00008.parquet	000989	0.0000		
train-00002-of-00008.parquet	000990	0.0311	train-00000-of-00008.parquet	000473
train-00002-of-00008.parquet	000991	0.0000		
train-00002-of-00008.parquet	000992	0.0339	train-00000-of-00008.parquet	000000
train-00002-of-00008.parquet	000994	0.0312	train-00000-of-00008.parquet	000473
train-00003-of-00008.parquet	000000	0.0000		
train-00003-of-00008.parquet	000001	0.0408	train-00000-of-00008.parquet	000000
train-00003-of-00008.parquet	000003	0.0309	train-00000-of-00008.parquet	000473
train-00003-of-00008.parquet	000004	0.0000		
train-00003-of-00008.parquet	000005	0.0339	train-00000-of-00008.parquet	000000
train-00003-of-00008.parquet	000007	0.0309	train-00000-of-00008.parquet	000473
train-00003-of-00008.parquet	000008	0.0000		
train-00003-of-00008.parquet	000009	0.0357	train-00000-of-00008.parquet	000000
train-00003-of-00008.parquet	000011	0.0000		
train-00003-of-00008.parquet	000012	0.0038	train-00000-of-00008.parquet	000583
train-00003-of-00008.parquet	000013	0.0000		
train-00003-of-00008.parquet	000014	0.0000		
train-00003-of-00008.parquet	000015	0.0000		
train-00003-of-00008.parquet	000016	0.0000		
train-00003-of-00008.parquet	000017	0.0000		
train-00003-of-00008.parquet	000018	0.0000		
train-00003-of-00008.parquet	000019	0.0000		
train-00003-of-00008.parquet	000020	0.0000		
train-00003-of-00008.parquet	000021	0.0000		
train-00003-of-00008.parquet	000022	0.0000		
train-00003-of-00008.parquet	000023	0.0000		
train-00003-of-00008.parquet	000024	0.0311	train-00000-of-00008.parquet	000473
train-00003-of-00008.parquet	000025	0.0000		
train-00003-of-00008.parquet	000026	0.0345	train-00000-of-00008.parquet	000000
train-00003-of-00008.parquet	000028	0.0262	train-00000-of-00008.parquet	000473
train-00003-of-00008.parquet	000029	0.0417	train-00000-of-00008.parquet	000000
train-00003-of-00008.parquet	000030	0.0000		
train-00003-of-00008.parquet	000031	0.0035	train-00000-of-00008.parquet	000583
train-00003-of-00008.parquet	000032	0.0000		
train-00003-of-00008.parquet	000033	0.0000		
train-00003-of-00008.parquet	000034	0.0000		
train-00003-of-00008.parquet	000035	0.0000		
train-00003-of-00008.parquet	000036	0.0000		
train-00003-of-00008.parquet	000037	0.0000		
train-00003-of-00008.parquet	000038	0.0000		
train-00003-of-00008.parquet	000040	0.0000		
train-00003-of-00008.parquet	000041	0.0000		
train-00003-of-00008.parquet	000042	0.0000		
train-00003-of-00008.parquet	000043	0.0046	train-00000-of-00008.parquet	000000
train-00003-of-00008.parquet	000044	0.0025	train-00000-of-00008.parquet	000539
train-00003-of-00008.parquet	000045	0.0042	train-00000-of-00008.parquet	000000
train-00003-of-00008.parquet	000047	0.0000		
train-00003-of-00008.parquet	000048	0.0000		
train-00003-of-00008.parquet	000049	0.0000		
train-00003-of-00008.parquet	000050	0.0000		
train-00003-of-00008.parquet	000051	0.0000		
train-00003-of-00008.parquet	000052	0.0000		
train-00003-of-00008.parquet	000053	0.0000		
train-00003-of-00008.parquet	000054	0.0000		
train-00003-of-00008.parquet	000055	0.0000		
train-00003-of-00008.parquet	000056	0.0000		
train-00003-of-00008.parquet	000057	0.0311	train-00000-of-00008.parquet	000473
train-00003-of-00008.parquet	000058	0.0000		
train-00003-of-00008.parquet	000059	0.0345	train-00000-of-00008.parquet	000000
train-00003-of-00008.parquet	000060	0.0311	train-00000-of-00008.parquet	000473
train-00003-of-00008.parquet	000061	0.0000		
train-00003-of-00008.parquet	000062	0.0408	train-00000-of-00008.parquet	000000
train-00003-of-00008.parquet	000064	0.0000		
train-00003-of-00008.parquet	000065	0.0046	train-00000-of-00008.parquet	000000
train-00003-of-00008.parquet	000066	0.0026	train-00000-of-00008.parquet	000539
train-00003-of-00008.parquet	000067	0.0042	train-00000-of-00008.parquet	000000
train-00003-of-00008.parquet	000069	0.0000		
train-00003-of-00008.parquet	000070	0.0000		
train-00003-of-00008.parquet	000071	0.0000		
train-00003-of-00008.parquet	000072	0.0000		
train-00003-of-00008.parquet	000073	0.0000		
train-00003-of-00008.parquet	000074	0.0000		
train-00003-of-00008.parquet	000075	0.0000		
train-00003-of-00008.parquet	000076	0.0000		
train-00003-of-00008.parquet	000077	0.0000		
train-00003-of-00008.parquet	000078	0.0000		
train-00003-of-00008.parquet	000079	0.0073	train-00000-of-00008.parquet	000550
train-00003-of-00008.parquet	000080	0.0000		
train-00003-of-00008.parquet	000081	0.0107	train-00000-of-00008.parquet	000000
train-00003-of-00008.parquet	000082	0.0000		
train-00003-of-00008.parquet	000083	0.0000		
train-00003-of-00008.parquet	000084	0.0000		
train-00003-of-00008.parquet	000085	0.0000		
train-00003-of-00008.parquet	000086	0.0000		
train-00003-of-00008.parquet	000087	0.0000		
train-00003-of-00008.parquet	000088	0.0000		
train-00003-of-00008.parquet	000089	0.0000		
train-00003-of-00008.parquet	000090	0.0105	train-00000-of-00008.parquet	000000
train-00003-of-00008.parquet	000091	0.0071	train-00000-of-00008.parquet	000473
train-00003-of-00008.parquet	000092	0.0000		
train-00003-of-00008.parquet	000093	0.2480	train-00000-of-00008.parquet	000473
train-00003-of-00008.parquet	000094	0.1333	train-00000-of-00008.parquet	000473
train-00003-of-00008.parquet	000095	0.1270	train-00000-of-00008.parquet	000473
train-00003-of-00008.parquet	000096	0.1322	train-00000-of-00008.parquet	000473
train-00003-of-00008.parquet	000097	0.0096	train-00000-of-00008.parquet	000473
train-00003-of-00008.parquet	000098	0.0037	train-00000-of-00008.parquet	000385
train-00003-of-00008.parquet	000099	0.0000		
train-00003-of-00008.parquet	000100	0.0000		
train-00003-of-00008.parquet	000101	0.0105	train-00000-of-00008.parquet	000000
train-00003-of-00008.parquet	000102	0.0013	train-00000-of-00008.parquet	000462
train-00003-of-00008.parquet	000103	0.0042	train-00000-of-00008.parquet	000627
train-00003-of-00008.parquet	000104	0.0157	train-00000-of-00008.parquet	000627
train-00003-of-00008.parquet	000105	0.0014	train-00000-of-00008.parquet	000594
train-00003-of-00008.parquet	000106	0.0000		
train-00003-of-00008.parquet	000107	0.0217	train-00000-of-00008.parquet	000627
train-00003-of-00008.parquet	000108	0.0115	train-00000-of-00008.parquet	000627
train-00003-of-00008.parquet	000109	0.0000		
train-00003-of-00008.parquet	000110	0.0014	train-00000-of-00008.parquet	000638
train-00003-of-00008.parquet	000111	0.0015	train-00000-of-00008.parquet	000539
train-00003-of-00008.parquet	000112	0.0013	train-00000-of-00008.parquet	000594
train-00003-of-00008.parquet	000113	0.0017	train-00000-of-00008.parquet	000066
train-00003-of-00008.parquet	000114	0.0000		
train-00003-of-00008.parquet	000115	0.0028	train-00000-of-00008.parquet	000660
train-00003-of-00008.parquet	000116	0.0000		
train-00003-of-00008.parquet	000117	0.0036	train-00000-of-00008.parquet	000627
train-00003-of-00008.parquet	000118	0.0140	train-00000-of-00008.parquet	000627
train-00003-of-00008.parquet	000119	0.0448	train-00000-of-00008.parquet	000627
train-00003-of-00008.parquet	000120	0.0076	train-00000-of-00008.parquet	000627
train-00003-of-00008.parquet	000121	0.0058	train-00000-of-00008.parquet	000440
train-00003-of-00008.parquet	000122	0.2258	train-00000-of-00008.parquet	000594
train-00003-of-00008.parquet	000123	0.0000		
train-00003-of-00008.parquet	000124	0.0018	train-00000-of-00008.parquet	000440
train-00003-of-00008.parquet	000125	0.0082	train-00000-of-00008.parquet	000638
train-00003-of-00008.parquet	000126	0.0100	train-00000-of-00008.parquet	000594
train-00003-of-00008.parquet	000127	0.0057	train-00000-of-00008.parquet	000539
train-00003-of-00008.parquet	000128	0.0023	train-00000-of-00008.parquet	000539
train-00003-of-00008.parquet	000129	0.0037	train-00000-of-00008.parquet	000539
train-00003-of-00008.parquet	000130	0.0000		
train-00003-of-00008.parquet	000131	0.0022	train-00000-of-00008.parquet	000583
train-00003-of-00008.parquet	000132	0.0000		
train-00003-of-00008.parquet	000133	0.0000		
train-00003-of-00008.parquet	000134	0.0000		
train-00003-of-00008.parquet	000136	0.0099	train-00000-of-00008.parquet	000000
train-00003-of-00008.parquet	000137	0.0112	train-00000-of-00008.parquet	000000
train-00003-of-00008.parquet	000138	0.0395	train-00000-of-00008.parquet	000473
train-00003-of-00008.parquet	000139	0.0000		
train-00003-of-00008.parquet	000140	0.0000		
train-00003-of-00008.parquet	000141	0.0000		
train-00003-of-00008.parquet	000142	0.0000		
train-00003-of-00008.parquet	000143	0.0244	train-00000-of-00008.parquet	000627
train-00003-of-00008.parquet	000144	0.0000		
train-00003-of-00008.parquet	000145	0.0000		
train-00003-of-00008.parquet	000146	0.0000		
train-00003-of-00008.parquet	000147	0.0244	train-00000-of-00008.parquet	000627
train-00003-of-00008.parquet	000148	0.0323	train-00000-of-00008.parquet	000473
train-00003-of-00008.parquet	000149	0.0013	train-00000-of-00008.parquet	000385
train-00003-of-00008.parquet	000150	0.0017	train-00000-of-00008.parquet	000462
train-00003-of-00008.parquet	000151	0.0020	train-00000-of-00008.parquet	000594
train-00003-of-00008.parquet	000152	0.0351	train-00000-of-00008.parquet	000000
train-00003-of-00008.parquet	000153	0.0395	train-00000-of-00008.parquet	000473
train-00003-of-00008.parquet	000154	0.0000		
train-00003-of-00008.parquet	000155	0.0000		
train-00003-of-00008.parquet	000156	0.0042	train-00000-of-00008.parquet	000660
train-00003-of-00008.parquet	000157	0.0000		
train-00003-of-00008.parquet	000158	0.0636	train-00000-of-00008.parquet	000627
train-00003-of-00008.parquet	000159	0.0000		
train-00003-of-00008.parquet	000160	0.0042	train-00000-of-00008.parquet	000660
train-00003-of-00008.parquet	000161	0.0000		
train-00003-of-00008.parquet	000162	0.0636	train-00000-of-00008.parquet	000627
train-00003-of-00008.parquet	000163	0.0000		
train-00003-of-00008.parquet	000164	0.0000		
train-00003-of-00008.parquet	000165	0.0000		
train-00003-of-00008.parquet	000166	0.0505	train-00000-of-00008.parquet	000627
train-00003-of-00008.parquet	000167	0.0395	train-00000-of-00008.parquet	000473
train-00003-of-00008.parquet	000168	0.0000		
train-00003-of-00008.parquet	000169	0.0000		
train-00003-of-00008.parquet	000170	0.0000		
train-00003-of-00008.parquet	000171	0.0000		
train-00003-of-00008.parquet	000172	0.0505	train-00000-of-00008.parquet	000627
train-00003-of-00008.parquet	000173	0.0000		
train-00003-of-00008.parquet	000174	0.0000		
train-00003-of-00008.parquet	000175	0.0395	train-00000-of-00008.parquet	000473
train-00003-of-00008.parquet	000176	0.0000		
train-00003-of-00008.parquet	000177	0.0000		
train-00003-of-00008.parquet	000178	0.0000		
train-00003-of-00008.parquet	000179	0.0016	train-00000-of-00008.parquet	000660
train-00003-of-00008.parquet	000180	0.0000		
train-00003-of-00008.parquet	000181	0.0240	train-00000-of-00008.parquet	000627
train-00003-of-00008.parquet	000182	0.0023	train-00000-of-00008.parquet	000011
train-00003-of-00008.parquet	000183	0.0045	train-00000-of-00008.parquet	000385
train-00003-of-00008.parquet	000184	0.0000		
train-00003-of-00008.parquet	000185	0.0000		
train-00003-of-00008.parquet	000186	0.0016	train-00000-of-00008.parquet	000660
train-00003-of-00008.parquet	000187	0.0000		
train-00003-of-00008.parquet	000188	0.0240	train-00000-of-00008.parquet	000627
train-00003-of-00008.parquet	000189	0.0023	train-00000-of-00008.parquet	000011
train-00003-of-00008.parquet	000190	0.0045	train-00000-of-00008.parquet	000385
train-00003-of-00008.parquet	000191	0.0135	train-00000-of-00008.parquet	000000
train-00003-of-00008.parquet	000192	0.0000		
train-00003-of-00008.parquet	000193	0.0392	train-00000-of-00008.parquet	000000
train-00003-of-00008.parquet	000195	0.0563	train-00000-of-00008.parquet	000473
train-00003-of-00008.parquet	000196	0.0028	train-00000-of-00008.parquet	000583
train-00003-of-00008.parquet	000197	0.0000		
train-00003-of-00008.parquet	000198	0.0052	train-00000-of-00008.parquet	000638
train-00003-of-00008.parquet	000199	0.0050	train-00000-of-00008.parquet	000660
train-00003-of-00008.parquet	000200	0.0000		
train-00003-of-00008.parquet	000201	0.0029	train-00000-of-00008.parquet	000638
train-00003-of-00008.parquet	000202	0.0061	train-00000-of-00008.parquet	000638
train-00003-of-00008.parquet	000203	0.0012	train-00000-of-00008.parquet	000660
train-00003-of-00008.parquet	000204	0.0000		
train-00003-of-00008.parquet	000205	0.0000		
train-00003-of-00008.parquet	000206	0.0012	train-00000-of-00008.parquet	000462
train-00003-of-00008.parquet	000207	0.0010	train-00000-of-00008.parquet	000539
train-00003-of-00008.parquet	000208	0.0033	train-00000-of-00008.parquet	000462
train-00003-of-00008.parquet	000209	0.0032	train-00000-of-00008.parquet	000385
train-00003-of-00008.parquet	000210	0.0000		
train-00003-of-00008.parquet	000211	0.0024	train-00000-of-00008.parquet	000000
train-00003-of-00008.parquet	000212	0.0052	train-00000-of-00008.parquet	000638
train-00003-of-00008.parquet	000213	0.0000		
train-00003-of-00008.parquet	000214	0.0024	train-00000-of-00008.parquet	000539
train-00003-of-00008.parquet	000215	0.0030	train-00000-of-00008.parquet	000594
train-00003-of-00008.parquet	000216	0.0000		
train-00003-of-00008.parquet	000217	0.0000		
train-00003-of-00008.parquet	000218	0.0000		
train-00003-of-00008.parquet	000219	0.0000		
train-00003-of-00008.parquet	000220	0.0000		
train-00003-of-00008.parquet	000221	0.0000		
train-00003-of-00008.parquet	000222	0.0021	train-00000-of-00008.parquet	000572
train-00003-of-00008.parquet	000223	0.0046	train-00000-of-00008.parquet	000572
train-00003-of-00008.parquet	000224	0.0000		
train-00003-of-00008.parquet	000225	0.0000		
train-00003-of-00008.parquet	000226	0.0135	train-00000-of-00008.parquet	000000
train-00003-of-00008.parquet	000227	0.0000		
train-00003-of-00008.parquet	000228	0.0417	train-00000-of-00008.parquet	000000
train-00003-of-00008.parquet	000230	0.0000		
train-00003-of-00008.parquet	000231	0.0153	train-00000-of-00008.parquet	000627
train-00003-of-00008.parquet	000232	0.0035	train-00000-of-00008.parquet	000000
train-00003-of-00008.parquet	000233	0.0559	train-00000-of-00008.parquet	000473
train-00003-of-00008.parquet	000234	0.0028	train-00000-of-00008.parquet	000583
train-00003-of-00008.parquet	000235	0.0000		
train-00003-of-00008.parquet	000236	0.0052	train-00000-of-00008.parquet	000638
train-00003-of-00008.parquet	000237	0.0054	train-00000-of-00008.parquet	000660
train-00003-of-00008.parquet	000238	0.0000		
train-00003-of-00008.parquet	000239	0.0028	train-00000-of-00008.parquet	000638
train-00003-of-00008.parquet	000240	0.0051	train-00000-of-00008.parquet	000638
train-00003-of-00008.parquet	000241	0.0012	train-00000-of-00008.parquet	000660
train-00003-of-00008.parquet	000242	0.0000		
train-00003-of-00008.parquet	000243	0.0000		
train-00003-of-00008.parquet	000244	0.0012	train-00000-of-00008.parquet	000462
train-00003-of-00008.parquet	000245	0.0007	train-00000-of-00008.parquet	000539
train-00003-of-00008.parquet	000246	0.0000		
train-00003-of-00008.parquet	000247	0.0032	train-00000-of-00008.parquet	000462
train-00003-of-00008.parquet	000248	0.0030	train-00000-of-00008.parquet	000385
train-00003-of-00008.parquet	000249	0.0000		
train-00003-of-00008.parquet	000250	0.0017	train-00000-of-00008.parquet	000638
train-00003-of-00008.parquet	000251	0.0060	train-00000-of-00008.parquet	000638
train-00003-of-00008.parquet	000252	0.0000		
train-00003-of-00008.parquet	000253	0.0024	train-00000-of-00008.parquet	000539
train-00003-of-00008.parquet	000254	0.0030	train-00000-of-00008.parquet	000594
train-00003-of-00008.parquet	000255	0.0000		
train-00003-of-00008.parquet	000256	0.0000		
train-00003-of-00008.parquet	000257	0.0000		
train-00003-of-00008.parquet	000258	0.0000		
train-00003-of-00008.parquet	000259	0.0000		
train-00003-of-00008.parquet	000260	0.0000		
train-00003-of-00008.parquet	000261	0.0020	train-00000-of-00008.parquet	000572
train-00003-of-00008.parquet	000262	0.0044	train-00000-of-00008.parquet	000572
train-00003-of-00008.parquet	000263	0.0559	train-00000-of-00008.parquet	000473
train-00003-of-00008.parquet	000264	0.0028	train-00000-of-00008.parquet	000583
train-00003-of-00008.parquet	000265	0.0000		
train-00003-of-00008.parquet	000266	0.0052	train-00000-of-00008.parquet	000638
train-00003-of-00008.parquet	000267	0.0054	train-00000-of-00008.parquet	000660
train-00003-of-00008.parquet	000268	0.0000		
train-00003-of-00008.parquet	000269	0.0028	train-00000-of-00008.parquet	000638
train-00003-of-00008.parquet	000270	0.0051	train-00000-of-00008.parquet	000638
train-00003-of-00008.parquet	000271	0.0012	train-00000-of-00008.parquet	000660
train-00003-of-00008.parquet	000272	0.0000		
train-00003-of-00008.parquet	000273	0.0000		
train-00003-of-00008.parquet	000274	0.0012	train-00000-of-00008.parquet	000462
train-00003-of-00008.parquet	000275	0.0008	train-00000-of-00008.parquet	000539
train-00003-of-00008.parquet	000276	0.0000		
train-00003-of-00008.parquet	000277	0.0032	train-00000-of-00008.parquet	000462
train-00003-of-00008.parquet	000278	0.0030	train-00000-of-00008.parquet	000385
train-00003-of-00008.parquet	000279	0.0000		
train-00003-of-00008.parquet	000280	0.0014	train-00000-of-00008.parquet	000638
train-00003-of-00008.parquet	000281	0.0060	train-00000-of-00008.parquet	000638
train-00003-of-00008.parquet	000282	0.0000		
train-00003-of-00008.parquet	000283	0.0024	train-00000-of-00008.parquet	000539
train-00003-of-00008.parquet	000284	0.0030	train-00000-of-00008.parquet	000594
train-00003-of-00008.parquet	000285	0.0000		
train-00003-of-00008.parquet	000286	0.0000		
train-00003-of-00008.parquet	000287	0.0000		
train-00003-of-00008.parquet	000288	0.0000		
train-00003-of-00008.parquet	000289	0.0000		
train-00003-of-00008.parquet	000290	0.0000		
train-00003-of-00008.parquet	000291	0.0020	train-00000-of-00008.parquet	000572
train-00003-of-00008.parquet	000292	0.0044	train-00000-of-00008.parquet	000572
train-00003-of-00008.parquet	000293	0.0446	train-00000-of-00008.parquet	000473
train-00003-of-00008.parquet	000294	0.0027	train-00000-of-00008.parquet	000583
train-00003-of-00008.parquet	000295	0.0000		
train-00003-of-00008.parquet	000296	0.0053	train-00000-of-00008.parquet	000638
train-00003-of-00008.parquet	000297	0.0054	train-00000-of-00008.parquet	000660
train-00003-of-00008.parquet	000298	0.0000		
train-00003-of-00008.parquet	000299	0.0028	train-00000-of-00008.parquet	000638
train-00003-of-00008.parquet	000300	0.0051	train-00000-of-00008.parquet	000638
train-00003-of-00008.parquet	000301	0.0012	train-00000-of-00008.parquet	000660
train-00003-of-00008.parquet	000302	0.0000		
train-00003-of-00008.parquet	000303	0.0000		
train-00003-of-00008.parquet	000304	0.0012	train-00000-of-00008.parquet	000462
train-00003-of-00008.parquet	000305	0.0008	train-00000-of-00008.parquet	000539
train-00003-of-00008.parquet	000306	0.0000		
train-00003-of-00008.parquet	000307	0.0032	train-00000-of-00008.parquet	000462
train-00003-of-00008.parquet	000308	0.0030	train-00000-of-00008.parquet	000385
train-00003-of-00008.parquet	000309	0.0000		
train-00003-of-00008.parquet	000310	0.0014	train-00000-of-00008.parquet	000638
train-00003-of-00008.parquet	000311	0.0060	train-00000-of-00008.parquet	000638
train-00003-of-00008.parquet	000312	0.0000		
train-00003-of-00008.parquet	000313	0.0024	train-00000-of-00008.parquet	000539
train-00003-of-00008.parquet	000314	0.0030	train-00000-of-00008.parquet	000594
train-00003-of-00008.parquet	000315	0.0000		
train-00003-of-00008.parquet	000316	0.0000		
train-00003-of-00008.parquet	000317	0.0000		
train-00003-of-00008.parquet	000318	0.0000		
train-00003-of-00008.parquet	000319	0.0000		
train-00003-of-00008.parquet	000320	0.0000		
train-00003-of-00008.parquet	000321	0.0020	train-00000-of-00008.parquet	000572
train-00003-of-00008.parquet	000322	0.0044	train-00000-of-00008.parquet	000572
train-00003-of-00008.parquet	000323	0.0135	train-00000-of-00008.parquet	000000
train-00003-of-00008.parquet	000324	0.0000		
train-00003-of-00008.parquet	000325	0.0417	train-00000-of-00008.parquet	000000
train-00003-of-00008.parquet	000327	0.0000		
train-00003-of-00008.parquet	000328	0.0074	train-00000-of-00008.parquet	000627
train-00003-of-00008.parquet	000330	0.0446	train-00000-of-00008.parquet	000473
train-00003-of-00008.parquet	000331	0.0000		
train-00003-of-00008.parquet	000332	0.0530	train-00000-of-00008.parquet	000473
train-00003-of-00008.parquet	000333	0.0000		
train-00003-of-00008.parquet	000334	0.0000		
train-00003-of-00008.parquet	000335	0.0053	train-00000-of-00008.parquet	000594
train-00003-of-00008.parquet	000336	0.0055	train-00000-of-00008.parquet	000627
train-00003-of-00008.parquet	000337	0.0034	train-00000-of-00008.parquet	000000
train-00003-of-00008.parquet	000338	0.0000		
train-00003-of-00008.parquet	000339	0.0000		
train-00003-of-00008.parquet	000340	0.0087	train-00000-of-00008.parquet	000550
train-00003-of-00008.parquet	000341	0.0116	train-00000-of-00008.parquet	000000
train-00003-of-00008.parquet	000342	0.0000		
train-00003-of-00008.parquet	000343	0.0938	train-00000-of-00008.parquet	000473
train-00003-of-00008.parquet	000344	0.0226	train-00000-of-00008.parquet	000473
train-00003-of-00008.parquet	000345	0.0256	train-00000-of-00008.parquet	000000
train-00003-of-00008.parquet	000346	0.0112	train-00000-of-00008.parquet	000000
train-00003-of-00008.parquet	000347	0.0100	train-00000-of-00008.parquet	000000
train-00003-of-00008.parquet	000348	0.0098	train-00000-of-00008.parquet	000000
train-00003-of-00008.parquet	000349	0.0099	train-00000-of-00008.parquet	000000
train-00003-of-00008.parquet	000350	0.0100	train-00000-of-00008.parquet	000000
train-00003-of-00008.parquet	000351	0.0042	train-00000-of-00008.parquet	000385
train-00003-of-00008.parquet	000352	0.0043	train-00000-of-00008.parquet	000385
train-00003-of-00008.parquet	000353	0.0020	train-00000-of-00008.parquet	000385
train-00003-of-00008.parquet	000354	0.0000		
train-00003-of-00008.parquet	000355	0.0000		
train-00003-of-00008.parquet	000356	0.0166	train-00000-of-00008.parquet	000473
train-00003-of-00008.parquet	000357	0.0024	train-00000-of-00008.parquet	000385
train-00003-of-00008.parquet	000358	0.0025	train-00000-of-00008.parquet	000396
train-00003-of-00008.parquet	000359	0.0020	train-00000-of-00008.parquet	000396
train-00003-of-00008.parquet	000360	0.0000		
train-00003-of-00008.parquet	000361	0.0136	train-00000-of-00008.parquet	000407
train-00003-of-00008.parquet	000362	0.0042	train-00000-of-00008.parquet	000066
train-00003-of-00008.parquet	000363	0.0076	train-00000-of-00008.parquet	000396
train-00003-of-00008.parquet	000364	0.0049	train-00000-of-00008.parquet	000385
train-00003-of-00008.parquet	000365	0.0000		
train-00003-of-00008.parquet	000368	0.0033	train-00000-of-00008.parquet	000440
train-00003-of-00008.parquet	000369	0.0429	train-00000-of-00008.parquet	000440
train-00003-of-00008.parquet	000370	0.0011	train-00000-of-00008.parquet	000451
train-00003-of-00008.parquet	000371	0.0052	train-00000-of-00008.parquet	000440
train-00003-of-00008.parquet	000372	0.0027	train-00000-of-00008.parquet	000539
train-00003-of-00008.parquet	000373	0.0868	train-00000-of-00008.parquet	000440
train-00003-of-00008.parquet	000374	0.0023	train-00000-of-00008.parquet	000451
train-00003-of-00008.parquet	000376	0.0213	train-00000-of-00008.parquet	000473
train-00003-of-00008.parquet	000377	0.0000		
train-00003-of-00008.parquet	000378	0.0000		
train-00003-of-00008.parquet	000379	0.0000		
train-00003-of-00008.parquet	000380	0.0250	train-00000-of-00008.parquet	000440
train-00003-of-00008.parquet	000381	0.0000		
train-00003-of-00008.parquet	000382	0.0000		
train-00003-of-00008.parquet	000383	0.0000		
train-00003-of-00008.parquet	000384	0.0051	train-00000-of-00008.parquet	000000
train-00003-of-00008.parquet	000385	0.0000		
train-00003-of-00008.parquet	000386	0.0000		
train-00003-of-00008.parquet	000387	0.0000		
train-00003-of-00008.parquet	000388	0.0000		
train-00003-of-00008.parquet	000389	0.0000		
train-00003-of-00008.parquet	000390	0.0208	train-00000-of-00008.parquet	000473
train-00003-of-00008.parquet	000391	0.0000		
train-00003-of-00008.parquet	000392	0.0811	train-00000-of-00008.parquet	000473
train-00003-of-00008.parquet	000393	0.0229	train-00000-of-00008.parquet	000440
train-00003-of-00008.parquet	000394	0.0032	train-00000-of-00008.parquet	000451
train-00003-of-00008.parquet	000395	0.0023	train-00000-of-00008.parquet	000451
train-00003-of-00008.parquet	000396	0.0019	train-00000-of-00008.parquet	000451
train-00003-of-00008.parquet	000397	0.0030	train-00000-of-00008.parquet	000451
train-00003-of-00008.parquet	000398	0.0042	train-00000-of-00008.parquet	000451
train-00003-of-00008.parquet	000399	0.0027	train-00000-of-00008.parquet	000451
train-00003-of-00008.parquet	000400	0.0035	train-00000-of-00008.parquet	000451
train-00003-of-00008.parquet	000401	0.0053	train-00000-of-00008.parquet	000473
train-00003-of-00008.parquet	000402	0.0000		
train-00003-of-00008.parquet	000403	0.0000		
train-00003-of-00008.parquet	000404	0.0000		
train-00003-of-00008.parquet	000405	0.0000		
train-00003-of-00008.parquet	000406	0.0000		
train-00003-of-00008.parquet	000407	0.0000		
train-00003-of-00008.parquet	000408	0.0000		
train-00003-of-00008.parquet	000409	0.0000		
train-00003-of-00008.parquet	000410	0.0000		
train-00003-of-00008.parquet	000411	0.0000		
train-00003-of-00008.parquet	000412	0.2480	train-00000-of-00008.parquet	000473
train-00003-of-00008.parquet	000413	0.0032	train-00000-of-00008.parquet	000385
train-00003-of-00008.parquet	000414	0.0000		
train-00003-of-00008.parquet	000415	0.0638	train-00000-of-00008.parquet	000473
train-00003-of-00008.parquet	000416	0.0000		
train-00003-of-00008.parquet	000417	0.0435	train-00000-of-00008.parquet	000000
train-00003-of-00008.parquet	000419	0.0625	train-00000-of-00008.parquet	000473
train-00003-of-00008.parquet	000420	0.0000		
train-00003-of-00008.parquet	000421	0.0426	train-00000-of-00008.parquet	000000
train-00003-of-00008.parquet	000423	0.0632	train-00000-of-00008.parquet	000473
train-00003-of-00008.parquet	000424	0.0411	train-00000-of-00008.parquet	000011
train-00003-of-00008.parquet	000425	0.0426	train-00000-of-00008.parquet	000000
train-00003-of-00008.parquet	000427	0.0108	train-00000-of-00008.parquet	000000
train-00003-of-00008.parquet	000428	0.0110	train-00000-of-00008.parquet	000000
train-00003-of-00008.parquet	000429	0.0000		
train-00003-of-00008.parquet	000430	0.0077	train-00000-of-00008.parquet	000000
train-00003-of-00008.parquet	000431	0.0000		
train-00003-of-00008.parquet	000432	0.0000		
train-00003-of-00008.parquet	000433	0.0000		
train-00003-of-00008.parquet	000434	0.0000		
train-00003-of-00008.parquet	000435	0.0000		
train-00003-of-00008.parquet	000436	0.0000		
train-00003-of-00008.parquet	000437	0.0000		
train-00003-of-00008.parquet	000438	0.0110	train-00000-of-00008.parquet	000627
train-00003-of-00008.parquet	000439	0.0029	train-00000-of-00008.parquet	000495
train-00003-of-00008.parquet	000440	0.0000		
train-00003-of-00008.parquet	000441	0.0000		
train-00003-of-00008.parquet	000442	0.0000		
train-00003-of-00008.parquet	000443	0.0000		
train-00003-of-00008.parquet	000444	0.0000		
train-00003-of-00008.parquet	000445	0.0000		
train-00003-of-00008.parquet	000446	0.0000		
train-00003-of-00008.parquet	000447	0.0021	train-00000-of-00008.parquet	000627
train-00003-of-00008.parquet	000449	0.0075	train-00000-of-00008.parquet	000000
train-00003-of-00008.parquet	000450	0.0111	train-00000-of-00008.parquet	000000
train-00003-of-00008.parquet	000451	0.0107	train-00000-of-00008.parquet	000000
train-00003-of-00008.parquet	000452	0.0101	train-00000-of-00008.parquet	000000
train-00003-of-00008.parquet	000453	0.0103	train-00000-of-00008.parquet	000000
train-00003-of-00008.parquet	000454	0.0096	train-00000-of-00008.parquet	000000
train-00003-of-00008.parquet	000471	0.0209	train-00000-of-00008.parquet	000473
train-00003-of-00008.parquet	000472	0.0000		
train-00003-of-00008.parquet	000473	0.0024	train-00000-of-00008.parquet	000396
train-00003-of-00008.parquet	000474	0.0024	train-00000-of-00008.parquet	000396
train-00003-of-00008.parquet	000475	0.0123	train-00000-of-00008.parquet	000407
train-00003-of-00008.parquet	000476	0.0033	train-00000-of-00008.parquet	000066
train-00003-of-00008.parquet	000477	0.0038	train-00000-of-00008.parquet	000066
train-00003-of-00008.parquet	000478	0.0073	train-00000-of-00008.parquet	000396
train-00003-of-00008.parquet	000479	0.0062	train-00000-of-00008.parquet	000385
train-00003-of-00008.parquet	000480	0.0121	train-00000-of-00008.parquet	000473
train-00003-of-00008.parquet	000481	0.0000		
train-00003-of-00008.parquet	000482	0.4000	train-00000-of-00008.parquet	000429
train-00003-of-00008.parquet	000483	0.0106	train-00000-of-00008.parquet	000000
train-00003-of-00008.parquet	000484	0.0108	train-00000-of-00008.parquet	000000
train-00003-of-00008.parquet	000485	0.0092	train-00000-of-00008.parquet	000000
train-00003-of-00008.parquet	000486	0.0101	train-00000-of-00008.parquet	000000
train-00003-of-00008.parquet	000487	0.2520	train-00000-of-00008.parquet	000473
train-00003-of-00008.parquet	000488	0.1391	train-00000-of-00008.parquet	000473
train-00003-of-00008.parquet	000489	0.0714	train-00000-of-00008.parquet	000473
train-00003-of-00008.parquet	000490	0.0037	train-00000-of-00008.parquet	000385
train-00003-of-00008.parquet	000491	0.0031	train-00000-of-00008.parquet	000539
train-00003-of-00008.parquet	000492	0.0107	train-00000-of-00008.parquet	000000
train-00003-of-00008.parquet	000493	0.0596	train-00000-of-00008.parquet	000000
train-00003-of-00008.parquet	000494	0.0096	train-00000-of-00008.parquet	000473
train-00003-of-00008.parquet	000495	0.0066	train-00000-of-00008.parquet	000473
train-00003-of-00008.parquet	000496	0.0000		
train-00003-of-00008.parquet	000497	0.0000		
train-00003-of-00008.parquet	000498	0.0092	train-00000-of-00008.parquet	000473
train-00003-of-00008.parquet	000499	0.0032	train-00000-of-00008.parquet	000066
train-00003-of-00008.parquet	000500	0.0115	train-00000-of-00008.parquet	000055
train-00003-of-00008.parquet	000501	0.3636	train-00000-of-00008.parquet	000055
train-00003-of-00008.parquet	000502	0.5550	train-00000-of-00008.parquet	000055
train-00003-of-00008.parquet	000503	0.3728	train-00000-of-00008.parquet	000066
train-00003-of-00008.parquet	000504	0.9165	train-00000-of-00008.parquet	000275
train-00003-of-00008.parquet	000506	0.8817	train-00000-of-00008.parquet	000297
train-00003-of-00008.parquet	000507	0.9848	train-00000-of-00008.parquet	000242
train-00003-of-00008.parquet	000508	0.8621	train-00000-of-00008.parquet	000110
train-00003-of-00008.parquet	000509	0.9260	train-00000-of-00008.parquet	000187
train-00003-of-00008.parquet	000510	0.9540	train-00000-of-00008.parquet	000165
train-00003-of-00008.parquet	000511	0.7956	train-00000-of-00008.parquet	000121
train-00003-of-00008.parquet	000512	0.9106	train-00000-of-00008.parquet	000286
train-00003-of-00008.parquet	000513	0.7660	train-00000-of-00008.parquet	000231
train-00003-of-00008.parquet	000514	0.9466	train-00000-of-00008.parquet	000209
train-00003-of-00008.parquet	000515	0.9269	train-00000-of-00008.parquet	000165
train-00003-of-00008.parquet	000516	0.8545	train-00000-of-00008.parquet	000154
train-00003-of-00008.parquet	000518	0.8852	train-00000-of-00008.parquet	000253
train-00003-of-00008.parquet	000519	0.9540	train-00000-of-00008.parquet	000242
train-00003-of-00008.parquet	000520	0.9192	train-00000-of-00008.parquet	000110
train-00003-of-00008.parquet	000521	0.9376	train-00000-of-00008.parquet	000187
train-00003-of-00008.parquet	000522	0.8962	train-00000-of-00008.parquet	000165
train-00003-of-00008.parquet	000523	0.7976	train-00000-of-00008.parquet	000121
train-00003-of-00008.parquet	000524	0.9504	train-00000-of-00008.parquet	000286
train-00003-of-00008.parquet	000525	0.8355	train-00000-of-00008.parquet	000231
train-00003-of-00008.parquet	000526	0.9768	train-00000-of-00008.parquet	000352
train-00003-of-00008.parquet	000527	0.9475	train-00000-of-00008.parquet	000165
train-00003-of-00008.parquet	000528	0.8692	train-00000-of-00008.parquet	000374
train-00003-of-00008.parquet	000529	0.9776	train-00000-of-00008.parquet	000363
train-00003-of-00008.parquet	000530	0.8063	train-00000-of-00008.parquet	000176
train-00003-of-00008.parquet	000531	0.9393	train-00000-of-00008.parquet	000209
train-00003-of-00008.parquet	000532	0.9418	train-00000-of-00008.parquet	000198
train-00003-of-00008.parquet	000533	0.9393	train-00000-of-00008.parquet	000275
train-00003-of-00008.parquet	000534	0.9648	train-00000-of-00008.parquet	000088
train-00003-of-00008.parquet	000535	0.8385	train-00000-of-00008.parquet	000297
train-00003-of-00008.parquet	000536	0.9810	train-00000-of-00008.parquet	000286
train-00003-of-00008.parquet	000537	0.8811	train-00000-of-00008.parquet	000231
train-00003-of-00008.parquet	000538	0.9274	train-00000-of-00008.parquet	000187
train-00003-of-00008.parquet	000539	0.9505	train-00000-of-00008.parquet	000165
train-00003-of-00008.parquet	000540	0.8432	train-00000-of-00008.parquet	000374
train-00003-of-00008.parquet	000541	0.9444	train-00000-of-00008.parquet	000363
train-00003-of-00008.parquet	000542	0.7842	train-00000-of-00008.parquet	000176
train-00003-of-00008.parquet	000543	0.9676	train-00000-of-00008.parquet	000209
train-00003-of-00008.parquet	000544	0.9341	train-00000-of-00008.parquet	000165
train-00003-of-00008.parquet	000545	0.8491	train-00000-of-00008.parquet	000275
train-00003-of-00008.parquet	000547	0.8562	train-00000-of-00008.parquet	000253
train-00003-of-00008.parquet	000548	0.9826	train-00000-of-00008.parquet	000242
train-00003-of-00008.parquet	000549	0.8998	train-00000-of-00008.parquet	000110
train-00003-of-00008.parquet	000550	0.9449	train-00000-of-00008.parquet	000187
train-00003-of-00008.parquet	000551	0.9347	train-00000-of-00008.parquet	000165
train-00003-of-00008.parquet	000552	0.8184	train-00000-of-00008.parquet	000121
train-00003-of-00008.parquet	000553	0.9330	train-00000-of-00008.parquet	000286
train-00003-of-00008.parquet	000554	0.7881	train-00000-of-00008.parquet	000231
train-00003-of-00008.parquet	000555	0.9591	train-00000-of-00008.parquet	000220
train-00003-of-00008.parquet	000556	0.9511	train-00000-of-00008.parquet	000165
train-00003-of-00008.parquet	000557	0.9008	train-00000-of-00008.parquet	000154
train-00003-of-00008.parquet	000559	0.8777	train-00000-of-00008.parquet	000176
train-00003-of-00008.parquet	000560	0.9199	train-00000-of-00008.parquet	000242
train-00003-of-00008.parquet	000561	0.9310	train-00000-of-00008.parquet	000198
train-00003-of-00008.parquet	000562	0.9398	train-00000-of-00008.parquet	000275
train-00003-of-00008.parquet	000563	0.9369	train-00000-of-00008.parquet	000088
train-00003-of-00008.parquet	000564	0.8140	train-00000-of-00008.parquet	000297
train-00003-of-00008.parquet	000566	0.9161	train-00000-of-00008.parquet	000231
train-00003-of-00008.parquet	000567	0.9261	train-00000-of-00008.parquet	000352
train-00003-of-00008.parquet	000568	0.9639	train-00000-of-00008.parquet	000165
train-00003-of-00008.parquet	000569	0.8713	train-00000-of-00008.parquet	000374
train-00003-of-00008.parquet	000570	0.9696	train-00000-of-00008.parquet	000363
train-00003-of-00008.parquet	000571	0.7979	train-00000-of-00008.parquet	000176
train-00003-of-00008.parquet	000572	0.9589	train-00000-of-00008.parquet	000209
train-00003-of-00008.parquet	000573	0.9323	train-00000-of-00008.parquet	000165
train-00003-of-00008.parquet	000574	0.8491	train-00000-of-00008.parquet	000275
train-00003-of-00008.parquet	000576	0.8562	train-00000-of-00008.parquet	000253
train-00003-of-00008.parquet	000577	0.9826	train-00000-of-00008.parquet	000242
train-00003-of-00008.parquet	000578	0.8998	train-00000-of-00008.parquet	000110
train-00003-of-00008.parquet	000579	0.9449	train-00000-of-00008.parquet	000187
train-00003-of-00008.parquet	000580	0.9347	train-00000-of-00008.parquet	000165
train-00003-of-00008.parquet	000581	0.8027	train-00000-of-00008.parquet	000121
train-00003-of-00008.parquet	000582	0.9330	train-00000-of-00008.parquet	000286
train-00003-of-00008.parquet	000583	0.7881	train-00000-of-00008.parquet	000231
train-00003-of-00008.parquet	000584	0.9804	train-00000-of-00008.parquet	000220
train-00003-of-00008.parquet	000585	0.9474	train-00000-of-00008.parquet	000165
train-00003-of-00008.parquet	000586	0.9063	train-00000-of-00008.parquet	000154
train-00003-of-00008.parquet	000587	0.9811	train-00000-of-00008.parquet	000363
train-00003-of-00008.parquet	000588	0.8556	train-00000-of-00008.parquet	000176
train-00003-of-00008.parquet	000589	0.9380	train-00000-of-00008.parquet	000242
train-00003-of-00008.parquet	000590	0.9346	train-00000-of-00008.parquet	000110
train-00003-of-00008.parquet	000591	0.9478	train-00000-of-00008.parquet	000187
train-00003-of-00008.parquet	000592	0.8762	train-00000-of-00008.parquet	000165
train-00003-of-00008.parquet	000593	0.7708	train-00000-of-00008.parquet	000297
train-00003-of-00008.parquet	000594	0.9581	train-00000-of-00008.parquet	000286
train-00003-of-00008.parquet	000595	0.8546	train-00000-of-00008.parquet	000231
train-00003-of-00008.parquet	000596	0.9834	train-00000-of-00008.parquet	000352
train-00003-of-00008.parquet	000597	0.9716	train-00000-of-00008.parquet	000165
train-00003-of-00008.parquet	000598	0.8672	train-00000-of-00008.parquet	000154
train-00003-of-00008.parquet	000599	0.9857	train-00000-of-00008.parquet	000363
train-00003-of-00008.parquet	000600	0.8112	train-00000-of-00008.parquet	000176
train-00003-of-00008.parquet	000601	0.9363	train-00000-of-00008.parquet	000209
train-00003-of-00008.parquet	000602	0.9399	train-00000-of-00008.parquet	000198
train-00003-of-00008.parquet	000603	0.9398	train-00000-of-00008.parquet	000275
train-00003-of-00008.parquet	000604	0.9485	train-00000-of-00008.parquet	000088
train-00003-of-00008.parquet	000605	0.8140	train-00000-of-00008.parquet	000297
train-00003-of-00008.parquet	000607	0.9161	train-00000-of-00008.parquet	000231
train-00003-of-00008.parquet	000608	0.9082	train-00000-of-00008.parquet	000187
train-00003-of-00008.parquet	000609	0.9477	train-00000-of-00008.parquet	000165
train-00003-of-00008.parquet	000610	0.8139	train-00000-of-00008.parquet	000374
train-00003-of-00008.parquet	000611	0.9098	train-00000-of-00008.parquet	000363
train-00003-of-00008.parquet	000612	0.7876	train-00000-of-00008.parquet	000176
train-00003-of-00008.parquet	000613	0.9676	train-00000-of-00008.parquet	000209
train-00003-of-00008.parquet	000614	0.9414	train-00000-of-00008.parquet	000165
train-00003-of-00008.parquet	000615	0.8491	train-00000-of-00008.parquet	000275
train-00003-of-00008.parquet	000617	0.8562	train-00000-of-00008.parquet	000253
train-00003-of-00008.parquet	000618	0.9826	train-00000-of-00008.parquet	000242
train-00003-of-00008.parquet	000619	0.8998	train-00000-of-00008.parquet	000110
train-00003-of-00008.parquet	000620	0.9449	train-00000-of-00008.parquet	000187
train-00003-of-00008.parquet	000621	0.9347	train-00000-of-00008.parquet	000165
train-00003-of-00008.parquet	000622	0.8027	train-00000-of-00008.parquet	000121
train-00003-of-00008.parquet	000623	0.9330	train-00000-of-00008.parquet	000286
train-00003-of-00008.parquet	000624	0.7815	train-00000-of-00008.parquet	000231
train-00003-of-00008.parquet	000625	0.9804	train-00000-of-00008.parquet	000220
train-00003-of-00008.parquet	000626	0.9438	train-00000-of-00008.parquet	000165
train-00003-of-00008.parquet	000627	0.9063	train-00000-of-00008.parquet	000154
train-00003-of-00008.parquet	000628	0.9811	train-00000-of-00008.parquet	000363
train-00003-of-00008.parquet	000629	0.8575	train-00000-of-00008.parquet	000176
train-00003-of-00008.parquet	000630	0.9380	train-00000-of-00008.parquet	000242
train-00003-of-00008.parquet	000631	0.9346	train-00000-of-00008.parquet	000110
train-00003-of-00008.parquet	000632	0.9533	train-00000-of-00008.parquet	000187
train-00003-of-00008.parquet	000633	0.8762	train-00000-of-00008.parquet	000165
train-00003-of-00008.parquet	000634	0.7760	train-00000-of-00008.parquet	000297
train-00003-of-00008.parquet	000635	0.9581	train-00000-of-00008.parquet	000286
train-00003-of-00008.parquet	000636	0.8584	train-00000-of-00008.parquet	000231
train-00003-of-00008.parquet	000637	0.9834	train-00000-of-00008.parquet	000352
train-00003-of-00008.parquet	000638	0.9680	train-00000-of-00008.parquet	000165
train-00003-of-00008.parquet	000639	0.8672	train-00000-of-00008.parquet	000154
train-00003-of-00008.parquet	000640	0.9857	train-00000-of-00008.parquet	000363
train-00003-of-00008.parquet	000641	0.8112	train-00000-of-00008.parquet	000176
train-00003-of-00008.parquet	000642	0.9363	train-00000-of-00008.parquet	000209
train-00003-of-00008.parquet	000643	0.9437	train-00000-of-00008.parquet	000198
train-00003-of-00008.parquet	000644	0.9398	train-00000-of-00008.parquet	000275
train-00003-of-00008.parquet	000645	0.9485	train-00000-of-00008.parquet	000088
train-00003-of-00008.parquet	000646	0.8140	train-00000-of-00008.parquet	000297
train-00003-of-00008.parquet	000648	0.9203	train-00000-of-00008.parquet	000231
train-00003-of-00008.parquet	000649	0.9261	train-00000-of-00008.parquet	000352
train-00003-of-00008.parquet	000650	0.9621	train-00000-of-00008.parquet	000165
train-00003-of-00008.parquet	000651	0.8690	train-00000-of-00008.parquet	000374
train-00003-of-00008.parquet	000652	0.9696	train-00000-of-00008.parquet	000363
train-00003-of-00008.parquet	000653	0.7911	train-00000-of-00008.parquet	000176
train-00003-of-00008.parquet	000654	0.9854	train-00000-of-00008.parquet	000209
train-00003-of-00008.parquet	000655	0.9472	train-00000-of-00008.parquet	000066
train-00003-of-00008.parquet	000656	0.8744	train-00000-of-00008.parquet	000275
train-00003-of-00008.parquet	000658	0.8562	train-00000-of-00008.parquet	000253
train-00003-of-00008.parquet	000659	0.9826	train-00000-of-00008.parquet	000242
train-00003-of-00008.parquet	000660	0.8958	train-00000-of-00008.parquet	000110
train-00003-of-00008.parquet	000661	0.9449	train-00000-of-00008.parquet	000187
train-00003-of-00008.parquet	000662	0.9347	train-00000-of-00008.parquet	000165
train-00003-of-00008.parquet	000663	0.8116	train-00000-of-00008.parquet	000121
train-00003-of-00008.parquet	000664	0.9330	train-00000-of-00008.parquet	000286
train-00003-of-00008.parquet	000665	0.7848	train-00000-of-00008.parquet	000231
train-00003-of-00008.parquet	000666	0.9804	train-00000-of-00008.parquet	000220
train-00003-of-00008.parquet	000667	0.9474	train-00000-of-00008.parquet	000165
train-00003-of-00008.parquet	000668	0.9139	train-00000-of-00008.parquet	000154
train-00003-of-00008.parquet	000669	0.9811	train-00000-of-00008.parquet	000363
train-00003-of-00008.parquet	000670	0.8650	train-00000-of-00008.parquet	000176
train-00003-of-00008.parquet	000671	0.9380	train-00000-of-00008.parquet	000242
train-00003-of-00008.parquet	000672	0.9308	train-00000-of-00008.parquet	000110
train-00003-of-00008.parquet	000673	0.9478	train-00000-of-00008.parquet	000187
train-00003-of-00008.parquet	000674	0.8762	train-00000-of-00008.parquet	000165
train-00003-of-00008.parquet	000675	0.7725	train-00000-of-00008.parquet	000297
train-00003-of-00008.parquet	000676	0.9581	train-00000-of-00008.parquet	000286
train-00003-of-00008.parquet	000677	0.8584	train-00000-of-00008.parquet	000231
train-00003-of-00008.parquet	000678	0.9834	train-00000-of-00008.parquet	000352
train-00003-of-00008.parquet	000679	0.9680	train-00000-of-00008.parquet	000165
train-00003-of-00008.parquet	000680	0.8743	train-00000-of-00008.parquet	000154
train-00003-of-00008.parquet	000681	0.9857	train-00000-of-00008.parquet	000363
train-00003-of-00008.parquet	000682	0.8062	train-00000-of-00008.parquet	000176
train-00003-of-00008.parquet	000683	0.9363	train-00000-of-00008.parquet	000209
train-00003-of-00008.parquet	000684	0.9437	train-00000-of-00008.parquet	000198
train-00003-of-00008.parquet	000685	0.9143	train-00000-of-00008.parquet	000275
train-00003-of-00008.parquet	000686	0.9788	train-00000-of-00008.parquet	000088
train-00003-of-00008.parquet	000687	0.8337	train-00000-of-00008.parquet	000297
train-00003-of-00008.parquet	000688	0.9810	train-00000-of-00008.parquet	000286
train-00003-of-00008.parquet	000689	0.8811	train-00000-of-00008.parquet	000231
train-00003-of-00008.parquet	000690	0.9274	train-00000-of-00008.parquet	000187
train-00003-of-00008.parquet	000691	0.9505	train-00000-of-00008.parquet	000165
train-00003-of-00008.parquet	000692	0.8432	train-00000-of-00008.parquet	000374
train-00003-of-00008.parquet	000693	0.9444	train-00000-of-00008.parquet	000363
train-00003-of-00008.parquet	000694	0.7876	train-00000-of-00008.parquet	000176
train-00003-of-00008.parquet	000695	0.9717	train-00000-of-00008.parquet	000209
train-00003-of-00008.parquet	000696	0.9377	train-00000-of-00008.parquet	000165
train-00003-of-00008.parquet	000697	0.8491	train-00000-of-00008.parquet	000275
train-00003-of-00008.parquet	000699	0.8600	train-00000-of-00008.parquet	000253
train-00003-of-00008.parquet	000700	0.9826	train-00000-of-00008.parquet	000242
train-00003-of-00008.parquet	000701	0.8998	train-00000-of-00008.parquet	000110
train-00003-of-00008.parquet	000702	0.9449	train-00000-of-00008.parquet	000187
train-00003-of-00008.parquet	000703	0.9347	train-00000-of-00008.parquet	000165
train-00003-of-00008.parquet	000704	0.8027	train-00000-of-00008.parquet	000121
train-00003-of-00008.parquet	000705	0.9330	train-00000-of-00008.parquet	000286
train-00003-of-00008.parquet	000706	0.7881	train-00000-of-00008.parquet	000231
train-00003-of-00008.parquet	000707	0.9804	train-00000-of-00008.parquet	000220
train-00003-of-00008.parquet	000708	0.9474	train-00000-of-00008.parquet	000165
train-00003-of-00008.parquet	000709	0.9063	train-00000-of-00008.parquet	000154
train-00003-of-00008.parquet	000710	0.9811	train-00000-of-00008.parquet	000363
train-00003-of-00008.parquet	000711	0.8575	train-00000-of-00008.parquet	000176
train-00003-of-00008.parquet	000712	0.9380	train-00000-of-00008.parquet	000242
train-00003-of-00008.parquet	000713	0.9308	train-00000-of-00008.parquet	000110
train-00003-of-00008.parquet	000714	0.9478	train-00000-of-00008.parquet	000187
train-00003-of-00008.parquet	000715	0.8762	train-00000-of-00008.parquet	000165
train-00003-of-00008.parquet	000716	0.7778	train-00000-of-00008.parquet	000297
train-00003-of-00008.parquet	000717	0.9581	train-00000-of-00008.parquet	000286
train-00003-of-00008.parquet	000718	0.8584	train-00000-of-00008.parquet	000231
train-00003-of-00008.parquet	000719	0.9834	train-00000-of-00008.parquet	000352
train-00003-of-00008.parquet	000720	0.9753	train-00000-of-00008.parquet	000165
train-00003-of-00008.parquet	000721	0.8672	train-00000-of-00008.parquet	000154
train-00003-of-00008.parquet	000722	0.9857	train-00000-of-00008.parquet	000363
train-00003-of-00008.parquet	000723	0.8112	train-00000-of-00008.parquet	000176
train-00003-of-00008.parquet	000724	0.9363	train-00000-of-00008.parquet	000209
train-00003-of-00008.parquet	000725	0.9399	train-00000-of-00008.parquet	000198
train-00003-of-00008.parquet	000726	0.9398	train-00000-of-00008.parquet	000275
train-00003-of-00008.parquet	000727	0.9485	train-00000-of-00008.parquet	000088
train-00003-of-00008.parquet	000728	0.8172	train-00000-of-00008.parquet	000297
train-00003-of-00008.parquet	000729	0.9810	train-00000-of-00008.parquet	000286
train-00003-of-00008.parquet	000730	0.8811	train-00000-of-00008.parquet	000231
train-00003-of-00008.parquet	000731	0.9274	train-00000-of-00008.parquet	000187
train-00003-of-00008.parquet	000732	0.9523	train-00000-of-00008.parquet	000165
train-00003-of-00008.parquet	000733	0.8455	train-00000-of-00008.parquet	000374
train-00003-of-00008.parquet	000734	0.9444	train-00000-of-00008.parquet	000363
train-00003-of-00008.parquet	000735	0.7909	train-00000-of-00008.parquet	000176
train-00003-of-00008.parquet	000736	0.9676	train-00000-of-00008.parquet	000209
train-00003-of-00008.parquet	000737	0.9341	train-00000-of-00008.parquet	000165
train-00003-of-00008.parquet	000738	0.8491	train-00000-of-00008.parquet	000275
train-00003-of-00008.parquet	000740	0.8600	train-00000-of-00008.parquet	000253
train-00003-of-00008.parquet	000741	0.9883	train-00000-of-00008.parquet	000242
train-00003-of-00008.parquet	000742	0.8958	train-00000-of-00008.parquet	000110
train-00003-of-00008.parquet	000743	0.9449	train-00000-of-00008.parquet	000187
train-00003-of-00008.parquet	000744	0.9347	train-00000-of-00008.parquet	000165
train-00003-of-00008.parquet	000745	0.8184	train-00000-of-00008.parquet	000121
train-00003-of-00008.parquet	000746	0.9330	train-00000-of-00008.parquet	000286
train-00003-of-00008.parquet	000747	0.7799	train-00000-of-00008.parquet	000231
train-00003-of-00008.parquet	000748	0.9804	train-00000-of-00008.parquet	000220
train-00003-of-00008.parquet	000749	0.9438	train-00000-of-00008.parquet	000165
train-00003-of-00008.parquet	000750	0.9063	train-00000-of-00008.parquet	000154
train-00003-of-00008.parquet	000751	0.9811	train-00000-of-00008.parquet	000363
train-00003-of-00008.parquet	000752	0.8612	train-00000-of-00008.parquet	000176
train-00003-of-00008.parquet	000753	0.9380	train-00000-of-00008.parquet	000242
train-00003-of-00008.parquet	000754	0.9308	train-00000-of-00008.parquet	000110
train-00003-of-00008.parquet	000755	0.9478	train-00000-of-00008.parquet	000187
train-00003-of-00008.parquet	000756	0.8762	train-00000-of-00008.parquet	000165
train-00003-of-00008.parquet	000757	0.7760	train-00000-of-00008.parquet	000297
train-00003-of-00008.parquet	000758	0.9581	train-00000-of-00008.parquet	000286
train-00003-of-00008.parquet	000759	0.8584	train-00000-of-00008.parquet	000231
train-00003-of-00008.parquet	000760	0.9834	train-00000-of-00008.parquet	000352
train-00003-of-00008.parquet	000761	0.9753	train-00000-of-00008.parquet	000165
train-00003-of-00008.parquet	000762	0.8672	train-00000-of-00008.parquet	000154
train-00003-of-00008.parquet	000763	0.9857	train-00000-of-00008.parquet	000363
train-00003-of-00008.parquet	000764	0.8146	train-00000-of-00008.parquet	000176
train-00003-of-00008.parquet	000765	0.9421	train-00000-of-00008.parquet	000209
train-00003-of-00008.parquet	000766	0.9437	train-00000-of-00008.parquet	000198
train-00003-of-00008.parquet	000767	0.9398	train-00000-of-00008.parquet	000275
train-00003-of-00008.parquet	000768	0.9485	train-00000-of-00008.parquet	000088
train-00003-of-00008.parquet	000769	0.8176	train-00000-of-00008.parquet	000297
train-00003-of-00008.parquet	000771	0.9161	train-00000-of-00008.parquet	000231
train-00003-of-00008.parquet	000772	0.9261	train-00000-of-00008.parquet	000352
train-00003-of-00008.parquet	000773	0.9639	train-00000-of-00008.parquet	000165
train-00003-of-00008.parquet	000774	0.8784	train-00000-of-00008.parquet	000374
train-00003-of-00008.parquet	000775	0.9696	train-00000-of-00008.parquet	000363
train-00003-of-00008.parquet	000776	0.7945	train-00000-of-00008.parquet	000176
train-00003-of-00008.parquet	000777	0.9854	train-00000-of-00008.parquet	000209
train-00003-of-00008.parquet	000778	0.9435	train-00000-of-00008.parquet	000066
train-00003-of-00008.parquet	000779	0.9165	train-00000-of-00008.parquet	000275
train-00003-of-00008.parquet	000781	0.8857	train-00000-of-00008.parquet	000297
train-00003-of-00008.parquet	000782	0.9848	train-00000-of-00008.parquet	000242
train-00003-of-00008.parquet	000783	0.8621	train-00000-of-00008.parquet	000110
train-00003-of-00008.parquet	000784	0.9260	train-00000-of-00008.parquet	000187
train-00003-of-00008.parquet	000785	0.9540	train-00000-of-00008.parquet	000165
train-00003-of-00008.parquet	000786	0.7956	train-00000-of-00008.parquet	000121
train-00003-of-00008.parquet	000787	0.9106	train-00000-of-00008.parquet	000286
train-00003-of-00008.parquet	000788	0.7660	train-00000-of-00008.parquet	000231
train-00003-of-00008.parquet	000789	0.9466	train-00000-of-00008.parquet	000209
train-00003-of-00008.parquet	000790	0.9359	train-00000-of-00008.parquet	000165
train-00003-of-00008.parquet	000791	0.8545	train-00000-of-00008.parquet	000154
train-00003-of-00008.parquet	000793	0.8891	train-00000-of-00008.parquet	000253
train-00003-of-00008.parquet	000794	0.9540	train-00000-of-00008.parquet	000242
train-00003-of-00008.parquet	000795	0.9192	train-00000-of-00008.parquet	000110
train-00003-of-00008.parquet	000796	0.9431	train-00000-of-00008.parquet	000187
train-00003-of-00008.parquet	000797	0.8962	train-00000-of-00008.parquet	000165
train-00003-of-00008.parquet	000798	0.7976	train-00000-of-00008.parquet	000121
train-00003-of-00008.parquet	000799	0.9504	train-00000-of-00008.parquet	000286
train-00003-of-00008.parquet	000800	0.8319	train-00000-of-00008.parquet	000231
train-00003-of-00008.parquet	000801	0.9768	train-00000-of-00008.parquet	000352
train-00003-of-00008.parquet	000802	0.9660	train-00000-of-00008.parquet	000165
train-00003-of-00008.parquet	000803	0.8804	train-00000-of-00008.parquet	000154
train-00003-of-00008.parquet	000804	0.9941	train-00000-of-00008.parquet	000363
train-00003-of-00008.parquet	000805	0.8415	train-00000-of-00008.parquet	000176
train-00003-of-00008.parquet	000806	0.9246	train-00000-of-00008.parquet	000209
train-00003-of-00008.parquet	000807	0.9316	train-00000-of-00008.parquet	000198
train-00003-of-00008.parquet	000808	0.9398	train-00000-of-00008.parquet	000275
train-00003-of-00008.parquet	000809	0.9369	train-00000-of-00008.parquet	000088
train-00003-of-00008.parquet	000810	0.8140	train-00000-of-00008.parquet	000297
train-00003-of-00008.parquet	000812	0.9161	train-00000-of-00008.parquet	000231
train-00003-of-00008.parquet	000813	0.9261	train-00000-of-00008.parquet	000352
train-00003-of-00008.parquet	000814	0.9639	train-00000-of-00008.parquet	000165
train-00003-of-00008.parquet	000815	0.8713	train-00000-of-00008.parquet	000374
train-00003-of-00008.parquet	000816	0.9696	train-00000-of-00008.parquet	000363
train-00003-of-00008.parquet	000817	0.7945	train-00000-of-00008.parquet	000176
train-00003-of-00008.parquet	000818	0.9854	train-00000-of-00008.parquet	000209
train-00003-of-00008.parquet	000819	0.9435	train-00000-of-00008.parquet	000066
train-00003-of-00008.parquet	000820	0.9165	train-00000-of-00008.parquet	000275
train-00003-of-00008.parquet	000822	0.8778	train-00000-of-00008.parquet	000297
train-00003-of-00008.parquet	000823	0.9848	train-00000-of-00008.parquet	000242
train-00003-of-00008.parquet	000824	0.8584	train-00000-of-00008.parquet	000110
train-00003-of-00008.parquet	000825	0.9260	train-00000-of-00008.parquet	000187
train-00003-of-00008.parquet	000826	0.9540	train-00000-of-00008.parquet	000165
train-00003-of-00008.parquet	000827	0.7912	train-00000-of-00008.parquet	000121
train-00003-of-00008.parquet	000828	0.9106	train-00000-of-00008.parquet	000286
train-00003-of-00008.parquet	000829	0.7660	train-00000-of-00008.parquet	000231
train-00003-of-00008.parquet	000830	0.9466	train-00000-of-00008.parquet	000209
train-00003-of-00008.parquet	000831	0.9323	train-00000-of-00008.parquet	000165
train-00003-of-00008.parquet	000832	0.8545	train-00000-of-00008.parquet	000154
train-00003-of-00008.parquet	000834	0.8891	train-00000-of-00008.parquet	000253
train-00003-of-00008.parquet	000835	0.9540	train-00000-of-00008.parquet	000242
train-00003-of-00008.parquet	000836	0.9192	train-00000-of-00008.parquet	000110
train-00003-of-00008.parquet	000837	0.9455	train-00000-of-00008.parquet	000264
train-00003-of-00008.parquet	000838	0.9195	train-00000-of-00008.parquet	000088
train-00003-of-00008.parquet	000839	0.7935	train-00000-of-00008.parquet	000297
train-00003-of-00008.parquet	000840	0.9658	train-00000-of-00008.parquet	000286
train-00003-of-00008.parquet	000841	0.8970	train-00000-of-00008.parquet	000231
train-00003-of-00008.parquet	000842	0.9462	train-00000-of-00008.parquet	000352
train-00003-of-00008.parquet	000843	0.9716	train-00000-of-00008.parquet	000165
train-00003-of-00008.parquet	000844	0.8672	train-00000-of-00008.parquet	000154
train-00003-of-00008.parquet	000845	0.9857	train-00000-of-00008.parquet	000363
train-00003-of-00008.parquet	000846	0.8146	train-00000-of-00008.parquet	000176
train-00003-of-00008.parquet	000847	0.9280	train-00000-of-00008.parquet	000209
train-00003-of-00008.parquet	000848	0.9344	train-00000-of-00008.parquet	000066
train-00003-of-00008.parquet	000849	0.9314	train-00000-of-00008.parquet	000275
train-00003-of-00008.parquet	000850	0.9793	train-00000-of-00008.parquet	000088
train-00003-of-00008.parquet	000851	0.8622	train-00000-of-00008.parquet	000297
train-00003-of-00008.parquet	000852	0.9770	train-00000-of-00008.parquet	000242
train-00003-of-00008.parquet	000853	0.8696	train-00000-of-00008.parquet	000231
train-00003-of-00008.parquet	000854	0.9274	train-00000-of-00008.parquet	000187
train-00003-of-00008.parquet	000855	0.9477	train-00000-of-00008.parquet	000165
train-00003-of-00008.parquet	000856	0.8139	train-00000-of-00008.parquet	000374
train-00003-of-00008.parquet	000857	0.9098	train-00000-of-00008.parquet	000363
train-00003-of-00008.parquet	000858	0.7842	train-00000-of-00008.parquet	000176
train-00003-of-00008.parquet	000859	0.9676	train-00000-of-00008.parquet	000209
train-00003-of-00008.parquet	000860	0.9377	train-00000-of-00008.parquet	000165
train-00003-of-00008.parquet	000861	0.8491	train-00000-of-00008.parquet	000275
train-00003-of-00008.parquet	000863	0.8562	train-00000-of-00008.parquet	000253
train-00003-of-00008.parquet	000864	0.9826	train-00000-of-00008.parquet	000242
train-00003-of-00008.parquet	000865	0.8918	train-00000-of-00008.parquet	000110
train-00003-of-00008.parquet	000866	0.9449	train-00000-of-00008.parquet	000187
train-00003-of-00008.parquet	000867	0.9347	train-00000-of-00008.parquet	000165
train-00003-of-00008.parquet	000868	0.8116	train-00000-of-00008.parquet	000121
train-00003-of-00008.parquet	000869	0.9330	train-00000-of-00008.parquet	000286
train-00003-of-00008.parquet	000870	0.7881	train-00000-of-00008.parquet	000231
train-00003-of-00008.parquet	000871	0.9804	train-00000-of-00008.parquet	000220
train-00003-of-00008.parquet	000872	0.9438	train-00000-of-00008.parquet	000165
train-00003-of-00008.parquet	000873	0.9063	train-00000-of-00008.parquet	000154
train-00003-of-00008.parquet	000874	0.9811	train-00000-of-00008.parquet	000363
train-00003-of-00008.parquet	000875	0.8650	train-00000-of-00008.parquet	000176
train-00003-of-00008.parquet	000876	0.9380	train-00000-of-00008.parquet	000242
train-00003-of-00008.parquet	000877	0.9308	train-00000-of-00008.parquet	000110
train-00003-of-00008.parquet	000878	0.9478	train-00000-of-00008.parquet	000187
train-00003-of-00008.parquet	000879	0.8762	train-00000-of-00008.parquet	000165
train-00003-of-00008.parquet	000880	0.7760	train-00000-of-00008.parquet	000297
train-00003-of-00008.parquet	000881	0.9581	train-00000-of-00008.parquet	000286
train-00003-of-00008.parquet	000882	0.8509	train-00000-of-00008.parquet	000231
train-00003-of-00008.parquet	000883	0.9834	train-00000-of-00008.parquet	000352
train-00003-of-00008.parquet	000884	0.9716	train-00000-of-00008.parquet	000165
train-00003-of-00008.parquet	000885	0.8743	train-00000-of-00008.parquet	000154
train-00003-of-00008.parquet	000886	0.9857	train-00000-of-00008.parquet	000363
train-00003-of-00008.parquet	000887	0.8112	train-00000-of-00008.parquet	000176
train-00003-of-00008.parquet	000888	0.9363	train-00000-of-00008.parquet	000209
train-00003-of-00008.parquet	000889	0.9399	train-00000-of-00008.parquet	000198
train-00003-of-00008.parquet	000890	0.9398	train-00000-of-00008.parquet	000275
train-00003-of-00008.parquet	000891	0.9485	train-00000-of-00008.parquet	000088
train-00003-of-00008.parquet	000892	0.8105	train-00000-of-00008.parquet	000297
train-00003-of-00008.parquet	000894	0.9203	train-00000-of-00008.parquet	000231
train-00003-of-00008.parquet	000895	0.9261	train-00000-of-00008.parquet	000352
train-00003-of-00008.parquet	000896	0.9639	train-00000-of-00008.parquet	000165
train-00003-of-00008.parquet	000897	0.8713	train-00000-of-00008.parquet	000374
train-00003-of-00008.parquet	000898	0.9696	train-00000-of-00008.parquet	000363
train-00003-of-00008.parquet	000899	0.7979	train-00000-of-00008.parquet	000176
train-00003-of-00008.parquet	000900	0.9854	train-00000-of-00008.parquet	000209
train-00003-of-00008.parquet	000901	0.9398	train-00000-of-00008.parquet	000066
train-00003-of-00008.parquet	000902	0.9165	train-00000-of-00008.parquet	000275
train-00003-of-00008.parquet	000904	0.8817	train-00000-of-00008.parquet	000297
train-00003-of-00008.parquet	000905	0.9848	train-00000-of-00008.parquet	000242
train-00003-of-00008.parquet	000906	0.8584	train-00000-of-00008.parquet	000110
train-00003-of-00008.parquet	000907	0.9260	train-00000-of-00008.parquet	000187
train-00003-of-00008.parquet	000908	0.9540	train-00000-of-00008.parquet	000165
train-00003-of-00008.parquet	000909	0.7912	train-00000-of-00008.parquet	000121
train-00003-of-00008.parquet	000910	0.9106	train-00000-of-00008.parquet	000286
train-00003-of-00008.parquet	000911	0.7627	train-00000-of-00008.parquet	000231
train-00003-of-00008.parquet	000912	0.9466	train-00000-of-00008.parquet	000209
train-00003-of-00008.parquet	000913	0.9323	train-00000-of-00008.parquet	000165
train-00003-of-00008.parquet	000914	0.8545	train-00000-of-00008.parquet	000154
train-00003-of-00008.parquet	000916	0.8794	train-00000-of-00008.parquet	000253
train-00003-of-00008.parquet	000917	0.9540	train-00000-of-00008.parquet	000242
train-00003-of-00008.parquet	000918	0.9192	train-00000-of-00008.parquet	000110
train-00003-of-00008.parquet	000919	0.9376	train-00000-of-00008.parquet	000187
train-00003-of-00008.parquet	000920	0.8962	train-00000-of-00008.parquet	000165
train-00003-of-00008.parquet	000921	0.8014	train-00000-of-00008.parquet	000121
train-00003-of-00008.parquet	000922	0.9504	train-00000-of-00008.parquet	000286
train-00003-of-00008.parquet	000923	0.8355	train-00000-of-00008.parquet	000231
train-00003-of-00008.parquet	000924	0.9768	train-00000-of-00008.parquet	000352
train-00003-of-00008.parquet	000925	0.9587	train-00000-of-00008.parquet	000165
train-00003-of-00008.parquet	000926	0.8877	train-00000-of-00008.parquet	000154
train-00003-of-00008.parquet	000927	0.9941	train-00000-of-00008.parquet	000363
train-00003-of-00008.parquet	000928	0.8488	train-00000-of-00008.parquet	000176
train-00003-of-00008.parquet	000929	0.9246	train-00000-of-00008.parquet	000209
train-00003-of-00008.parquet	000930	0.9297	train-00000-of-00008.parquet	000198
train-00003-of-00008.parquet	000931	0.9398	train-00000-of-00008.parquet	000275
train-00003-of-00008.parquet	000932	0.9369	train-00000-of-00008.parquet	000088
train-00003-of-00008.parquet	000933	0.8176	train-00000-of-00008.parquet	000297
train-00003-of-00008.parquet	000935	0.9161	train-00000-of-00008.parquet	000231
train-00003-of-00008.parquet	000936	0.9261	train-00000-of-00008.parquet	000352
train-00003-of-00008.parquet	000937	0.9621	train-00000-of-00008.parquet	000165
train-00003-of-00008.parquet	000938	0.8690	train-00000-of-00008.parquet	000374
train-00003-of-00008.parquet	000939	0.9696	train-00000-of-00008.parquet	000363
train-00003-of-00008.parquet	000940	0.7979	train-00000-of-00008.parquet	000176
train-00003-of-00008.parquet	000941	0.9854	train-00000-of-00008.parquet	000209
train-00003-of-00008.parquet	000942	0.9472	train-00000-of-00008.parquet	000066
train-00003-of-00008.parquet	000943	0.9165	train-00000-of-00008.parquet	000275
train-00003-of-00008.parquet	000945	0.8778	train-00000-of-00008.parquet	000297
train-00003-of-00008.parquet	000946	0.9848	train-00000-of-00008.parquet	000242
train-00003-of-00008.parquet	000947	0.8584	train-00000-of-00008.parquet	000110
train-00003-of-00008.parquet	000948	0.9260	train-00000-of-00008.parquet	000187
train-00003-of-00008.parquet	000949	0.9540	train-00000-of-00008.parquet	000165
train-00003-of-00008.parquet	000950	0.7956	train-00000-of-00008.parquet	000121
train-00003-of-00008.parquet	000951	0.9106	train-00000-of-00008.parquet	000286
train-00003-of-00008.parquet	000952	0.7627	train-00000-of-00008.parquet	000231
train-00003-of-00008.parquet	000953	0.9466	train-00000-of-00008.parquet	000209
train-00003-of-00008.parquet	000954	0.9323	train-00000-of-00008.parquet	000165
train-00003-of-00008.parquet	000955	0.8545	train-00000-of-00008.parquet	000154
train-00003-of-00008.parquet	000957	0.8813	train-00000-of-00008.parquet	000253
train-00003-of-00008.parquet	000958	0.9540	train-00000-of-00008.parquet	000242
train-00003-of-00008.parquet	000959	0.9155	train-00000-of-00008.parquet	000110
train-00003-of-00008.parquet	000960	0.9455	train-00000-of-00008.parquet	000264
train-00003-of-00008.parquet	000961	0.9195	train-00000-of-00008.parquet	000088
train-00003-of-00008.parquet	000962	0.7969	train-00000-of-00008.parquet	000297
train-00003-of-00008.parquet	000963	0.9658	train-00000-of-00008.parquet	000286
train-00003-of-00008.parquet	000964	0.8889	train-00000-of-00008.parquet	000231
train-00003-of-00008.parquet	000965	0.9462	train-00000-of-00008.parquet	000352
train-00003-of-00008.parquet	000966	0.9716	train-00000-of-00008.parquet	000165
train-00003-of-00008.parquet	000967	0.8672	train-00000-of-00008.parquet	000154
train-00003-of-00008.parquet	000968	0.9857	train-00000-of-00008.parquet	000363
train-00003-of-00008.parquet	000969	0.8112	train-00000-of-00008.parquet	000176
train-00003-of-00008.parquet	000970	0.9363	train-00000-of-00008.parquet	000209
train-00003-of-00008.parquet	000971	0.9399	train-00000-of-00008.parquet	000198
train-00003-of-00008.parquet	000972	0.9398	train-00000-of-00008.parquet	000275
train-00003-of-00008.parquet	000973	0.9485	train-00000-of-00008.parquet	000088
train-00003-of-00008.parquet	000974	0.8140	train-00000-of-00008.parquet	000297
train-00003-of-00008.parquet	000976	0.9161	train-00000-of-00008.parquet	000231
train-00003-of-00008.parquet	000977	0.9261	train-00000-of-00008.parquet	000352
train-00003-of-00008.parquet	000978	0.9639	train-00000-of-00008.parquet	000165
train-00003-of-00008.parquet	000979	0.8784	train-00000-of-00008.parquet	000374
train-00003-of-00008.parquet	000980	0.9696	train-00000-of-00008.parquet	000363
train-00003-of-00008.parquet	000981	0.7945	train-00000-of-00008.parquet	000176
train-00003-of-00008.parquet	000982	0.9854	train-00000-of-00008.parquet	000209
train-00003-of-00008.parquet	000983	0.9472	train-00000-of-00008.parquet	000066
train-00003-of-00008.parquet	000984	0.9165	train-00000-of-00008.parquet	000275
train-00003-of-00008.parquet	000986	0.8817	train-00000-of-00008.parquet	000297
train-00003-of-00008.parquet	000987	0.9848	train-00000-of-00008.parquet	000242
train-00003-of-00008.parquet	000988	0.8659	train-00000-of-00008.parquet	000110
train-00003-of-00008.parquet	000989	0.9260	train-00000-of-00008.parquet	000187
train-00003-of-00008.parquet	000990	0.9540	train-00000-of-00008.parquet	000165
train-00003-of-00008.parquet	000991	0.7711	train-00000-of-00008.parquet	000121
train-00003-of-00008.parquet	000992	0.9330	train-00000-of-00008.parquet	000286
train-00003-of-00008.parquet	000993	0.7881	train-00000-of-00008.parquet	000231
train-00003-of-00008.parquet	000994	0.9804	train-00000-of-00008.parquet	000220
train-00004-of-00008.parquet	000000	0.9403	train-00000-of-00008.parquet	000165
train-00004-of-00008.parquet	000001	0.9063	train-00000-of-00008.parquet	000154
train-00004-of-00008.parquet	000002	0.9811	train-00000-of-00008.parquet	000363
train-00004-of-00008.parquet	000003	0.8612	train-00000-of-00008.parquet	000176
train-00004-of-00008.parquet	000004	0.9439	train-00000-of-00008.parquet	000242
train-00004-of-00008.parquet	000005	0.9346	train-00000-of-00008.parquet	000110
train-00004-of-00008.parquet	000006	0.9478	train-00000-of-00008.parquet	000187
train-00004-of-00008.parquet	000007	0.8762	train-00000-of-00008.parquet	000165
train-00004-of-00008.parquet	000008	0.7685	train-00000-of-00008.parquet	000297
train-00004-of-00008.parquet	000009	0.9753	train-00000-of-00008.parquet	000286
train-00004-of-00008.parquet	000010	0.8901	train-00000-of-00008.parquet	000231
train-00004-of-00008.parquet	000011	0.9460	train-00000-of-00008.parquet	000352
train-00004-of-00008.parquet	000012	0.9679	train-00000-of-00008.parquet	000165
train-00004-of-00008.parquet	000013	0.8692	train-00000-of-00008.parquet	000374
train-00004-of-00008.parquet	000014	0.9776	train-00000-of-00008.parquet	000363
train-00004-of-00008.parquet	000015	0.8063	train-00000-of-00008.parquet	000176
train-00004-of-00008.parquet	000016	0.9393	train-00000-of-00008.parquet	000209
train-00004-of-00008.parquet	000017	0.9343	train-00000-of-00008.parquet	000198
train-00004-of-00008.parquet	000018	0.9449	train-00000-of-00008.parquet	000275
train-00004-of-00008.parquet	000019	0.9648	train-00000-of-00008.parquet	000088
train-00004-of-00008.parquet	000020	0.8385	train-00000-of-00008.parquet	000297
train-00004-of-00008.parquet	000021	0.9810	train-00000-of-00008.parquet	000286
train-00004-of-00008.parquet	000022	0.8772	train-00000-of-00008.parquet	000231
train-00004-of-00008.parquet	000023	0.9274	train-00000-of-00008.parquet	000187
train-00004-of-00008.parquet	000024	0.9523	train-00000-of-00008.parquet	000165
train-00004-of-00008.parquet	000025	0.8455	train-00000-of-00008.parquet	000374
train-00004-of-00008.parquet	000026	0.9444	train-00000-of-00008.parquet	000363
train-00004-of-00008.parquet	000027	0.7842	train-00000-of-00008.parquet	000176
train-00004-of-00008.parquet	000028	0.9739	train-00000-of-00008.parquet	000209
train-00004-of-00008.parquet	000029	0.9414	train-00000-of-00008.parquet	000165
train-00004-of-00008.parquet	000030	0.8491	train-00000-of-00008.parquet	000275
train-00004-of-00008.parquet	000032	0.8637	train-00000-of-00008.parquet	000253
train-00004-of-00008.parquet	000033	0.9826	train-00000-of-00008.parquet	000242
train-00004-of-00008.parquet	000034	0.8918	train-00000-of-00008.parquet	000110
train-00004-of-00008.parquet	000035	0.9449	train-00000-of-00008.parquet	000187
train-00004-of-00008.parquet	000036	0.9347	train-00000-of-00008.parquet	000165
train-00004-of-00008.parquet	000037	0.8072	train-00000-of-00008.parquet	000121
train-00004-of-00008.parquet	000038	0.9330	train-00000-of-00008.parquet	000286
train-00004-of-00008.parquet	000039	0.7881	train-00000-of-00008.parquet	000231
train-00004-of-00008.parquet	000040	0.9804	train-00000-of-00008.parquet	000220
train-00004-of-00008.parquet	000041	0.9474	train-00000-of-00008.parquet	000165
train-00004-of-00008.parquet	000042	0.9063	train-00000-of-00008.parquet	000154
train-00004-of-00008.parquet	000043	0.9811	train-00000-of-00008.parquet	000363
train-00004-of-00008.parquet	000044	0.8650	train-00000-of-00008.parquet	000176
train-00004-of-00008.parquet	000045	0.9380	train-00000-of-00008.parquet	000242
train-00004-of-00008.parquet	000046	0.9346	train-00000-of-00008.parquet	000110
train-00004-of-00008.parquet	000047	0.9478	train-00000-of-00008.parquet	000187
train-00004-of-00008.parquet	000048	0.8762	train-00000-of-00008.parquet	000165
train-00004-of-00008.parquet	000049	0.7795	train-00000-of-00008.parquet	000297
train-00004-of-00008.parquet	000050	0.9581	train-00000-of-00008.parquet	000286
train-00004-of-00008.parquet	000051	0.8546	train-00000-of-00008.parquet	000231
train-00004-of-00008.parquet	000052	0.9834	train-00000-of-00008.parquet	000352
train-00004-of-00008.parquet	000053	0.9790	train-00000-of-00008.parquet	000165
train-00004-of-00008.parquet	000054	0.8672	train-00000-of-00008.parquet	000154
train-00004-of-00008.parquet	000055	0.9857	train-00000-of-00008.parquet	000363
train-00004-of-00008.parquet	000056	0.8112	train-00000-of-00008.parquet	000176
train-00004-of-00008.parquet	000057	0.9363	train-00000-of-00008.parquet	000209
train-00004-of-00008.parquet	000058	0.9361	train-00000-of-00008.parquet	000198
train-00004-of-00008.parquet	000059	0.9398	train-00000-of-00008.parquet	000275
train-00004-of-00008.parquet	000060	0.9485	train-00000-of-00008.parquet	000088
train-00004-of-00008.parquet	000061	0.8140	train-00000-of-00008.parquet	000297
train-00004-of-00008.parquet	000063	0.9161	train-00000-of-00008.parquet	000231
train-00004-of-00008.parquet	000064	0.9082	train-00000-of-00008.parquet	000187
train-00004-of-00008.parquet	000065	0.9440	train-00000-of-00008.parquet	000165
train-00004-of-00008.parquet	000066	0.8094	train-00000-of-00008.parquet	000374
train-00004-of-00008.parquet	000067	0.9098	train-00000-of-00008.parquet	000363
train-00004-of-00008.parquet	000068	0.7842	train-00000-of-00008.parquet	000176
train-00004-of-00008.parquet	000069	0.9676	train-00000-of-00008.parquet	000209
train-00004-of-00008.parquet	000070	0.9414	train-00000-of-00008.parquet	000165
train-00004-of-00008.parquet	000071	0.8551	train-00000-of-00008.parquet	000275
train-00004-of-00008.parquet	000073	0.8600	train-00000-of-00008.parquet	000253
train-00004-of-00008.parquet	000074	0.9883	train-00000-of-00008.parquet	000242
train-00004-of-00008.parquet	000075	0.8958	train-00000-of-00008.parquet	000110
train-00004-of-00008.parquet	000076	0.9449	train-00000-of-00008.parquet	000187
train-00004-of-00008.parquet	000077	0.9347	train-00000-of-00008.parquet	000165
train-00004-of-00008.parquet	000078	0.8116	train-00000-of-00008.parquet	000121
train-00004-of-00008.parquet	000079	0.9330	train-00000-of-00008.parquet	000286
train-00004-of-00008.parquet	000080	0.7881	train-00000-of-00008.parquet	000231
train-00004-of-00008.parquet	000081	0.9804	train-00000-of-00008.parquet	000220
train-00004-of-00008.parquet	000082	0.9385	train-00000-of-00008.parquet	000165
train-00004-of-00008.parquet	000083	0.9063	train-00000-of-00008.parquet	000154
train-00004-of-00008.parquet	000084	0.9811	train-00000-of-00008.parquet	000363
train-00004-of-00008.parquet	000085	0.8575	train-00000-of-00008.parquet	000176
train-00004-of-00008.parquet	000086	0.9380	train-00000-of-00008.parquet	000242
train-00004-of-00008.parquet	000087	0.9346	train-00000-of-00008.parquet	000110
train-00004-of-00008.parquet	000088	0.9478	train-00000-of-00008.parquet	000187
train-00004-of-00008.parquet	000089	0.8762	train-00000-of-00008.parquet	000165
train-00004-of-00008.parquet	000090	0.7795	train-00000-of-00008.parquet	000297
train-00004-of-00008.parquet	000091	0.9581	train-00000-of-00008.parquet	000286
train-00004-of-00008.parquet	000092	0.8584	train-00000-of-00008.parquet	000231
train-00004-of-00008.parquet	000093	0.9834	train-00000-of-00008.parquet	000352
train-00004-of-00008.parquet	000094	0.9753	train-00000-of-00008.parquet	000165
train-00004-of-00008.parquet	000095	0.8672	train-00000-of-00008.parquet	000154
train-00004-of-00008.parquet	000096	0.9857	train-00000-of-00008.parquet	000363
train-00004-of-00008.parquet	000097	0.8146	train-00000-of-00008.parquet	000176
train-00004-of-00008.parquet	000098	0.9280	train-00000-of-00008.parquet	000209
train-00004-of-00008.parquet	000099	0.9252	train-00000-of-00008.parquet	000066
train-00004-of-00008.parquet	000100	0.9314	train-00000-of-00008.parquet	000275
train-00004-of-00008.parquet	000101	0.9793	train-00000-of-00008.parquet	000088
train-00004-of-00008.parquet	000102	0.8700	train-00000-of-00008.parquet	000297
train-00004-of-00008.parquet	000103	0.9770	train-00000-of-00008.parquet	000242
train-00004-of-00008.parquet	000104	0.8696	train-00000-of-00008.parquet	000231
train-00004-of-00008.parquet	000105	0.9274	train-00000-of-00008.parquet	000187
train-00004-of-00008.parquet	000106	0.9458	train-00000-of-00008.parquet	000165
train-00004-of-00008.parquet	000107	0.8116	train-00000-of-00008.parquet	000374
train-00004-of-00008.parquet	000108	0.9098	train-00000-of-00008.parquet	000363
train-00004-of-00008.parquet	000109	0.7876	train-00000-of-00008.parquet	000176
train-00004-of-00008.parquet	000110	0.9676	train-00000-of-00008.parquet	000209
train-00004-of-00008.parquet	000111	0.9377	train-00000-of-00008.parquet	000165
train-00004-of-00008.parquet	000112	0.8491	train-00000-of-00008.parquet	000275
train-00004-of-00008.parquet	000114	0.8238	train-00000-of-00008.parquet	000253
train-00004-of-00008.parquet	000115	0.9826	train-00000-of-00008.parquet	000242
train-00004-of-00008.parquet	000116	0.8889	train-00000-of-00008.parquet	000110
train-00004-of-00008.parquet	000117	0.9478	train-00000-of-00008.parquet	000187
train-00004-of-00008.parquet	000118	0.8762	train-00000-of-00008.parquet	000165
train-00004-of-00008.parquet	000119	0.7685	train-00000-of-00008.parquet	000297
train-00004-of-00008.parquet	000120	0.9753	train-00000-of-00008.parquet	000286
train-00004-of-00008.parquet	000121	0.8941	train-00000-of-00008.parquet	000231
train-00004-of-00008.parquet	000122	0.9460	train-00000-of-00008.parquet	000352
train-00004-of-00008.parquet	000123	0.9679	train-00000-of-00008.parquet	000165
train-00004-of-00008.parquet	000124	0.8692	train-00000-of-00008.parquet	000374
train-00004-of-00008.parquet	000125	0.9776	train-00000-of-00008.parquet	000363
train-00004-of-00008.parquet	000126	0.7996	train-00000-of-00008.parquet	000176
train-00004-of-00008.parquet	000127	0.9393	train-00000-of-00008.parquet	000209
train-00004-of-00008.parquet	000128	0.9380	train-00000-of-00008.parquet	000198
train-00004-of-00008.parquet	000129	0.9393	train-00000-of-00008.parquet	000275
train-00004-of-00008.parquet	000130	0.9648	train-00000-of-00008.parquet	000088
train-00004-of-00008.parquet	000131	0.8348	train-00000-of-00008.parquet	000297
train-00004-of-00008.parquet	000132	0.9810	train-00000-of-00008.parquet	000286
train-00004-of-00008.parquet	000133	0.8772	train-00000-of-00008.parquet	000231
train-00004-of-00008.parquet	000134	0.9274	train-00000-of-00008.parquet	000187
train-00004-of-00008.parquet	000135	0.9505	train-00000-of-00008.parquet	000165
train-00004-of-00008.parquet	000136	0.8432	train-00000-of-00008.parquet	000374
train-00004-of-00008.parquet	000137	0.9444	train-00000-of-00008.parquet	000363
train-00004-of-00008.parquet	000138	0.7876	train-00000-of-00008.parquet	000176
train-00004-of-00008.parquet	000139	0.9676	train-00000-of-00008.parquet	000209
train-00004-of-00008.parquet	000140	0.9414	train-00000-of-00008.parquet	000165
train-00004-of-00008.parquet	000141	0.8491	train-00000-of-00008.parquet	000275
train-00004-of-00008.parquet	000143	0.8525	train-00000-of-00008.parquet	000253
train-00004-of-00008.parquet	000144	0.9826	train-00000-of-00008.parquet	000242
train-00004-of-00008.parquet	000145	0.8958	train-00000-of-00008.parquet	000110
train-00004-of-00008.parquet	000146	0.9449	train-00000-of-00008.parquet	000187
train-00004-of-00008.parquet	000147	0.9347	train-00000-of-00008.parquet	000165
train-00004-of-00008.parquet	000148	0.8027	train-00000-of-00008.parquet	000121
train-00004-of-00008.parquet	000149	0.9330	train-00000-of-00008.parquet	000286
train-00004-of-00008.parquet	000150	0.7848	train-00000-of-00008.parquet	000231
train-00004-of-00008.parquet	000151	0.9804	train-00000-of-00008.parquet	000220
train-00004-of-00008.parquet	000152	0.9474	train-00000-of-00008.parquet	000165
train-00004-of-00008.parquet	000153	0.9063	train-00000-of-00008.parquet	000154
train-00004-of-00008.parquet	000154	0.9811	train-00000-of-00008.parquet	000363
train-00004-of-00008.parquet	000155	0.8612	train-00000-of-00008.parquet	000176
train-00004-of-00008.parquet	000156	0.9380	train-00000-of-00008.parquet	000242
train-00004-of-00008.parquet	000157	0.9346	train-00000-of-00008.parquet	000110
train-00004-of-00008.parquet	000158	0.9478	train-00000-of-00008.parquet	000187
train-00004-of-00008.parquet	000159	0.8762	train-00000-of-00008.parquet	000165
train-00004-of-00008.parquet	000160	0.7725	train-00000-of-00008.parquet	000297
train-00004-of-00008.parquet	000161	0.9581	train-00000-of-00008.parquet	000286
train-00004-of-00008.parquet	000162	0.8546	train-00000-of-00008.parquet	000231
train-00004-of-00008.parquet	000163	0.9586	train-00000-of-00008.parquet	000352
train-00004-of-00008.parquet	000164	0.9713	train-00000-of-00008.parquet	000165
train-00004-of-00008.parquet	000165	0.8598	train-00000-of-00008.parquet	000374
train-00004-of-00008.parquet	000166	0.9776	train-00000-of-00008.parquet	000363
train-00004-of-00008.parquet	000167	0.8017	train-00000-of-00008.parquet	000176
train-00004-of-00008.parquet	000168	0.9531	train-00000-of-00008.parquet	000209
train-00004-of-00008.parquet	000169	0.9344	train-00000-of-00008.parquet	000066
train-00004-of-00008.parquet	000170	0.9314	train-00000-of-00008.parquet	000275
train-00004-of-00008.parquet	000171	0.9793	train-00000-of-00008.parquet	000088
train-00004-of-00008.parquet	000172	0.8700	train-00000-of-00008.parquet	000297
train-00004-of-00008.parquet	000173	0.9770	train-00000-of-00008.parquet	000242
train-00004-of-00008.parquet	000174	0.8696	train-00000-of-00008.parquet	000231
train-00004-of-00008.parquet	000175	0.9274	train-00000-of-00008.parquet	000187
train-00004-of-00008.parquet	000176	0.9458	train-00000-of-00008.parquet	000165
train-00004-of-00008.parquet	000177	0.8116	train-00000-of-00008.parquet	000374
train-00004-of-00008.parquet	000178	0.9098	train-00000-of-00008.parquet	000363
train-00004-of-00008.parquet	000179	0.7876	train-00000-of-00008.parquet	000176
train-00004-of-00008.parquet	000180	0.9676	train-00000-of-00008.parquet	000209
train-00004-of-00008.parquet	000181	0.9377	train-00000-of-00008.parquet	000165
train-00004-of-00008.parquet	000182	0.8491	train-00000-of-00008.parquet	000275
train-00004-of-00008.parquet	000184	0.8600	train-00000-of-00008.parquet	000253
train-00004-of-00008.parquet	000185	0.9826	train-00000-of-00008.parquet	000242
train-00004-of-00008.parquet	000186	0.8998	train-00000-of-00008.parquet	000110
train-00004-of-00008.parquet	000187	0.9449	train-00000-of-00008.parquet	000187
train-00004-of-00008.parquet	000188	0.9347	train-00000-of-00008.parquet	000165
train-00004-of-00008.parquet	000189	0.8027	train-00000-of-00008.parquet	000121
train-00004-of-00008.parquet	000190	0.9330	train-00000-of-00008.parquet	000286
train-00004-of-00008.parquet	000191	0.7799	train-00000-of-00008.parquet	000231
train-00004-of-00008.parquet	000192	0.9846	train-00000-of-00008.parquet	000220
train-00004-of-00008.parquet	000193	0.9403	train-00000-of-00008.parquet	000165
train-00004-of-00008.parquet	000194	0.8750	train-00000-of-00008.parquet	000154
train-00004-of-00008.parquet	000196	0.8835	train-00000-of-00008.parquet	000176
train-00004-of-00008.parquet	000197	0.9199	train-00000-of-00008.parquet	000242
train-00004-of-00008.parquet	000198	0.9310	train-00000-of-00008.parquet	000198
train-00004-of-00008.parquet	000199	0.9453	train-00000-of-00008.parquet	000275
train-00004-of-00008.parquet	000200	0.9369	train-00000-of-00008.parquet	000088
train-00004-of-00008.parquet	000201	0.8176	train-00000-of-00008.parquet	000297
train-00004-of-00008.parquet	000203	0.9203	train-00000-of-00008.parquet	000231
train-00004-of-00008.parquet	000204	0.9261	train-00000-of-00008.parquet	000352
train-00004-of-00008.parquet	000205	0.9621	train-00000-of-00008.parquet	000165
train-00004-of-00008.parquet	000206	0.8690	train-00000-of-00008.parquet	000374
train-00004-of-00008.parquet	000207	0.9696	train-00000-of-00008.parquet	000363
train-00004-of-00008.parquet	000208	0.7945	train-00000-of-00008.parquet	000176
train-00004-of-00008.parquet	000209	0.9854	train-00000-of-00008.parquet	000209
train-00004-of-00008.parquet	000210	0.9435	train-00000-of-00008.parquet	000066
train-00004-of-00008.parquet	000211	0.9165	train-00000-of-00008.parquet	000275
train-00004-of-00008.parquet	000213	0.8499	train-00000-of-00008.parquet	000297
train-00004-of-00008.parquet	000214	0.9583	train-00000-of-00008.parquet	000242
train-00004-of-00008.parquet	000215	0.8621	train-00000-of-00008.parquet	000110
train-00004-of-00008.parquet	000216	0.9260	train-00000-of-00008.parquet	000187
train-00004-of-00008.parquet	000217	0.9540	train-00000-of-00008.parquet	000165
train-00004-of-00008.parquet	000218	0.7912	train-00000-of-00008.parquet	000121
train-00004-of-00008.parquet	000219	0.9106	train-00000-of-00008.parquet	000286
train-00004-of-00008.parquet	000220	0.7627	train-00000-of-00008.parquet	000231
train-00004-of-00008.parquet	000221	0.9474	train-00000-of-00008.parquet	000077
train-00004-of-00008.parquet	000222	0.9474	train-00000-of-00008.parquet	000165
train-00004-of-00008.parquet	000223	0.9063	train-00000-of-00008.parquet	000154
train-00004-of-00008.parquet	000224	0.9811	train-00000-of-00008.parquet	000363
train-00004-of-00008.parquet	000225	0.8612	train-00000-of-00008.parquet	000176
train-00004-of-00008.parquet	000226	0.9380	train-00000-of-00008.parquet	000242
train-00004-of-00008.parquet	000227	0.9308	train-00000-of-00008.parquet	000110
train-00004-of-00008.parquet	000228	0.9170	train-00000-of-00008.parquet	000187
train-00004-of-00008.parquet	000229	0.9369	train-00000-of-00008.parquet	000088
train-00004-of-00008.parquet	000230	0.8176	train-00000-of-00008.parquet	000297
train-00004-of-00008.parquet	000232	0.9203	train-00000-of-00008.parquet	000231
train-00004-of-00008.parquet	000233	0.9261	train-00000-of-00008.parquet	000352
train-00004-of-00008.parquet	000234	0.9621	train-00000-of-00008.parquet	000165
train-00004-of-00008.parquet	000235	0.8690	train-00000-of-00008.parquet	000374
train-00004-of-00008.parquet	000236	0.9696	train-00000-of-00008.parquet	000363
train-00004-of-00008.parquet	000237	0.7979	train-00000-of-00008.parquet	000176
train-00004-of-00008.parquet	000238	0.9854	train-00000-of-00008.parquet	000209
train-00004-of-00008.parquet	000239	0.9472	train-00000-of-00008.parquet	000066
train-00004-of-00008.parquet	000240	0.9165	train-00000-of-00008.parquet	000275
train-00004-of-00008.parquet	000242	0.8857	train-00000-of-00008.parquet	000297
train-00004-of-00008.parquet	000243	0.9848	train-00000-of-00008.parquet	000242
train-00004-of-00008.parquet	000244	0.8621	train-00000-of-00008.parquet	000110
train-00004-of-00008.parquet	000245	0.9260	train-00000-of-00008.parquet	000187
train-00004-of-00008.parquet	000246	0.9540	train-00000-of-00008.parquet	000165
train-00004-of-00008.parquet	000247	0.7956	train-00000-of-00008.parquet	000121
train-00004-of-00008.parquet	000248	0.9106	train-00000-of-00008.parquet	000286
train-00004-of-00008.parquet	000249	0.7627	train-00000-of-00008.parquet	000231
train-00004-of-00008.parquet	000250	0.9466	train-00000-of-00008.parquet	000209
train-00004-of-00008.parquet	000251	0.9359	train-00000-of-00008.parquet	000165
train-00004-of-00008.parquet	000252	0.8545	train-00000-of-00008.parquet	000154
train-00004-of-00008.parquet	000254	0.8813	train-00000-of-00008.parquet	000253
train-00004-of-00008.parquet	000255	0.9540	train-00000-of-00008.parquet	000242
train-00004-of-00008.parquet	000256	0.9155	train-00000-of-00008.parquet	000110
train-00004-of-00008.parquet	000257	0.9376	train-00000-of-00008.parquet	000187
train-00004-of-00008.parquet	000258	0.8962	train-00000-of-00008.parquet	000165
train-00004-of-00008.parquet	000259	0.7672	train-00000-of-00008.parquet	000121
train-00004-of-00008.parquet	000260	0.9658	train-00000-of-00008.parquet	000286
train-00004-of-00008.parquet	000261	0.8929	train-00000-of-00008.parquet	000231
train-00004-of-00008.parquet	000262	0.9462	train-00000-of-00008.parquet	000352
train-00004-of-00008.parquet	000263	0.9716	train-00000-of-00008.parquet	000165
train-00004-of-00008.parquet	000264	0.8672	train-00000-of-00008.parquet	000154
train-00004-of-00008.parquet	000265	0.9857	train-00000-of-00008.parquet	000363
train-00004-of-00008.parquet	000266	0.8146	train-00000-of-00008.parquet	000176
train-00004-of-00008.parquet	000267	0.9363	train-00000-of-00008.parquet	000209
train-00004-of-00008.parquet	000268	0.9361	train-00000-of-00008.parquet	000198
train-00004-of-00008.parquet	000269	0.9398	train-00000-of-00008.parquet	000275
train-00004-of-00008.parquet	000270	0.9485	train-00000-of-00008.parquet	000088
train-00004-of-00008.parquet	000271	0.8176	train-00000-of-00008.parquet	000297
train-00004-of-00008.parquet	000273	0.9203	train-00000-of-00008.parquet	000231
train-00004-of-00008.parquet	000274	0.9261	train-00000-of-00008.parquet	000352
train-00004-of-00008.parquet	000275	0.9621	train-00000-of-00008.parquet	000165
train-00004-of-00008.parquet	000276	0.8690	train-00000-of-00008.parquet	000374
train-00004-of-00008.parquet	000277	0.9696	train-00000-of-00008.parquet	000363
train-00004-of-00008.parquet	000278	0.7945	train-00000-of-00008.parquet	000176
train-00004-of-00008.parquet	000279	0.9854	train-00000-of-00008.parquet	000209
train-00004-of-00008.parquet	000280	0.9435	train-00000-of-00008.parquet	000066
train-00004-of-00008.parquet	000281	0.9165	train-00000-of-00008.parquet	000275
train-00004-of-00008.parquet	000283	0.8778	train-00000-of-00008.parquet	000297
train-00004-of-00008.parquet	000284	0.9848	train-00000-of-00008.parquet	000242
train-00004-of-00008.parquet	000285	0.8621	train-00000-of-00008.parquet	000110
train-00004-of-00008.parquet	000286	0.9260	train-00000-of-00008.parquet	000187
train-00004-of-00008.parquet	000287	0.9540	train-00000-of-00008.parquet	000165
train-00004-of-00008.parquet	000288	0.7956	train-00000-of-00008.parquet	000121
train-00004-of-00008.parquet	000289	0.9106	train-00000-of-00008.parquet	000286
train-00004-of-00008.parquet	000290	0.7660	train-00000-of-00008.parquet	000231
train-00004-of-00008.parquet	000291	0.9466	train-00000-of-00008.parquet	000209
train-00004-of-00008.parquet	000292	0.9323	train-00000-of-00008.parquet	000165
train-00004-of-00008.parquet	000293	0.8545	train-00000-of-00008.parquet	000154
train-00004-of-00008.parquet	000295	0.8891	train-00000-of-00008.parquet	000253
train-00004-of-00008.parquet	000296	0.9540	train-00000-of-00008.parquet	000242
train-00004-of-00008.parquet	000297	0.9155	train-00000-of-00008.parquet	000110
train-00004-of-00008.parquet	000298	0.9455	train-00000-of-00008.parquet	000264
train-00004-of-00008.parquet	000299	0.9195	train-00000-of-00008.parquet	000088
train-00004-of-00008.parquet	000300	0.7935	train-00000-of-00008.parquet	000297
train-00004-of-00008.parquet	000301	0.9658	train-00000-of-00008.parquet	000286
train-00004-of-00008.parquet	000302	0.8869	train-00000-of-00008.parquet	000231
train-00004-of-00008.parquet	000303	0.9462	train-00000-of-00008.parquet	000352
train-00004-of-00008.parquet	000304	0.9716	train-00000-of-00008.parquet	000165
train-00004-of-00008.parquet	000305	0.8672	train-00000-of-00008.parquet	000154
train-00004-of-00008.parquet	000306	0.9857	train-00000-of-00008.parquet	000363
train-00004-of-00008.parquet	000307	0.8146	train-00000-of-00008.parquet	000176
train-00004-of-00008.parquet	000308	0.9363	train-00000-of-00008.parquet	000209
train-00004-of-00008.parquet	000309	0.9437	train-00000-of-00008.parquet	000198
train-00004-of-00008.parquet	000310	0.9398	train-00000-of-00008.parquet	000275
train-00004-of-00008.parquet	000311	0.9485	train-00000-of-00008.parquet	000088
train-00004-of-00008.parquet	000312	0.8140	train-00000-of-00008.parquet	000297
train-00004-of-00008.parquet	000314	0.9203	train-00000-of-00008.parquet	000231
train-00004-of-00008.parquet	000315	0.9261	train-00000-of-00008.parquet	000352
train-00004-of-00008.parquet	000316	0.9639	train-00000-of-00008.parquet	000165
train-00004-of-00008.parquet	000317	0.8713	train-00000-of-00008.parquet	000374
train-00004-of-00008.parquet	000318	0.9696	train-00000-of-00008.parquet	000363
train-00004-of-00008.parquet	000319	0.7979	train-00000-of-00008.parquet	000176
train-00004-of-00008.parquet	000320	0.9854	train-00000-of-00008.parquet	000209
train-00004-of-00008.parquet	000321	0.9472	train-00000-of-00008.parquet	000066
train-00004-of-00008.parquet	000322	0.9165	train-00000-of-00008.parquet	000275
train-00004-of-00008.parquet	000324	0.8817	train-00000-of-00008.parquet	000297
train-00004-of-00008.parquet	000325	0.9848	train-00000-of-00008.parquet	000242
train-00004-of-00008.parquet	000326	0.8584	train-00000-of-00008.parquet	000110
train-00004-of-00008.parquet	000327	0.9260	train-00000-of-00008.parquet	000187
train-00004-of-00008.parquet	000328	0.9540	train-00000-of-00008.parquet	000165
train-00004-of-00008.parquet	000329	0.7912	train-00000-of-00008.parquet	000121
train-00004-of-00008.parquet	000330	0.9106	train-00000-of-00008.parquet	000286
train-00004-of-00008.parquet	000331	0.7660	train-00000-of-00008.parquet	000231
train-00004-of-00008.parquet	000332	0.9466	train-00000-of-00008.parquet	000209
train-00004-of-00008.parquet	000333	0.9287	train-00000-of-00008.parquet	000165
train-00004-of-00008.parquet	000334	0.8545	train-00000-of-00008.parquet	000154
train-00004-of-00008.parquet	000336	0.8852	train-00000-of-00008.parquet	000253
train-00004-of-00008.parquet	000337	0.9540	train-00000-of-00008.parquet	000242
train-00004-of-00008.parquet	000338	0.9192	train-00000-of-00008.parquet	000110
train-00004-of-00008.parquet	000339	0.9376	train-00000-of-00008.parquet	000187
train-00004-of-00008.parquet	000340	0.8962	train-00000-of-00008.parquet	000165
train-00004-of-00008.parquet	000341	0.8014	train-00000-of-00008.parquet	000121
train-00004-of-00008.parquet	000342	0.9504	train-00000-of-00008.parquet	000286
train-00004-of-00008.parquet	000343	0.8355	train-00000-of-00008.parquet	000231
train-00004-of-00008.parquet	000344	0.9768	train-00000-of-00008.parquet	000352
train-00004-of-00008.parquet	000345	0.9623	train-00000-of-00008.parquet	000165
train-00004-of-00008.parquet	000346	0.8804	train-00000-of-00008.parquet	000154
train-00004-of-00008.parquet	000347	0.9941	train-00000-of-00008.parquet	000363
train-00004-of-00008.parquet	000348	0.8452	train-00000-of-00008.parquet	000176
train-00004-of-00008.parquet	000349	0.9246	train-00000-of-00008.parquet	000209
train-00004-of-00008.parquet	000350	0.9354	train-00000-of-00008.parquet	000198
train-00004-of-00008.parquet	000351	0.9398	train-00000-of-00008.parquet	000275
train-00004-of-00008.parquet	000352	0.9369	train-00000-of-00008.parquet	000088
train-00004-of-00008.parquet	000353	0.8176	train-00000-of-00008.parquet	000297
train-00004-of-00008.parquet	000355	0.9161	train-00000-of-00008.parquet	000231
train-00004-of-00008.parquet	000356	0.9261	train-00000-of-00008.parquet	000352
train-00004-of-00008.parquet	000357	0.9621	train-00000-of-00008.parquet	000165
train-00004-of-00008.parquet	000358	0.7263	train-00000-of-00008.parquet	000374
train-00004-of-00008.parquet	000359	0.9106	train-00000-of-00008.parquet	000286
train-00004-of-00008.parquet	000360	0.3392	train-00000-of-00008.parquet	000066
train-00004-of-00008.parquet	000361	0.8014	train-00000-of-00008.parquet	000121
train-00004-of-00008.parquet	000362	0.9504	train-00000-of-00008.parquet	000286
train-00004-of-00008.parquet	000363	0.8319	train-00000-of-00008.parquet	000231
train-00004-of-00008.parquet	000364	0.9768	train-00000-of-00008.parquet	000352
train-00004-of-00008.parquet	000365	0.9660	train-00000-of-00008.parquet	000165
train-00004-of-00008.parquet	000366	0.8804	train-00000-of-00008.parquet	000154
train-00004-of-00008.parquet	000367	0.9941	train-00000-of-00008.parquet	000363
train-00004-of-00008.parquet	000368	0.8452	train-00000-of-00008.parquet	000176
train-00004-of-00008.parquet	000369	0.9246	train-00000-of-00008.parquet	000209
train-00004-of-00008.parquet	000370	0.9316	train-00000-of-00008.parquet	000198
train-00004-of-00008.parquet	000371	0.9398	train-00000-of-00008.parquet	000275
train-00004-of-00008.parquet	000372	0.9369	train-00000-of-00008.parquet	000088
train-00004-of-00008.parquet	000373	0.8140	train-00000-of-00008.parquet	000297
train-00004-of-00008.parquet	000375	0.9203	train-00000-of-00008.parquet	000231
train-00004-of-00008.parquet	000376	0.9261	train-00000-of-00008.parquet	000352
train-00004-of-00008.parquet	000377	0.9639	train-00000-of-00008.parquet	000165
train-00004-of-00008.parquet	000378	0.8713	train-00000-of-00008.parquet	000374
train-00004-of-00008.parquet	000379	0.9696	train-00000-of-00008.parquet	000363
train-00004-of-00008.parquet	000380	0.7979	train-00000-of-00008.parquet	000176
train-00004-of-00008.parquet	000381	0.9854	train-00000-of-00008.parquet	000209
train-00004-of-00008.parquet	000382	0.9435	train-00000-of-00008.parquet	000066
train-00004-of-00008.parquet	000383	0.9165	train-00000-of-00008.parquet	000275
train-00004-of-00008.parquet	000385	0.8778	train-00000-of-00008.parquet	000297
train-00004-of-00008.parquet	000386	0.9848	train-00000-of-00008.parquet	000242
train-00004-of-00008.parquet	000387	0.8584	train-00000-of-00008.parquet	000110
train-00004-of-00008.parquet	000388	0.9260	train-00000-of-00008.parquet	000187
train-00004-of-00008.parquet	000389	0.9540	train-00000-of-00008.parquet	000165
train-00004-of-00008.parquet	000390	0.7912	train-00000-of-00008.parquet	000121
train-00004-of-00008.parquet	000391	0.9106	train-00000-of-00008.parquet	000286
train-00004-of-00008.parquet	000392	0.7595	train-00000-of-00008.parquet	000231
train-00004-of-00008.parquet	000393	0.9466	train-00000-of-00008.parquet	000209
train-00004-of-00008.parquet	000394	0.9359	train-00000-of-00008.parquet	000165
train-00004-of-00008.parquet	000395	0.8545	train-00000-of-00008.parquet	000154
train-00004-of-00008.parquet	000397	0.8891	train-00000-of-00008.parquet	000253
train-00004-of-00008.parquet	000398	0.9540	train-00000-of-00008.parquet	000242
train-00004-of-00008.parquet	000399	0.9155	train-00000-of-00008.parquet	000110
train-00004-of-00008.parquet	000400	0.9376	train-00000-of-00008.parquet	000187
train-00004-of-00008.parquet	000401	0.8962	train-00000-of-00008.parquet	000165
train-00004-of-00008.parquet	000402	0.8071	train-00000-of-00008.parquet	000121
train-00004-of-00008.parquet	000403	0.9504	train-00000-of-00008.parquet	000286
train-00004-of-00008.parquet	000404	0.8355	train-00000-of-00008.parquet	000231
train-00004-of-00008.parquet	000405	0.9768	train-00000-of-00008.parquet	000352
train-00004-of-00008.parquet	000406	0.9623	train-00000-of-00008.parquet	000165
train-00004-of-00008.parquet	000407	0.8804	train-00000-of-00008.parquet	000154
train-00004-of-00008.parquet	000408	0.9941	train-00000-of-00008.parquet	000363
train-00004-of-00008.parquet	000409	0.8488	train-00000-of-00008.parquet	000176
train-00004-of-00008.parquet	000410	0.9246	train-00000-of-00008.parquet	000209
train-00004-of-00008.parquet	000411	0.9316	train-00000-of-00008.parquet	000198
train-00004-of-00008.parquet	000412	0.9398	train-00000-of-00008.parquet	000275
train-00004-of-00008.parquet	000413	0.9369	train-00000-of-00008.parquet	000088
train-00004-of-00008.parquet	000414	0.8176	train-00000-of-00008.parquet	000297
train-00004-of-00008.parquet	000416	0.9203	train-00000-of-00008.parquet	000231
train-00004-of-00008.parquet	000417	0.9261	train-00000-of-00008.parquet	000352
train-00004-of-00008.parquet	000418	0.9639	train-00000-of-00008.parquet	000165
train-00004-of-00008.parquet	000419	0.8713	train-00000-of-00008.parquet	000374
train-00004-of-00008.parquet	000420	0.9696	train-00000-of-00008.parquet	000363
train-00004-of-00008.parquet	000421	0.7945	train-00000-of-00008.parquet	000176
train-00004-of-00008.parquet	000422	0.9854	train-00000-of-00008.parquet	000209
train-00004-of-00008.parquet	000423	0.9472	train-00000-of-00008.parquet	000066
train-00004-of-00008.parquet	000424	0.9165	train-00000-of-00008.parquet	000275
train-00004-of-00008.parquet	000426	0.8817	train-00000-of-00008.parquet	000297
train-00004-of-00008.parquet	000427	0.9848	train-00000-of-00008.parquet	000242
train-00004-of-00008.parquet	000428	0.8584	train-00000-of-00008.parquet	000110
train-00004-of-00008.parquet	000429	0.9260	train-00000-of-00008.parquet	000187
train-00004-of-00008.parquet	000430	0.9540	train-00000-of-00008.parquet	000165
train-00004-of-00008.parquet	000431	0.7912	train-00000-of-00008.parquet	000121
train-00004-of-00008.parquet	000432	0.9106	train-00000-of-00008.parquet	000286
train-00004-of-00008.parquet	000433	0.7627	train-00000-of-00008.parquet	000231
train-00004-of-00008.parquet	000434	0.9505	train-00000-of-00008.parquet	000209
train-00004-of-00008.parquet	000435	0.9323	train-00000-of-00008.parquet	000165
train-00004-of-00008.parquet	000436	0.8545	train-00000-of-00008.parquet	000154
train-00004-of-00008.parquet	000438	0.8852	train-00000-of-00008.parquet	000253
train-00004-of-00008.parquet	000439	0.9540	train-00000-of-00008.parquet	000242
train-00004-of-00008.parquet	000440	0.9155	train-00000-of-00008.parquet	000110
train-00004-of-00008.parquet	000441	0.9455	train-00000-of-00008.parquet	000264
train-00004-of-00008.parquet	000442	0.9195	train-00000-of-00008.parquet	000088
train-00004-of-00008.parquet	000443	0.8004	train-00000-of-00008.parquet	000297
train-00004-of-00008.parquet	000444	0.9658	train-00000-of-00008.parquet	000286
train-00004-of-00008.parquet	000445	0.8889	train-00000-of-00008.parquet	000231
train-00004-of-00008.parquet	000446	0.9462	train-00000-of-00008.parquet	000352
train-00004-of-00008.parquet	000447	0.9753	train-00000-of-00008.parquet	000165
train-00004-of-00008.parquet	000448	0.8672	train-00000-of-00008.parquet	000154
train-00004-of-00008.parquet	000449	0.9857	train-00000-of-00008.parquet	000363
train-00004-of-00008.parquet	000450	0.8112	train-00000-of-00008.parquet	000176
train-00004-of-00008.parquet	000451	0.9421	train-00000-of-00008.parquet	000209
train-00004-of-00008.parquet	000452	0.9399	train-00000-of-00008.parquet	000198
train-00004-of-00008.parquet	000453	0.9398	train-00000-of-00008.parquet	000275
train-00004-of-00008.parquet	000454	0.9485	train-00000-of-00008.parquet	000088
train-00004-of-00008.parquet	000455	0.8087	train-00000-of-00008.parquet	000297
train-00004-of-00008.parquet	000457	0.9120	train-00000-of-00008.parquet	000231
train-00004-of-00008.parquet	000458	0.9261	train-00000-of-00008.parquet	000352
train-00004-of-00008.parquet	000459	0.9603	train-00000-of-00008.parquet	000165
train-00004-of-00008.parquet	000460	0.8320	train-00000-of-00008.parquet	000374
train-00004-of-00008.parquet	000461	0.9444	train-00000-of-00008.parquet	000363
train-00004-of-00008.parquet	000462	0.7876	train-00000-of-00008.parquet	000176
train-00004-of-00008.parquet	000463	0.9676	train-00000-of-00008.parquet	000209
train-00004-of-00008.parquet	000464	0.9359	train-00000-of-00008.parquet	000165
train-00004-of-00008.parquet	000465	0.8140	train-00000-of-00008.parquet	000275
train-00004-of-00008.parquet	000467	0.8525	train-00000-of-00008.parquet	000253
train-00004-of-00008.parquet	000468	0.9826	train-00000-of-00008.parquet	000242
train-00004-of-00008.parquet	000469	0.9020	train-00000-of-00008.parquet	000198
train-00004-of-00008.parquet	000470	0.9449	train-00000-of-00008.parquet	000187
train-00004-of-00008.parquet	000471	0.9347	train-00000-of-00008.parquet	000165
train-00004-of-00008.parquet	000472	0.8005	train-00000-of-00008.parquet	000121
train-00004-of-00008.parquet	000473	0.9330	train-00000-of-00008.parquet	000286
train-00004-of-00008.parquet	000474	0.7782	train-00000-of-00008.parquet	000231
train-00004-of-00008.parquet	000475	0.9804	train-00000-of-00008.parquet	000220
train-00004-of-00008.parquet	000476	0.9474	train-00000-of-00008.parquet	000165
train-00004-of-00008.parquet	000477	0.9063	train-00000-of-00008.parquet	000154
train-00004-of-00008.parquet	000478	0.9811	train-00000-of-00008.parquet	000363
train-00004-of-00008.parquet	000479	0.8650	train-00000-of-00008.parquet	000176
train-00004-of-00008.parquet	000480	0.9380	train-00000-of-00008.parquet	000242
train-00004-of-00008.parquet	000481	0.9346	train-00000-of-00008.parquet	000110
train-00004-of-00008.parquet	000482	0.9533	train-00000-of-00008.parquet	000187
train-00004-of-00008.parquet	000483	0.8762	train-00000-of-00008.parquet	000165
train-00004-of-00008.parquet	000484	0.7760	train-00000-of-00008.parquet	000297
train-00004-of-00008.parquet	000485	0.9581	train-00000-of-00008.parquet	000286
train-00004-of-00008.parquet	000486	0.8546	train-00000-of-00008.parquet	000231
train-00004-of-00008.parquet	000487	0.9834	train-00000-of-00008.parquet	000352
train-00004-of-00008.parquet	000488	0.9753	train-00000-of-00008.parquet	000165
train-00004-of-00008.parquet	000489	0.8672	train-00000-of-00008.parquet	000154
train-00004-of-00008.parquet	000490	0.9857	train-00000-of-00008.parquet	000363
train-00004-of-00008.parquet	000491	0.8079	train-00000-of-00008.parquet	000176
train-00004-of-00008.parquet	000492	0.9363	train-00000-of-00008.parquet	000209
train-00004-of-00008.parquet	000493	0.9361	train-00000-of-00008.parquet	000198
train-00004-of-00008.parquet	000494	0.9398	train-00000-of-00008.parquet	000275
train-00004-of-00008.parquet	000495	0.9485	train-00000-of-00008.parquet	000088
train-00004-of-00008.parquet	000496	0.8176	train-00000-of-00008.parquet	000297
train-00004-of-00008.parquet	000498	0.9203	train-00000-of-00008.parquet	000231
train-00004-of-00008.parquet	000499	0.9261	train-00000-of-00008.parquet	000352
train-00004-of-00008.parquet	000500	0.9639	train-00000-of-00008.parquet	000165
train-00004-of-00008.parquet	000501	0.8713	train-00000-of-00008.parquet	000374
train-00004-of-00008.parquet	000502	0.9696	train-00000-of-00008.parquet	000363
train-00004-of-00008.parquet	000503	0.7945	train-00000-of-00008.parquet	000176
train-00004-of-00008.parquet	000504	0.9854	train-00000-of-00008.parquet	000209
train-00004-of-00008.parquet	000505	0.9435	train-00000-of-00008.parquet	000066
train-00004-of-00008.parquet	000506	0.9165	train-00000-of-00008.parquet	000275
train-00004-of-00008.parquet	000508	0.8817	train-00000-of-00008.parquet	000297
train-00004-of-00008.parquet	000509	0.9848	train-00000-of-00008.parquet	000242
train-00004-of-00008.parquet	000510	0.8584	train-00000-of-00008.parquet	000110
train-00004-of-00008.parquet	000511	0.9260	train-00000-of-00008.parquet	000187
train-00004-of-00008.parquet	000512	0.9540	train-00000-of-00008.parquet	000165
train-00004-of-00008.parquet	000513	0.7956	train-00000-of-00008.parquet	000121
train-00004-of-00008.parquet	000514	0.9106	train-00000-of-00008.parquet	000286
train-00004-of-00008.parquet	000515	0.7660	train-00000-of-00008.parquet	000231
train-00004-of-00008.parquet	000516	0.9466	train-00000-of-00008.parquet	000209
train-00004-of-00008.parquet	000517	0.9359	train-00000-of-00008.parquet	000165
train-00004-of-00008.parquet	000518	0.8545	train-00000-of-00008.parquet	000154
train-00004-of-00008.parquet	000520	0.8852	train-00000-of-00008.parquet	000253
train-00004-of-00008.parquet	000521	0.9540	train-00000-of-00008.parquet	000242
train-00004-of-00008.parquet	000522	0.9100	train-00000-of-00008.parquet	000110
train-00004-of-00008.parquet	000523	0.9376	train-00000-of-00008.parquet	000187
train-00004-of-00008.parquet	000524	0.8962	train-00000-of-00008.parquet	000165
train-00004-of-00008.parquet	000525	0.7976	train-00000-of-00008.parquet	000121
train-00004-of-00008.parquet	000526	0.9504	train-00000-of-00008.parquet	000286
train-00004-of-00008.parquet	000527	0.8355	train-00000-of-00008.parquet	000231
train-00004-of-00008.parquet	000528	0.9768	train-00000-of-00008.parquet	000352
train-00004-of-00008.parquet	000529	0.9623	train-00000-of-00008.parquet	000165
train-00004-of-00008.parquet	000530	0.8804	train-00000-of-00008.parquet	000154
train-00004-of-00008.parquet	000531	0.9941	train-00000-of-00008.parquet	000363
train-00004-of-00008.parquet	000532	0.8488	train-00000-of-00008.parquet	000176
train-00004-of-00008.parquet	000533	0.9246	train-00000-of-00008.parquet	000209
train-00004-of-00008.parquet	000534	0.9316	train-00000-of-00008.parquet	000198
train-00004-of-00008.parquet	000535	0.9398	train-00000-of-00008.parquet	000275
train-00004-of-00008.parquet	000536	0.9369	train-00000-of-00008.parquet	000088
train-00004-of-00008.parquet	000537	0.8140	train-00000-of-00008.parquet	000297
train-00004-of-00008.parquet	000539	0.9203	train-00000-of-00008.parquet	000231
train-00004-of-00008.parquet	000540	0.9261	train-00000-of-00008.parquet	000352
train-00004-of-00008.parquet	000541	0.9639	train-00000-of-00008.parquet	000165
train-00004-of-00008.parquet	000542	0.8713	train-00000-of-00008.parquet	000374
train-00004-of-00008.parquet	000543	0.9696	train-00000-of-00008.parquet	000363
train-00004-of-00008.parquet	000544	0.7945	train-00000-of-00008.parquet	000176
train-00004-of-00008.parquet	000545	0.9854	train-00000-of-00008.parquet	000209
train-00004-of-00008.parquet	000546	0.9472	train-00000-of-00008.parquet	000066
train-00004-of-00008.parquet	000547	0.9165	train-00000-of-00008.parquet	000275
train-00004-of-00008.parquet	000549	0.8778	train-00000-of-00008.parquet	000297
train-00004-of-00008.parquet	000550	0.9848	train-00000-of-00008.parquet	000242
train-00004-of-00008.parquet	000551	0.8621	train-00000-of-00008.parquet	000110
train-00004-of-00008.parquet	000552	0.9260	train-00000-of-00008.parquet	000187
train-00004-of-00008.parquet	000553	0.9540	train-00000-of-00008.parquet	000165
train-00004-of-00008.parquet	000554	0.7847	train-00000-of-00008.parquet	000121
train-00004-of-00008.parquet	000555	0.9106	train-00000-of-00008.parquet	000286
train-00004-of-00008.parquet	000556	0.7660	train-00000-of-00008.parquet	000231
train-00004-of-00008.parquet	000557	0.9466	train-00000-of-00008.parquet	000209
train-00004-of-00008.parquet	000558	0.9359	train-00000-of-00008.parquet	000165
train-00004-of-00008.parquet	000559	0.8545	train-00000-of-00008.parquet	000154
train-00004-of-00008.parquet	000561	0.8891	train-00000-of-00008.parquet	000253
train-00004-of-00008.parquet	000562	0.9540	train-00000-of-00008.parquet	000242
train-00004-of-00008.parquet	000563	0.9155	train-00000-of-00008.parquet	000110
train-00004-of-00008.parquet	000564	0.9431	train-00000-of-00008.parquet	000187
train-00004-of-00008.parquet	000565	0.8962	train-00000-of-00008.parquet	000165
train-00004-of-00008.parquet	000566	0.8014	train-00000-of-00008.parquet	000121
train-00004-of-00008.parquet	000567	0.9504	train-00000-of-00008.parquet	000286
train-00004-of-00008.parquet	000568	0.8319	train-00000-of-00008.parquet	000231
train-00004-of-00008.parquet	000569	0.9768	train-00000-of-00008.parquet	000352
train-00004-of-00008.parquet	000570	0.9623	train-00000-of-00008.parquet	000165
train-00004-of-00008.parquet	000571	0.8804	train-00000-of-00008.parquet	000154
train-00004-of-00008.parquet	000572	0.9941	train-00000-of-00008.parquet	000363
train-00004-of-00008.parquet	000573	0.8415	train-00000-of-00008.parquet	000176
train-00004-of-00008.parquet	000574	0.9246	train-00000-of-00008.parquet	000209
train-00004-of-00008.parquet	000575	0.9316	train-00000-of-00008.parquet	000198
train-00004-of-00008.parquet	000576	0.9398	train-00000-of-00008.parquet	000275
train-00004-of-00008.parquet	000577	0.9369	train-00000-of-00008.parquet	000088
train-00004-of-00008.parquet	000578	0.8176	train-00000-of-00008.parquet	000297
train-00004-of-00008.parquet	000580	0.9161	train-00000-of-00008.parquet	000231
train-00004-of-00008.parquet	000581	0.9261	train-00000-of-00008.parquet	000352
train-00004-of-00008.parquet	000582	0.9603	train-00000-of-00008.parquet	000165
train-00004-of-00008.parquet	000583	0.8667	train-00000-of-00008.parquet	000374
train-00004-of-00008.parquet	000584	0.9696	train-00000-of-00008.parquet	000363
train-00004-of-00008.parquet	000585	0.7911	train-00000-of-00008.parquet	000176
train-00004-of-00008.parquet	000586	0.9589	train-00000-of-00008.parquet	000209
train-00004-of-00008.parquet	000587	0.9377	train-00000-of-00008.parquet	000165
train-00004-of-00008.parquet	000588	0.8491	train-00000-of-00008.parquet	000275
train-00004-of-00008.parquet	000590	0.8525	train-00000-of-00008.parquet	000253
train-00004-of-00008.parquet	000591	0.9676	train-00000-of-00008.parquet	000242
train-00004-of-00008.parquet	000592	0.9078	train-00000-of-00008.parquet	000110
train-00004-of-00008.parquet	000593	0.9430	train-00000-of-00008.parquet	000187
train-00004-of-00008.parquet	000594	0.9134	train-00000-of-00008.parquet	000165
train-00004-of-00008.parquet	000595	0.8490	train-00000-of-00008.parquet	000121
train-00004-of-00008.parquet	000596	0.9464	train-00000-of-00008.parquet	000286
train-00004-of-00008.parquet	000597	0.8257	train-00000-of-00008.parquet	000231
train-00004-of-00008.parquet	000598	0.9851	train-00000-of-00008.parquet	000220
train-00004-of-00008.parquet	000599	0.9481	train-00000-of-00008.parquet	000165
train-00004-of-00008.parquet	000600	0.9008	train-00000-of-00008.parquet	000154
train-00004-of-00008.parquet	000602	0.8835	train-00000-of-00008.parquet	000176
train-00004-of-00008.parquet	000603	0.9199	train-00000-of-00008.parquet	000242
train-00004-of-00008.parquet	000604	0.9348	train-00000-of-00008.parquet	000198
train-00004-of-00008.parquet	000605	0.9398	train-00000-of-00008.parquet	000275
train-00004-of-00008.parquet	000606	0.9369	train-00000-of-00008.parquet	000088
train-00004-of-00008.parquet	000607	0.8140	train-00000-of-00008.parquet	000297
train-00004-of-00008.parquet	000609	0.9099	train-00000-of-00008.parquet	000231
train-00004-of-00008.parquet	000610	0.9261	train-00000-of-00008.parquet	000352
train-00004-of-00008.parquet	000611	0.9621	train-00000-of-00008.parquet	000165
train-00004-of-00008.parquet	000612	0.8690	train-00000-of-00008.parquet	000374
train-00004-of-00008.parquet	000613	0.9696	train-00000-of-00008.parquet	000363
train-00004-of-00008.parquet	000614	0.7945	train-00000-of-00008.parquet	000176
train-00004-of-00008.parquet	000615	0.9854	train-00000-of-00008.parquet	000209
train-00004-of-00008.parquet	000616	0.9435	train-00000-of-00008.parquet	000066
train-00004-of-00008.parquet	000617	0.9165	train-00000-of-00008.parquet	000275
train-00004-of-00008.parquet	000619	0.8817	train-00000-of-00008.parquet	000297
train-00004-of-00008.parquet	000620	0.9848	train-00000-of-00008.parquet	000242
train-00004-of-00008.parquet	000621	0.8621	train-00000-of-00008.parquet	000110
train-00004-of-00008.parquet	000622	0.9256	train-00000-of-00008.parquet	000264
train-00004-of-00008.parquet	000623	0.9347	train-00000-of-00008.parquet	000165
train-00004-of-00008.parquet	000624	0.7912	train-00000-of-00008.parquet	000121
train-00004-of-00008.parquet	000625	0.9426	train-00000-of-00008.parquet	000286
train-00004-of-00008.parquet	000626	0.8178	train-00000-of-00008.parquet	000231
train-00004-of-00008.parquet	000627	0.9853	train-00000-of-00008.parquet	000220
train-00004-of-00008.parquet	000628	0.9440	train-00000-of-00008.parquet	000165
train-00004-of-00008.parquet	000629	0.9008	train-00000-of-00008.parquet	000154
train-00004-of-00008.parquet	000631	0.8835	train-00000-of-00008.parquet	000176
train-00004-of-00008.parquet	000632	0.9199	train-00000-of-00008.parquet	000242
train-00004-of-00008.parquet	000633	0.9254	train-00000-of-00008.parquet	000198
train-00004-of-00008.parquet	000634	0.9398	train-00000-of-00008.parquet	000275
train-00004-of-00008.parquet	000635	0.9369	train-00000-of-00008.parquet	000088
train-00004-of-00008.parquet	000636	0.8105	train-00000-of-00008.parquet	000297
train-00004-of-00008.parquet	000638	0.9120	train-00000-of-00008.parquet	000231
train-00004-of-00008.parquet	000639	0.9261	train-00000-of-00008.parquet	000352
train-00004-of-00008.parquet	000640	0.9639	train-00000-of-00008.parquet	000165
train-00004-of-00008.parquet	000641	0.8365	train-00000-of-00008.parquet	000374
train-00004-of-00008.parquet	000642	0.9444	train-00000-of-00008.parquet	000363
train-00004-of-00008.parquet	000643	0.7876	train-00000-of-00008.parquet	000176
train-00004-of-00008.parquet	000644	0.9372	train-00000-of-00008.parquet	000209
train-00004-of-00008.parquet	000645	0.9382	train-00000-of-00008.parquet	000165
train-00004-of-00008.parquet	000646	0.8501	train-00000-of-00008.parquet	000154
train-00004-of-00008.parquet	000648	0.8813	train-00000-of-00008.parquet	000253
train-00004-of-00008.parquet	000649	0.9540	train-00000-of-00008.parquet	000242
train-00004-of-00008.parquet	000650	0.9137	train-00000-of-00008.parquet	000110
train-00004-of-00008.parquet	000651	0.9376	train-00000-of-00008.parquet	000187
train-00004-of-00008.parquet	000652	0.8962	train-00000-of-00008.parquet	000165
train-00004-of-00008.parquet	000653	0.8071	train-00000-of-00008.parquet	000121
train-00004-of-00008.parquet	000654	0.9504	train-00000-of-00008.parquet	000286
train-00004-of-00008.parquet	000655	0.8319	train-00000-of-00008.parquet	000231
train-00004-of-00008.parquet	000656	0.9768	train-00000-of-00008.parquet	000352
train-00004-of-00008.parquet	000657	0.9587	train-00000-of-00008.parquet	000165
train-00004-of-00008.parquet	000658	0.8804	train-00000-of-00008.parquet	000154
train-00004-of-00008.parquet	000659	0.9941	train-00000-of-00008.parquet	000363
train-00004-of-00008.parquet	000660	0.8488	train-00000-of-00008.parquet	000176
train-00004-of-00008.parquet	000661	0.9246	train-00000-of-00008.parquet	000209
train-00004-of-00008.parquet	000662	0.9279	train-00000-of-00008.parquet	000198
train-00004-of-00008.parquet	000663	0.9398	train-00000-of-00008.parquet	000275
train-00004-of-00008.parquet	000664	0.9369	train-00000-of-00008.parquet	000088
train-00004-of-00008.parquet	000665	0.8087	train-00000-of-00008.parquet	000297
train-00004-of-00008.parquet	000667	0.9161	train-00000-of-00008.parquet	000231
train-00004-of-00008.parquet	000668	0.9261	train-00000-of-00008.parquet	000352
train-00004-of-00008.parquet	000669	0.9621	train-00000-of-00008.parquet	000165
train-00004-of-00008.parquet	000670	0.8690	train-00000-of-00008.parquet	000374
train-00004-of-00008.parquet	000671	0.9696	train-00000-of-00008.parquet	000363
train-00004-of-00008.parquet	000672	0.7911	train-00000-of-00008.parquet	000176
train-00004-of-00008.parquet	000673	0.9854	train-00000-of-00008.parquet	000209
train-00004-of-00008.parquet	000674	0.9472	train-00000-of-00008.parquet	000066
train-00004-of-00008.parquet	000675	0.9165	train-00000-of-00008.parquet	000275
train-00004-of-00008.parquet	000677	0.8857	train-00000-of-00008.parquet	000297
train-00004-of-00008.parquet	000678	0.9848	train-00000-of-00008.parquet	000242
train-00004-of-00008.parquet	000679	0.8621	train-00000-of-00008.parquet	000110
train-00004-of-00008.parquet	000680	0.9354	train-00000-of-00008.parquet	000187
train-00004-of-00008.parquet	000681	0.9440	train-00000-of-00008.parquet	000165
train-00004-of-00008.parquet	000682	0.8005	train-00000-of-00008.parquet	000121
train-00004-of-00008.parquet	000683	0.9330	train-00000-of-00008.parquet	000286
train-00004-of-00008.parquet	000684	0.7848	train-00000-of-00008.parquet	000231
train-00004-of-00008.parquet	000685	0.9804	train-00000-of-00008.parquet	000220
train-00004-of-00008.parquet	000686	0.9474	train-00000-of-00008.parquet	000165
train-00004-of-00008.parquet	000687	0.9063	train-00000-of-00008.parquet	000154
train-00004-of-00008.parquet	000688	0.9811	train-00000-of-00008.parquet	000363
train-00004-of-00008.parquet	000689	0.8612	train-00000-of-00008.parquet	000176
train-00004-of-00008.parquet	000690	0.9380	train-00000-of-00008.parquet	000242
train-00004-of-00008.parquet	000691	0.9308	train-00000-of-00008.parquet	000110
train-00004-of-00008.parquet	000692	0.9478	train-00000-of-00008.parquet	000187
train-00004-of-00008.parquet	000693	0.8762	train-00000-of-00008.parquet	000165
train-00004-of-00008.parquet	000694	0.7760	train-00000-of-00008.parquet	000297
train-00004-of-00008.parquet	000695	0.9581	train-00000-of-00008.parquet	000286
train-00004-of-00008.parquet	000696	0.8584	train-00000-of-00008.parquet	000231
train-00004-of-00008.parquet	000697	0.9834	train-00000-of-00008.parquet	000352
train-00004-of-00008.parquet	000698	0.9753	train-00000-of-00008.parquet	000165
train-00004-of-00008.parquet	000699	0.8672	train-00000-of-00008.parquet	000154
train-00004-of-00008.parquet	000700	0.9857	train-00000-of-00008.parquet	000363
train-00004-of-00008.parquet	000701	0.8112	train-00000-of-00008.parquet	000176
train-00004-of-00008.parquet	000702	0.9363	train-00000-of-00008.parquet	000209
train-00004-of-00008.parquet	000703	0.9399	train-00000-of-00008.parquet	000198
train-00004-of-00008.parquet	000704	0.9398	train-00000-of-00008.parquet	000275
train-00004-of-00008.parquet	000705	0.9485	train-00000-of-00008.parquet	000088
train-00004-of-00008.parquet	000706	0.8140	train-00000-of-00008.parquet	000297
train-00004-of-00008.parquet	000708	0.9161	train-00000-of-00008.parquet	000231
train-00004-of-00008.parquet	000709	0.9082	train-00000-of-00008.parquet	000187
train-00004-of-00008.parquet	000710	0.9458	train-00000-of-00008.parquet	000165
train-00004-of-00008.parquet	000711	0.8116	train-00000-of-00008.parquet	000374
train-00004-of-00008.parquet	000712	0.9098	train-00000-of-00008.parquet	000363
train-00004-of-00008.parquet	000713	0.7809	train-00000-of-00008.parquet	000176
train-00004-of-00008.parquet	000714	0.9676	train-00000-of-00008.parquet	000209
train-00004-of-00008.parquet	000715	0.9341	train-00000-of-00008.parquet	000165
train-00004-of-00008.parquet	000716	0.8491	train-00000-of-00008.parquet	000275
train-00004-of-00008.parquet	000718	0.8506	train-00000-of-00008.parquet	000253
train-00004-of-00008.parquet	000719	0.9826	train-00000-of-00008.parquet	000242
train-00004-of-00008.parquet	000720	0.8918	train-00000-of-00008.parquet	000110
train-00004-of-00008.parquet	000721	0.9449	train-00000-of-00008.parquet	000187
train-00004-of-00008.parquet	000722	0.9347	train-00000-of-00008.parquet	000165
train-00004-of-00008.parquet	000723	0.8116	train-00000-of-00008.parquet	000121
train-00004-of-00008.parquet	000724	0.9330	train-00000-of-00008.parquet	000286
train-00004-of-00008.parquet	000725	0.7890	train-00000-of-00008.parquet	000231
train-00004-of-00008.parquet	000726	0.9868	train-00000-of-00008.parquet	000220
train-00004-of-00008.parquet	000727	0.9438	train-00000-of-00008.parquet	000165
train-00004-of-00008.parquet	000728	0.9063	train-00000-of-00008.parquet	000154
train-00004-of-00008.parquet	000729	0.9811	train-00000-of-00008.parquet	000363
train-00004-of-00008.parquet	000730	0.8689	train-00000-of-00008.parquet	000176
train-00004-of-00008.parquet	000731	0.9380	train-00000-of-00008.parquet	000242
train-00004-of-00008.parquet	000732	0.7139	train-00000-of-00008.parquet	000066
train-00004-of-00008.parquet	000733	0.0019	train-00000-of-00008.parquet	000440
train-00004-of-00008.parquet	000734	0.0185	train-00000-of-00008.parquet	000385
train-00004-of-00008.parquet	000735	0.0124	train-00000-of-00008.parquet	000473
train-00004-of-00008.parquet	000736	0.0000		
train-00004-of-00008.parquet	000737	0.4444	train-00000-of-00008.parquet	000429
train-00004-of-00008.parquet	000738	0.0061	train-00000-of-00008.parquet	000473
train-00004-of-00008.parquet	000739	0.0000		
train-00004-of-00008.parquet	000740	0.0000		
train-00004-of-00008.parquet	000741	0.0211	train-00000-of-00008.parquet	000000
train-00004-of-00008.parquet	000742	0.0000		
train-00004-of-00008.parquet	000743	0.0048	train-00000-of-00008.parquet	000440
train-00004-of-00008.parquet	000744	0.0000		
train-00004-of-00008.parquet	000745	0.0125	train-00000-of-00008.parquet	000473
train-00004-of-00008.parquet	000746	0.0000		
train-00004-of-00008.parquet	000747	0.7368	train-00000-of-00008.parquet	000429
train-00004-of-00008.parquet	000748	0.0000		
train-00004-of-00008.parquet	000749	0.0000		
train-00004-of-00008.parquet	000750	0.0000		
train-00004-of-00008.parquet	000751	0.0000		
train-00004-of-00008.parquet	000752	0.0000		
train-00004-of-00008.parquet	000753	0.0000		
train-00004-of-00008.parquet	000754	0.0000		
train-00004-of-00008.parquet	000755	0.0000		
train-00004-of-00008.parquet	000756	0.0000		
train-00004-of-00008.parquet	000758	0.0000		
train-00004-of-00008.parquet	000759	0.0104	train-00000-of-00008.parquet	000385
train-00004-of-00008.parquet	000760	0.0000		
train-00004-of-00008.parquet	000761	0.0000		
train-00004-of-00008.parquet	000762	0.0000		
train-00004-of-00008.parquet	000763	0.0000		
train-00004-of-00008.parquet	000764	0.0000		
train-00004-of-00008.parquet	000765	0.0000		
train-00004-of-00008.parquet	000766	0.0000		
train-00004-of-00008.parquet	000767	0.0000		
train-00004-of-00008.parquet	000768	0.0000		
train-00004-of-00008.parquet	000769	0.0000		
train-00004-of-00008.parquet	000770	0.0000		
train-00004-of-00008.parquet	000771	0.0000		
train-00004-of-00008.parquet	000772	0.0000		
train-00004-of-00008.parquet	000773	0.0000		
train-00004-of-00008.parquet	000774	0.0000		
train-00004-of-00008.parquet	000775	0.0000		
train-00004-of-00008.parquet	000776	0.0000		
train-00004-of-00008.parquet	000777	0.0000		
train-00004-of-00008.parquet	000778	0.0000		
train-00004-of-00008.parquet	000779	0.0000		
train-00004-of-00008.parquet	000780	0.0000		
train-00004-of-00008.parquet	000781	0.0000		
train-00004-of-00008.parquet	000782	0.0000		
train-00004-of-00008.parquet	000783	0.0026	train-00000-of-00008.parquet	000539
train-00004-of-00008.parquet	000784	0.0023	train-00000-of-00008.parquet	000099
train-00004-of-00008.parquet	000785	0.0023	train-00000-of-00008.parquet	000099
train-00004-of-00008.parquet	000786	0.0000		
train-00004-of-00008.parquet	000787	0.0000		
train-00004-of-00008.parquet	000788	0.0000		
train-00004-of-00008.parquet	000789	0.0000		
train-00004-of-00008.parquet	000790	0.0000		
train-00004-of-00008.parquet	000791	0.0000		
train-00004-of-00008.parquet	000792	0.0000		
train-00004-of-00008.parquet	000793	0.0000		
train-00004-of-00008.parquet	000794	0.0000		
train-00004-of-00008.parquet	000795	0.0000		
train-00004-of-00008.parquet	000796	0.0000		
train-00004-of-00008.parquet	000797	0.0000		
train-00004-of-00008.parquet	000798	0.0000		
train-00004-of-00008.parquet	000799	0.0000		
train-00004-of-00008.parquet	000800	0.0029	train-00000-of-00008.parquet	000539
train-00004-of-00008.parquet	000801	0.0000		
train-00004-of-00008.parquet	000802	0.0000		
train-00004-of-00008.parquet	000803	0.0000		
train-00004-of-00008.parquet	000804	0.0000		
train-00004-of-00008.parquet	000805	0.0000		
train-00004-of-00008.parquet	000806	0.0000		
train-00004-of-00008.parquet	000807	0.0000		
train-00004-of-00008.parquet	000808	0.0000		
train-00004-of-00008.parquet	000809	0.0030	train-00000-of-00008.parquet	000539
train-00004-of-00008.parquet	000810	0.0000		
train-00004-of-00008.parquet	000811	0.0000		
train-00004-of-00008.parquet	000812	0.0020	train-00000-of-00008.parquet	000099
train-00004-of-00008.parquet	000813	0.0020	train-00000-of-00008.parquet	000099
train-00004-of-00008.parquet	000814	0.0020	train-00000-of-00008.parquet	000099
train-00004-of-00008.parquet	000815	0.0035	train-00000-of-00008.parquet	000099
train-00004-of-00008.parquet	000816	0.0000		
train-00004-of-00008.parquet	000817	0.0000		
train-00004-of-00008.parquet	000818	0.0000		
train-00004-of-00008.parquet	000819	0.0000		
train-00004-of-00008.parquet	000820	0.0000		
train-00004-of-00008.parquet	000821	0.0000		
train-00004-of-00008.parquet	000822	0.0000		
train-00004-of-00008.parquet	000823	0.0000		
train-00004-of-00008.parquet	000824	0.0000		
train-00004-of-00008.parquet	000825	0.0000		
train-00004-of-00008.parquet	000826	0.0031	train-00000-of-00008.parquet	000539
train-00004-of-00008.parquet	000827	0.0000		
train-00004-of-00008.parquet	000828	0.0023	train-00000-of-00008.parquet	000099
train-00004-of-00008.parquet	000829	0.0000		
train-00004-of-00008.parquet	000830	0.0000		
train-00004-of-00008.parquet	000831	0.0000		
train-00004-of-00008.parquet	000832	0.0000		
train-00004-of-00008.parquet	000833	0.0000		
train-00004-of-00008.parquet	000834	0.0000		
train-00004-of-00008.parquet	000835	0.0000		
train-00004-of-00008.parquet	000836	0.0000		
train-00004-of-00008.parquet	000837	0.0000		
train-00004-of-00008.parquet	000838	0.0000		
train-00004-of-00008.parquet	000839	0.0035	train-00000-of-00008.parquet	000539
train-00004-of-00008.parquet	000840	0.0018	train-00000-of-00008.parquet	000099
train-00004-of-00008.parquet	000841	0.0000		
train-00004-of-00008.parquet	000842	0.0000		
train-00004-of-00008.parquet	000843	0.0000		
train-00004-of-00008.parquet	000844	0.0000		
train-00004-of-00008.parquet	000845	0.0027	train-00000-of-00008.parquet	000539
train-00004-of-00008.parquet	000846	0.0000		
train-00004-of-00008.parquet	000847	0.0022	train-00000-of-00008.parquet	000099
train-00004-of-00008.parquet	000848	0.0000		
train-00004-of-00008.parquet	000849	0.0000		
train-00004-of-00008.parquet	000850	0.0000		
train-00004-of-00008.parquet	000851	0.0000		
train-00004-of-00008.parquet	000852	0.0000		
train-00004-of-00008.parquet	000853	0.0000		
train-00004-of-00008.parquet	000854	0.0000		
train-00004-of-00008.parquet	000855	0.0000		
train-00004-of-00008.parquet	000856	0.0000		
train-00004-of-00008.parquet	000857	0.0000		
train-00004-of-00008.parquet	000858	0.0000		
train-00004-of-00008.parquet	000859	0.0000		
train-00004-of-00008.parquet	000860	0.0000		
train-00004-of-00008.parquet	000861	0.0000		
train-00004-of-00008.parquet	000862	0.0000		
train-00004-of-00008.parquet	000863	0.0000		
train-00004-of-00008.parquet	000864	0.0000		
train-00004-of-00008.parquet	000865	0.0000		
train-00004-of-00008.parquet	000866	0.0000		
train-00004-of-00008.parquet	000867	0.0000		
train-00004-of-00008.parquet	000868	0.0029	train-00000-of-00008.parquet	000539
train-00004-of-00008.parquet	000869	0.0024	train-00000-of-00008.parquet	000099
train-00004-of-00008.parquet	000870	0.0000		
train-00004-of-00008.parquet	000871	0.0000		
train-00004-of-00008.parquet	000872	0.0000		
train-00004-of-00008.parquet	000873	0.0000		
train-00004-of-00008.parquet	000874	0.0000		
train-00004-of-00008.parquet	000875	0.0000		
train-00004-of-00008.parquet	000876	0.0000		
train-00004-of-00008.parquet	000877	0.0000		
train-00004-of-00008.parquet	000878	0.0000		
train-00004-of-00008.parquet	000879	0.0000		
train-00004-of-00008.parquet	000880	0.0000		
train-00004-of-00008.parquet	000881	0.0000		
train-00004-of-00008.parquet	000882	0.0000		
train-00004-of-00008.parquet	000883	0.0000		
train-00004-of-00008.parquet	000884	0.0000		
train-00004-of-00008.parquet	000885	0.0000		
train-00004-of-00008.parquet	000886	0.0000		
train-00004-of-00008.parquet	000887	0.0000		
train-00004-of-00008.parquet	000888	0.0000		
train-00004-of-00008.parquet	000889	0.0000		
train-00004-of-00008.parquet	000890	0.0000		
train-00004-of-00008.parquet	000891	0.0000		
train-00004-of-00008.parquet	000892	0.0000		
train-00004-of-00008.parquet	000893	0.0000		
train-00004-of-00008.parquet	000894	0.0000		
train-00004-of-00008.parquet	000895	0.0023	train-00000-of-00008.parquet	000539
train-00004-of-00008.parquet	000896	0.0000		
train-00004-of-00008.parquet	000897	0.0019	train-00000-of-00008.parquet	000099
train-00004-of-00008.parquet	000898	0.0039	train-00000-of-00008.parquet	000099
train-00004-of-00008.parquet	000899	0.0000		
train-00004-of-00008.parquet	000900	0.0000		
train-00004-of-00008.parquet	000901	0.0000		
train-00004-of-00008.parquet	000902	0.0000		
train-00004-of-00008.parquet	000903	0.0000		
train-00004-of-00008.parquet	000904	0.0000		
train-00004-of-00008.parquet	000905	0.0000		
train-00004-of-00008.parquet	000906	0.0000		
train-00004-of-00008.parquet	000907	0.0000		
train-00004-of-00008.parquet	000908	0.0000		
train-00004-of-00008.parquet	000909	0.0000		
train-00004-of-00008.parquet	000910	0.0000		
train-00004-of-00008.parquet	000911	0.0042	train-00000-of-00008.parquet	000539
train-00004-of-00008.parquet	000912	0.0000		
train-00004-of-00008.parquet	000913	0.0000		
train-00004-of-00008.parquet	000914	0.0030	train-00000-of-00008.parquet	000539
train-00004-of-00008.parquet	000915	0.0000		
train-00004-of-00008.parquet	000916	0.0000		
train-00004-of-00008.parquet	000917	0.0029	train-00000-of-00008.parquet	000539
train-00004-of-00008.parquet	000918	0.0000		
train-00004-of-00008.parquet	000919	0.0029	train-00000-of-00008.parquet	000099
train-00004-of-00008.parquet	000920	0.0000		
train-00004-of-00008.parquet	000921	0.0000		
train-00004-of-00008.parquet	000922	0.0000		
train-00004-of-00008.parquet	000923	0.0000		
train-00004-of-00008.parquet	000924	0.0000		
train-00004-of-00008.parquet	000925	0.0000		
train-00004-of-00008.parquet	000926	0.0000		
train-00004-of-00008.parquet	000927	0.0000		
train-00004-of-00008.parquet	000928	0.0000		
train-00004-of-00008.parquet	000929	0.0000		
train-00004-of-00008.parquet	000930	0.0000		
train-00004-of-00008.parquet	000931	0.0000		
train-00004-of-00008.parquet	000932	0.0000		
train-00004-of-00008.parquet	000933	0.0030	train-00000-of-00008.parquet	000539
train-00004-of-00008.parquet	000934	0.0000		
train-00004-of-00008.parquet	000935	0.0000		
train-00004-of-00008.parquet	000936	0.0000		
train-00004-of-00008.parquet	000937	0.0000		
train-00004-of-00008.parquet	000938	0.0000		
train-00004-of-00008.parquet	000939	0.0000		
train-00004-of-00008.parquet	000940	0.0000		
train-00004-of-00008.parquet	000941	0.0000		
train-00004-of-00008.parquet	000942	0.0000		
train-00004-of-00008.parquet	000943	0.0000		
train-00004-of-00008.parquet	000944	0.0000		
train-00004-of-00008.parquet	000945	0.0000		
train-00004-of-00008.parquet	000946	0.0000		
train-00004-of-00008.parquet	000947	0.0000		
train-00004-of-00008.parquet	000948	0.0000		
train-00004-of-00008.parquet	000949	0.0000		
train-00004-of-00008.parquet	000950	0.0000		
train-00004-of-00008.parquet	000951	0.0000		
train-00004-of-00008.parquet	000952	0.0000		
train-00004-of-00008.parquet	000953	0.0000		
train-00004-of-00008.parquet	000954	0.0000		
train-00004-of-00008.parquet	000955	0.0000		
train-00004-of-00008.parquet	000956	0.0000		
train-00004-of-00008.parquet	000957	0.0000		
train-00004-of-00008.parquet	000958	0.0000		
train-00004-of-00008.parquet	000959	0.0000		
train-00004-of-00008.parquet	000960	0.0000		
train-00004-of-00008.parquet	000961	0.0000		
train-00004-of-00008.parquet	000962	0.0031	train-00000-of-00008.parquet	000539
train-00004-of-00008.parquet	000963	0.0000		
train-00004-of-00008.parquet	000964	0.0000		
train-00004-of-00008.parquet	000965	0.0019	train-00000-of-00008.parquet	000099
train-00004-of-00008.parquet	000966	0.0044	train-00000-of-00008.parquet	000099
train-00004-of-00008.parquet	000967	0.0000		
train-00004-of-00008.parquet	000968	0.0000		
train-00004-of-00008.parquet	000969	0.0000		
train-00004-of-00008.parquet	000970	0.0000		
train-00004-of-00008.parquet	000971	0.0000		
train-00004-of-00008.parquet	000972	0.0032	train-00000-of-00008.parquet	000539
train-00004-of-00008.parquet	000973	0.0000		
train-00004-of-00008.parquet	000974	0.0000		
train-00004-of-00008.parquet	000975	0.0000		
train-00004-of-00008.parquet	000976	0.0000		
train-00004-of-00008.parquet	000977	0.0000		
train-00004-of-00008.parquet	000978	0.0000		
train-00004-of-00008.parquet	000979	0.0000		
train-00004-of-00008.parquet	000980	0.0000		
train-00004-of-00008.parquet	000981	0.0000		
train-00004-of-00008.parquet	000982	0.0000		
train-00004-of-00008.parquet	000983	0.0000		
train-00004-of-00008.parquet	000984	0.0000		
train-00004-of-00008.parquet	000985	0.0000		
train-00004-of-00008.parquet	000986	0.0000		
train-00004-of-00008.parquet	000987	0.0000		
train-00004-of-00008.parquet	000988	0.0000		
train-00004-of-00008.parquet	000989	0.0000		
train-00004-of-00008.parquet	000990	0.0000		
train-00004-of-00008.parquet	000991	0.0034	train-00000-of-00008.parquet	000539
train-00004-of-00008.parquet	000992	0.0000		
train-00004-of-00008.parquet	000993	0.0022	train-00000-of-00008.parquet	000099
train-00004-of-00008.parquet	000994	0.0000		
train-00005-of-00008.parquet	000000	0.0000		
train-00005-of-00008.parquet	000001	0.0000		
train-00005-of-00008.parquet	000002	0.0000		
train-00005-of-00008.parquet	000003	0.0000		
train-00005-of-00008.parquet	000004	0.0000		
train-00005-of-00008.parquet	000005	0.0000		
train-00005-of-00008.parquet	000006	0.0000		
train-00005-of-00008.parquet	000007	0.0000		
train-00005-of-00008.parquet	000008	0.0000		
train-00005-of-00008.parquet	000009	0.0000		
train-00005-of-00008.parquet	000010	0.0000		
train-00005-of-00008.parquet	000011	0.0000		
train-00005-of-00008.parquet	000012	0.0025	train-00000-of-00008.parquet	000539
train-00005-of-00008.parquet	000013	0.0000		
train-00005-of-00008.parquet	000014	0.0000		
train-00005-of-00008.parquet	000015	0.0000		
train-00005-of-00008.parquet	000016	0.0000		
train-00005-of-00008.parquet	000017	0.0018	train-00000-of-00008.parquet	000099
train-00005-of-00008.parquet	000018	0.0020	train-00000-of-00008.parquet	000099
train-00005-of-00008.parquet	000019	0.0020	train-00000-of-00008.parquet	000099
train-00005-of-00008.parquet	000020	0.0020	train-00000-of-00008.parquet	000099
train-00005-of-00008.parquet	000021	0.0020	train-00000-of-00008.parquet	000099
train-00005-of-00008.parquet	000022	0.0020	train-00000-of-00008.parquet	000099
train-00005-of-00008.parquet	000023	0.0020	train-00000-of-00008.parquet	000099
train-00005-of-00008.parquet	000024	0.0020	train-00000-of-00008.parquet	000099
train-00005-of-00008.parquet	000025	0.0034	train-00000-of-00008.parquet	000099
train-00005-of-00008.parquet	000026	0.0000		
train-00005-of-00008.parquet	000027	0.0000		
train-00005-of-00008.parquet	000028	0.0000		
train-00005-of-00008.parquet	000029	0.0113	train-00000-of-00008.parquet	000000
train-00005-of-00008.parquet	000030	0.0110	train-00000-of-00008.parquet	000000
train-00005-of-00008.parquet	000031	0.0113	train-00000-of-00008.parquet	000000
train-00005-of-00008.parquet	000032	0.0114	train-00000-of-00008.parquet	000000
train-00005-of-00008.parquet	000033	0.0109	train-00000-of-00008.parquet	000000
train-00005-of-00008.parquet	000034	0.0000		
train-00005-of-00008.parquet	000035	0.0089	train-00000-of-00008.parquet	000627
train-00005-of-00008.parquet	000036	0.0135	train-00000-of-00008.parquet	000583
train-00005-of-00008.parquet	000037	0.0187	train-00000-of-00008.parquet	000000
train-00005-of-00008.parquet	000038	0.0000		
train-00005-of-00008.parquet	000039	0.0033	train-00000-of-00008.parquet	000627
train-00005-of-00008.parquet	000040	0.0127	train-00000-of-00008.parquet	000583
train-00005-of-00008.parquet	000041	0.0000		
train-00005-of-00008.parquet	000042	0.0135	train-00000-of-00008.parquet	000000
train-00005-of-00008.parquet	000043	0.0107	train-00000-of-00008.parquet	000000
train-00005-of-00008.parquet	000045	0.0000		
train-00005-of-00008.parquet	000046	0.0000		
train-00005-of-00008.parquet	000048	0.0000		
train-00005-of-00008.parquet	000049	0.0041	train-00000-of-00008.parquet	000539
train-00005-of-00008.parquet	000050	0.0028	train-00000-of-00008.parquet	000000
train-00005-of-00008.parquet	000051	0.0025	train-00000-of-00008.parquet	000539
train-00005-of-00008.parquet	000052	0.0023	train-00000-of-00008.parquet	000000
train-00005-of-00008.parquet	000053	0.0000		
train-00005-of-00008.parquet	000054	0.0000		
train-00005-of-00008.parquet	000055	0.0042	train-00000-of-00008.parquet	000539
train-00005-of-00008.parquet	000056	0.0000		
train-00005-of-00008.parquet	000057	0.0025	train-00000-of-00008.parquet	000539
train-00005-of-00008.parquet	000058	0.0023	train-00000-of-00008.parquet	000539
train-00005-of-00008.parquet	000059	0.0000		
train-00005-of-00008.parquet	000060	0.0027	train-00000-of-00008.parquet	000066
train-00005-of-00008.parquet	000061	0.0030	train-00000-of-00008.parquet	000583
train-00005-of-00008.parquet	000062	0.0020	train-00000-of-00008.parquet	000539
train-00005-of-00008.parquet	000063	0.0000		
train-00005-of-00008.parquet	000064	0.0036	train-00000-of-00008.parquet	000583
train-00005-of-00008.parquet	000065	0.0016	train-00000-of-00008.parquet	000550
train-00005-of-00008.parquet	000066	0.0048	train-00000-of-00008.parquet	000462
train-00005-of-00008.parquet	000067	0.0035	train-00000-of-00008.parquet	000539
train-00005-of-00008.parquet	000068	0.0016	train-00000-of-00008.parquet	000066
train-00005-of-00008.parquet	000069	0.0019	train-00000-of-00008.parquet	000000
train-00005-of-00008.parquet	000070	0.0018	train-00000-of-00008.parquet	000539
train-00005-of-00008.parquet	000071	0.0000		
train-00005-of-00008.parquet	000072	0.0000		
train-00005-of-00008.parquet	000073	0.0066	train-00000-of-00008.parquet	000550
train-00005-of-00008.parquet	000074	0.0044	train-00000-of-00008.parquet	000583
train-00005-of-00008.parquet	000075	0.0048	train-00000-of-00008.parquet	000572
train-00005-of-00008.parquet	000076	0.0021	train-00000-of-00008.parquet	000638
train-00005-of-00008.parquet	000077	0.0042	train-00000-of-00008.parquet	000660
train-00005-of-00008.parquet	000078	0.0054	train-00000-of-00008.parquet	000539
train-00005-of-00008.parquet	000079	0.0055	train-00000-of-00008.parquet	000539
train-00005-of-00008.parquet	000080	0.0016	train-00000-of-00008.parquet	000539
train-00005-of-00008.parquet	000081	0.0059	train-00000-of-00008.parquet	000000
train-00005-of-00008.parquet	000082	0.0110	train-00000-of-00008.parquet	000627
train-00005-of-00008.parquet	000083	0.0019	train-00000-of-00008.parquet	000539
train-00005-of-00008.parquet	000084	0.0035	train-00000-of-00008.parquet	000462
train-00005-of-00008.parquet	000085	0.0000		
train-00005-of-00008.parquet	000086	0.0017	train-00000-of-00008.parquet	000539
train-00005-of-00008.parquet	000087	0.0000		
train-00005-of-00008.parquet	000088	0.0018	train-00000-of-00008.parquet	000594
train-00005-of-00008.parquet	000089	0.0000		
train-00005-of-00008.parquet	000090	0.0000		
train-00005-of-00008.parquet	000091	0.0000		
train-00005-of-00008.parquet	000093	0.0000		
train-00005-of-00008.parquet	000095	0.0164	train-00000-of-00008.parquet	000451
train-00005-of-00008.parquet	000096	0.0021	train-00000-of-00008.parquet	000440
train-00005-of-00008.parquet	000097	0.0121	train-00000-of-00008.parquet	000451
train-00005-of-00008.parquet	000098	0.0137	train-00000-of-00008.parquet	000451
train-00005-of-00008.parquet	000099	0.0028	train-00000-of-00008.parquet	000352
train-00005-of-00008.parquet	000100	0.0048	train-00000-of-00008.parquet	000627
train-00005-of-00008.parquet	000101	0.0387	train-00000-of-00008.parquet	000627
train-00005-of-00008.parquet	000102	0.0364	train-00000-of-00008.parquet	000451
train-00005-of-00008.parquet	000103	0.0068	train-00000-of-00008.parquet	000495
train-00005-of-00008.parquet	000104	0.0035	train-00000-of-00008.parquet	000451
train-00005-of-00008.parquet	000105	0.0033	train-00000-of-00008.parquet	000451
train-00005-of-00008.parquet	000106	0.0219	train-00000-of-00008.parquet	000473
train-00005-of-00008.parquet	000107	0.0041	train-00000-of-00008.parquet	000385
train-00005-of-00008.parquet	000108	0.0022	train-00000-of-00008.parquet	000385
train-00005-of-00008.parquet	000109	0.0026	train-00000-of-00008.parquet	000396
train-00005-of-00008.parquet	000110	0.0024	train-00000-of-00008.parquet	000396
train-00005-of-00008.parquet	000111	0.0120	train-00000-of-00008.parquet	000407
train-00005-of-00008.parquet	000112	0.0146	train-00000-of-00008.parquet	000407
train-00005-of-00008.parquet	000113	0.0037	train-00000-of-00008.parquet	000066
train-00005-of-00008.parquet	000114	0.0067	train-00000-of-00008.parquet	000396
train-00005-of-00008.parquet	000115	0.0083	train-00000-of-00008.parquet	000385
train-00005-of-00008.parquet	000116	0.0123	train-00000-of-00008.parquet	000473
train-00005-of-00008.parquet	000117	0.0000		
train-00005-of-00008.parquet	000118	0.5091	train-00000-of-00008.parquet	000429
train-00005-of-00008.parquet	000119	0.0213	train-00000-of-00008.parquet	000473
train-00005-of-00008.parquet	000120	0.0041	train-00000-of-00008.parquet	000385
train-00005-of-00008.parquet	000121	0.0022	train-00000-of-00008.parquet	000385
train-00005-of-00008.parquet	000122	0.0025	train-00000-of-00008.parquet	000396
train-00005-of-00008.parquet	000123	0.0024	train-00000-of-00008.parquet	000396
train-00005-of-00008.parquet	000124	0.0123	train-00000-of-00008.parquet	000407
train-00005-of-00008.parquet	000125	0.0146	train-00000-of-00008.parquet	000407
train-00005-of-00008.parquet	000126	0.0000		
train-00005-of-00008.parquet	000127	0.0064	train-00000-of-00008.parquet	000396
train-00005-of-00008.parquet	000128	0.0041	train-00000-of-00008.parquet	000385
train-00005-of-00008.parquet	000129	0.0122	train-00000-of-00008.parquet	000473
train-00005-of-00008.parquet	000130	0.0000		
train-00005-of-00008.parquet	000131	0.5600	train-00000-of-00008.parquet	000429
train-00005-of-00008.parquet	000132	0.0190	train-00000-of-00008.parquet	000473
train-00005-of-00008.parquet	000133	0.0088	train-00000-of-00008.parquet	000473
train-00005-of-00008.parquet	000134	0.0000		
train-00005-of-00008.parquet	000136	0.0093	train-00000-of-00008.parquet	000627
train-00005-of-00008.parquet	000137	0.2403	train-00000-of-00008.parquet	000473
train-00005-of-00008.parquet	000138	0.1250	train-00000-of-00008.parquet	000473
train-00005-of-00008.parquet	000139	0.0028	train-00000-of-00008.parquet	000385
train-00005-of-00008.parquet	000140	0.0056	train-00000-of-00008.parquet	000385
train-00005-of-00008.parquet	000141	0.0000		
train-00005-of-00008.parquet	000142	0.0000		
train-00005-of-00008.parquet	000143	0.0190	train-00000-of-00008.parquet	000473
train-00005-of-00008.parquet	000144	0.0103	train-00000-of-00008.parquet	000473
train-00005-of-00008.parquet	000145	0.0000		
train-00005-of-00008.parquet	000146	0.0021	train-00000-of-00008.parquet	000627
train-00005-of-00008.parquet	000147	0.0000		
train-00005-of-00008.parquet	000148	0.0297	train-00000-of-00008.parquet	000627
train-00005-of-00008.parquet	000149	0.0000		
train-00005-of-00008.parquet	000150	0.0093	train-00000-of-00008.parquet	000473
train-00005-of-00008.parquet	000151	0.0061	train-00000-of-00008.parquet	000473
train-00005-of-00008.parquet	000152	0.0000		
train-00005-of-00008.parquet	000153	0.0000		
train-00005-of-00008.parquet	000154	0.0000		
train-00005-of-00008.parquet	000155	0.0000		
train-00005-of-00008.parquet	000156	0.0000		
train-00005-of-00008.parquet	000157	0.0000		
train-00005-of-00008.parquet	000158	0.0000		
train-00005-of-00008.parquet	000159	0.0000		
train-00005-of-00008.parquet	000160	0.0000		
train-00005-of-00008.parquet	000161	0.0000		
train-00005-of-00008.parquet	000162	0.0000		
train-00005-of-00008.parquet	000163	0.0000		
train-00005-of-00008.parquet	000164	0.0000		
train-00005-of-00008.parquet	000165	0.0000		
train-00005-of-00008.parquet	000166	0.0000		
train-00005-of-00008.parquet	000167	0.0000		
train-00005-of-00008.parquet	000168	0.0000		
train-00005-of-00008.parquet	000169	0.0000		
train-00005-of-00008.parquet	000170	0.0000		
train-00005-of-00008.parquet	000171	0.0000		
train-00005-of-00008.parquet	000172	0.0000		
train-00005-of-00008.parquet	000173	0.0109	train-00000-of-00008.parquet	000000
train-00005-of-00008.parquet	000174	0.0109	train-00000-of-00008.parquet	000000
train-00005-of-00008.parquet	000175	0.0097	train-00000-of-00008.parquet	000000
train-00005-of-00008.parquet	000176	0.0103	train-00000-of-00008.parquet	000000
train-00005-of-00008.parquet	000179	0.0106	train-00000-of-00008.parquet	000000
train-00005-of-00008.parquet	000180	0.0081	train-00000-of-00008.parquet	000000
train-00005-of-00008.parquet	000181	0.0071	train-00000-of-00008.parquet	000000
train-00005-of-00008.parquet	000182	0.0085	train-00000-of-00008.parquet	000000
train-00005-of-00008.parquet	000183	0.0085	train-00000-of-00008.parquet	000000
train-00005-of-00008.parquet	000184	0.1000	train-00000-of-00008.parquet	000440
train-00005-of-00008.parquet	000185	0.0218	train-00000-of-00008.parquet	000473
train-00005-of-00008.parquet	000186	0.0000		
train-00005-of-00008.parquet	000187	0.0023	train-00000-of-00008.parquet	000440
train-00005-of-00008.parquet	000188	0.0357	train-00000-of-00008.parquet	000440
train-00005-of-00008.parquet	000189	0.0797	train-00000-of-00008.parquet	000440
train-00005-of-00008.parquet	000190	0.0047	train-00000-of-00008.parquet	000440
train-00005-of-00008.parquet	000191	0.0033	train-00000-of-00008.parquet	000451
train-00005-of-00008.parquet	000192	0.0022	train-00000-of-00008.parquet	000451
train-00005-of-00008.parquet	000193	0.0128	train-00000-of-00008.parquet	000473
train-00005-of-00008.parquet	000194	0.0076	train-00000-of-00008.parquet	000385
train-00005-of-00008.parquet	000195	0.0000		
train-00005-of-00008.parquet	000196	0.0050	train-00000-of-00008.parquet	000473
train-00005-of-00008.parquet	000197	0.0096	train-00000-of-00008.parquet	000473
train-00005-of-00008.parquet	000198	0.0062	train-00000-of-00008.parquet	000473
train-00005-of-00008.parquet	000199	0.0000		
train-00005-of-00008.parquet	000200	0.0000		
train-00005-of-00008.parquet	000201	0.0000		
train-00005-of-00008.parquet	000202	0.0000		
train-00005-of-00008.parquet	000203	0.0000		
train-00005-of-00008.parquet	000204	0.2460	train-00000-of-00008.parquet	000473
train-00005-of-00008.parquet	000205	0.0032	train-00000-of-00008.parquet	000385
train-00005-of-00008.parquet	000206	0.0000		
train-00005-of-00008.parquet	000207	0.0303	train-00000-of-00008.parquet	000473
train-00005-of-00008.parquet	000208	0.0328	train-00000-of-00008.parquet	000000
train-00005-of-00008.parquet	000209	0.0303	train-00000-of-00008.parquet	000473
train-00005-of-00008.parquet	000211	0.0408	train-00000-of-00008.parquet	000000
train-00005-of-00008.parquet	000212	0.0303	train-00000-of-00008.parquet	000473
train-00005-of-00008.parquet	000213	0.0328	train-00000-of-00008.parquet	000000
train-00005-of-00008.parquet	000214	0.0303	train-00000-of-00008.parquet	000473
train-00005-of-00008.parquet	000215	0.0333	train-00000-of-00008.parquet	000000
train-00005-of-00008.parquet	000216	0.0303	train-00000-of-00008.parquet	000473
train-00005-of-00008.parquet	000217	0.0328	train-00000-of-00008.parquet	000000
train-00005-of-00008.parquet	000218	0.2400	train-00000-of-00008.parquet	000473
train-00005-of-00008.parquet	000219	0.1176	train-00000-of-00008.parquet	000473
train-00005-of-00008.parquet	000220	0.0050	train-00000-of-00008.parquet	000385
train-00005-of-00008.parquet	000221	0.0000		
train-00005-of-00008.parquet	000222	0.0303	train-00000-of-00008.parquet	000473
train-00005-of-00008.parquet	000223	0.0143	train-00000-of-00008.parquet	000000
train-00005-of-00008.parquet	000224	0.0303	train-00000-of-00008.parquet	000473
train-00005-of-00008.parquet	000225	0.0140	train-00000-of-00008.parquet	000000
train-00005-of-00008.parquet	000226	0.0062	train-00000-of-00008.parquet	000473
train-00005-of-00008.parquet	000227	0.0000		
train-00005-of-00008.parquet	000228	0.0000		
train-00005-of-00008.parquet	000229	0.0000		
train-00005-of-00008.parquet	000230	0.0000		
train-00005-of-00008.parquet	000231	0.0064	train-00000-of-00008.parquet	000473
train-00005-of-00008.parquet	000232	0.0000		
train-00005-of-00008.parquet	000233	0.0000		
train-00005-of-00008.parquet	000234	0.0000		
train-00005-of-00008.parquet	000235	0.0000		
train-00005-of-00008.parquet	000236	0.0000		
train-00005-of-00008.parquet	000237	0.0000		
train-00005-of-00008.parquet	000238	0.0000		
train-00005-of-00008.parquet	000239	0.0000		
train-00005-of-00008.parquet	000240	0.0000		
train-00005-of-00008.parquet	000241	0.0000		
train-00005-of-00008.parquet	000242	0.0000		
train-00005-of-00008.parquet	000243	0.0086	train-00000-of-00008.parquet	000000
train-00005-of-00008.parquet	000244	0.0062	train-00000-of-00008.parquet	000473
train-00005-of-00008.parquet	000245	0.0000		
train-00005-of-00008.parquet	000246	0.0000		
train-00005-of-00008.parquet	000247	0.0000		
train-00005-of-00008.parquet	000248	0.0000		
train-00005-of-00008.parquet	000249	0.0000		
train-00005-of-00008.parquet	000250	0.0000		
train-00005-of-00008.parquet	000251	0.0000		
train-00005-of-00008.parquet	000252	0.0000		
train-00005-of-00008.parquet	000253	0.0000		
train-00005-of-00008.parquet	000254	0.0000		
train-00005-of-00008.parquet	000255	0.0000		
train-00005-of-00008.parquet	000256	0.0000		
train-00005-of-00008.parquet	000257	0.0000		
train-00005-of-00008.parquet	000258	0.0000		
train-00005-of-00008.parquet	000259	0.0000		
train-00005-of-00008.parquet	000260	0.0000		
train-00005-of-00008.parquet	000261	0.0000		
train-00005-of-00008.parquet	000262	0.0000		
train-00005-of-00008.parquet	000263	0.0000		
train-00005-of-00008.parquet	000264	0.0000		
train-00005-of-00008.parquet	000265	0.0000		
train-00005-of-00008.parquet	000266	0.0000		
train-00005-of-00008.parquet	000267	0.0000		
train-00005-of-00008.parquet	000268	0.0000		
train-00005-of-00008.parquet	000269	0.0000		
train-00005-of-00008.parquet	000270	0.0000		
train-00005-of-00008.parquet	000271	0.0000		
train-00005-of-00008.parquet	000272	0.0000		
train-00005-of-00008.parquet	000273	0.0000		
train-00005-of-00008.parquet	000274	0.0000		
train-00005-of-00008.parquet	000275	0.0000		
train-00005-of-00008.parquet	000276	0.0000		
train-00005-of-00008.parquet	000277	0.0000		
train-00005-of-00008.parquet	000278	0.0000		
train-00005-of-00008.parquet	000279	0.0000		
train-00005-of-00008.parquet	000280	0.0000		
train-00005-of-00008.parquet	000281	0.0000		
train-00005-of-00008.parquet	000282	0.0000		
train-00005-of-00008.parquet	000283	0.0000		
train-00005-of-00008.parquet	000284	0.0000		
train-00005-of-00008.parquet	000285	0.0000		
train-00005-of-00008.parquet	000286	0.0000		
train-00005-of-00008.parquet	000287	0.0000		
train-00005-of-00008.parquet	000288	0.0000		
train-00005-of-00008.parquet	000289	0.0000		
train-00005-of-00008.parquet	000290	0.0000		
train-00005-of-00008.parquet	000291	0.0000		
train-00005-of-00008.parquet	000292	0.0000		
train-00005-of-00008.parquet	000293	0.0000		
train-00005-of-00008.parquet	000294	0.0000		
train-00005-of-00008.parquet	000295	0.0000		
train-00005-of-00008.parquet	000296	0.0000		
train-00005-of-00008.parquet	000297	0.0000		
train-00005-of-00008.parquet	000298	0.0000		
train-00005-of-00008.parquet	000299	0.0000		
train-00005-of-00008.parquet	000300	0.0000		
train-00005-of-00008.parquet	000301	0.0053	train-00000-of-00008.parquet	000473
train-00005-of-00008.parquet	000302	0.0000		
train-00005-of-00008.parquet	000303	0.0000		
train-00005-of-00008.parquet	000304	0.0000		
train-00005-of-00008.parquet	000305	0.0000		
train-00005-of-00008.parquet	000306	0.0000		
train-00005-of-00008.parquet	000307	0.0000		
train-00005-of-00008.parquet	000308	0.0000		
train-00005-of-00008.parquet	000309	0.0000		
train-00005-of-00008.parquet	000310	0.0000		
train-00005-of-00008.parquet	000311	0.0000		
train-00005-of-00008.parquet	000312	0.0000		
train-00005-of-00008.parquet	000313	0.0000		
train-00005-of-00008.parquet	000314	0.0000		
train-00005-of-00008.parquet	000315	0.0000		
train-00005-of-00008.parquet	000316	0.0000		
train-00005-of-00008.parquet	000317	0.0000		
train-00005-of-00008.parquet	000318	0.0000		
train-00005-of-00008.parquet	000319	0.0000		
train-00005-of-00008.parquet	000320	0.0000		
train-00005-of-00008.parquet	000321	0.0000		
train-00005-of-00008.parquet	000322	0.0000		
train-00005-of-00008.parquet	000323	0.0000		
train-00005-of-00008.parquet	000324	0.0000		
train-00005-of-00008.parquet	000325	0.0000		
train-00005-of-00008.parquet	000326	0.0000		
train-00005-of-00008.parquet	000327	0.0000		
train-00005-of-00008.parquet	000328	0.0000		
train-00005-of-00008.parquet	000329	0.0000		
train-00005-of-00008.parquet	000330	0.0000		
train-00005-of-00008.parquet	000331	0.0000		
train-00005-of-00008.parquet	000332	0.0000		
train-00005-of-00008.parquet	000333	0.0000		
train-00005-of-00008.parquet	000334	0.0000		
train-00005-of-00008.parquet	000335	0.0000		
train-00005-of-00008.parquet	000336	0.0000		
train-00005-of-00008.parquet	000337	0.0000		
train-00005-of-00008.parquet	000338	0.0000		
train-00005-of-00008.parquet	000339	0.0000		
train-00005-of-00008.parquet	000340	0.0000		
train-00005-of-00008.parquet	000341	0.0000		
train-00005-of-00008.parquet	000342	0.0000		
train-00005-of-00008.parquet	000343	0.0000		
train-00005-of-00008.parquet	000344	0.0000		
train-00005-of-00008.parquet	000345	0.0000		
train-00005-of-00008.parquet	000346	0.0000		
train-00005-of-00008.parquet	000347	0.0000		
train-00005-of-00008.parquet	000348	0.0000		
train-00005-of-00008.parquet	000349	0.0000		
train-00005-of-00008.parquet	000350	0.0000		
train-00005-of-00008.parquet	000351	0.0000		
train-00005-of-00008.parquet	000352	0.0000		
train-00005-of-00008.parquet	000353	0.0000		
train-00005-of-00008.parquet	000354	0.0000		
train-00005-of-00008.parquet	000355	0.0000		
train-00005-of-00008.parquet	000356	0.0000		
train-00005-of-00008.parquet	000357	0.0000		
train-00005-of-00008.parquet	000358	0.0000		
train-00005-of-00008.parquet	000359	0.0000		
train-00005-of-00008.parquet	000360	0.0000		
train-00005-of-00008.parquet	000361	0.0000		
train-00005-of-00008.parquet	000362	0.0000		
train-00005-of-00008.parquet	000363	0.0000		
train-00005-of-00008.parquet	000364	0.0000		
train-00005-of-00008.parquet	000365	0.0000		
train-00005-of-00008.parquet	000366	0.0000		
train-00005-of-00008.parquet	000367	0.0000		
train-00005-of-00008.parquet	000368	0.0000		
train-00005-of-00008.parquet	000369	0.0000		
train-00005-of-00008.parquet	000370	0.0000		
train-00005-of-00008.parquet	000371	0.0000		
train-00005-of-00008.parquet	000372	0.0000		
train-00005-of-00008.parquet	000373	0.0000		
train-00005-of-00008.parquet	000374	0.0000		
train-00005-of-00008.parquet	000375	0.0000		
train-00005-of-00008.parquet	000376	0.0000		
train-00005-of-00008.parquet	000377	0.0000		
train-00005-of-00008.parquet	000378	0.0000		
train-00005-of-00008.parquet	000379	0.0000		
train-00005-of-00008.parquet	000380	0.0000		
train-00005-of-00008.parquet	000381	0.0000		
train-00005-of-00008.parquet	000382	0.0000		
train-00005-of-00008.parquet	000383	0.0000		
train-00005-of-00008.parquet	000384	0.0000		
train-00005-of-00008.parquet	000385	0.0000		
train-00005-of-00008.parquet	000386	0.0000		
train-00005-of-00008.parquet	000387	0.0000		
train-00005-of-00008.parquet	000388	0.0000		
train-00005-of-00008.parquet	000389	0.0000		
train-00005-of-00008.parquet	000390	0.0000		
train-00005-of-00008.parquet	000391	0.0000		
train-00005-of-00008.parquet	000392	0.0000		
train-00005-of-00008.parquet	000393	0.0000		
train-00005-of-00008.parquet	000394	0.0000		
train-00005-of-00008.parquet	000395	0.0000		
train-00005-of-00008.parquet	000396	0.0000		
train-00005-of-00008.parquet	000397	0.0000		
train-00005-of-00008.parquet	000398	0.0000		
train-00005-of-00008.parquet	000399	0.0000		
train-00005-of-00008.parquet	000400	0.0000		
train-00005-of-00008.parquet	000401	0.0000		
train-00005-of-00008.parquet	000402	0.0000		
train-00005-of-00008.parquet	000403	0.0000		
train-00005-of-00008.parquet	000404	0.0000		
train-00005-of-00008.parquet	000405	0.0000		
train-00005-of-00008.parquet	000406	0.0000		
train-00005-of-00008.parquet	000407	0.0000		
train-00005-of-00008.parquet	000408	0.0000		
train-00005-of-00008.parquet	000409	0.0000		
train-00005-of-00008.parquet	000410	0.0000		
train-00005-of-00008.parquet	000411	0.0000		
train-00005-of-00008.parquet	000412	0.0000		
train-00005-of-00008.parquet	000413	0.0000		
train-00005-of-00008.parquet	000414	0.0000		
train-00005-of-00008.parquet	000415	0.0000		
train-00005-of-00008.parquet	000416	0.0000		
train-00005-of-00008.parquet	000417	0.0000		
train-00005-of-00008.parquet	000418	0.0000		
train-00005-of-00008.parquet	000419	0.0000		
train-00005-of-00008.parquet	000420	0.0000		
train-00005-of-00008.parquet	000421	0.0000		
train-00005-of-00008.parquet	000422	0.0000		
train-00005-of-00008.parquet	000423	0.0000		
train-00005-of-00008.parquet	000424	0.0000		
train-00005-of-00008.parquet	000425	0.0074	train-00000-of-00008.parquet	000473
train-00005-of-00008.parquet	000426	0.0000		
train-00005-of-00008.parquet	000427	0.0000		
train-00005-of-00008.parquet	000428	0.0000		
train-00005-of-00008.parquet	000429	0.0000		
train-00005-of-00008.parquet	000430	0.0000		
train-00005-of-00008.parquet	000431	0.0000		
train-00005-of-00008.parquet	000432	0.0000		
train-00005-of-00008.parquet	000433	0.0000		
train-00005-of-00008.parquet	000434	0.0058	train-00000-of-00008.parquet	000473
train-00005-of-00008.parquet	000435	0.0000		
train-00005-of-00008.parquet	000436	0.0000		
train-00005-of-00008.parquet	000437	0.0000		
train-00005-of-00008.parquet	000438	0.0000		
train-00005-of-00008.parquet	000439	0.0000		
train-00005-of-00008.parquet	000440	0.0000		
train-00005-of-00008.parquet	000441	0.0000		
train-00005-of-00008.parquet	000442	0.0060	train-00000-of-00008.parquet	000473
train-00005-of-00008.parquet	000443	0.0000		
train-00005-of-00008.parquet	000444	0.0000		
train-00005-of-00008.parquet	000445	0.2148	train-00000-of-00008.parquet	000473
train-00005-of-00008.parquet	000446	0.1231	train-00000-of-00008.parquet	000473
train-00005-of-00008.parquet	000447	0.0563	train-00000-of-00008.parquet	000473
train-00005-of-00008.parquet	000448	0.0020	train-00000-of-00008.parquet	000385
train-00005-of-00008.parquet	000449	0.0000		
train-00005-of-00008.parquet	000450	0.2132	train-00000-of-00008.parquet	000473
train-00005-of-00008.parquet	000451	0.0941	train-00000-of-00008.parquet	000473
train-00005-of-00008.parquet	000452	0.0884	train-00000-of-00008.parquet	000473
train-00005-of-00008.parquet	000453	0.0027	train-00000-of-00008.parquet	000385
train-00005-of-00008.parquet	000454	0.0024	train-00000-of-00008.parquet	000385
train-00005-of-00008.parquet	000455	0.0000		
train-00005-of-00008.parquet	000456	0.0070	train-00000-of-00008.parquet	000473
train-00005-of-00008.parquet	000457	0.2385	train-00000-of-00008.parquet	000473
train-00005-of-00008.parquet	000458	0.0851	train-00000-of-00008.parquet	000473
train-00005-of-00008.parquet	000459	0.0658	train-00000-of-00008.parquet	000473
train-00005-of-00008.parquet	000460	0.0019	train-00000-of-00008.parquet	000385
train-00005-of-00008.parquet	000461	0.0000		
train-00005-of-00008.parquet	000462	0.0091	train-00000-of-00008.parquet	000473
train-00005-of-00008.parquet	000463	0.0657	train-00000-of-00008.parquet	000473
train-00005-of-00008.parquet	000464	0.0000		
train-00005-of-00008.parquet	000465	0.0000		
train-00005-of-00008.parquet	000466	0.0194	train-00000-of-00008.parquet	000385
train-00005-of-00008.parquet	000467	0.0105	train-00000-of-00008.parquet	000000
train-00005-of-00008.parquet	000468	0.0079	train-00000-of-00008.parquet	000000
train-00005-of-00008.parquet	000469	0.0000		
train-00005-of-00008.parquet	000470	0.0081	train-00000-of-00008.parquet	000000
train-00005-of-00008.parquet	000471	0.0107	train-00000-of-00008.parquet	000000
train-00005-of-00008.parquet	000472	0.0099	train-00000-of-00008.parquet	000000
train-00005-of-00008.parquet	000473	0.0000		
train-00005-of-00008.parquet	000474	0.0090	train-00000-of-00008.parquet	000000
train-00005-of-00008.parquet	000475	0.0000		
train-00005-of-00008.parquet	000476	0.7200	train-00000-of-00008.parquet	000473
train-00005-of-00008.parquet	000477	0.0025	train-00000-of-00008.parquet	000539
train-00005-of-00008.parquet	000478	0.0000		
train-00005-of-00008.parquet	000479	0.0000		
train-00005-of-00008.parquet	000480	0.0312	train-00000-of-00008.parquet	000473
train-00005-of-00008.parquet	000481	0.0162	train-00000-of-00008.parquet	000594
train-00005-of-00008.parquet	000482	0.0408	train-00000-of-00008.parquet	000000
train-00005-of-00008.parquet	000483	0.0400	train-00000-of-00008.parquet	000000
train-00005-of-00008.parquet	000484	0.0345	train-00000-of-00008.parquet	000473
train-00005-of-00008.parquet	000485	0.0073	train-00000-of-00008.parquet	000000
train-00005-of-00008.parquet	000486	0.0278	train-00000-of-00008.parquet	000440
train-00005-of-00008.parquet	000487	0.0092	train-00000-of-00008.parquet	000451
train-00005-of-00008.parquet	000488	0.0127	train-00000-of-00008.parquet	000451
train-00005-of-00008.parquet	000489	0.0161	train-00000-of-00008.parquet	000451
train-00005-of-00008.parquet	000490	0.0064	train-00000-of-00008.parquet	000451
train-00005-of-00008.parquet	000491	0.0018	train-00000-of-00008.parquet	000660
train-00005-of-00008.parquet	000492	0.0000		
train-00005-of-00008.parquet	000493	0.0034	train-00000-of-00008.parquet	000000
train-00005-of-00008.parquet	000494	0.0000		
train-00005-of-00008.parquet	000495	0.0023	train-00000-of-00008.parquet	000451
train-00005-of-00008.parquet	000496	0.0042	train-00000-of-00008.parquet	000473
train-00005-of-00008.parquet	000497	0.0000		
train-00005-of-00008.parquet	000499	0.0195	train-00000-of-00008.parquet	000473
train-00005-of-00008.parquet	000500	0.0240	train-00000-of-00008.parquet	000000
train-00005-of-00008.parquet	000502	0.0115	train-00000-of-00008.parquet	000000
train-00005-of-00008.parquet	000503	0.0056	train-00000-of-00008.parquet	000000
train-00005-of-00008.parquet	000504	0.0059	train-00000-of-00008.parquet	000000
train-00005-of-00008.parquet	000505	0.0000		
train-00005-of-00008.parquet	000506	0.0000		
train-00005-of-00008.parquet	000507	0.0000		
train-00005-of-00008.parquet	000508	0.0769	train-00000-of-00008.parquet	000440
train-00005-of-00008.parquet	000509	0.0213	train-00000-of-00008.parquet	000473
train-00005-of-00008.parquet	000510	0.0000		
train-00005-of-00008.parquet	000511	0.0029	train-00000-of-00008.parquet	000440
train-00005-of-00008.parquet	000512	0.0214	train-00000-of-00008.parquet	000440
train-00005-of-00008.parquet	000513	0.0093	train-00000-of-00008.parquet	000440
train-00005-of-00008.parquet	000514	0.0076	train-00000-of-00008.parquet	000440
train-00005-of-00008.parquet	000515	0.0052	train-00000-of-00008.parquet	000440
train-00005-of-00008.parquet	000516	0.0084	train-00000-of-00008.parquet	000440
train-00005-of-00008.parquet	000517	0.0142	train-00000-of-00008.parquet	000440
train-00005-of-00008.parquet	000518	0.0068	train-00000-of-00008.parquet	000440
train-00005-of-00008.parquet	000519	0.0127	train-00000-of-00008.parquet	000440
train-00005-of-00008.parquet	000520	0.0233	train-00000-of-00008.parquet	000440
train-00005-of-00008.parquet	000521	0.0128	train-00000-of-00008.parquet	000440
train-00005-of-00008.parquet	000522	0.0092	train-00000-of-00008.parquet	000440
train-00005-of-00008.parquet	000523	0.0123	train-00000-of-00008.parquet	000440
train-00005-of-00008.parquet	000524	0.0093	train-00000-of-00008.parquet	000440
train-00005-of-00008.parquet	000525	0.0103	train-00000-of-00008.parquet	000440
train-00005-of-00008.parquet	000526	0.0088	train-00000-of-00008.parquet	000440
train-00005-of-00008.parquet	000527	0.0054	train-00000-of-00008.parquet	000440
train-00005-of-00008.parquet	000528	0.0076	train-00000-of-00008.parquet	000440
train-00005-of-00008.parquet	000529	0.0130	train-00000-of-00008.parquet	000440
train-00005-of-00008.parquet	000530	0.0115	train-00000-of-00008.parquet	000440
train-00005-of-00008.parquet	000531	0.0303	train-00000-of-00008.parquet	000440
train-00005-of-00008.parquet	000532	0.0084	train-00000-of-00008.parquet	000473
train-00005-of-00008.parquet	000533	0.0000		
train-00005-of-00008.parquet	000534	0.0000		
train-00005-of-00008.parquet	000535	0.0000		
train-00005-of-00008.parquet	000536	0.0000		
train-00005-of-00008.parquet	000537	0.0000		
train-00005-of-00008.parquet	000538	0.0000		
train-00005-of-00008.parquet	000539	0.0000		
train-00005-of-00008.parquet	000540	0.0000		
train-00005-of-00008.parquet	000541	0.0000		
train-00005-of-00008.parquet	000542	0.0000		
train-00005-of-00008.parquet	000543	0.0060	train-00000-of-00008.parquet	000385
train-00005-of-00008.parquet	000544	0.0049	train-00000-of-00008.parquet	000385
train-00005-of-00008.parquet	000545	0.0000		
train-00005-of-00008.parquet	000546	0.0000		
train-00005-of-00008.parquet	000547	0.0000		
train-00005-of-00008.parquet	000548	0.0084	train-00000-of-00008.parquet	000473
train-00005-of-00008.parquet	000549	0.0000		
train-00005-of-00008.parquet	000550	0.0000		
train-00005-of-00008.parquet	000551	0.0000		
train-00005-of-00008.parquet	000552	0.0000		
train-00005-of-00008.parquet	000553	0.0054	train-00000-of-00008.parquet	000385
train-00005-of-00008.parquet	000554	0.0050	train-00000-of-00008.parquet	000385
train-00005-of-00008.parquet	000555	0.0000		
train-00005-of-00008.parquet	000556	0.0000		
train-00005-of-00008.parquet	000557	0.0000		
train-00005-of-00008.parquet	000558	0.0084	train-00000-of-00008.parquet	000473
train-00005-of-00008.parquet	000559	0.0000		
train-00005-of-00008.parquet	000560	0.0000		
train-00005-of-00008.parquet	000561	0.0000		
train-00005-of-00008.parquet	000562	0.0000		
train-00005-of-00008.parquet	000563	0.0000		
train-00005-of-00008.parquet	000564	0.0049	train-00000-of-00008.parquet	000385
train-00005-of-00008.parquet	000565	0.0054	train-00000-of-00008.parquet	000385
train-00005-of-00008.parquet	000566	0.0000		
train-00005-of-00008.parquet	000567	0.0000		
train-00005-of-00008.parquet	000569	0.0517	train-00000-of-00008.parquet	000473
train-00005-of-00008.parquet	000570	0.0000		
train-00005-of-00008.parquet	000571	0.0435	train-00000-of-00008.parquet	000000
train-00005-of-00008.parquet	000572	0.0088	train-00000-of-00008.parquet	000000
train-00005-of-00008.parquet	000573	0.0208	train-00000-of-00008.parquet	000473
train-00005-of-00008.parquet	000574	0.0000		
train-00005-of-00008.parquet	000575	0.0025	train-00000-of-00008.parquet	000396
train-00005-of-00008.parquet	000576	0.0025	train-00000-of-00008.parquet	000396
train-00005-of-00008.parquet	000577	0.0119	train-00000-of-00008.parquet	000407
train-00005-of-00008.parquet	000578	0.0027	train-00000-of-00008.parquet	000066
train-00005-of-00008.parquet	000579	0.0061	train-00000-of-00008.parquet	000396
train-00005-of-00008.parquet	000580	0.0036	train-00000-of-00008.parquet	000385
train-00005-of-00008.parquet	000581	0.0122	train-00000-of-00008.parquet	000473
train-00005-of-00008.parquet	000582	0.0000		
train-00005-of-00008.parquet	000583	0.6512	train-00000-of-00008.parquet	000429
train-00005-of-00008.parquet	000584	0.0060	train-00000-of-00008.parquet	000473
train-00005-of-00008.parquet	000585	0.0000		
train-00005-of-00008.parquet	000586	0.0000		
train-00005-of-00008.parquet	000587	0.0000		
train-00005-of-00008.parquet	000588	0.0017	train-00000-of-00008.parquet	000440
train-00005-of-00008.parquet	000589	0.0327	train-00000-of-00008.parquet	000473
train-00005-of-00008.parquet	000590	0.0092	train-00000-of-00008.parquet	000473
train-00005-of-00008.parquet	000591	0.0032	train-00000-of-00008.parquet	000066
train-00005-of-00008.parquet	000592	0.0102	train-00000-of-00008.parquet	000055
train-00005-of-00008.parquet	000593	0.6566	train-00000-of-00008.parquet	000055
train-00005-of-00008.parquet	000594	0.0413	train-00000-of-00008.parquet	000055
train-00005-of-00008.parquet	000595	0.7434	train-00000-of-00008.parquet	000253
train-00005-of-00008.parquet	000596	0.9121	train-00000-of-00008.parquet	000209
train-00005-of-00008.parquet	000597	0.9008	train-00000-of-00008.parquet	000198
train-00005-of-00008.parquet	000598	0.8491	train-00000-of-00008.parquet	000275
train-00005-of-00008.parquet	000600	0.8366	train-00000-of-00008.parquet	000253
train-00005-of-00008.parquet	000601	0.9557	train-00000-of-00008.parquet	000242
train-00005-of-00008.parquet	000602	0.6656	train-00000-of-00008.parquet	000066
train-00005-of-00008.parquet	000603	0.0133	train-00000-of-00008.parquet	000473
train-00005-of-00008.parquet	000604	0.0000		
train-00005-of-00008.parquet	000605	0.0146	train-00000-of-00008.parquet	000473
train-00005-of-00008.parquet	000606	0.0151	train-00000-of-00008.parquet	000473
train-00005-of-00008.parquet	000607	0.0000		
train-00005-of-00008.parquet	000609	0.0000		
train-00005-of-00008.parquet	000610	0.0205	train-00000-of-00008.parquet	000473
train-00005-of-00008.parquet	000611	0.0100	train-00000-of-00008.parquet	000473
train-00005-of-00008.parquet	000612	0.0000		
train-00005-of-00008.parquet	000613	0.0074	train-00000-of-00008.parquet	000000
train-00005-of-00008.parquet	000614	0.2403	train-00000-of-00008.parquet	000473
train-00005-of-00008.parquet	000615	0.0613	train-00000-of-00008.parquet	000473
train-00005-of-00008.parquet	000616	0.0606	train-00000-of-00008.parquet	000473
train-00005-of-00008.parquet	000617	0.0516	train-00000-of-00008.parquet	000473
train-00005-of-00008.parquet	000618	0.0025	train-00000-of-00008.parquet	000385
train-00005-of-00008.parquet	000619	0.0000		
train-00005-of-00008.parquet	000621	0.0090	train-00000-of-00008.parquet	000473
train-00005-of-00008.parquet	000623	0.0000		
train-00005-of-00008.parquet	000624	0.0028	train-00000-of-00008.parquet	000440
train-00005-of-00008.parquet	000625	0.0031	train-00000-of-00008.parquet	000451
train-00005-of-00008.parquet	000626	0.0033	train-00000-of-00008.parquet	000451
train-00005-of-00008.parquet	000627	0.0032	train-00000-of-00008.parquet	000451
train-00005-of-00008.parquet	000628	0.0029	train-00000-of-00008.parquet	000451
train-00005-of-00008.parquet	000629	0.0045	train-00000-of-00008.parquet	000451
train-00005-of-00008.parquet	000631	0.0219	train-00000-of-00008.parquet	000473
train-00005-of-00008.parquet	000632	0.0000		
train-00005-of-00008.parquet	000633	0.0000		
train-00005-of-00008.parquet	000634	0.0030	train-00000-of-00008.parquet	000440
train-00005-of-00008.parquet	000635	0.0111	train-00000-of-00008.parquet	000495
train-00005-of-00008.parquet	000636	0.0069	train-00000-of-00008.parquet	000440
train-00005-of-00008.parquet	000637	0.0080	train-00000-of-00008.parquet	000440
train-00005-of-00008.parquet	000638	0.0204	train-00000-of-00008.parquet	000440
train-00005-of-00008.parquet	000639	0.0072	train-00000-of-00008.parquet	000440
train-00005-of-00008.parquet	000640	0.0096	train-00000-of-00008.parquet	000440
train-00005-of-00008.parquet	000641	0.0084	train-00000-of-00008.parquet	000440
train-00005-of-00008.parquet	000642	0.0000		
train-00005-of-00008.parquet	000643	0.0000		
train-00005-of-00008.parquet	000644	0.0000		
train-00005-of-00008.parquet	000645	0.0000		
train-00005-of-00008.parquet	000646	0.0000		
train-00005-of-00008.parquet	000647	0.0000		
train-00005-of-00008.parquet	000648	0.0000		
train-00005-of-00008.parquet	000649	0.0000		
train-00005-of-00008.parquet	000650	0.0000		
train-00005-of-00008.parquet	000651	0.0000		
train-00005-of-00008.parquet	000653	0.0000		
train-00005-of-00008.parquet	000654	0.0000		
train-00005-of-00008.parquet	000655	0.0000		
train-00005-of-00008.parquet	000656	0.0000		
train-00005-of-00008.parquet	000657	0.0000		
train-00005-of-00008.parquet	000658	0.0000		
train-00005-of-00008.parquet	000659	0.0000		
train-00005-of-00008.parquet	000660	0.0000		
train-00005-of-00008.parquet	000661	0.0000		
train-00005-of-00008.parquet	000662	0.0000		
train-00005-of-00008.parquet	000663	0.0000		
train-00005-of-00008.parquet	000664	0.0000		
train-00005-of-00008.parquet	000665	0.0000		
train-00005-of-00008.parquet	000666	0.0000		
train-00005-of-00008.parquet	000667	0.0000		
train-00005-of-00008.parquet	000668	0.0000		
train-00005-of-00008.parquet	000669	0.0000		
train-00005-of-00008.parquet	000670	0.0000		
train-00005-of-00008.parquet	000671	0.0000		
train-00005-of-00008.parquet	000673	0.0094	train-00000-of-00008.parquet	000473
train-00005-of-00008.parquet	000674	0.0100	train-00000-of-00008.parquet	000000
train-00005-of-00008.parquet	000675	0.0113	train-00000-of-00008.parquet	000000
train-00005-of-00008.parquet	000676	0.0099	train-00000-of-00008.parquet	000000
train-00005-of-00008.parquet	000677	0.2500	train-00000-of-00008.parquet	000473
train-00005-of-00008.parquet	000678	0.1096	train-00000-of-00008.parquet	000473
train-00005-of-00008.parquet	000679	0.0032	train-00000-of-00008.parquet	000385
train-00005-of-00008.parquet	000680	0.0034	train-00000-of-00008.parquet	000385
train-00005-of-00008.parquet	000681	0.0811	train-00000-of-00008.parquet	000000
train-00005-of-00008.parquet	000682	0.0000		
train-00005-of-00008.parquet	000683	0.0093	train-00000-of-00008.parquet	000000
train-00005-of-00008.parquet	000684	0.0105	train-00000-of-00008.parquet	000000
train-00005-of-00008.parquet	000685	0.3656	train-00000-of-00008.parquet	000000
train-00005-of-00008.parquet	000686	0.0099	train-00000-of-00008.parquet	000000
train-00005-of-00008.parquet	000687	0.0000		
train-00005-of-00008.parquet	000688	0.0000		
train-00005-of-00008.parquet	000689	0.0172	train-00000-of-00008.parquet	000473
train-00005-of-00008.parquet	000690	0.0026	train-00000-of-00008.parquet	000473
train-00005-of-00008.parquet	000691	0.0026	train-00000-of-00008.parquet	000396
train-00005-of-00008.parquet	000692	0.0020	train-00000-of-00008.parquet	000396
train-00005-of-00008.parquet	000693	0.0000		
train-00005-of-00008.parquet	000694	0.0134	train-00000-of-00008.parquet	000407
train-00005-of-00008.parquet	000695	0.0000		
train-00005-of-00008.parquet	000696	0.0040	train-00000-of-00008.parquet	000066
train-00005-of-00008.parquet	000697	0.0077	train-00000-of-00008.parquet	000396
train-00005-of-00008.parquet	000698	0.0048	train-00000-of-00008.parquet	000385
train-00005-of-00008.parquet	000699	0.0122	train-00000-of-00008.parquet	000473
train-00005-of-00008.parquet	000700	0.0000		
train-00005-of-00008.parquet	000701	0.1172	train-00000-of-00008.parquet	000429
train-00005-of-00008.parquet	000702	0.0093	train-00000-of-00008.parquet	000000
train-00005-of-00008.parquet	000703	0.0432	train-00000-of-00008.parquet	000473
train-00005-of-00008.parquet	000704	0.0000		
train-00005-of-00008.parquet	000705	0.0000		
train-00005-of-00008.parquet	000706	0.0408	train-00000-of-00008.parquet	000000
train-00005-of-00008.parquet	000707	0.0432	train-00000-of-00008.parquet	000473
train-00005-of-00008.parquet	000708	0.0000		
train-00005-of-00008.parquet	000709	0.0408	train-00000-of-00008.parquet	000000
train-00005-of-00008.parquet	000710	0.0432	train-00000-of-00008.parquet	000473
train-00005-of-00008.parquet	000711	0.0000		
train-00005-of-00008.parquet	000712	0.0408	train-00000-of-00008.parquet	000000
train-00005-of-00008.parquet	000713	0.0432	train-00000-of-00008.parquet	000473
train-00005-of-00008.parquet	000714	0.0000		
train-00005-of-00008.parquet	000715	0.0032	train-00000-of-00008.parquet	000627
train-00005-of-00008.parquet	000716	0.0000		
train-00005-of-00008.parquet	000717	0.0020	train-00000-of-00008.parquet	000539
train-00005-of-00008.parquet	000718	0.0025	train-00000-of-00008.parquet	000539
train-00005-of-00008.parquet	000719	0.0019	train-00000-of-00008.parquet	000055
train-00005-of-00008.parquet	000720	0.0018	train-00000-of-00008.parquet	000539
train-00005-of-00008.parquet	000721	0.0000		
train-00005-of-00008.parquet	000722	0.0000		
train-00005-of-00008.parquet	000724	0.0000		
train-00005-of-00008.parquet	000725	0.0044	train-00000-of-00008.parquet	000495
train-00005-of-00008.parquet	000726	0.0000		
train-00005-of-00008.parquet	000727	0.0000		
train-00005-of-00008.parquet	000728	0.0000		
train-00005-of-00008.parquet	000729	0.0000		
train-00005-of-00008.parquet	000730	0.0000		
train-00005-of-00008.parquet	000731	0.0046	train-00000-of-00008.parquet	000385
train-00005-of-00008.parquet	000732	0.0000		
train-00005-of-00008.parquet	000733	0.0000		
train-00005-of-00008.parquet	000734	0.0025	train-00000-of-00008.parquet	000066
train-00005-of-00008.parquet	000735	0.0000		
train-00005-of-00008.parquet	000736	0.0000		
train-00005-of-00008.parquet	000737	0.0000		
train-00005-of-00008.parquet	000738	0.0000		
train-00005-of-00008.parquet	000739	0.0000		
train-00005-of-00008.parquet	000740	0.0062	train-00000-of-00008.parquet	000583
train-00005-of-00008.parquet	000741	0.0000		
train-00005-of-00008.parquet	000742	0.0000		
train-00005-of-00008.parquet	000743	0.0000		
train-00005-of-00008.parquet	000744	0.0000		
train-00005-of-00008.parquet	000745	0.0000		
train-00005-of-00008.parquet	000746	0.0000		
train-00005-of-00008.parquet	000747	0.0000		
train-00005-of-00008.parquet	000748	0.0000		
train-00005-of-00008.parquet	000749	0.0000		
train-00005-of-00008.parquet	000750	0.0000		
train-00005-of-00008.parquet	000751	0.0000		
train-00005-of-00008.parquet	000752	0.0047	train-00000-of-00008.parquet	000594
train-00005-of-00008.parquet	000753	0.0000		
train-00005-of-00008.parquet	000754	0.0081	train-00000-of-00008.parquet	000539
train-00005-of-00008.parquet	000755	0.0000		
train-00005-of-00008.parquet	000756	0.0000		
train-00005-of-00008.parquet	000757	0.0000		
train-00005-of-00008.parquet	000758	0.0000		
train-00005-of-00008.parquet	000759	0.0000		
train-00005-of-00008.parquet	000760	0.0000		
train-00005-of-00008.parquet	000761	0.0000		
train-00005-of-00008.parquet	000762	0.0000		
train-00005-of-00008.parquet	000763	0.0000		
train-00005-of-00008.parquet	000764	0.0000		
train-00005-of-00008.parquet	000765	0.0000		
train-00005-of-00008.parquet	000766	0.0060	train-00000-of-00008.parquet	000066
train-00005-of-00008.parquet	000767	0.0435	train-00000-of-00008.parquet	000000
train-00005-of-00008.parquet	000768	0.0432	train-00000-of-00008.parquet	000473
train-00005-of-00008.parquet	000769	0.0016	train-00000-of-00008.parquet	000594
train-00005-of-00008.parquet	000770	0.0000		
train-00005-of-00008.parquet	000771	0.0408	train-00000-of-00008.parquet	000000
train-00005-of-00008.parquet	000772	0.0432	train-00000-of-00008.parquet	000473
train-00005-of-00008.parquet	000773	0.0000		
train-00005-of-00008.parquet	000774	0.0408	train-00000-of-00008.parquet	000000
train-00005-of-00008.parquet	000775	0.0432	train-00000-of-00008.parquet	000473
train-00005-of-00008.parquet	000776	0.0069	train-00000-of-00008.parquet	000627
train-00005-of-00008.parquet	000777	0.0408	train-00000-of-00008.parquet	000000
train-00005-of-00008.parquet	000778	0.0432	train-00000-of-00008.parquet	000473
train-00005-of-00008.parquet	000779	0.0016	train-00000-of-00008.parquet	000594
train-00005-of-00008.parquet	000780	0.0417	train-00000-of-00008.parquet	000000
train-00005-of-00008.parquet	000781	0.0432	train-00000-of-00008.parquet	000473
train-00005-of-00008.parquet	000782	0.0056	train-00000-of-00008.parquet	000451
train-00005-of-00008.parquet	000783	0.0103	train-00000-of-00008.parquet	000451
train-00005-of-00008.parquet	000784	0.0059	train-00000-of-00008.parquet	000451
train-00005-of-00008.parquet	000785	0.0000		
train-00005-of-00008.parquet	000786	0.0149	train-00000-of-00008.parquet	000627
train-00005-of-00008.parquet	000787	0.0408	train-00000-of-00008.parquet	000000
train-00005-of-00008.parquet	000788	0.0432	train-00000-of-00008.parquet	000473
train-00005-of-00008.parquet	000789	0.0061	train-00000-of-00008.parquet	000011
train-00005-of-00008.parquet	000790	0.0032	train-00000-of-00008.parquet	000440
train-00005-of-00008.parquet	000791	0.0108	train-00000-of-00008.parquet	000627
train-00005-of-00008.parquet	000792	0.0408	train-00000-of-00008.parquet	000000
train-00005-of-00008.parquet	000793	0.0093	train-00000-of-00008.parquet	000473
train-00005-of-00008.parquet	000794	0.0092	train-00000-of-00008.parquet	000000
train-00005-of-00008.parquet	000795	0.0098	train-00000-of-00008.parquet	000000
train-00005-of-00008.parquet	000796	0.0093	train-00000-of-00008.parquet	000000
train-00005-of-00008.parquet	000797	0.0093	train-00000-of-00008.parquet	000000
train-00005-of-00008.parquet	000798	0.0103	train-00000-of-00008.parquet	000000
train-00005-of-00008.parquet	000799	0.0093	train-00000-of-00008.parquet	000000
train-00005-of-00008.parquet	000800	0.0000		
train-00005-of-00008.parquet	000801	0.0093	train-00000-of-00008.parquet	000000
train-00005-of-00008.parquet	000802	0.0085	train-00000-of-00008.parquet	000000
train-00005-of-00008.parquet	000803	0.0023	train-00000-of-00008.parquet	000550
train-00005-of-00008.parquet	000804	0.0000		
train-00005-of-00008.parquet	000805	0.0000		
train-00005-of-00008.parquet	000806	0.0021	train-00000-of-00008.parquet	000374
train-00005-of-00008.parquet	000807	0.0000		
train-00005-of-00008.parquet	000808	0.0000		
train-00005-of-00008.parquet	000809	0.0035	train-00000-of-00008.parquet	000539
train-00005-of-00008.parquet	000810	0.0037	train-00000-of-00008.parquet	000539
train-00005-of-00008.parquet	000811	0.0039	train-00000-of-00008.parquet	000539
train-00005-of-00008.parquet	000812	0.0000		
train-00005-of-00008.parquet	000813	0.0000		
train-00005-of-00008.parquet	000814	0.0000		
train-00005-of-00008.parquet	000815	0.0000		
train-00005-of-00008.parquet	000816	0.0000		
train-00005-of-00008.parquet	000817	0.0000		
train-00005-of-00008.parquet	000818	0.0068	train-00000-of-00008.parquet	000066
train-00005-of-00008.parquet	000819	0.0000		
train-00005-of-00008.parquet	000820	0.0000		
train-00005-of-00008.parquet	000821	0.0000		
train-00005-of-00008.parquet	000822	0.0000		
train-00005-of-00008.parquet	000823	0.0370	train-00000-of-00008.parquet	000473
train-00005-of-00008.parquet	000824	0.0000		
train-00005-of-00008.parquet	000825	0.0345	train-00000-of-00008.parquet	000000
train-00005-of-00008.parquet	000826	0.0309	train-00000-of-00008.parquet	000473
train-00005-of-00008.parquet	000827	0.0000		
train-00005-of-00008.parquet	000828	0.0286	train-00000-of-00008.parquet	000000
train-00005-of-00008.parquet	000830	0.1000	train-00000-of-00008.parquet	000473
train-00005-of-00008.parquet	000831	0.0050	train-00000-of-00008.parquet	000473
train-00005-of-00008.parquet	000832	0.0188	train-00000-of-00008.parquet	000627
train-00005-of-00008.parquet	000833	0.0000		
train-00005-of-00008.parquet	000834	0.0074	train-00000-of-00008.parquet	000000
train-00005-of-00008.parquet	000835	0.0073	train-00000-of-00008.parquet	000660
train-00005-of-00008.parquet	000836	0.0098	train-00000-of-00008.parquet	000627
train-00005-of-00008.parquet	000837	0.0060	train-00000-of-00008.parquet	000000
train-00005-of-00008.parquet	000838	0.0013	train-00000-of-00008.parquet	000660
train-00005-of-00008.parquet	000839	0.0393	train-00000-of-00008.parquet	000627
train-00005-of-00008.parquet	000840	0.0111	train-00000-of-00008.parquet	000000
train-00005-of-00008.parquet	000841	0.0089	train-00000-of-00008.parquet	000000
train-00005-of-00008.parquet	000842	0.0100	train-00000-of-00008.parquet	000000
train-00005-of-00008.parquet	000843	0.0203	train-00000-of-00008.parquet	000473
train-00005-of-00008.parquet	000844	0.0000		
train-00005-of-00008.parquet	000845	0.0011	train-00000-of-00008.parquet	000627
train-00005-of-00008.parquet	000846	0.0391	train-00000-of-00008.parquet	000627
train-00005-of-00008.parquet	000847	0.0392	train-00000-of-00008.parquet	000000
train-00005-of-00008.parquet	000848	0.0107	train-00000-of-00008.parquet	000000
train-00005-of-00008.parquet	000849	0.0080	train-00000-of-00008.parquet	000000
train-00005-of-00008.parquet	000850	0.0069	train-00000-of-00008.parquet	000660
train-00005-of-00008.parquet	000851	0.0100	train-00000-of-00008.parquet	000627
train-00005-of-00008.parquet	000852	0.0025	train-00000-of-00008.parquet	000583
train-00005-of-00008.parquet	000853	0.0000		
train-00005-of-00008.parquet	000854	0.0022	train-00000-of-00008.parquet	000638
train-00005-of-00008.parquet	000855	0.0027	train-00000-of-00008.parquet	000594
train-00005-of-00008.parquet	000856	0.0027	train-00000-of-00008.parquet	000572
train-00005-of-00008.parquet	000857	0.0037	train-00000-of-00008.parquet	000638
train-00005-of-00008.parquet	000858	0.0000		
train-00005-of-00008.parquet	000859	0.0000		
train-00005-of-00008.parquet	000862	0.0090	train-00000-of-00008.parquet	000000
train-00005-of-00008.parquet	000863	0.0101	train-00000-of-00008.parquet	000000
train-00005-of-00008.parquet	000864	0.0104	train-00000-of-00008.parquet	000000
train-00005-of-00008.parquet	000865	0.0105	train-00000-of-00008.parquet	000000
train-00005-of-00008.parquet	000866	0.0000		
train-00005-of-00008.parquet	000867	0.0014	train-00000-of-00008.parquet	000011
train-00005-of-00008.parquet	000868	0.0161	train-00000-of-00008.parquet	000627
train-00005-of-00008.parquet	000869	0.0029	train-00000-of-00008.parquet	000495
train-00005-of-00008.parquet	000870	0.0017	train-00000-of-00008.parquet	000451
train-00005-of-00008.parquet	000871	0.0030	train-00000-of-00008.parquet	000451
train-00005-of-00008.parquet	000872	0.0000		
train-00005-of-00008.parquet	000873	0.0088	train-00000-of-00008.parquet	000000
train-00005-of-00008.parquet	000874	0.0000		
train-00005-of-00008.parquet	000875	0.0107	train-00000-of-00008.parquet	000000
train-00005-of-00008.parquet	000876	0.0105	train-00000-of-00008.parquet	000000
train-00005-of-00008.parquet	000877	0.0062	train-00000-of-00008.parquet	000473
train-00005-of-00008.parquet	000878	0.0000		
train-00005-of-00008.parquet	000880	0.0319	train-00000-of-00008.parquet	000473
train-00005-of-00008.parquet	000881	0.0000		
train-00005-of-00008.parquet	000882	0.0408	train-00000-of-00008.parquet	000000
train-00005-of-00008.parquet	000883	0.0023	train-00000-of-00008.parquet	000550
train-00005-of-00008.parquet	000884	0.0000		
train-00005-of-00008.parquet	000885	0.0000		
train-00005-of-00008.parquet	000886	0.0024	train-00000-of-00008.parquet	000374
train-00005-of-00008.parquet	000887	0.0000		
train-00005-of-00008.parquet	000888	0.0000		
train-00005-of-00008.parquet	000889	0.0050	train-00000-of-00008.parquet	000539
train-00005-of-00008.parquet	000890	0.0042	train-00000-of-00008.parquet	000539
train-00005-of-00008.parquet	000891	0.0000		
train-00005-of-00008.parquet	000892	0.0000		
train-00005-of-00008.parquet	000893	0.0000		
train-00005-of-00008.parquet	000894	0.0000		
train-00005-of-00008.parquet	000895	0.0000		
train-00005-of-00008.parquet	000896	0.0000		
train-00005-of-00008.parquet	000897	0.0000		
train-00005-of-00008.parquet	000898	0.0000		
train-00005-of-00008.parquet	000899	0.0262	train-00000-of-00008.parquet	000473
train-00005-of-00008.parquet	000900	0.0000		
train-00005-of-00008.parquet	000901	0.0000		
train-00005-of-00008.parquet	000902	0.0364	train-00000-of-00008.parquet	000000
train-00005-of-00008.parquet	000903	0.0023	train-00000-of-00008.parquet	000550
train-00005-of-00008.parquet	000904	0.0000		
train-00005-of-00008.parquet	000905	0.0000		
train-00005-of-00008.parquet	000906	0.0023	train-00000-of-00008.parquet	000374
train-00005-of-00008.parquet	000907	0.0000		
train-00005-of-00008.parquet	000908	0.0000		
train-00005-of-00008.parquet	000909	0.0050	train-00000-of-00008.parquet	000539
train-00005-of-00008.parquet	000910	0.0040	train-00000-of-00008.parquet	000539
train-00005-of-00008.parquet	000911	0.0000		
train-00005-of-00008.parquet	000912	0.0000		
train-00005-of-00008.parquet	000913	0.0000		
train-00005-of-00008.parquet	000914	0.0000		
train-00005-of-00008.parquet	000915	0.0000		
train-00005-of-00008.parquet	000916	0.0000		
train-00005-of-00008.parquet	000917	0.0000		
train-00005-of-00008.parquet	000918	0.0000		
train-00005-of-00008.parquet	000919	0.0000		
train-00005-of-00008.parquet	000920	0.0000		
train-00005-of-00008.parquet	000921	0.0306	train-00000-of-00008.parquet	000473
train-00005-of-00008.parquet	000922	0.0000		
train-00005-of-00008.parquet	000923	0.0370	train-00000-of-00008.parquet	000000
train-00005-of-00008.parquet	000925	0.0108	train-00000-of-00008.parquet	000000
train-00005-of-00008.parquet	000926	0.0106	train-00000-of-00008.parquet	000000
train-00005-of-00008.parquet	000927	0.0000		
train-00005-of-00008.parquet	000929	0.0060	train-00000-of-00008.parquet	000473
train-00005-of-00008.parquet	000930	0.0000		
train-00005-of-00008.parquet	000931	0.0100	train-00000-of-00008.parquet	000000
train-00005-of-00008.parquet	000932	0.0085	train-00000-of-00008.parquet	000000
train-00005-of-00008.parquet	000933	0.0000		
train-00005-of-00008.parquet	000934	0.0000		
train-00005-of-00008.parquet	000935	0.0058	train-00000-of-00008.parquet	000583
train-00005-of-00008.parquet	000936	0.0000		
train-00005-of-00008.parquet	000937	0.0046	train-00000-of-00008.parquet	000011
train-00005-of-00008.parquet	000938	0.0000		
train-00005-of-00008.parquet	000939	0.0032	train-00000-of-00008.parquet	000440
train-00005-of-00008.parquet	000940	0.0090	train-00000-of-00008.parquet	000583
train-00005-of-00008.parquet	000941	0.0044	train-00000-of-00008.parquet	000495
train-00005-of-00008.parquet	000942	0.0094	train-00000-of-00008.parquet	000451
train-00005-of-00008.parquet	000943	0.0056	train-00000-of-00008.parquet	000638
train-00005-of-00008.parquet	000944	0.0000		
train-00005-of-00008.parquet	000945	0.0100	train-00000-of-00008.parquet	000000
train-00005-of-00008.parquet	000946	0.0074	train-00000-of-00008.parquet	000638
train-00005-of-00008.parquet	000947	0.0000		
train-00005-of-00008.parquet	000948	0.0092	train-00000-of-00008.parquet	000473
train-00005-of-00008.parquet	000949	0.0000		
train-00005-of-00008.parquet	000950	0.0092	train-00000-of-00008.parquet	000473
train-00005-of-00008.parquet	000951	0.0032	train-00000-of-00008.parquet	000066
train-00005-of-00008.parquet	000952	0.0775	train-00000-of-00008.parquet	000055
train-00005-of-00008.parquet	000953	0.7793	train-00000-of-00008.parquet	000055
train-00005-of-00008.parquet	000954	0.0748	train-00000-of-00008.parquet	000055
train-00005-of-00008.parquet	000955	0.6023	train-00000-of-00008.parquet	000253
train-00005-of-00008.parquet	000956	0.9768	train-00000-of-00008.parquet	000352
train-00005-of-00008.parquet	000957	0.9623	train-00000-of-00008.parquet	000165
train-00005-of-00008.parquet	000958	0.8645	train-00000-of-00008.parquet	000374
train-00005-of-00008.parquet	000959	0.9696	train-00000-of-00008.parquet	000363
train-00005-of-00008.parquet	000960	0.7625	train-00000-of-00008.parquet	000176
train-00005-of-00008.parquet	000961	0.9677	train-00000-of-00008.parquet	000220
train-00005-of-00008.parquet	000962	0.9432	train-00000-of-00008.parquet	000165
train-00005-of-00008.parquet	000963	0.8719	train-00000-of-00008.parquet	000154
train-00005-of-00008.parquet	000964	0.9857	train-00000-of-00008.parquet	000363
train-00005-of-00008.parquet	000965	0.7928	train-00000-of-00008.parquet	000176
train-00005-of-00008.parquet	000966	0.9785	train-00000-of-00008.parquet	000209
train-00005-of-00008.parquet	000967	0.9386	train-00000-of-00008.parquet	000165
train-00005-of-00008.parquet	000968	0.8817	train-00000-of-00008.parquet	000154
train-00005-of-00008.parquet	000969	1.0000	train-00000-of-00008.parquet	000363
train-00005-of-00008.parquet	000970	0.8491	train-00000-of-00008.parquet	000176
train-00005-of-00008.parquet	000971	0.9651	train-00000-of-00008.parquet	000209
train-00005-of-00008.parquet	000972	0.9485	train-00000-of-00008.parquet	000066
train-00005-of-00008.parquet	000973	0.8458	train-00000-of-00008.parquet	000154
train-00005-of-00008.parquet	000975	0.8552	train-00000-of-00008.parquet	000176
train-00005-of-00008.parquet	000976	0.9278	train-00000-of-00008.parquet	000209
train-00005-of-00008.parquet	000977	0.9137	train-00000-of-00008.parquet	000198
train-00005-of-00008.parquet	000978	0.9098	train-00000-of-00008.parquet	000275
train-00005-of-00008.parquet	000979	0.9369	train-00000-of-00008.parquet	000088
train-00005-of-00008.parquet	000980	0.8493	train-00000-of-00008.parquet	000297
train-00005-of-00008.parquet	000981	0.9848	train-00000-of-00008.parquet	000242
train-00005-of-00008.parquet	000982	0.8934	train-00000-of-00008.parquet	000110
train-00005-of-00008.parquet	000983	0.9478	train-00000-of-00008.parquet	000187
train-00005-of-00008.parquet	000984	0.8762	train-00000-of-00008.parquet	000165
train-00005-of-00008.parquet	000985	0.7945	train-00000-of-00008.parquet	000297
train-00005-of-00008.parquet	000986	0.9810	train-00000-of-00008.parquet	000286
train-00005-of-00008.parquet	000987	0.8659	train-00000-of-00008.parquet	000198
train-00005-of-00008.parquet	000988	0.9467	train-00000-of-00008.parquet	000187
train-00005-of-00008.parquet	000989	0.9347	train-00000-of-00008.parquet	000165
train-00005-of-00008.parquet	000990	0.8040	train-00000-of-00008.parquet	000121
train-00005-of-00008.parquet	000991	0.9658	train-00000-of-00008.parquet	000286
train-00005-of-00008.parquet	000992	0.8950	train-00000-of-00008.parquet	000231
train-00005-of-00008.parquet	000993	0.9274	train-00000-of-00008.parquet	000187
train-00005-of-00008.parquet	000994	0.9458	train-00000-of-00008.parquet	000165
train-00006-of-00008.parquet	000000	0.7863	train-00000-of-00008.parquet	000121
train-00006-of-00008.parquet	000001	0.9420	train-00000-of-00008.parquet	000286
train-00006-of-00008.parquet	000002	0.8667	train-00000-of-00008.parquet	000231
train-00006-of-00008.parquet	000003	0.9462	train-00000-of-00008.parquet	000352
train-00006-of-00008.parquet	000004	0.9716	train-00000-of-00008.parquet	000165
train-00006-of-00008.parquet	000005	0.8466	train-00000-of-00008.parquet	000374
train-00006-of-00008.parquet	000006	0.9098	train-00000-of-00008.parquet	000363
train-00006-of-00008.parquet	000007	0.7891	train-00000-of-00008.parquet	000231
train-00006-of-00008.parquet	000008	0.9853	train-00000-of-00008.parquet	000220
train-00006-of-00008.parquet	000009	0.9440	train-00000-of-00008.parquet	000165
train-00006-of-00008.parquet	000010	0.8658	train-00000-of-00008.parquet	000154
train-00006-of-00008.parquet	000011	0.9776	train-00000-of-00008.parquet	000363
train-00006-of-00008.parquet	000012	0.7851	train-00000-of-00008.parquet	000176
train-00006-of-00008.parquet	000013	0.9766	train-00000-of-00008.parquet	000209
train-00006-of-00008.parquet	000014	0.9377	train-00000-of-00008.parquet	000165
train-00006-of-00008.parquet	000015	0.9027	train-00000-of-00008.parquet	000154
train-00006-of-00008.parquet	000017	0.8529	train-00000-of-00008.parquet	000176
train-00006-of-00008.parquet	000018	0.9651	train-00000-of-00008.parquet	000209
train-00006-of-00008.parquet	000019	0.9343	train-00000-of-00008.parquet	000066
train-00006-of-00008.parquet	000020	0.8393	train-00000-of-00008.parquet	000154
train-00006-of-00008.parquet	000022	0.8514	train-00000-of-00008.parquet	000253
train-00006-of-00008.parquet	000023	0.9242	train-00000-of-00008.parquet	000209
train-00006-of-00008.parquet	000024	0.9266	train-00000-of-00008.parquet	000198
train-00006-of-00008.parquet	000025	0.9325	train-00000-of-00008.parquet	000275
train-00006-of-00008.parquet	000027	0.1479	train-00000-of-00008.parquet	000297
train-00006-of-00008.parquet	000028	0.0000		
train-00006-of-00008.parquet	000029	0.0061	train-00000-of-00008.parquet	000385
train-00006-of-00008.parquet	000030	0.0000		
train-00006-of-00008.parquet	000031	0.0062	train-00000-of-00008.parquet	000385
train-00006-of-00008.parquet	000032	0.0000		
train-00006-of-00008.parquet	000033	0.0015	train-00000-of-00008.parquet	000638
train-00006-of-00008.parquet	000034	0.0041	train-00000-of-00008.parquet	000583
train-00006-of-00008.parquet	000035	0.0012	train-00000-of-00008.parquet	000066
train-00006-of-00008.parquet	000036	0.0013	train-00000-of-00008.parquet	000550
train-00006-of-00008.parquet	000037	0.0016	train-00000-of-00008.parquet	000066
train-00006-of-00008.parquet	000038	0.0012	train-00000-of-00008.parquet	000055
train-00006-of-00008.parquet	000039	0.0016	train-00000-of-00008.parquet	000385
train-00006-of-00008.parquet	000040	0.0015	train-00000-of-00008.parquet	000539
train-00006-of-00008.parquet	000041	0.0000		
train-00006-of-00008.parquet	000042	0.0019	train-00000-of-00008.parquet	000440
train-00006-of-00008.parquet	000043	0.0041	train-00000-of-00008.parquet	000440
train-00006-of-00008.parquet	000044	0.0000		
train-00006-of-00008.parquet	000045	0.0021	train-00000-of-00008.parquet	000055
train-00006-of-00008.parquet	000046	0.0000		
train-00006-of-00008.parquet	000047	0.0000		
train-00006-of-00008.parquet	000048	0.0000		
train-00006-of-00008.parquet	000049	0.0000		
train-00006-of-00008.parquet	000050	0.0000		
train-00006-of-00008.parquet	000051	0.0068	train-00000-of-00008.parquet	000594
train-00006-of-00008.parquet	000052	0.0021	train-00000-of-00008.parquet	000385
train-00006-of-00008.parquet	000053	0.0000		
train-00006-of-00008.parquet	000054	0.0000		
train-00006-of-00008.parquet	000055	0.0020	train-00000-of-00008.parquet	000385
train-00006-of-00008.parquet	000056	0.0000		
train-00006-of-00008.parquet	000057	0.0016	train-00000-of-00008.parquet	000660
train-00006-of-00008.parquet	000058	0.0000		
train-00006-of-00008.parquet	000059	0.0000		
train-00006-of-00008.parquet	000060	0.0000		
train-00006-of-00008.parquet	000061	0.0030	train-00000-of-00008.parquet	000352
train-00006-of-00008.parquet	000062	0.0038	train-00000-of-00008.parquet	000066
train-00006-of-00008.parquet	000063	0.0000		
train-00006-of-00008.parquet	000064	0.0053	train-00000-of-00008.parquet	000000
train-00006-of-00008.parquet	000065	0.0037	train-00000-of-00008.parquet	000583
train-00006-of-00008.parquet	000066	0.0037	train-00000-of-00008.parquet	000638
train-00006-of-00008.parquet	000067	0.0016	train-00000-of-00008.parquet	000440
train-00006-of-00008.parquet	000068	0.0033	train-00000-of-00008.parquet	000627
train-00006-of-00008.parquet	000069	0.0000		
train-00006-of-00008.parquet	000070	0.0027	train-00000-of-00008.parquet	000550
train-00006-of-00008.parquet	000071	0.0016	train-00000-of-00008.parquet	000550
train-00006-of-00008.parquet	000072	0.0000		
train-00006-of-00008.parquet	000073	0.0289	train-00000-of-00008.parquet	000473
train-00006-of-00008.parquet	000074	0.0212	train-00000-of-00008.parquet	000473
train-00006-of-00008.parquet	000075	0.0000		
train-00006-of-00008.parquet	000077	0.0000		
train-00006-of-00008.parquet	000078	0.0019	train-00000-of-00008.parquet	000000
train-00006-of-00008.parquet	000079	0.0165	train-00000-of-00008.parquet	000440
train-00006-of-00008.parquet	000080	0.0119	train-00000-of-00008.parquet	000451
train-00006-of-00008.parquet	000081	0.0000		
train-00006-of-00008.parquet	000082	0.0049	train-00000-of-00008.parquet	000451
train-00006-of-00008.parquet	000083	0.0109	train-00000-of-00008.parquet	000440
train-00006-of-00008.parquet	000084	0.2016	train-00000-of-00008.parquet	000440
train-00006-of-00008.parquet	000085	0.0041	train-00000-of-00008.parquet	000440
train-00006-of-00008.parquet	000086	0.0000		
train-00006-of-00008.parquet	000087	0.0000		
train-00006-of-00008.parquet	000088	0.0035	train-00000-of-00008.parquet	000451
train-00006-of-00008.parquet	000089	0.0031	train-00000-of-00008.parquet	000451
train-00006-of-00008.parquet	000090	0.0174	train-00000-of-00008.parquet	000440
train-00006-of-00008.parquet	000091	0.0111	train-00000-of-00008.parquet	000440
train-00006-of-00008.parquet	000092	0.0043	train-00000-of-00008.parquet	000462
train-00006-of-00008.parquet	000093	0.0021	train-00000-of-00008.parquet	000352
train-00006-of-00008.parquet	000094	0.0000		
train-00006-of-00008.parquet	000096	0.0000		
train-00006-of-00008.parquet	000097	0.0000		
train-00006-of-00008.parquet	000098	0.0081	train-00000-of-00008.parquet	000473
train-00006-of-00008.parquet	000099	0.0062	train-00000-of-00008.parquet	000473
train-00006-of-00008.parquet	000100	0.0000		
train-00006-of-00008.parquet	000101	0.0000		
train-00006-of-00008.parquet	000102	0.0000		
train-00006-of-00008.parquet	000103	0.0000		
train-00006-of-00008.parquet	000104	0.0000		
train-00006-of-00008.parquet	000105	0.0000		
train-00006-of-00008.parquet	000106	0.0000		
train-00006-of-00008.parquet	000107	0.0000		
train-00006-of-00008.parquet	000108	0.0000		
train-00006-of-00008.parquet	000109	0.0000		
train-00006-of-00008.parquet	000110	0.2500	train-00000-of-00008.parquet	000473
train-00006-of-00008.parquet	000111	0.1416	train-00000-of-00008.parquet	000473
train-00006-of-00008.parquet	000112	0.1345	train-00000-of-00008.parquet	000473
train-00006-of-00008.parquet	000113	0.0031	train-00000-of-00008.parquet	000385
train-00006-of-00008.parquet	000114	0.0000		
train-00006-of-00008.parquet	000116	0.0063	train-00000-of-00008.parquet	000473
train-00006-of-00008.parquet	000117	0.0000		
train-00006-of-00008.parquet	000118	0.0000		
train-00006-of-00008.parquet	000119	0.0000		
train-00006-of-00008.parquet	000120	0.0000		
train-00006-of-00008.parquet	000121	0.0000		
train-00006-of-00008.parquet	000122	0.0000		
train-00006-of-00008.parquet	000123	0.0058	train-00000-of-00008.parquet	000473
train-00006-of-00008.parquet	000124	0.0000		
train-00006-of-00008.parquet	000125	0.0000		
train-00006-of-00008.parquet	000126	0.0000		
train-00006-of-00008.parquet	000127	0.0000		
train-00006-of-00008.parquet	000128	0.0000		
train-00006-of-00008.parquet	000129	0.0000		
train-00006-of-00008.parquet	000130	0.0000		
train-00006-of-00008.parquet	000131	0.0000		
train-00006-of-00008.parquet	000132	0.0000		
train-00006-of-00008.parquet	000133	0.0000		
train-00006-of-00008.parquet	000134	0.0000		
train-00006-of-00008.parquet	000135	0.0038	train-00000-of-00008.parquet	000473
train-00006-of-00008.parquet	000136	0.0150	train-00000-of-00008.parquet	000627
train-00006-of-00008.parquet	000137	0.0000		
train-00006-of-00008.parquet	000138	0.0063	train-00000-of-00008.parquet	000473
train-00006-of-00008.parquet	000139	0.0000		
train-00006-of-00008.parquet	000140	0.0000		
train-00006-of-00008.parquet	000141	0.0000		
train-00006-of-00008.parquet	000142	0.0000		
train-00006-of-00008.parquet	000143	0.0000		
train-00006-of-00008.parquet	000144	0.0000		
train-00006-of-00008.parquet	000145	0.0000		
train-00006-of-00008.parquet	000146	0.0000		
train-00006-of-00008.parquet	000147	0.0000		
train-00006-of-00008.parquet	000148	0.0106	train-00000-of-00008.parquet	000000
train-00006-of-00008.parquet	000149	0.0000		
train-00006-of-00008.parquet	000150	0.0223	train-00000-of-00008.parquet	000627
train-00006-of-00008.parquet	000151	0.0082	train-00000-of-00008.parquet	000000
train-00006-of-00008.parquet	000152	0.0000		
train-00006-of-00008.parquet	000153	0.0033	train-00000-of-00008.parquet	000473
train-00006-of-00008.parquet	000154	0.0329	train-00000-of-00008.parquet	000627
train-00006-of-00008.parquet	000155	0.0000		
train-00006-of-00008.parquet	000156	0.0021	train-00000-of-00008.parquet	000539
train-00006-of-00008.parquet	000157	0.0320	train-00000-of-00008.parquet	000627
train-00006-of-00008.parquet	000158	0.0205	train-00000-of-00008.parquet	000627
train-00006-of-00008.parquet	000159	0.0000		
train-00006-of-00008.parquet	000160	0.0297	train-00000-of-00008.parquet	000627
train-00006-of-00008.parquet	000162	0.0000		
train-00006-of-00008.parquet	000163	0.0000		
train-00006-of-00008.parquet	000164	0.0048	train-00000-of-00008.parquet	000495
train-00006-of-00008.parquet	000165	0.0065	train-00000-of-00008.parquet	000451
train-00006-of-00008.parquet	000166	0.0071	train-00000-of-00008.parquet	000451
train-00006-of-00008.parquet	000167	0.0000		
train-00006-of-00008.parquet	000168	0.0036	train-00000-of-00008.parquet	000440
train-00006-of-00008.parquet	000169	0.0027	train-00000-of-00008.parquet	000627
train-00006-of-00008.parquet	000170	0.0000		
train-00006-of-00008.parquet	000171	0.0000		
train-00006-of-00008.parquet	000172	0.0000		
train-00006-of-00008.parquet	000173	0.0000		
train-00006-of-00008.parquet	000174	0.0000		
train-00006-of-00008.parquet	000175	0.0000		
train-00006-of-00008.parquet	000176	0.0000		
train-00006-of-00008.parquet	000177	0.0000		
train-00006-of-00008.parquet	000178	0.0029	train-00000-of-00008.parquet	000451
train-00006-of-00008.parquet	000179	0.0000		
train-00006-of-00008.parquet	000180	0.0000		
train-00006-of-00008.parquet	000181	0.0000		
train-00006-of-00008.parquet	000182	0.0000		
train-00006-of-00008.parquet	000183	0.0000		
train-00006-of-00008.parquet	000184	0.0019	train-00000-of-00008.parquet	000462
train-00006-of-00008.parquet	000185	0.0000		
train-00006-of-00008.parquet	000186	0.0000		
train-00006-of-00008.parquet	000187	0.0000		
train-00006-of-00008.parquet	000188	0.0000		
train-00006-of-00008.parquet	000189	0.0000		
train-00006-of-00008.parquet	000190	0.0000		
train-00006-of-00008.parquet	000191	0.0026	train-00000-of-00008.parquet	000451
train-00006-of-00008.parquet	000192	0.0034	train-00000-of-00008.parquet	000451
train-00006-of-00008.parquet	000193	0.0000		
train-00006-of-00008.parquet	000194	0.0032	train-00000-of-00008.parquet	000495
train-00006-of-00008.parquet	000195	0.0000		
train-00006-of-00008.parquet	000196	0.0030	train-00000-of-00008.parquet	000352
train-00006-of-00008.parquet	000197	0.0000		
train-00006-of-00008.parquet	000198	0.0000		
train-00006-of-00008.parquet	000199	0.0000		
train-00006-of-00008.parquet	000200	0.0000		
train-00006-of-00008.parquet	000201	0.0000		
train-00006-of-00008.parquet	000202	0.0127	train-00000-of-00008.parquet	000627
train-00006-of-00008.parquet	000203	0.0169	train-00000-of-00008.parquet	000627
train-00006-of-00008.parquet	000204	0.0106	train-00000-of-00008.parquet	000000
train-00006-of-00008.parquet	000205	0.0113	train-00000-of-00008.parquet	000000
train-00006-of-00008.parquet	000206	0.0148	train-00000-of-00008.parquet	000000
train-00006-of-00008.parquet	000207	0.0097	train-00000-of-00008.parquet	000000
train-00006-of-00008.parquet	000208	0.0100	train-00000-of-00008.parquet	000000
train-00006-of-00008.parquet	000209	0.0147	train-00000-of-00008.parquet	000000
train-00006-of-00008.parquet	000210	0.0106	train-00000-of-00008.parquet	000000
train-00006-of-00008.parquet	000211	0.0105	train-00000-of-00008.parquet	000000
train-00006-of-00008.parquet	000212	0.0098	train-00000-of-00008.parquet	000000
train-00006-of-00008.parquet	000213	0.0113	train-00000-of-00008.parquet	000000
train-00006-of-00008.parquet	000214	0.0113	train-00000-of-00008.parquet	000000
train-00006-of-00008.parquet	000215	0.0104	train-00000-of-00008.parquet	000000
train-00006-of-00008.parquet	000216	0.0114	train-00000-of-00008.parquet	000000
train-00006-of-00008.parquet	000217	0.0113	train-00000-of-00008.parquet	000000
train-00006-of-00008.parquet	000218	0.0114	train-00000-of-00008.parquet	000000
train-00006-of-00008.parquet	000219	0.0112	train-00000-of-00008.parquet	000000
train-00006-of-00008.parquet	000220	0.0094	train-00000-of-00008.parquet	000473
train-00006-of-00008.parquet	000221	0.0091	train-00000-of-00008.parquet	000000
train-00006-of-00008.parquet	000222	0.0095	train-00000-of-00008.parquet	000000
train-00006-of-00008.parquet	000223	0.0092	train-00000-of-00008.parquet	000000
train-00006-of-00008.parquet	000224	0.0094	train-00000-of-00008.parquet	000000
train-00006-of-00008.parquet	000225	0.7175	train-00000-of-00008.parquet	000473
train-00006-of-00008.parquet	000226	0.2062	train-00000-of-00008.parquet	000473
train-00006-of-00008.parquet	000227	0.0000		
train-00006-of-00008.parquet	000228	0.0000		
train-00006-of-00008.parquet	000229	0.0093	train-00000-of-00008.parquet	000000
train-00006-of-00008.parquet	000230	0.0088	train-00000-of-00008.parquet	000000
train-00006-of-00008.parquet	000231	0.0100	train-00000-of-00008.parquet	000000
train-00006-of-00008.parquet	000232	0.0100	train-00000-of-00008.parquet	000000
train-00006-of-00008.parquet	000233	0.0100	train-00000-of-00008.parquet	000000
train-00006-of-00008.parquet	000234	0.0103	train-00000-of-00008.parquet	000000
train-00006-of-00008.parquet	000235	0.0103	train-00000-of-00008.parquet	000000
train-00006-of-00008.parquet	000236	0.7500	train-00000-of-00008.parquet	000473
train-00006-of-00008.parquet	000237	0.0022	train-00000-of-00008.parquet	000638
train-00006-of-00008.parquet	000238	0.0056	train-00000-of-00008.parquet	000000
train-00006-of-00008.parquet	000239	0.2366	train-00000-of-00008.parquet	000473
train-00006-of-00008.parquet	000240	0.0025	train-00000-of-00008.parquet	000385
train-00006-of-00008.parquet	000241	0.0000		
train-00006-of-00008.parquet	000242	0.0496	train-00000-of-00008.parquet	000473
train-00006-of-00008.parquet	000243	0.0252	train-00000-of-00008.parquet	000627
train-00006-of-00008.parquet	000244	0.0102	train-00000-of-00008.parquet	000011
train-00006-of-00008.parquet	000245	0.0027	train-00000-of-00008.parquet	000440
train-00006-of-00008.parquet	000246	0.0110	train-00000-of-00008.parquet	000627
train-00006-of-00008.parquet	000247	0.0078	train-00000-of-00008.parquet	000451
train-00006-of-00008.parquet	000248	0.0062	train-00000-of-00008.parquet	000451
train-00006-of-00008.parquet	000249	0.0048	train-00000-of-00008.parquet	000495
train-00006-of-00008.parquet	000250	0.0073	train-00000-of-00008.parquet	000451
train-00006-of-00008.parquet	000251	0.0339	train-00000-of-00008.parquet	000000
train-00006-of-00008.parquet	000252	0.0022	train-00000-of-00008.parquet	000539
train-00006-of-00008.parquet	000253	0.0496	train-00000-of-00008.parquet	000473
train-00006-of-00008.parquet	000254	0.0181	train-00000-of-00008.parquet	000627
train-00006-of-00008.parquet	000255	0.0426	train-00000-of-00008.parquet	000000
train-00006-of-00008.parquet	000256	0.0099	train-00000-of-00008.parquet	000000
train-00006-of-00008.parquet	000257	0.0093	train-00000-of-00008.parquet	000000
train-00006-of-00008.parquet	000258	0.0104	train-00000-of-00008.parquet	000000
train-00006-of-00008.parquet	000259	0.0106	train-00000-of-00008.parquet	000000
train-00006-of-00008.parquet	000260	0.0060	train-00000-of-00008.parquet	000473
train-00006-of-00008.parquet	000261	0.0000		
train-00006-of-00008.parquet	000262	0.0092	train-00000-of-00008.parquet	000473
train-00006-of-00008.parquet	000263	0.0032	train-00000-of-00008.parquet	000066
train-00006-of-00008.parquet	000264	0.0905	train-00000-of-00008.parquet	000055
train-00006-of-00008.parquet	000265	0.6622	train-00000-of-00008.parquet	000055
train-00006-of-00008.parquet	000266	0.2714	train-00000-of-00008.parquet	000066
train-00006-of-00008.parquet	000267	0.7965	train-00000-of-00008.parquet	000374
train-00006-of-00008.parquet	000268	0.9330	train-00000-of-00008.parquet	000286
train-00006-of-00008.parquet	000269	0.8430	train-00000-of-00008.parquet	000231
train-00006-of-00008.parquet	000270	0.9519	train-00000-of-00008.parquet	000352
train-00006-of-00008.parquet	000271	0.9698	train-00000-of-00008.parquet	000165
train-00006-of-00008.parquet	000272	0.8416	train-00000-of-00008.parquet	000374
train-00006-of-00008.parquet	000273	0.9098	train-00000-of-00008.parquet	000363
train-00006-of-00008.parquet	000274	0.7873	train-00000-of-00008.parquet	000231
train-00006-of-00008.parquet	000275	0.9894	train-00000-of-00008.parquet	000220
train-00006-of-00008.parquet	000276	0.9458	train-00000-of-00008.parquet	000165
train-00006-of-00008.parquet	000277	0.8705	train-00000-of-00008.parquet	000154
train-00006-of-00008.parquet	000278	0.9776	train-00000-of-00008.parquet	000363
train-00006-of-00008.parquet	000279	0.7583	train-00000-of-00008.parquet	000176
train-00006-of-00008.parquet	000280	0.9654	train-00000-of-00008.parquet	000209
train-00006-of-00008.parquet	000281	0.9305	train-00000-of-00008.parquet	000165
train-00006-of-00008.parquet	000282	0.8814	train-00000-of-00008.parquet	000154
train-00006-of-00008.parquet	000284	0.8453	train-00000-of-00008.parquet	000176
train-00006-of-00008.parquet	000285	0.9690	train-00000-of-00008.parquet	000209
train-00006-of-00008.parquet	000286	0.9267	train-00000-of-00008.parquet	000066
train-00006-of-00008.parquet	000287	0.8535	train-00000-of-00008.parquet	000275
train-00006-of-00008.parquet	000289	0.8400	train-00000-of-00008.parquet	000253
train-00006-of-00008.parquet	000290	0.9259	train-00000-of-00008.parquet	000209
train-00006-of-00008.parquet	000291	0.9112	train-00000-of-00008.parquet	000198
train-00006-of-00008.parquet	000292	0.9345	train-00000-of-00008.parquet	000275
train-00006-of-00008.parquet	000294	0.8412	train-00000-of-00008.parquet	000297
train-00006-of-00008.parquet	000295	0.9520	train-00000-of-00008.parquet	000242
train-00006-of-00008.parquet	000296	0.9038	train-00000-of-00008.parquet	000110
train-00006-of-00008.parquet	000297	0.9326	train-00000-of-00008.parquet	000275
train-00006-of-00008.parquet	000298	0.9485	train-00000-of-00008.parquet	000088
train-00006-of-00008.parquet	000299	0.8455	train-00000-of-00008.parquet	000297
train-00006-of-00008.parquet	000300	0.9904	train-00000-of-00008.parquet	000242
train-00006-of-00008.parquet	000301	0.8977	train-00000-of-00008.parquet	000110
train-00006-of-00008.parquet	000302	0.9459	train-00000-of-00008.parquet	000187
train-00006-of-00008.parquet	000303	0.8762	train-00000-of-00008.parquet	000165
train-00006-of-00008.parquet	000304	0.7995	train-00000-of-00008.parquet	000297
train-00006-of-00008.parquet	000305	0.9810	train-00000-of-00008.parquet	000286
train-00006-of-00008.parquet	000306	0.8539	train-00000-of-00008.parquet	000110
train-00006-of-00008.parquet	000307	0.9486	train-00000-of-00008.parquet	000187
train-00006-of-00008.parquet	000308	0.9347	train-00000-of-00008.parquet	000165
train-00006-of-00008.parquet	000309	0.7815	train-00000-of-00008.parquet	000121
train-00006-of-00008.parquet	000310	0.9658	train-00000-of-00008.parquet	000286
train-00006-of-00008.parquet	000311	0.8730	train-00000-of-00008.parquet	000231
train-00006-of-00008.parquet	000312	0.9312	train-00000-of-00008.parquet	000187
train-00006-of-00008.parquet	000313	0.9440	train-00000-of-00008.parquet	000165
train-00006-of-00008.parquet	000314	0.7797	train-00000-of-00008.parquet	000121
train-00006-of-00008.parquet	000315	0.9420	train-00000-of-00008.parquet	000286
train-00006-of-00008.parquet	000316	0.8549	train-00000-of-00008.parquet	000231
train-00006-of-00008.parquet	000317	0.9462	train-00000-of-00008.parquet	000352
train-00006-of-00008.parquet	000318	0.9662	train-00000-of-00008.parquet	000165
train-00006-of-00008.parquet	000319	0.8441	train-00000-of-00008.parquet	000374
train-00006-of-00008.parquet	000320	0.9098	train-00000-of-00008.parquet	000363
train-00006-of-00008.parquet	000321	0.7612	train-00000-of-00008.parquet	000231
train-00006-of-00008.parquet	000322	0.9894	train-00000-of-00008.parquet	000220
train-00006-of-00008.parquet	000323	0.9458	train-00000-of-00008.parquet	000165
train-00006-of-00008.parquet	000324	0.8729	train-00000-of-00008.parquet	000154
train-00006-of-00008.parquet	000325	0.9776	train-00000-of-00008.parquet	000363
train-00006-of-00008.parquet	000326	0.7745	train-00000-of-00008.parquet	000176
train-00006-of-00008.parquet	000327	0.9654	train-00000-of-00008.parquet	000209
train-00006-of-00008.parquet	000328	0.9359	train-00000-of-00008.parquet	000165
train-00006-of-00008.parquet	000329	0.8767	train-00000-of-00008.parquet	000154
train-00006-of-00008.parquet	000331	0.8341	train-00000-of-00008.parquet	000176
train-00006-of-00008.parquet	000332	0.9529	train-00000-of-00008.parquet	000209
train-00006-of-00008.parquet	000333	0.9192	train-00000-of-00008.parquet	000066
train-00006-of-00008.parquet	000334	0.8458	train-00000-of-00008.parquet	000154
train-00006-of-00008.parquet	000336	0.8533	train-00000-of-00008.parquet	000253
train-00006-of-00008.parquet	000337	0.9278	train-00000-of-00008.parquet	000209
train-00006-of-00008.parquet	000338	0.9112	train-00000-of-00008.parquet	000198
train-00006-of-00008.parquet	000339	0.9345	train-00000-of-00008.parquet	000275
train-00006-of-00008.parquet	000341	0.8393	train-00000-of-00008.parquet	000297
train-00006-of-00008.parquet	000342	0.9520	train-00000-of-00008.parquet	000242
train-00006-of-00008.parquet	000343	0.9157	train-00000-of-00008.parquet	000198
train-00006-of-00008.parquet	000344	0.9435	train-00000-of-00008.parquet	000275
train-00006-of-00008.parquet	000345	0.9485	train-00000-of-00008.parquet	000088
train-00006-of-00008.parquet	000346	0.8458	train-00000-of-00008.parquet	000297
train-00006-of-00008.parquet	000347	0.9904	train-00000-of-00008.parquet	000242
train-00006-of-00008.parquet	000348	0.8914	train-00000-of-00008.parquet	000110
train-00006-of-00008.parquet	000349	0.9533	train-00000-of-00008.parquet	000187
train-00006-of-00008.parquet	000350	0.8762	train-00000-of-00008.parquet	000165
train-00006-of-00008.parquet	000351	0.8037	train-00000-of-00008.parquet	000297
train-00006-of-00008.parquet	000352	0.9810	train-00000-of-00008.parquet	000286
train-00006-of-00008.parquet	000353	0.8463	train-00000-of-00008.parquet	000110
train-00006-of-00008.parquet	000354	0.9505	train-00000-of-00008.parquet	000187
train-00006-of-00008.parquet	000355	0.9347	train-00000-of-00008.parquet	000165
train-00006-of-00008.parquet	000356	0.7971	train-00000-of-00008.parquet	000121
train-00006-of-00008.parquet	000357	0.9658	train-00000-of-00008.parquet	000286
train-00006-of-00008.parquet	000358	0.8632	train-00000-of-00008.parquet	000231
train-00006-of-00008.parquet	000359	0.9312	train-00000-of-00008.parquet	000187
train-00006-of-00008.parquet	000360	0.9458	train-00000-of-00008.parquet	000165
train-00006-of-00008.parquet	000361	0.7908	train-00000-of-00008.parquet	000121
train-00006-of-00008.parquet	000362	0.9420	train-00000-of-00008.parquet	000286
train-00006-of-00008.parquet	000363	0.8413	train-00000-of-00008.parquet	000231
train-00006-of-00008.parquet	000364	0.9500	train-00000-of-00008.parquet	000352
train-00006-of-00008.parquet	000365	0.9662	train-00000-of-00008.parquet	000165
train-00006-of-00008.parquet	000366	0.8466	train-00000-of-00008.parquet	000374
train-00006-of-00008.parquet	000367	0.9098	train-00000-of-00008.parquet	000363
train-00006-of-00008.parquet	000368	0.7733	train-00000-of-00008.parquet	000231
train-00006-of-00008.parquet	000369	0.9894	train-00000-of-00008.parquet	000220
train-00006-of-00008.parquet	000370	0.9353	train-00000-of-00008.parquet	000165
train-00006-of-00008.parquet	000371	0.8729	train-00000-of-00008.parquet	000154
train-00006-of-00008.parquet	000372	0.9776	train-00000-of-00008.parquet	000363
train-00006-of-00008.parquet	000373	0.7696	train-00000-of-00008.parquet	000176
train-00006-of-00008.parquet	000374	0.9634	train-00000-of-00008.parquet	000209
train-00006-of-00008.parquet	000375	0.9323	train-00000-of-00008.parquet	000165
train-00006-of-00008.parquet	000376	0.8767	train-00000-of-00008.parquet	000154
train-00006-of-00008.parquet	000378	0.8434	train-00000-of-00008.parquet	000176
train-00006-of-00008.parquet	000379	0.9690	train-00000-of-00008.parquet	000209
train-00006-of-00008.parquet	000380	0.9287	train-00000-of-00008.parquet	000066
train-00006-of-00008.parquet	000381	0.8436	train-00000-of-00008.parquet	000154
train-00006-of-00008.parquet	000383	0.8381	train-00000-of-00008.parquet	000253
train-00006-of-00008.parquet	000384	0.9278	train-00000-of-00008.parquet	000209
train-00006-of-00008.parquet	000385	0.9059	train-00000-of-00008.parquet	000198
train-00006-of-00008.parquet	000386	0.9345	train-00000-of-00008.parquet	000275
train-00006-of-00008.parquet	000388	0.8453	train-00000-of-00008.parquet	000297
train-00006-of-00008.parquet	000389	0.9520	train-00000-of-00008.parquet	000242
train-00006-of-00008.parquet	000390	0.9113	train-00000-of-00008.parquet	000198
train-00006-of-00008.parquet	000391	0.9453	train-00000-of-00008.parquet	000275
train-00006-of-00008.parquet	000392	0.9485	train-00000-of-00008.parquet	000088
train-00006-of-00008.parquet	000393	0.8435	train-00000-of-00008.parquet	000297
train-00006-of-00008.parquet	000394	0.9904	train-00000-of-00008.parquet	000242
train-00006-of-00008.parquet	000395	0.8937	train-00000-of-00008.parquet	000198
train-00006-of-00008.parquet	000396	0.9533	train-00000-of-00008.parquet	000187
train-00006-of-00008.parquet	000397	0.8762	train-00000-of-00008.parquet	000165
train-00006-of-00008.parquet	000398	0.7872	train-00000-of-00008.parquet	000297
train-00006-of-00008.parquet	000399	0.9810	train-00000-of-00008.parquet	000286
train-00006-of-00008.parquet	000400	0.8636	train-00000-of-00008.parquet	000110
train-00006-of-00008.parquet	000401	0.9467	train-00000-of-00008.parquet	000187
train-00006-of-00008.parquet	000402	0.9347	train-00000-of-00008.parquet	000165
train-00006-of-00008.parquet	000403	0.7750	train-00000-of-00008.parquet	000121
train-00006-of-00008.parquet	000404	0.9658	train-00000-of-00008.parquet	000286
train-00006-of-00008.parquet	000405	0.8730	train-00000-of-00008.parquet	000231
train-00006-of-00008.parquet	000406	0.9256	train-00000-of-00008.parquet	000187
train-00006-of-00008.parquet	000407	0.9422	train-00000-of-00008.parquet	000165
train-00006-of-00008.parquet	000408	0.7863	train-00000-of-00008.parquet	000121
train-00006-of-00008.parquet	000409	0.9420	train-00000-of-00008.parquet	000286
train-00006-of-00008.parquet	000410	0.8467	train-00000-of-00008.parquet	000231
train-00006-of-00008.parquet	000411	0.9462	train-00000-of-00008.parquet	000352
train-00006-of-00008.parquet	000412	0.9644	train-00000-of-00008.parquet	000165
train-00006-of-00008.parquet	000413	0.8466	train-00000-of-00008.parquet	000374
train-00006-of-00008.parquet	000414	0.9098	train-00000-of-00008.parquet	000363
train-00006-of-00008.parquet	000415	0.7511	train-00000-of-00008.parquet	000231
train-00006-of-00008.parquet	000416	0.9894	train-00000-of-00008.parquet	000220
train-00006-of-00008.parquet	000417	0.9493	train-00000-of-00008.parquet	000165
train-00006-of-00008.parquet	000418	0.8729	train-00000-of-00008.parquet	000154
train-00006-of-00008.parquet	000419	0.9776	train-00000-of-00008.parquet	000363
train-00006-of-00008.parquet	000420	0.7712	train-00000-of-00008.parquet	000176
train-00006-of-00008.parquet	000421	0.9654	train-00000-of-00008.parquet	000209
train-00006-of-00008.parquet	000422	0.9323	train-00000-of-00008.parquet	000165
train-00006-of-00008.parquet	000423	0.8767	train-00000-of-00008.parquet	000154
train-00006-of-00008.parquet	000425	0.8415	train-00000-of-00008.parquet	000176
train-00006-of-00008.parquet	000426	0.9630	train-00000-of-00008.parquet	000209
train-00006-of-00008.parquet	000427	0.9383	train-00000-of-00008.parquet	000066
train-00006-of-00008.parquet	000428	0.8458	train-00000-of-00008.parquet	000154
train-00006-of-00008.parquet	000430	0.8322	train-00000-of-00008.parquet	000253
train-00006-of-00008.parquet	000431	0.9278	train-00000-of-00008.parquet	000209
train-00006-of-00008.parquet	000432	0.9167	train-00000-of-00008.parquet	000198
train-00006-of-00008.parquet	000433	0.9284	train-00000-of-00008.parquet	000275
train-00006-of-00008.parquet	000435	0.8415	train-00000-of-00008.parquet	000297
train-00006-of-00008.parquet	000436	0.9520	train-00000-of-00008.parquet	000242
train-00006-of-00008.parquet	000437	0.9038	train-00000-of-00008.parquet	000110
train-00006-of-00008.parquet	000438	0.9398	train-00000-of-00008.parquet	000275
train-00006-of-00008.parquet	000439	0.9485	train-00000-of-00008.parquet	000088
train-00006-of-00008.parquet	000440	0.8401	train-00000-of-00008.parquet	000297
train-00006-of-00008.parquet	000441	0.9904	train-00000-of-00008.parquet	000242
train-00006-of-00008.parquet	000442	0.8874	train-00000-of-00008.parquet	000110
train-00006-of-00008.parquet	000443	0.9533	train-00000-of-00008.parquet	000187
train-00006-of-00008.parquet	000444	0.8762	train-00000-of-00008.parquet	000165
train-00006-of-00008.parquet	000445	0.7958	train-00000-of-00008.parquet	000297
train-00006-of-00008.parquet	000446	0.9810	train-00000-of-00008.parquet	000286
train-00006-of-00008.parquet	000447	0.8636	train-00000-of-00008.parquet	000110
train-00006-of-00008.parquet	000448	0.9486	train-00000-of-00008.parquet	000187
train-00006-of-00008.parquet	000449	0.9347	train-00000-of-00008.parquet	000165
train-00006-of-00008.parquet	000450	0.7943	train-00000-of-00008.parquet	000121
train-00006-of-00008.parquet	000451	0.9658	train-00000-of-00008.parquet	000286
train-00006-of-00008.parquet	000452	0.8652	train-00000-of-00008.parquet	000231
train-00006-of-00008.parquet	000453	0.9293	train-00000-of-00008.parquet	000187
train-00006-of-00008.parquet	000454	0.9422	train-00000-of-00008.parquet	000165
train-00006-of-00008.parquet	000455	0.7863	train-00000-of-00008.parquet	000121
train-00006-of-00008.parquet	000456	0.9420	train-00000-of-00008.parquet	000286
train-00006-of-00008.parquet	000457	0.8390	train-00000-of-00008.parquet	000231
train-00006-of-00008.parquet	000458	0.9462	train-00000-of-00008.parquet	000352
train-00006-of-00008.parquet	000459	0.9698	train-00000-of-00008.parquet	000165
train-00006-of-00008.parquet	000460	0.8416	train-00000-of-00008.parquet	000374
train-00006-of-00008.parquet	000461	0.9098	train-00000-of-00008.parquet	000363
train-00006-of-00008.parquet	000462	0.7820	train-00000-of-00008.parquet	000231
train-00006-of-00008.parquet	000463	0.9853	train-00000-of-00008.parquet	000220
train-00006-of-00008.parquet	000464	0.9405	train-00000-of-00008.parquet	000165
train-00006-of-00008.parquet	000465	0.8681	train-00000-of-00008.parquet	000154
train-00006-of-00008.parquet	000466	0.9776	train-00000-of-00008.parquet	000363
train-00006-of-00008.parquet	000467	0.7712	train-00000-of-00008.parquet	000176
train-00006-of-00008.parquet	000468	0.9634	train-00000-of-00008.parquet	000209
train-00006-of-00008.parquet	000469	0.9341	train-00000-of-00008.parquet	000165
train-00006-of-00008.parquet	000470	0.8790	train-00000-of-00008.parquet	000154
train-00006-of-00008.parquet	000472	0.8396	train-00000-of-00008.parquet	000176
train-00006-of-00008.parquet	000473	0.9690	train-00000-of-00008.parquet	000209
train-00006-of-00008.parquet	000474	0.9286	train-00000-of-00008.parquet	000066
train-00006-of-00008.parquet	000475	0.8615	train-00000-of-00008.parquet	000154
train-00006-of-00008.parquet	000477	0.8415	train-00000-of-00008.parquet	000253
train-00006-of-00008.parquet	000478	0.9278	train-00000-of-00008.parquet	000209
train-00006-of-00008.parquet	000479	0.9077	train-00000-of-00008.parquet	000198
train-00006-of-00008.parquet	000480	0.9345	train-00000-of-00008.parquet	000275
train-00006-of-00008.parquet	000482	0.8468	train-00000-of-00008.parquet	000297
train-00006-of-00008.parquet	000483	0.9520	train-00000-of-00008.parquet	000242
train-00006-of-00008.parquet	000484	0.9056	train-00000-of-00008.parquet	000110
train-00006-of-00008.parquet	000485	0.9435	train-00000-of-00008.parquet	000275
train-00006-of-00008.parquet	000486	0.9485	train-00000-of-00008.parquet	000088
train-00006-of-00008.parquet	000487	0.8416	train-00000-of-00008.parquet	000297
train-00006-of-00008.parquet	000488	0.9904	train-00000-of-00008.parquet	000242
train-00006-of-00008.parquet	000489	0.8896	train-00000-of-00008.parquet	000198
train-00006-of-00008.parquet	000490	0.9515	train-00000-of-00008.parquet	000187
train-00006-of-00008.parquet	000491	0.8762	train-00000-of-00008.parquet	000165
train-00006-of-00008.parquet	000492	0.7940	train-00000-of-00008.parquet	000297
train-00006-of-00008.parquet	000493	0.9810	train-00000-of-00008.parquet	000286
train-00006-of-00008.parquet	000494	0.8656	train-00000-of-00008.parquet	000110
train-00006-of-00008.parquet	000495	0.9467	train-00000-of-00008.parquet	000187
train-00006-of-00008.parquet	000496	0.9347	train-00000-of-00008.parquet	000165
train-00006-of-00008.parquet	000497	0.7943	train-00000-of-00008.parquet	000121
train-00006-of-00008.parquet	000498	0.9658	train-00000-of-00008.parquet	000286
train-00006-of-00008.parquet	000499	0.8671	train-00000-of-00008.parquet	000231
train-00006-of-00008.parquet	000500	0.9256	train-00000-of-00008.parquet	000187
train-00006-of-00008.parquet	000501	0.9458	train-00000-of-00008.parquet	000165
train-00006-of-00008.parquet	000502	0.7908	train-00000-of-00008.parquet	000121
train-00006-of-00008.parquet	000503	0.9420	train-00000-of-00008.parquet	000286
train-00006-of-00008.parquet	000504	0.8352	train-00000-of-00008.parquet	000231
train-00006-of-00008.parquet	000505	0.9519	train-00000-of-00008.parquet	000352
train-00006-of-00008.parquet	000506	0.9698	train-00000-of-00008.parquet	000165
train-00006-of-00008.parquet	000507	0.8441	train-00000-of-00008.parquet	000374
train-00006-of-00008.parquet	000508	0.9098	train-00000-of-00008.parquet	000363
train-00006-of-00008.parquet	000509	0.7544	train-00000-of-00008.parquet	000231
train-00006-of-00008.parquet	000510	0.9873	train-00000-of-00008.parquet	000220
train-00006-of-00008.parquet	000511	0.9388	train-00000-of-00008.parquet	000165
train-00006-of-00008.parquet	000512	0.8634	train-00000-of-00008.parquet	000154
train-00006-of-00008.parquet	000513	0.9776	train-00000-of-00008.parquet	000363
train-00006-of-00008.parquet	000514	0.7712	train-00000-of-00008.parquet	000176
train-00006-of-00008.parquet	000515	0.9654	train-00000-of-00008.parquet	000209
train-00006-of-00008.parquet	000516	0.9287	train-00000-of-00008.parquet	000165
train-00006-of-00008.parquet	000517	0.8838	train-00000-of-00008.parquet	000154
train-00006-of-00008.parquet	000519	0.8453	train-00000-of-00008.parquet	000176
train-00006-of-00008.parquet	000520	0.9670	train-00000-of-00008.parquet	000209
train-00006-of-00008.parquet	000521	0.9305	train-00000-of-00008.parquet	000066
train-00006-of-00008.parquet	000522	0.8436	train-00000-of-00008.parquet	000154
train-00006-of-00008.parquet	000524	0.8434	train-00000-of-00008.parquet	000253
train-00006-of-00008.parquet	000525	0.9278	train-00000-of-00008.parquet	000209
train-00006-of-00008.parquet	000526	0.9211	train-00000-of-00008.parquet	000198
train-00006-of-00008.parquet	000527	0.9325	train-00000-of-00008.parquet	000275
train-00006-of-00008.parquet	000529	0.8300	train-00000-of-00008.parquet	000297
train-00006-of-00008.parquet	000530	0.9520	train-00000-of-00008.parquet	000242
train-00006-of-00008.parquet	000531	0.9056	train-00000-of-00008.parquet	000110
train-00006-of-00008.parquet	000532	0.9453	train-00000-of-00008.parquet	000275
train-00006-of-00008.parquet	000533	0.9485	train-00000-of-00008.parquet	000088
train-00006-of-00008.parquet	000534	0.8420	train-00000-of-00008.parquet	000297
train-00006-of-00008.parquet	000535	0.9885	train-00000-of-00008.parquet	000242
train-00006-of-00008.parquet	000536	0.8894	train-00000-of-00008.parquet	000110
train-00006-of-00008.parquet	000537	0.9533	train-00000-of-00008.parquet	000187
train-00006-of-00008.parquet	000538	0.8762	train-00000-of-00008.parquet	000165
train-00006-of-00008.parquet	000539	0.7977	train-00000-of-00008.parquet	000297
train-00006-of-00008.parquet	000540	0.9810	train-00000-of-00008.parquet	000286
train-00006-of-00008.parquet	000541	0.8617	train-00000-of-00008.parquet	000110
train-00006-of-00008.parquet	000542	0.9467	train-00000-of-00008.parquet	000187
train-00006-of-00008.parquet	000543	0.9347	train-00000-of-00008.parquet	000165
train-00006-of-00008.parquet	000544	0.7926	train-00000-of-00008.parquet	000121
train-00006-of-00008.parquet	000545	0.9658	train-00000-of-00008.parquet	000286
train-00006-of-00008.parquet	000546	0.8790	train-00000-of-00008.parquet	000231
train-00006-of-00008.parquet	000547	0.9312	train-00000-of-00008.parquet	000187
train-00006-of-00008.parquet	000548	0.9458	train-00000-of-00008.parquet	000165
train-00006-of-00008.parquet	000549	0.7819	train-00000-of-00008.parquet	000121
train-00006-of-00008.parquet	000550	0.9420	train-00000-of-00008.parquet	000286
train-00006-of-00008.parquet	000551	0.8409	train-00000-of-00008.parquet	000231
train-00006-of-00008.parquet	000552	0.9500	train-00000-of-00008.parquet	000352
train-00006-of-00008.parquet	000553	0.7803	train-00000-of-00008.parquet	000165
train-00006-of-00008.parquet	000555	0.0033	train-00000-of-00008.parquet	000385
train-00006-of-00008.parquet	000556	0.0126	train-00000-of-00008.parquet	000473
train-00006-of-00008.parquet	000557	0.0000		
train-00006-of-00008.parquet	000558	0.6667	train-00000-of-00008.parquet	000429
train-00006-of-00008.parquet	000559	0.0000		
train-00006-of-00008.parquet	000560	0.0000		
train-00006-of-00008.parquet	000561	0.0087	train-00000-of-00008.parquet	000000
train-00006-of-00008.parquet	000562	0.0080	train-00000-of-00008.parquet	000000
train-00006-of-00008.parquet	000563	0.0000		
train-00006-of-00008.parquet	000564	0.0052	train-00000-of-00008.parquet	000627
train-00006-of-00008.parquet	000565	0.0110	train-00000-of-00008.parquet	000000
train-00006-of-00008.parquet	000566	0.0089	train-00000-of-00008.parquet	000000
train-00006-of-00008.parquet	000567	0.0113	train-00000-of-00008.parquet	000000
train-00006-of-00008.parquet	000568	0.0095	train-00000-of-00008.parquet	000000
train-00006-of-00008.parquet	000569	0.0098	train-00000-of-00008.parquet	000000
train-00006-of-00008.parquet	000570	0.0095	train-00000-of-00008.parquet	000000
train-00006-of-00008.parquet	000571	0.0112	train-00000-of-00008.parquet	000000
train-00006-of-00008.parquet	000572	0.0110	train-00000-of-00008.parquet	000000
train-00006-of-00008.parquet	000573	0.0093	train-00000-of-00008.parquet	000473
train-00006-of-00008.parquet	000574	0.0217	train-00000-of-00008.parquet	000473
train-00006-of-00008.parquet	000575	0.0000		
train-00006-of-00008.parquet	000576	0.0024	train-00000-of-00008.parquet	000396
train-00006-of-00008.parquet	000577	0.0023	train-00000-of-00008.parquet	000396
train-00006-of-00008.parquet	000578	0.0000		
train-00006-of-00008.parquet	000579	0.0140	train-00000-of-00008.parquet	000407
train-00006-of-00008.parquet	000580	0.0000		
train-00006-of-00008.parquet	000581	0.0062	train-00000-of-00008.parquet	000396
train-00006-of-00008.parquet	000582	0.0039	train-00000-of-00008.parquet	000385
train-00006-of-00008.parquet	000583	0.0121	train-00000-of-00008.parquet	000473
train-00006-of-00008.parquet	000584	0.0000		
train-00006-of-00008.parquet	000585	0.6364	train-00000-of-00008.parquet	000429
train-00006-of-00008.parquet	000586	0.0108	train-00000-of-00008.parquet	000000
train-00006-of-00008.parquet	000587	0.0159	train-00000-of-00008.parquet	000000
train-00006-of-00008.parquet	000588	0.0107	train-00000-of-00008.parquet	000000
train-00006-of-00008.parquet	000589	0.0093	train-00000-of-00008.parquet	000000
train-00006-of-00008.parquet	000590	0.2302	train-00000-of-00008.parquet	000473
train-00006-of-00008.parquet	000591	0.1168	train-00000-of-00008.parquet	000473
train-00006-of-00008.parquet	000592	0.0049	train-00000-of-00008.parquet	000385
train-00006-of-00008.parquet	000593	0.0000		
train-00006-of-00008.parquet	000594	0.0672	train-00000-of-00008.parquet	000473
train-00006-of-00008.parquet	000595	0.0000		
train-00006-of-00008.parquet	000596	0.0000		
train-00006-of-00008.parquet	000597	0.0020	train-00000-of-00008.parquet	000627
train-00006-of-00008.parquet	000598	0.0000		
train-00006-of-00008.parquet	000599	0.0078	train-00000-of-00008.parquet	000627
train-00006-of-00008.parquet	000600	0.0109	train-00000-of-00008.parquet	000000
train-00006-of-00008.parquet	000601	0.0059	train-00000-of-00008.parquet	000473
train-00006-of-00008.parquet	000602	0.0000		
train-00006-of-00008.parquet	000603	0.0000		
train-00006-of-00008.parquet	000604	0.0000		
train-00006-of-00008.parquet	000605	0.0061	train-00000-of-00008.parquet	000473
train-00006-of-00008.parquet	000606	0.0000		
train-00006-of-00008.parquet	000607	0.0000		
train-00006-of-00008.parquet	000608	0.0000		
train-00006-of-00008.parquet	000609	0.0000		
train-00006-of-00008.parquet	000610	0.0000		
train-00006-of-00008.parquet	000611	0.0000		
train-00006-of-00008.parquet	000612	0.0000		
train-00006-of-00008.parquet	000613	0.0135	train-00000-of-00008.parquet	000473
train-00006-of-00008.parquet	000614	0.0078	train-00000-of-00008.parquet	000385
train-00006-of-00008.parquet	000615	0.0000		
train-00006-of-00008.parquet	000616	0.0063	train-00000-of-00008.parquet	000473
train-00006-of-00008.parquet	000617	0.0000		
train-00006-of-00008.parquet	000618	0.0000		
train-00006-of-00008.parquet	000619	0.0021	train-00000-of-00008.parquet	000539
train-00006-of-00008.parquet	000620	0.0000		
train-00006-of-00008.parquet	000621	0.0008	train-00000-of-00008.parquet	000539
train-00006-of-00008.parquet	000622	0.0095	train-00000-of-00008.parquet	000627
train-00006-of-00008.parquet	000623	0.0000		
train-00006-of-00008.parquet	000624	0.0065	train-00000-of-00008.parquet	000627
train-00006-of-00008.parquet	000625	0.0270	train-00000-of-00008.parquet	000627
train-00006-of-00008.parquet	000626	0.0085	train-00000-of-00008.parquet	000627
train-00006-of-00008.parquet	000627	0.0126	train-00000-of-00008.parquet	000627
train-00006-of-00008.parquet	000628	0.0050	train-00000-of-00008.parquet	000627
train-00006-of-00008.parquet	000629	0.0255	train-00000-of-00008.parquet	000627
train-00006-of-00008.parquet	000630	0.0059	train-00000-of-00008.parquet	000451
train-00006-of-00008.parquet	000631	0.0212	train-00000-of-00008.parquet	000473
train-00006-of-00008.parquet	000632	0.0392	train-00000-of-00008.parquet	000000
train-00006-of-00008.parquet	000633	0.0136	train-00000-of-00008.parquet	000473
train-00006-of-00008.parquet	000634	0.0078	train-00000-of-00008.parquet	000385
train-00006-of-00008.parquet	000635	0.0000		
train-00006-of-00008.parquet	000636	0.0063	train-00000-of-00008.parquet	000473
train-00006-of-00008.parquet	000637	0.0099	train-00000-of-00008.parquet	000000
train-00006-of-00008.parquet	000638	0.0000		
train-00006-of-00008.parquet	000639	0.0106	train-00000-of-00008.parquet	000473
train-00006-of-00008.parquet	000640	0.0000		
train-00006-of-00008.parquet	000641	0.2460	train-00000-of-00008.parquet	000473
train-00006-of-00008.parquet	000642	0.1159	train-00000-of-00008.parquet	000473
train-00006-of-00008.parquet	000643	0.1203	train-00000-of-00008.parquet	000473
train-00006-of-00008.parquet	000644	0.0030	train-00000-of-00008.parquet	000385
train-00006-of-00008.parquet	000645	0.0040	train-00000-of-00008.parquet	000385
train-00006-of-00008.parquet	000646	0.0000		
train-00006-of-00008.parquet	000647	0.0000		
train-00006-of-00008.parquet	000648	0.0000		
train-00006-of-00008.parquet	000649	0.0000		
train-00006-of-00008.parquet	000650	0.0028	train-00000-of-00008.parquet	000000
train-00006-of-00008.parquet	000651	0.0072	train-00000-of-00008.parquet	000539
train-00006-of-00008.parquet	000652	0.0000		
train-00006-of-00008.parquet	000653	0.0046	train-00000-of-00008.parquet	000000
train-00006-of-00008.parquet	000654	0.0022	train-00000-of-00008.parquet	000462
train-00006-of-00008.parquet	000655	0.0000		
train-00006-of-00008.parquet	000656	0.0000		
train-00006-of-00008.parquet	000657	0.0022	train-00000-of-00008.parquet	000594
train-00006-of-00008.parquet	000658	0.0000		
train-00006-of-00008.parquet	000659	0.0020	train-00000-of-00008.parquet	000594
train-00006-of-00008.parquet	000660	0.0052	train-00000-of-00008.parquet	000000
train-00006-of-00008.parquet	000661	0.0026	train-00000-of-00008.parquet	000638
train-00006-of-00008.parquet	000662	0.0000		
train-00006-of-00008.parquet	000663	0.0020	train-00000-of-00008.parquet	000066
train-00006-of-00008.parquet	000664	0.0047	train-00000-of-00008.parquet	000638
train-00006-of-00008.parquet	000665	0.0000		
train-00006-of-00008.parquet	000669	0.0000		
train-00006-of-00008.parquet	000670	0.0021	train-00000-of-00008.parquet	000660
train-00006-of-00008.parquet	000671	0.0000		
train-00006-of-00008.parquet	000672	0.0070	train-00000-of-00008.parquet	000572
train-00006-of-00008.parquet	000673	0.0000		
train-00006-of-00008.parquet	000674	0.0119	train-00000-of-00008.parquet	000000
train-00006-of-00008.parquet	000675	0.0060	train-00000-of-00008.parquet	000473
train-00006-of-00008.parquet	000676	0.0000		
train-00006-of-00008.parquet	000677	0.0000		
train-00006-of-00008.parquet	000678	0.0000		
train-00006-of-00008.parquet	000679	0.0000		
train-00006-of-00008.parquet	000680	0.0000		
train-00006-of-00008.parquet	000681	0.0000		
train-00006-of-00008.parquet	000682	0.0000		
train-00006-of-00008.parquet	000683	0.0000		
train-00006-of-00008.parquet	000684	0.2266	train-00000-of-00008.parquet	000473
train-00006-of-00008.parquet	000685	0.1212	train-00000-of-00008.parquet	000473
train-00006-of-00008.parquet	000686	0.1203	train-00000-of-00008.parquet	000473
train-00006-of-00008.parquet	000687	0.0031	train-00000-of-00008.parquet	000385
train-00006-of-00008.parquet	000688	0.0040	train-00000-of-00008.parquet	000385
train-00006-of-00008.parquet	000690	0.2500	train-00000-of-00008.parquet	000473
train-00006-of-00008.parquet	000691	0.1168	train-00000-of-00008.parquet	000473
train-00006-of-00008.parquet	000692	0.1203	train-00000-of-00008.parquet	000473
train-00006-of-00008.parquet	000693	0.0030	train-00000-of-00008.parquet	000385
train-00006-of-00008.parquet	000694	0.0040	train-00000-of-00008.parquet	000385
train-00006-of-00008.parquet	000696	0.0090	train-00000-of-00008.parquet	000000
train-00006-of-00008.parquet	000697	0.7265	train-00000-of-00008.parquet	000473
train-00006-of-00008.parquet	000698	0.2089	train-00000-of-00008.parquet	000473
train-00006-of-00008.parquet	000699	0.2260	train-00000-of-00008.parquet	000473
train-00006-of-00008.parquet	000700	0.2292	train-00000-of-00008.parquet	000473
train-00006-of-00008.parquet	000701	0.2143	train-00000-of-00008.parquet	000473
train-00006-of-00008.parquet	000702	0.0017	train-00000-of-00008.parquet	000594
train-00006-of-00008.parquet	000703	0.0000		
train-00006-of-00008.parquet	000705	0.0000		
train-00006-of-00008.parquet	000706	0.0000		
train-00006-of-00008.parquet	000707	0.0016	train-00000-of-00008.parquet	000539
train-00006-of-00008.parquet	000708	0.0018	train-00000-of-00008.parquet	000462
train-00006-of-00008.parquet	000709	0.0031	train-00000-of-00008.parquet	000539
train-00006-of-00008.parquet	000710	0.0024	train-00000-of-00008.parquet	000000
train-00006-of-00008.parquet	000711	0.0000		
train-00006-of-00008.parquet	000712	0.0025	train-00000-of-00008.parquet	000638
train-00006-of-00008.parquet	000713	0.0013	train-00000-of-00008.parquet	000055
train-00006-of-00008.parquet	000714	0.0013	train-00000-of-00008.parquet	000638
train-00006-of-00008.parquet	000715	0.0027	train-00000-of-00008.parquet	000638
train-00006-of-00008.parquet	000716	0.0015	train-00000-of-00008.parquet	000638
train-00006-of-00008.parquet	000717	0.0014	train-00000-of-00008.parquet	000638
train-00006-of-00008.parquet	000718	0.0013	train-00000-of-00008.parquet	000638
train-00006-of-00008.parquet	000719	0.0000		
train-00006-of-00008.parquet	000720	0.0011	train-00000-of-00008.parquet	000638
train-00006-of-00008.parquet	000721	0.0018	train-00000-of-00008.parquet	000539
train-00006-of-00008.parquet	000722	0.0065	train-00000-of-00008.parquet	000000
train-00006-of-00008.parquet	000723	0.0000		
train-00006-of-00008.parquet	000724	0.0052	train-00000-of-00008.parquet	000000
train-00006-of-00008.parquet	000725	0.0079	train-00000-of-00008.parquet	000385
train-00006-of-00008.parquet	000726	0.0018	train-00000-of-00008.parquet	000462
train-00006-of-00008.parquet	000727	0.0000		
train-00006-of-00008.parquet	000728	0.0000		
train-00006-of-00008.parquet	000729	0.0000		
train-00006-of-00008.parquet	000730	0.0000		
train-00006-of-00008.parquet	000731	0.0000		
train-00006-of-00008.parquet	000733	0.7265	train-00000-of-00008.parquet	000473
train-00006-of-00008.parquet	000734	0.2089	train-00000-of-00008.parquet	000473
train-00006-of-00008.parquet	000735	0.2260	train-00000-of-00008.parquet	000473
train-00006-of-00008.parquet	000736	0.2292	train-00000-of-00008.parquet	000473
train-00006-of-00008.parquet	000737	0.2143	train-00000-of-00008.parquet	000473
train-00006-of-00008.parquet	000738	0.0000		
train-00006-of-00008.parquet	000739	0.0000		
train-00006-of-00008.parquet	000740	0.0101	train-00000-of-00008.parquet	000000
train-00006-of-00008.parquet	000741	0.0102	train-00000-of-00008.parquet	000000
train-00006-of-00008.parquet	000742	0.0025	train-00000-of-00008.parquet	000385
train-00006-of-00008.parquet	000743	0.0000		
train-00006-of-00008.parquet	000744	0.0000		
train-00006-of-00008.parquet	000745	0.0160	train-00000-of-00008.parquet	000473
train-00006-of-00008.parquet	000746	0.0024	train-00000-of-00008.parquet	000473
train-00006-of-00008.parquet	000747	0.0026	train-00000-of-00008.parquet	000396
train-00006-of-00008.parquet	000748	0.0020	train-00000-of-00008.parquet	000396
train-00006-of-00008.parquet	000749	0.0000		
train-00006-of-00008.parquet	000750	0.0163	train-00000-of-00008.parquet	000407
train-00006-of-00008.parquet	000751	0.0000		
train-00006-of-00008.parquet	000752	0.0057	train-00000-of-00008.parquet	000396
train-00006-of-00008.parquet	000753	0.0035	train-00000-of-00008.parquet	000385
train-00006-of-00008.parquet	000755	0.0122	train-00000-of-00008.parquet	000473
train-00006-of-00008.parquet	000756	0.0000		
train-00006-of-00008.parquet	000757	0.1918	train-00000-of-00008.parquet	000429
train-00006-of-00008.parquet	000758	0.0098	train-00000-of-00008.parquet	000000
train-00006-of-00008.parquet	000759	0.0095	train-00000-of-00008.parquet	000473
train-00006-of-00008.parquet	000760	0.0015	train-00000-of-00008.parquet	000440
train-00006-of-00008.parquet	000761	0.0124	train-00000-of-00008.parquet	000473
train-00006-of-00008.parquet	000762	0.0000		
train-00006-of-00008.parquet	000763	0.6512	train-00000-of-00008.parquet	000429
train-00006-of-00008.parquet	000764	0.0000		
train-00006-of-00008.parquet	000765	0.0000		
train-00006-of-00008.parquet	000766	0.0000		
train-00006-of-00008.parquet	000767	0.0000		
train-00006-of-00008.parquet	000768	0.0000		
train-00006-of-00008.parquet	000769	0.0000		
train-00006-of-00008.parquet	000770	0.0023	train-00000-of-00008.parquet	000638
train-00006-of-00008.parquet	000771	0.0025	train-00000-of-00008.parquet	000385
train-00006-of-00008.parquet	000772	0.0026	train-00000-of-00008.parquet	000660
train-00006-of-00008.parquet	000773	0.0000		
train-00006-of-00008.parquet	000774	0.0018	train-00000-of-00008.parquet	000000
train-00006-of-00008.parquet	000775	0.0019	train-00000-of-00008.parquet	000066
train-00006-of-00008.parquet	000776	0.0020	train-00000-of-00008.parquet	000539
train-00006-of-00008.parquet	000777	0.0040	train-00000-of-00008.parquet	000539
train-00006-of-00008.parquet	000778	0.0043	train-00000-of-00008.parquet	000385
train-00006-of-00008.parquet	000779	0.0000		
train-00006-of-00008.parquet	000780	0.0019	train-00000-of-00008.parquet	000385
train-00006-of-00008.parquet	000781	0.0057	train-00000-of-00008.parquet	000385
train-00006-of-00008.parquet	000783	0.0026	train-00000-of-00008.parquet	000473
train-00006-of-00008.parquet	000784	0.0000		
train-00006-of-00008.parquet	000785	0.0000		
train-00006-of-00008.parquet	000786	0.0000		
train-00006-of-00008.parquet	000787	0.0019	train-00000-of-00008.parquet	000539
train-00006-of-00008.parquet	000788	0.0000		
train-00006-of-00008.parquet	000789	0.0000		
train-00006-of-00008.parquet	000790	0.0000		
train-00006-of-00008.parquet	000791	0.0063	train-00000-of-00008.parquet	000000
train-00006-of-00008.parquet	000792	0.0000		
train-00006-of-00008.parquet	000793	0.0058	train-00000-of-00008.parquet	000385
train-00006-of-00008.parquet	000794	0.0011	train-00000-of-00008.parquet	000462
train-00006-of-00008.parquet	000795	0.0000		
train-00006-of-00008.parquet	000796	0.0000		
train-00006-of-00008.parquet	000798	0.0000		
train-00006-of-00008.parquet	000799	0.0000		
train-00006-of-00008.parquet	000800	0.0000		
train-00006-of-00008.parquet	000801	0.0012	train-00000-of-00008.parquet	000462
train-00006-of-00008.parquet	000802	0.0000		
train-00006-of-00008.parquet	000803	0.0000		
train-00006-of-00008.parquet	000804	0.0000		
train-00006-of-00008.parquet	000805	0.0000		
train-00006-of-00008.parquet	000806	0.0000		
train-00006-of-00008.parquet	000807	0.0012	train-00000-of-00008.parquet	000462
train-00006-of-00008.parquet	000808	0.0000		
train-00006-of-00008.parquet	000809	0.0011	train-00000-of-00008.parquet	000462
train-00006-of-00008.parquet	000810	0.0000		
train-00006-of-00008.parquet	000811	0.0000		
train-00006-of-00008.parquet	000812	0.0011	train-00000-of-00008.parquet	000462
train-00006-of-00008.parquet	000813	0.0000		
train-00006-of-00008.parquet	000814	0.0000		
train-00006-of-00008.parquet	000815	0.0000		
train-00006-of-00008.parquet	000816	0.0011	train-00000-of-00008.parquet	000462
train-00006-of-00008.parquet	000817	0.0000		
train-00006-of-00008.parquet	000818	0.0000		
train-00006-of-00008.parquet	000819	0.0011	train-00000-of-00008.parquet	000462
train-00006-of-00008.parquet	000820	0.0000		
train-00006-of-00008.parquet	000821	0.0000		
train-00006-of-00008.parquet	000822	0.0000		
train-00006-of-00008.parquet	000823	0.0000		
train-00006-of-00008.parquet	000824	0.0000		
train-00006-of-00008.parquet	000825	0.0027	train-00000-of-00008.parquet	000385
train-00006-of-00008.parquet	000826	0.0000		
train-00006-of-00008.parquet	000827	0.0009	train-00000-of-00008.parquet	000583
train-00006-of-00008.parquet	000828	0.0000		
train-00006-of-00008.parquet	000829	0.0000		
train-00006-of-00008.parquet	000830	0.0018	train-00000-of-00008.parquet	000539
train-00006-of-00008.parquet	000831	0.0009	train-00000-of-00008.parquet	000440
train-00006-of-00008.parquet	000832	0.0017	train-00000-of-00008.parquet	000440
train-00006-of-00008.parquet	000833	0.0000		
train-00006-of-00008.parquet	000834	0.0013	train-00000-of-00008.parquet	000440
train-00006-of-00008.parquet	000835	0.0000		
train-00006-of-00008.parquet	000836	0.0000		
train-00006-of-00008.parquet	000837	0.0010	train-00000-of-00008.parquet	000660
train-00006-of-00008.parquet	000838	0.0000		
train-00006-of-00008.parquet	000839	0.0012	train-00000-of-00008.parquet	000539
train-00006-of-00008.parquet	000840	0.0046	train-00000-of-00008.parquet	000550
train-00006-of-00008.parquet	000841	0.0000		
train-00006-of-00008.parquet	000842	0.0023	train-00000-of-00008.parquet	000055
train-00006-of-00008.parquet	000843	0.0029	train-00000-of-00008.parquet	000627
train-00006-of-00008.parquet	000844	0.0000		
train-00006-of-00008.parquet	000845	0.0000		
train-00006-of-00008.parquet	000846	0.0000		
train-00006-of-00008.parquet	000847	0.0000		
train-00006-of-00008.parquet	000848	0.0000		
train-00006-of-00008.parquet	000849	0.0000		
train-00006-of-00008.parquet	000850	0.0000		
train-00006-of-00008.parquet	000851	0.0000		
train-00006-of-00008.parquet	000852	0.0000		
train-00006-of-00008.parquet	000853	0.0057	train-00000-of-00008.parquet	000550
train-00006-of-00008.parquet	000854	0.0057	train-00000-of-00008.parquet	000550
train-00006-of-00008.parquet	000855	0.0000		
train-00006-of-00008.parquet	000856	0.0000		
train-00006-of-00008.parquet	000857	0.0049	train-00000-of-00008.parquet	000165
train-00006-of-00008.parquet	000858	0.0000		
train-00006-of-00008.parquet	000859	0.0000		
train-00006-of-00008.parquet	000860	0.0000		
train-00006-of-00008.parquet	000861	0.0000		
train-00006-of-00008.parquet	000862	0.0048	train-00000-of-00008.parquet	000165
train-00006-of-00008.parquet	000863	0.0000		
train-00006-of-00008.parquet	000864	0.0000		
train-00006-of-00008.parquet	000865	0.0000		
train-00006-of-00008.parquet	000866	0.0000		
train-00006-of-00008.parquet	000867	0.0000		
train-00006-of-00008.parquet	000868	0.0000		
train-00006-of-00008.parquet	000869	0.0051	train-00000-of-00008.parquet	000165
train-00006-of-00008.parquet	000870	0.0000		
train-00006-of-00008.parquet	000871	0.0000		
train-00006-of-00008.parquet	000872	0.0051	train-00000-of-00008.parquet	000165
train-00006-of-00008.parquet	000873	0.0000		
train-00006-of-00008.parquet	000874	0.0048	train-00000-of-00008.parquet	000165
train-00006-of-00008.parquet	000875	0.0000		
train-00006-of-00008.parquet	000876	0.0000		
train-00006-of-00008.parquet	000877	0.0000		
train-00006-of-00008.parquet	000878	0.0000		
train-00006-of-00008.parquet	000879	0.0000		
train-00006-of-00008.parquet	000880	0.0000		
train-00006-of-00008.parquet	000881	0.0000		
train-00006-of-00008.parquet	000882	0.0113	train-00000-of-00008.parquet	000000
train-00006-of-00008.parquet	000883	0.0116	train-00000-of-00008.parquet	000000
train-00006-of-00008.parquet	000884	0.0020	train-00000-of-00008.parquet	000627
train-00006-of-00008.parquet	000885	0.0094	train-00000-of-00008.parquet	000473
train-00006-of-00008.parquet	000886	0.0029	train-00000-of-00008.parquet	000066
train-00006-of-00008.parquet	000887	0.0116	train-00000-of-00008.parquet	000055
train-00006-of-00008.parquet	000888	0.1814	train-00000-of-00008.parquet	000055
train-00006-of-00008.parquet	000889	0.4755	train-00000-of-00008.parquet	000055
train-00006-of-00008.parquet	000890	0.5609	train-00000-of-00008.parquet	000055
train-00006-of-00008.parquet	000891	0.3412	train-00000-of-00008.parquet	000066
train-00006-of-00008.parquet	000892	0.8426	train-00000-of-00008.parquet	000275
train-00006-of-00008.parquet	000893	0.9865	train-00000-of-00008.parquet	000143
train-00006-of-00008.parquet	000894	0.8650	train-00000-of-00008.parquet	000297
train-00006-of-00008.parquet	000895	0.9904	train-00000-of-00008.parquet	000242
train-00006-of-00008.parquet	000896	0.8547	train-00000-of-00008.parquet	000110
train-00006-of-00008.parquet	000897	0.9256	train-00000-of-00008.parquet	000264
train-00006-of-00008.parquet	000898	0.9347	train-00000-of-00008.parquet	000165
train-00006-of-00008.parquet	000899	0.8022	train-00000-of-00008.parquet	000121
train-00006-of-00008.parquet	000900	0.9426	train-00000-of-00008.parquet	000286
train-00006-of-00008.parquet	000901	0.7521	train-00000-of-00008.parquet	000231
train-00006-of-00008.parquet	000902	0.9458	train-00000-of-00008.parquet	000352
train-00006-of-00008.parquet	000903	0.8354	train-00000-of-00008.parquet	000132
train-00006-of-00008.parquet	000904	0.7468	train-00000-of-00008.parquet	000319
train-00006-of-00008.parquet	000905	0.9137	train-00000-of-00008.parquet	000187
train-00006-of-00008.parquet	000906	0.9471	train-00000-of-00008.parquet	000165
train-00006-of-00008.parquet	000907	0.8156	train-00000-of-00008.parquet	000121
train-00006-of-00008.parquet	000908	0.9323	train-00000-of-00008.parquet	000286
train-00006-of-00008.parquet	000909	0.7668	train-00000-of-00008.parquet	000231
train-00006-of-00008.parquet	000910	0.9631	train-00000-of-00008.parquet	000220
train-00006-of-00008.parquet	000911	0.9511	train-00000-of-00008.parquet	000165
train-00006-of-00008.parquet	000912	0.8692	train-00000-of-00008.parquet	000154
train-00006-of-00008.parquet	000913	0.9941	train-00000-of-00008.parquet	000363
train-00006-of-00008.parquet	000914	0.8470	train-00000-of-00008.parquet	000176
train-00006-of-00008.parquet	000915	0.9180	train-00000-of-00008.parquet	000209
train-00006-of-00008.parquet	000916	0.9380	train-00000-of-00008.parquet	000198
train-00006-of-00008.parquet	000917	0.9077	train-00000-of-00008.parquet	000275
train-00006-of-00008.parquet	000919	0.8736	train-00000-of-00008.parquet	000297
train-00006-of-00008.parquet	000920	0.9713	train-00000-of-00008.parquet	000242
train-00006-of-00008.parquet	000921	0.8998	train-00000-of-00008.parquet	000110
train-00006-of-00008.parquet	000922	0.9262	train-00000-of-00008.parquet	000264
train-00006-of-00008.parquet	000923	0.9134	train-00000-of-00008.parquet	000165
train-00006-of-00008.parquet	000924	0.8329	train-00000-of-00008.parquet	000121
train-00006-of-00008.parquet	000925	0.9581	train-00000-of-00008.parquet	000286
train-00006-of-00008.parquet	000926	0.8337	train-00000-of-00008.parquet	000231
train-00006-of-00008.parquet	000928	0.9753	train-00000-of-00008.parquet	000165
train-00006-of-00008.parquet	000929	0.8441	train-00000-of-00008.parquet	000374
train-00006-of-00008.parquet	000930	0.9776	train-00000-of-00008.parquet	000363
train-00006-of-00008.parquet	000931	0.8155	train-00000-of-00008.parquet	000176
train-00006-of-00008.parquet	000932	0.9430	train-00000-of-00008.parquet	000209
train-00006-of-00008.parquet	000933	0.9343	train-00000-of-00008.parquet	000198
train-00006-of-00008.parquet	000934	0.9136	train-00000-of-00008.parquet	000275
train-00006-of-00008.parquet	000936	0.8889	train-00000-of-00008.parquet	000297
train-00006-of-00008.parquet	000937	0.9865	train-00000-of-00008.parquet	000242
train-00006-of-00008.parquet	000938	0.8541	train-00000-of-00008.parquet	000110
train-00006-of-00008.parquet	000939	0.9228	train-00000-of-00008.parquet	000264
train-00006-of-00008.parquet	000940	0.9349	train-00000-of-00008.parquet	000132
train-00006-of-00008.parquet	000941	0.7739	train-00000-of-00008.parquet	000319
train-00006-of-00008.parquet	000942	0.8015	train-00000-of-00008.parquet	000154
train-00006-of-00008.parquet	000943	0.9709	train-00000-of-00008.parquet	000308
train-00006-of-00008.parquet	000944	0.7057	train-00000-of-00008.parquet	000319
train-00006-of-00008.parquet	000945	0.8464	train-00000-of-00008.parquet	000374
train-00006-of-00008.parquet	000946	0.9776	train-00000-of-00008.parquet	000363
train-00006-of-00008.parquet	000947	0.7963	train-00000-of-00008.parquet	000176
train-00006-of-00008.parquet	000948	0.9411	train-00000-of-00008.parquet	000209
train-00006-of-00008.parquet	000949	0.9343	train-00000-of-00008.parquet	000198
train-00006-of-00008.parquet	000950	0.9116	train-00000-of-00008.parquet	000275
train-00006-of-00008.parquet	000952	0.8797	train-00000-of-00008.parquet	000297
train-00006-of-00008.parquet	000953	0.9904	train-00000-of-00008.parquet	000242
train-00006-of-00008.parquet	000954	0.8621	train-00000-of-00008.parquet	000110
train-00006-of-00008.parquet	000955	0.9256	train-00000-of-00008.parquet	000264
train-00006-of-00008.parquet	000956	0.9347	train-00000-of-00008.parquet	000165
train-00006-of-00008.parquet	000957	0.7890	train-00000-of-00008.parquet	000121
train-00006-of-00008.parquet	000958	0.9426	train-00000-of-00008.parquet	000286
train-00006-of-00008.parquet	000959	0.8249	train-00000-of-00008.parquet	000231
train-00006-of-00008.parquet	000960	0.9602	train-00000-of-00008.parquet	000220
train-00006-of-00008.parquet	000961	0.9516	train-00000-of-00008.parquet	000165
train-00006-of-00008.parquet	000962	0.8396	train-00000-of-00008.parquet	000154
train-00006-of-00008.parquet	000963	0.9941	train-00000-of-00008.parquet	000363
train-00006-of-00008.parquet	000964	0.8103	train-00000-of-00008.parquet	000176
train-00006-of-00008.parquet	000965	0.9558	train-00000-of-00008.parquet	000209
train-00006-of-00008.parquet	000966	0.9226	train-00000-of-00008.parquet	000066
train-00006-of-00008.parquet	000967	0.8171	train-00000-of-00008.parquet	000275
train-00006-of-00008.parquet	000968	0.9841	train-00000-of-00008.parquet	000308
train-00006-of-00008.parquet	000969	0.8698	train-00000-of-00008.parquet	000253
train-00006-of-00008.parquet	000970	0.9461	train-00000-of-00008.parquet	000242
train-00006-of-00008.parquet	000971	0.9192	train-00000-of-00008.parquet	000110
train-00006-of-00008.parquet	000972	0.9453	train-00000-of-00008.parquet	000264
train-00006-of-00008.parquet	000973	0.9195	train-00000-of-00008.parquet	000088
train-00006-of-00008.parquet	000974	0.7987	train-00000-of-00008.parquet	000297
train-00006-of-00008.parquet	000975	0.9658	train-00000-of-00008.parquet	000286
train-00006-of-00008.parquet	000976	0.8750	train-00000-of-00008.parquet	000231
train-00006-of-00008.parquet	000977	0.9519	train-00000-of-00008.parquet	000352
train-00006-of-00008.parquet	000978	0.9680	train-00000-of-00008.parquet	000165
train-00006-of-00008.parquet	000979	0.8509	train-00000-of-00008.parquet	000374
train-00006-of-00008.parquet	000980	0.9776	train-00000-of-00008.parquet	000363
train-00006-of-00008.parquet	000981	0.7996	train-00000-of-00008.parquet	000176
train-00006-of-00008.parquet	000982	0.9604	train-00000-of-00008.parquet	000209
train-00006-of-00008.parquet	000983	0.9435	train-00000-of-00008.parquet	000066
train-00006-of-00008.parquet	000984	0.8637	train-00000-of-00008.parquet	000275
train-00006-of-00008.parquet	000986	0.8600	train-00000-of-00008.parquet	000253
train-00006-of-00008.parquet	000987	0.9676	train-00000-of-00008.parquet	000242
train-00006-of-00008.parquet	000988	0.9078	train-00000-of-00008.parquet	000110
train-00006-of-00008.parquet	000989	0.9392	train-00000-of-00008.parquet	000187
train-00006-of-00008.parquet	000990	0.8762	train-00000-of-00008.parquet	000165
train-00006-of-00008.parquet	000991	0.7703	train-00000-of-00008.parquet	000297
train-00006-of-00008.parquet	000992	0.9753	train-00000-of-00008.parquet	000286
train-00006-of-00008.parquet	000993	0.8744	train-00000-of-00008.parquet	000231
train-00006-of-00008.parquet	000994	0.9374	train-00000-of-00008.parquet	000352
train-00007-of-00008.parquet	000000	0.9392	train-00000-of-00008.parquet	000165
train-00007-of-00008.parquet	000001	0.8366	train-00000-of-00008.parquet	000121
train-00007-of-00008.parquet	000002	0.8899	train-00000-of-00008.parquet	000286
train-00007-of-00008.parquet	000003	0.7842	train-00000-of-00008.parquet	000176
train-00007-of-00008.parquet	000004	0.9717	train-00000-of-00008.parquet	000209
train-00007-of-00008.parquet	000005	0.9377	train-00000-of-00008.parquet	000165
train-00007-of-00008.parquet	000006	0.8265	train-00000-of-00008.parquet	000154
train-00007-of-00008.parquet	000008	0.8869	train-00000-of-00008.parquet	000253
train-00007-of-00008.parquet	000009	0.9400	train-00000-of-00008.parquet	000242
train-00007-of-00008.parquet	000010	0.9328	train-00000-of-00008.parquet	000198
train-00007-of-00008.parquet	000011	0.9533	train-00000-of-00008.parquet	000187
train-00007-of-00008.parquet	000012	0.8762	train-00000-of-00008.parquet	000165
train-00007-of-00008.parquet	000013	0.7738	train-00000-of-00008.parquet	000297
train-00007-of-00008.parquet	000014	0.9753	train-00000-of-00008.parquet	000286
train-00007-of-00008.parquet	000015	0.8901	train-00000-of-00008.parquet	000231
train-00007-of-00008.parquet	000016	0.9217	train-00000-of-00008.parquet	000352
train-00007-of-00008.parquet	000017	0.9585	train-00000-of-00008.parquet	000165
train-00007-of-00008.parquet	000018	0.7283	train-00000-of-00008.parquet	000374
train-00007-of-00008.parquet	000019	0.9106	train-00000-of-00008.parquet	000286
train-00007-of-00008.parquet	000020	0.5582	train-00000-of-00008.parquet	000066
train-00007-of-00008.parquet	000021	0.8033	train-00000-of-00008.parquet	000121
train-00007-of-00008.parquet	000022	0.9504	train-00000-of-00008.parquet	000286
train-00007-of-00008.parquet	000023	0.8188	train-00000-of-00008.parquet	000231
train-00007-of-00008.parquet	000024	0.9789	train-00000-of-00008.parquet	000352
train-00007-of-00008.parquet	000025	0.9660	train-00000-of-00008.parquet	000165
train-00007-of-00008.parquet	000026	0.8877	train-00000-of-00008.parquet	000154
train-00007-of-00008.parquet	000027	0.9941	train-00000-of-00008.parquet	000363
train-00007-of-00008.parquet	000028	0.8544	train-00000-of-00008.parquet	000176
train-00007-of-00008.parquet	000029	0.9180	train-00000-of-00008.parquet	000209
train-00007-of-00008.parquet	000030	0.9343	train-00000-of-00008.parquet	000198
train-00007-of-00008.parquet	000031	0.9449	train-00000-of-00008.parquet	000275
train-00007-of-00008.parquet	000032	0.9648	train-00000-of-00008.parquet	000088
train-00007-of-00008.parquet	000033	0.8441	train-00000-of-00008.parquet	000297
train-00007-of-00008.parquet	000034	0.9810	train-00000-of-00008.parquet	000286
train-00007-of-00008.parquet	000035	0.8756	train-00000-of-00008.parquet	000231
train-00007-of-00008.parquet	000036	0.9137	train-00000-of-00008.parquet	000187
train-00007-of-00008.parquet	000037	0.9564	train-00000-of-00008.parquet	000165
train-00007-of-00008.parquet	000038	0.7849	train-00000-of-00008.parquet	000121
train-00007-of-00008.parquet	000039	0.9106	train-00000-of-00008.parquet	000286
train-00007-of-00008.parquet	000040	0.7627	train-00000-of-00008.parquet	000231
train-00007-of-00008.parquet	000041	0.9474	train-00000-of-00008.parquet	000077
train-00007-of-00008.parquet	000042	0.9438	train-00000-of-00008.parquet	000165
train-00007-of-00008.parquet	000043	0.8633	train-00000-of-00008.parquet	000154
train-00007-of-00008.parquet	000045	0.8835	train-00000-of-00008.parquet	000176
train-00007-of-00008.parquet	000046	0.9148	train-00000-of-00008.parquet	000209
train-00007-of-00008.parquet	000047	0.9437	train-00000-of-00008.parquet	000198
train-00007-of-00008.parquet	000048	0.9053	train-00000-of-00008.parquet	000275
train-00007-of-00008.parquet	000049	0.9788	train-00000-of-00008.parquet	000088
train-00007-of-00008.parquet	000050	0.8425	train-00000-of-00008.parquet	000297
train-00007-of-00008.parquet	000051	0.9696	train-00000-of-00008.parquet	000242
train-00007-of-00008.parquet	000052	0.8140	train-00000-of-00008.parquet	000110
train-00007-of-00008.parquet	000053	0.9314	train-00000-of-00008.parquet	000264
train-00007-of-00008.parquet	000054	0.8985	train-00000-of-00008.parquet	000132
train-00007-of-00008.parquet	000055	0.8271	train-00000-of-00008.parquet	000319
train-00007-of-00008.parquet	000056	0.9295	train-00000-of-00008.parquet	000275
train-00007-of-00008.parquet	000057	0.9603	train-00000-of-00008.parquet	000088
train-00007-of-00008.parquet	000058	0.8456	train-00000-of-00008.parquet	000297
train-00007-of-00008.parquet	000059	0.9923	train-00000-of-00008.parquet	000242
train-00007-of-00008.parquet	000060	0.8543	train-00000-of-00008.parquet	000231
train-00007-of-00008.parquet	000061	0.9312	train-00000-of-00008.parquet	000187
train-00007-of-00008.parquet	000062	0.9404	train-00000-of-00008.parquet	000165
train-00007-of-00008.parquet	000063	0.8116	train-00000-of-00008.parquet	000374
train-00007-of-00008.parquet	000064	0.9098	train-00000-of-00008.parquet	000363
train-00007-of-00008.parquet	000065	0.7842	train-00000-of-00008.parquet	000176
train-00007-of-00008.parquet	000066	0.9372	train-00000-of-00008.parquet	000209
train-00007-of-00008.parquet	000067	0.9033	train-00000-of-00008.parquet	000165
train-00007-of-00008.parquet	000068	0.7990	train-00000-of-00008.parquet	000154
train-00007-of-00008.parquet	000069	0.9941	train-00000-of-00008.parquet	000363
train-00007-of-00008.parquet	000070	0.6356	train-00000-of-00008.parquet	000319
train-00007-of-00008.parquet	000071	0.7982	train-00000-of-00008.parquet	000374
train-00007-of-00008.parquet	000072	0.8899	train-00000-of-00008.parquet	000286
train-00007-of-00008.parquet	000073	0.7809	train-00000-of-00008.parquet	000176
train-00007-of-00008.parquet	000074	0.9372	train-00000-of-00008.parquet	000209
train-00007-of-00008.parquet	000075	0.9382	train-00000-of-00008.parquet	000165
train-00007-of-00008.parquet	000076	0.8501	train-00000-of-00008.parquet	000154
train-00007-of-00008.parquet	000078	0.8750	train-00000-of-00008.parquet	000253
train-00007-of-00008.parquet	000079	0.9563	train-00000-of-00008.parquet	000242
train-00007-of-00008.parquet	000080	0.8757	train-00000-of-00008.parquet	000110
train-00007-of-00008.parquet	000081	0.9186	train-00000-of-00008.parquet	000264
train-00007-of-00008.parquet	000082	0.9653	train-00000-of-00008.parquet	000132
train-00007-of-00008.parquet	000083	0.7730	train-00000-of-00008.parquet	000319
train-00007-of-00008.parquet	000084	0.8161	train-00000-of-00008.parquet	000154
train-00007-of-00008.parquet	000086	0.8085	train-00000-of-00008.parquet	000253
train-00007-of-00008.parquet	000087	0.9136	train-00000-of-00008.parquet	000242
train-00007-of-00008.parquet	000088	0.7394	train-00000-of-00008.parquet	000132
train-00007-of-00008.parquet	000089	0.8266	train-00000-of-00008.parquet	000176
train-00007-of-00008.parquet	000090	0.9588	train-00000-of-00008.parquet	000209
train-00007-of-00008.parquet	000091	0.9341	train-00000-of-00008.parquet	000165
train-00007-of-00008.parquet	000092	0.8531	train-00000-of-00008.parquet	000275
train-00007-of-00008.parquet	000094	0.8559	train-00000-of-00008.parquet	000253
train-00007-of-00008.parquet	000095	0.9883	train-00000-of-00008.parquet	000242
train-00007-of-00008.parquet	000096	0.8918	train-00000-of-00008.parquet	000110
train-00007-of-00008.parquet	000097	0.9262	train-00000-of-00008.parquet	000264
train-00007-of-00008.parquet	000098	0.9134	train-00000-of-00008.parquet	000165
train-00007-of-00008.parquet	000099	0.8144	train-00000-of-00008.parquet	000121
train-00007-of-00008.parquet	000100	0.9581	train-00000-of-00008.parquet	000286
train-00007-of-00008.parquet	000101	0.8546	train-00000-of-00008.parquet	000231
train-00007-of-00008.parquet	000102	0.9586	train-00000-of-00008.parquet	000352
train-00007-of-00008.parquet	000103	0.9732	train-00000-of-00008.parquet	000165
train-00007-of-00008.parquet	000104	0.8690	train-00000-of-00008.parquet	000374
train-00007-of-00008.parquet	000105	0.9776	train-00000-of-00008.parquet	000363
train-00007-of-00008.parquet	000106	0.7490	train-00000-of-00008.parquet	000176
train-00007-of-00008.parquet	000107	0.9440	train-00000-of-00008.parquet	000209
train-00007-of-00008.parquet	000108	0.7700	train-00000-of-00008.parquet	000132
train-00007-of-00008.parquet	000109	0.7559	train-00000-of-00008.parquet	000176
train-00007-of-00008.parquet	000110	0.9582	train-00000-of-00008.parquet	000352
train-00007-of-00008.parquet	000111	0.9680	train-00000-of-00008.parquet	000165
train-00007-of-00008.parquet	000112	0.8441	train-00000-of-00008.parquet	000374
train-00007-of-00008.parquet	000113	0.9776	train-00000-of-00008.parquet	000363
train-00007-of-00008.parquet	000114	0.7963	train-00000-of-00008.parquet	000176
train-00007-of-00008.parquet	000115	0.9603	train-00000-of-00008.parquet	000209
train-00007-of-00008.parquet	000116	0.9235	train-00000-of-00008.parquet	000066
train-00007-of-00008.parquet	000117	0.8265	train-00000-of-00008.parquet	000154
train-00007-of-00008.parquet	000119	0.8862	train-00000-of-00008.parquet	000253
train-00007-of-00008.parquet	000120	0.9419	train-00000-of-00008.parquet	000242
train-00007-of-00008.parquet	000121	0.9270	train-00000-of-00008.parquet	000110
train-00007-of-00008.parquet	000122	0.9533	train-00000-of-00008.parquet	000187
train-00007-of-00008.parquet	000123	0.8762	train-00000-of-00008.parquet	000165
train-00007-of-00008.parquet	000124	0.7755	train-00000-of-00008.parquet	000297
train-00007-of-00008.parquet	000125	0.9753	train-00000-of-00008.parquet	000286
train-00007-of-00008.parquet	000126	0.8826	train-00000-of-00008.parquet	000231
train-00007-of-00008.parquet	000127	0.9254	train-00000-of-00008.parquet	000352
train-00007-of-00008.parquet	000128	0.9621	train-00000-of-00008.parquet	000165
train-00007-of-00008.parquet	000129	0.8342	train-00000-of-00008.parquet	000374
train-00007-of-00008.parquet	000130	0.9444	train-00000-of-00008.parquet	000363
train-00007-of-00008.parquet	000131	0.2751	train-00000-of-00008.parquet	000066
train-00007-of-00008.parquet	000132	0.0208	train-00000-of-00008.parquet	000000
train-00007-of-00008.parquet	000133	0.0022	train-00000-of-00008.parquet	000440
train-00007-of-00008.parquet	000134	0.0000		
train-00007-of-00008.parquet	000135	0.0122	train-00000-of-00008.parquet	000473
train-00007-of-00008.parquet	000136	0.0000		
train-00007-of-00008.parquet	000137	0.1795	train-00000-of-00008.parquet	000429
train-00007-of-00008.parquet	000138	0.0000		
train-00007-of-00008.parquet	000139	0.0000		
train-00007-of-00008.parquet	000140	0.0000		
train-00007-of-00008.parquet	000141	0.0000		
train-00007-of-00008.parquet	000142	0.0000		
train-00007-of-00008.parquet	000144	0.0109	train-00000-of-00008.parquet	000000
train-00007-of-00008.parquet	000145	0.0093	train-00000-of-00008.parquet	000473
train-00007-of-00008.parquet	000146	0.0108	train-00000-of-00008.parquet	000000
train-00007-of-00008.parquet	000147	0.0096	train-00000-of-00008.parquet	000473
train-00007-of-00008.parquet	000148	0.0000		
train-00007-of-00008.parquet	000149	0.0085	train-00000-of-00008.parquet	000627
train-00007-of-00008.parquet	000150	0.0017	train-00000-of-00008.parquet	000660
train-00007-of-00008.parquet	000151	0.0110	train-00000-of-00008.parquet	000000
train-00007-of-00008.parquet	000152	0.0105	train-00000-of-00008.parquet	000000
train-00007-of-00008.parquet	000153	0.0652	train-00000-of-00008.parquet	000473
train-00007-of-00008.parquet	000154	0.0000		
train-00007-of-00008.parquet	000155	0.0021	train-00000-of-00008.parquet	000000
train-00007-of-00008.parquet	000156	0.0022	train-00000-of-00008.parquet	000539
train-00007-of-00008.parquet	000157	0.0000		
train-00007-of-00008.parquet	000158	0.0067	train-00000-of-00008.parquet	000627
train-00007-of-00008.parquet	000159	0.0052	train-00000-of-00008.parquet	000000
train-00007-of-00008.parquet	000160	0.0000		
train-00007-of-00008.parquet	000161	0.0062	train-00000-of-00008.parquet	000627
train-00007-of-00008.parquet	000162	0.0034	train-00000-of-00008.parquet	000473
train-00007-of-00008.parquet	000163	0.0034	train-00000-of-00008.parquet	000539
train-00007-of-00008.parquet	000164	0.0030	train-00000-of-00008.parquet	000638
train-00007-of-00008.parquet	000165	0.0018	train-00000-of-00008.parquet	000539
train-00007-of-00008.parquet	000166	0.0039	train-00000-of-00008.parquet	000594
train-00007-of-00008.parquet	000167	0.0000		
train-00007-of-00008.parquet	000168	0.0000		
train-00007-of-00008.parquet	000169	0.0023	train-00000-of-00008.parquet	000385
train-00007-of-00008.parquet	000170	0.0025	train-00000-of-00008.parquet	000594
train-00007-of-00008.parquet	000171	0.0034	train-00000-of-00008.parquet	000539
train-00007-of-00008.parquet	000172	0.0017	train-00000-of-00008.parquet	000583
train-00007-of-00008.parquet	000173	0.0035	train-00000-of-00008.parquet	000583
train-00007-of-00008.parquet	000174	0.0015	train-00000-of-00008.parquet	000462
train-00007-of-00008.parquet	000175	0.0056	train-00000-of-00008.parquet	000539
train-00007-of-00008.parquet	000176	0.0030	train-00000-of-00008.parquet	000583
train-00007-of-00008.parquet	000177	0.0000		
train-00007-of-00008.parquet	000178	0.0019	train-00000-of-00008.parquet	000550
train-00007-of-00008.parquet	000179	0.0018	train-00000-of-00008.parquet	000066
train-00007-of-00008.parquet	000180	0.0037	train-00000-of-00008.parquet	000638
train-00007-of-00008.parquet	000181	0.0000		
train-00007-of-00008.parquet	000182	0.0328	train-00000-of-00008.parquet	000627
train-00007-of-00008.parquet	000183	0.0350	train-00000-of-00008.parquet	000627
train-00007-of-00008.parquet	000184	0.0033	train-00000-of-00008.parquet	000627
train-00007-of-00008.parquet	000185	0.0000		
train-00007-of-00008.parquet	000186	0.0000		
train-00007-of-00008.parquet	000187	0.0014	train-00000-of-00008.parquet	000539
train-00007-of-00008.parquet	000188	0.0019	train-00000-of-00008.parquet	000539
train-00007-of-00008.parquet	000189	0.0037	train-00000-of-00008.parquet	000583
train-00007-of-00008.parquet	000190	0.0000		
train-00007-of-00008.parquet	000191	0.0000		
train-00007-of-00008.parquet	000192	0.0000		
train-00007-of-00008.parquet	000193	0.0000		
train-00007-of-00008.parquet	000194	0.0000		
train-00007-of-00008.parquet	000195	0.0027	train-00000-of-00008.parquet	000440
train-00007-of-00008.parquet	000196	0.0000		
train-00007-of-00008.parquet	000197	0.0000		
train-00007-of-00008.parquet	000198	0.0021	train-00000-of-00008.parquet	000000
train-00007-of-00008.parquet	000199	0.0022	train-00000-of-00008.parquet	000539
train-00007-of-00008.parquet	000200	0.0000		
train-00007-of-00008.parquet	000201	0.0000		
train-00007-of-00008.parquet	000202	0.0000		
train-00007-of-00008.parquet	000203	0.0000		
train-00007-of-00008.parquet	000204	0.0000		
train-00007-of-00008.parquet	000205	0.0000		
train-00007-of-00008.parquet	000206	0.0015	train-00000-of-00008.parquet	000660
train-00007-of-00008.parquet	000207	0.0000		
train-00007-of-00008.parquet	000208	0.0000		
train-00007-of-00008.parquet	000209	0.0000		
train-00007-of-00008.parquet	000210	0.0014	train-00000-of-00008.parquet	000660
train-00007-of-00008.parquet	000211	0.0000		
train-00007-of-00008.parquet	000212	0.0016	train-00000-of-00008.parquet	000660
train-00007-of-00008.parquet	000213	0.0000		
train-00007-of-00008.parquet	000214	0.0160	train-00000-of-00008.parquet	000572
train-00007-of-00008.parquet	000215	0.0018	train-00000-of-00008.parquet	000660
train-00007-of-00008.parquet	000216	0.0018	train-00000-of-00008.parquet	000539
train-00007-of-00008.parquet	000217	0.0000		
train-00007-of-00008.parquet	000218	0.0000		
train-00007-of-00008.parquet	000219	0.0013	train-00000-of-00008.parquet	000638
train-00007-of-00008.parquet	000220	0.0000		
train-00007-of-00008.parquet	000221	0.0025	train-00000-of-00008.parquet	000638
train-00007-of-00008.parquet	000222	0.0000		
train-00007-of-00008.parquet	000223	0.0000		
train-00007-of-00008.parquet	000224	0.0025	train-00000-of-00008.parquet	000539
train-00007-of-00008.parquet	000225	0.0000		
train-00007-of-00008.parquet	000226	0.0027	train-00000-of-00008.parquet	000539
train-00007-of-00008.parquet	000227	0.0000		
train-00007-of-00008.parquet	000228	0.0000		
train-00007-of-00008.parquet	000229	0.0000		
train-00007-of-00008.parquet	000230	0.0000		
train-00007-of-00008.parquet	000231	0.0066	train-00000-of-00008.parquet	000627
train-00007-of-00008.parquet	000232	0.0000		
train-00007-of-00008.parquet	000233	0.0015	train-00000-of-00008.parquet	000627
train-00007-of-00008.parquet	000234	0.0030	train-00000-of-00008.parquet	000583
train-00007-of-00008.parquet	000235	0.0016	train-00000-of-00008.parquet	000462
train-00007-of-00008.parquet	000236	0.0054	train-00000-of-00008.parquet	000539
train-00007-of-00008.parquet	000237	0.0029	train-00000-of-00008.parquet	000583
train-00007-of-00008.parquet	000238	0.0034	train-00000-of-00008.parquet	000583
train-00007-of-00008.parquet	000239	0.0013	train-00000-of-00008.parquet	000462
train-00007-of-00008.parquet	000240	0.0036	train-00000-of-00008.parquet	000638
train-00007-of-00008.parquet	000241	0.0000		
train-00007-of-00008.parquet	000242	0.0014	train-00000-of-00008.parquet	000583
train-00007-of-00008.parquet	000243	0.0000		
train-00007-of-00008.parquet	000244	0.0029	train-00000-of-00008.parquet	000583
train-00007-of-00008.parquet	000245	0.0104	train-00000-of-00008.parquet	000385
train-00007-of-00008.parquet	000246	0.0037	train-00000-of-00008.parquet	000539
train-00007-of-00008.parquet	000247	0.0020	train-00000-of-00008.parquet	000539
train-00007-of-00008.parquet	000248	0.0000		
train-00007-of-00008.parquet	000249	0.0019	train-00000-of-00008.parquet	000660
train-00007-of-00008.parquet	000250	0.0030	train-00000-of-00008.parquet	000583
train-00007-of-00008.parquet	000251	0.0014	train-00000-of-00008.parquet	000638
train-00007-of-00008.parquet	000252	0.0017	train-00000-of-00008.parquet	000583
train-00007-of-00008.parquet	000253	0.0000		
train-00007-of-00008.parquet	000254	0.0000		
train-00007-of-00008.parquet	000255	0.0029	train-00000-of-00008.parquet	000000
train-00007-of-00008.parquet	000256	0.0000		
train-00007-of-00008.parquet	000257	0.0027	train-00000-of-00008.parquet	000066
train-00007-of-00008.parquet	000258	0.0000		
train-00007-of-00008.parquet	000259	0.0033	train-00000-of-00008.parquet	000539
train-00007-of-00008.parquet	000260	0.0018	train-00000-of-00008.parquet	000066
train-00007-of-00008.parquet	000261	0.0032	train-00000-of-00008.parquet	000638
train-00007-of-00008.parquet	000262	0.0000		
train-00007-of-00008.parquet	000263	0.0000		
train-00007-of-00008.parquet	000264	0.0079	train-00000-of-00008.parquet	000638
train-00007-of-00008.parquet	000265	0.0109	train-00000-of-00008.parquet	000550
train-00007-of-00008.parquet	000266	0.0233	train-00000-of-00008.parquet	000550
train-00007-of-00008.parquet	000267	0.0971	train-00000-of-00008.parquet	000550
train-00007-of-00008.parquet	000268	0.0000		
train-00007-of-00008.parquet	000269	0.0021	train-00000-of-00008.parquet	000462
train-00007-of-00008.parquet	000270	0.0000		
train-00007-of-00008.parquet	000271	0.0000		
train-00007-of-00008.parquet	000272	0.0000		
train-00007-of-00008.parquet	000273	0.0025	train-00000-of-00008.parquet	000539
train-00007-of-00008.parquet	000274	0.0107	train-00000-of-00008.parquet	000539
train-00007-of-00008.parquet	000275	0.0017	train-00000-of-00008.parquet	000539
train-00007-of-00008.parquet	000276	0.0096	train-00000-of-00008.parquet	000539
train-00007-of-00008.parquet	000277	0.0017	train-00000-of-00008.parquet	000539
train-00007-of-00008.parquet	000278	0.0040	train-00000-of-00008.parquet	000638
train-00007-of-00008.parquet	000279	0.0018	train-00000-of-00008.parquet	000660
train-00007-of-00008.parquet	000280	0.0000		
train-00007-of-00008.parquet	000281	0.0033	train-00000-of-00008.parquet	000539
train-00007-of-00008.parquet	000282	0.0024	train-00000-of-00008.parquet	000539
train-00007-of-00008.parquet	000283	0.0000		
train-00007-of-00008.parquet	000285	0.0024	train-00000-of-00008.parquet	000440
train-00007-of-00008.parquet	000286	0.0000		
train-00007-of-00008.parquet	000287	0.0000		
train-00007-of-00008.parquet	000288	0.0023	train-00000-of-00008.parquet	000352
train-00007-of-00008.parquet	000289	0.0047	train-00000-of-00008.parquet	000594
train-00007-of-00008.parquet	000290	0.0022	train-00000-of-00008.parquet	000627
train-00007-of-00008.parquet	000291	0.0089	train-00000-of-00008.parquet	000385
train-00007-of-00008.parquet	000293	0.0000		
train-00007-of-00008.parquet	000294	0.0000		
train-00007-of-00008.parquet	000295	0.0000		
train-00007-of-00008.parquet	000297	0.0000		
train-00007-of-00008.parquet	000298	0.0000		
train-00007-of-00008.parquet	000299	0.0000		
train-00007-of-00008.parquet	000300	0.0038	train-00000-of-00008.parquet	000539
train-00007-of-00008.parquet	000301	0.0012	train-00000-of-00008.parquet	000638
train-00007-of-00008.parquet	000302	0.0032	train-00000-of-00008.parquet	000539
train-00007-of-00008.parquet	000303	0.0000		
train-00007-of-00008.parquet	000304	0.0000		
train-00007-of-00008.parquet	000305	0.0027	train-00000-of-00008.parquet	000583
train-00007-of-00008.parquet	000306	0.0013	train-00000-of-00008.parquet	000583
train-00007-of-00008.parquet	000307	0.0014	train-00000-of-00008.parquet	000583
train-00007-of-00008.parquet	000308	0.0000		
train-00007-of-00008.parquet	000309	0.0000		
train-00007-of-00008.parquet	000310	0.0027	train-00000-of-00008.parquet	000583
train-00007-of-00008.parquet	000311	0.0026	train-00000-of-00008.parquet	000583
train-00007-of-00008.parquet	000312	0.0027	train-00000-of-00008.parquet	000583
train-00007-of-00008.parquet	000313	0.0000		
train-00007-of-00008.parquet	000314	0.0000		
train-00007-of-00008.parquet	000315	0.0014	train-00000-of-00008.parquet	000638
train-00007-of-00008.parquet	000316	0.0034	train-00000-of-00008.parquet	000550
train-00007-of-00008.parquet	000317	0.0029	train-00000-of-00008.parquet	000583
train-00007-of-00008.parquet	000318	0.0030	train-00000-of-00008.parquet	000583
train-00007-of-00008.parquet	000319	0.0000		
train-00007-of-00008.parquet	000320	0.0029	train-00000-of-00008.parquet	000583
train-00007-of-00008.parquet	000321	0.0030	train-00000-of-00008.parquet	000638
train-00007-of-00008.parquet	000322	0.0030	train-00000-of-00008.parquet	000583
train-00007-of-00008.parquet	000323	0.0026	train-00000-of-00008.parquet	000583
train-00007-of-00008.parquet	000324	0.0014	train-00000-of-00008.parquet	000583
train-00007-of-00008.parquet	000325	0.0026	train-00000-of-00008.parquet	000583
train-00007-of-00008.parquet	000326	0.0000		
train-00007-of-00008.parquet	000327	0.0030	train-00000-of-00008.parquet	000638
train-00007-of-00008.parquet	000328	0.0026	train-00000-of-00008.parquet	000583
train-00007-of-00008.parquet	000329	0.0013	train-00000-of-00008.parquet	000638
train-00007-of-00008.parquet	000330	0.0015	train-00000-of-00008.parquet	000000
train-00007-of-00008.parquet	000331	0.0000		
train-00007-of-00008.parquet	000332	0.0044	train-00000-of-00008.parquet	000583
train-00007-of-00008.parquet	000333	0.0000		
train-00007-of-00008.parquet	000334	0.0034	train-00000-of-00008.parquet	000583
train-00007-of-00008.parquet	000335	0.0000		
train-00007-of-00008.parquet	000336	0.0000		
train-00007-of-00008.parquet	000337	0.0000		
train-00007-of-00008.parquet	000338	0.0000		
train-00007-of-00008.parquet	000339	0.0000		
train-00007-of-00008.parquet	000340	0.0000		
train-00007-of-00008.parquet	000341	0.0026	train-00000-of-00008.parquet	000066
train-00007-of-00008.parquet	000342	0.0013	train-00000-of-00008.parquet	000539
train-00007-of-00008.parquet	000343	0.0029	train-00000-of-00008.parquet	000583
train-00007-of-00008.parquet	000344	0.0013	train-00000-of-00008.parquet	000638
train-00007-of-00008.parquet	000345	0.0013	train-00000-of-00008.parquet	000660
train-00007-of-00008.parquet	000346	0.0000		
train-00007-of-00008.parquet	000347	0.0000		
train-00007-of-00008.parquet	000348	0.0038	train-00000-of-00008.parquet	000572
train-00007-of-00008.parquet	000349	0.0044	train-00000-of-00008.parquet	000000
train-00007-of-00008.parquet	000350	0.0036	train-00000-of-00008.parquet	000638
train-00007-of-00008.parquet	000351	0.0039	train-00000-of-00008.parquet	000572
train-00007-of-00008.parquet	000352	0.0033	train-00000-of-00008.parquet	000572
train-00007-of-00008.parquet	000353	0.0015	train-00000-of-00008.parquet	000066
train-00007-of-00008.parquet	000354	0.0015	train-00000-of-00008.parquet	000583
train-00007-of-00008.parquet	000355	0.0000		
train-00007-of-00008.parquet	000356	0.0027	train-00000-of-00008.parquet	000660
train-00007-of-00008.parquet	000357	0.0019	train-00000-of-00008.parquet	000539
train-00007-of-00008.parquet	000358	0.0039	train-00000-of-00008.parquet	000000
train-00007-of-00008.parquet	000359	0.0022	train-00000-of-00008.parquet	000550
train-00007-of-00008.parquet	000360	0.0016	train-00000-of-00008.parquet	000660
train-00007-of-00008.parquet	000361	0.0000		
train-00007-of-00008.parquet	000362	0.0044	train-00000-of-00008.parquet	000539
train-00007-of-00008.parquet	000363	0.0000		
train-00007-of-00008.parquet	000364	0.0000		
train-00007-of-00008.parquet	000365	0.0038	train-00000-of-00008.parquet	000638
train-00007-of-00008.parquet	000366	0.0000		
train-00007-of-00008.parquet	000367	0.0000		
train-00007-of-00008.parquet	000368	0.0031	train-00000-of-00008.parquet	000473
train-00007-of-00008.parquet	000369	0.0014	train-00000-of-00008.parquet	000594
train-00007-of-00008.parquet	000370	0.0012	train-00000-of-00008.parquet	000594
train-00007-of-00008.parquet	000371	0.0029	train-00000-of-00008.parquet	000638
train-00007-of-00008.parquet	000372	0.0000		
train-00007-of-00008.parquet	000373	0.0000		
train-00007-of-00008.parquet	000375	0.0000		
train-00007-of-00008.parquet	000376	0.0013	train-00000-of-00008.parquet	000638
train-00007-of-00008.parquet	000377	0.0000		
train-00007-of-00008.parquet	000378	0.0000		
train-00007-of-00008.parquet	000379	0.0000		
train-00007-of-00008.parquet	000380	0.0106	train-00000-of-00008.parquet	000000
train-00007-of-00008.parquet	000381	0.0111	train-00000-of-00008.parquet	000000
train-00007-of-00008.parquet	000382	0.0112	train-00000-of-00008.parquet	000000
train-00007-of-00008.parquet	000383	0.0089	train-00000-of-00008.parquet	000473
train-00007-of-00008.parquet	000384	0.0036	train-00000-of-00008.parquet	000407
train-00007-of-00008.parquet	000385	0.0000		
train-00007-of-00008.parquet	000386	0.0027	train-00000-of-00008.parquet	000440
train-00007-of-00008.parquet	000387	0.0000		
train-00007-of-00008.parquet	000388	0.0031	train-00000-of-00008.parquet	000000
train-00007-of-00008.parquet	000389	0.0000		
train-00007-of-00008.parquet	000390	0.0023	train-00000-of-00008.parquet	000539
train-00007-of-00008.parquet	000391	0.0000		
train-00007-of-00008.parquet	000392	0.0044	train-00000-of-00008.parquet	000000
train-00007-of-00008.parquet	000393	0.0000		
train-00007-of-00008.parquet	000394	0.0026	train-00000-of-00008.parquet	000583
train-00007-of-00008.parquet	000395	0.0093	train-00000-of-00008.parquet	000000
train-00007-of-00008.parquet	000396	0.0062	train-00000-of-00008.parquet	000000
train-00007-of-00008.parquet	000397	0.0020	train-00000-of-00008.parquet	000000
train-00007-of-00008.parquet	000398	0.0014	train-00000-of-00008.parquet	000385
train-00007-of-00008.parquet	000399	0.0021	train-00000-of-00008.parquet	000000
train-00007-of-00008.parquet	000400	0.0019	train-00000-of-00008.parquet	000000
train-00007-of-00008.parquet	000401	0.0025	train-00000-of-00008.parquet	000000
train-00007-of-00008.parquet	000402	0.0000		
train-00007-of-00008.parquet	000403	0.0000		
train-00007-of-00008.parquet	000404	0.0000		
train-00007-of-00008.parquet	000405	0.0019	train-00000-of-00008.parquet	000000
train-00007-of-00008.parquet	000406	0.0075	train-00000-of-00008.parquet	000000
train-00007-of-00008.parquet	000407	0.0000		
train-00007-of-00008.parquet	000408	0.0100	train-00000-of-00008.parquet	000000
train-00007-of-00008.parquet	000409	0.0052	train-00000-of-00008.parquet	000000
train-00007-of-00008.parquet	000410	0.0058	train-00000-of-00008.parquet	000000
train-00007-of-00008.parquet	000411	0.0000		
train-00007-of-00008.parquet	000412	0.0000		
train-00007-of-00008.parquet	000413	0.0000		
train-00007-of-00008.parquet	000414	0.0000		
train-00007-of-00008.parquet	000415	0.0000		
train-00007-of-00008.parquet	000416	0.0000		
train-00007-of-00008.parquet	000417	0.0000		
train-00007-of-00008.parquet	000418	0.0000		
train-00007-of-00008.parquet	000419	0.0000		
train-00007-of-00008.parquet	000420	0.0000		
train-00007-of-00008.parquet	000421	0.0000		
train-00007-of-00008.parquet	000422	0.0000		
train-00007-of-00008.parquet	000423	0.0000		
train-00007-of-00008.parquet	000424	0.0000		
train-00007-of-00008.parquet	000425	0.0000		
train-00007-of-00008.parquet	000426	0.0000		
train-00007-of-00008.parquet	000427	0.0000		
train-00007-of-00008.parquet	000428	0.0000		
train-00007-of-00008.parquet	000429	0.0000		
train-00007-of-00008.parquet	000430	0.0000		
train-00007-of-00008.parquet	000431	0.0000		
train-00007-of-00008.parquet	000432	0.0000		
train-00007-of-00008.parquet	000433	0.0000		
train-00007-of-00008.parquet	000434	0.0000		
train-00007-of-00008.parquet	000435	0.0000		
train-00007-of-00008.parquet	000436	0.0000		
train-00007-of-00008.parquet	000437	0.0000		
train-00007-of-00008.parquet	000438	0.0000		
train-00007-of-00008.parquet	000439	0.0000		
train-00007-of-00008.parquet	000440	0.0000		
train-00007-of-00008.parquet	000441	0.0000		
train-00007-of-00008.parquet	000442	0.0000		
train-00007-of-00008.parquet	000443	0.0000		
train-00007-of-00008.parquet	000444	0.0000		
train-00007-of-00008.parquet	000445	0.0000		
train-00007-of-00008.parquet	000446	0.0000		
train-00007-of-00008.parquet	000447	0.0000		
train-00007-of-00008.parquet	000448	0.0000		
train-00007-of-00008.parquet	000449	0.0000		
train-00007-of-00008.parquet	000450	0.0000		
train-00007-of-00008.parquet	000451	0.0000		
train-00007-of-00008.parquet	000452	0.0000		
train-00007-of-00008.parquet	000453	0.0000		
train-00007-of-00008.parquet	000454	0.0000		
train-00007-of-00008.parquet	000455	0.0000		
train-00007-of-00008.parquet	000456	0.0000		
train-00007-of-00008.parquet	000457	0.0000		
train-00007-of-00008.parquet	000458	0.0000		
train-00007-of-00008.parquet	000459	0.0000		
train-00007-of-00008.parquet	000460	0.0000		
train-00007-of-00008.parquet	000461	0.0000		
train-00007-of-00008.parquet	000462	0.0000		
train-00007-of-00008.parquet	000463	0.0000		
train-00007-of-00008.parquet	000464	0.0000		
train-00007-of-00008.parquet	000465	0.0000		
train-00007-of-00008.parquet	000466	0.0000		
train-00007-of-00008.parquet	000467	0.0000		
train-00007-of-00008.parquet	000468	0.0000		
train-00007-of-00008.parquet	000469	0.0000		
train-00007-of-00008.parquet	000470	0.0000		
train-00007-of-00008.parquet	000471	0.0000		
train-00007-of-00008.parquet	000472	0.0000		
train-00007-of-00008.parquet	000473	0.0000		
train-00007-of-00008.parquet	000474	0.0000		
train-00007-of-00008.parquet	000475	0.0000		
train-00007-of-00008.parquet	000476	0.0000		
train-00007-of-00008.parquet	000477	0.0000		
train-00007-of-00008.parquet	000478	0.0000		
train-00007-of-00008.parquet	000479	0.0000		
train-00007-of-00008.parquet	000480	0.0000		
train-00007-of-00008.parquet	000481	0.0024	train-00000-of-00008.parquet	000583
train-00007-of-00008.parquet	000482	0.0000		
train-00007-of-00008.parquet	000483	0.0000		
train-00007-of-00008.parquet	000484	0.0000		
train-00007-of-00008.parquet	000485	0.0000		
train-00007-of-00008.parquet	000486	0.0000		
train-00007-of-00008.parquet	000487	0.0000		
train-00007-of-00008.parquet	000488	0.0000		
train-00007-of-00008.parquet	000489	0.0000		
train-00007-of-00008.parquet	000490	0.0000		
train-00007-of-00008.parquet	000491	0.0000		
train-00007-of-00008.parquet	000492	0.0000		
train-00007-of-00008.parquet	000493	0.0000		
train-00007-of-00008.parquet	000494	0.0000		
train-00007-of-00008.parquet	000495	0.0000		
train-00007-of-00008.parquet	000496	0.0000		
train-00007-of-00008.parquet	000497	0.0000		
train-00007-of-00008.parquet	000498	0.0000		
train-00007-of-00008.parquet	000499	0.0000		
train-00007-of-00008.parquet	000500	0.0000		
train-00007-of-00008.parquet	000501	0.0000		
train-00007-of-00008.parquet	000502	0.0000		
train-00007-of-00008.parquet	000503	0.0000		
train-00007-of-00008.parquet	000504	0.0000		
train-00007-of-00008.parquet	000505	0.0000		
train-00007-of-00008.parquet	000506	0.0000		
train-00007-of-00008.parquet	000507	0.0000		
train-00007-of-00008.parquet	000508	0.0000		
train-00007-of-00008.parquet	000509	0.0000		
train-00007-of-00008.parquet	000510	0.0000		
train-00007-of-00008.parquet	000511	0.0000		
train-00007-of-00008.parquet	000512	0.0000		
train-00007-of-00008.parquet	000513	0.0000		
train-00007-of-00008.parquet	000514	0.0000		
train-00007-of-00008.parquet	000515	0.0000		
train-00007-of-00008.parquet	000516	0.0000		
train-00007-of-00008.parquet	000517	0.0000		
train-00007-of-00008.parquet	000518	0.0000		
train-00007-of-00008.parquet	000519	0.0000		
train-00007-of-00008.parquet	000520	0.0000		
train-00007-of-00008.parquet	000521	0.0000		
train-00007-of-00008.parquet	000522	0.0000		
train-00007-of-00008.parquet	000523	0.0000		
train-00007-of-00008.parquet	000524	0.0000		
train-00007-of-00008.parquet	000525	0.0000		
train-00007-of-00008.parquet	000526	0.0000		
train-00007-of-00008.parquet	000527	0.0000		
train-00007-of-00008.parquet	000528	0.0014	train-00000-of-00008.parquet	000539
train-00007-of-00008.parquet	000529	0.0030	train-00000-of-00008.parquet	000000
train-00007-of-00008.parquet	000530	0.0000		
train-00007-of-00008.parquet	000531	0.0000		
train-00007-of-00008.parquet	000532	0.0020	train-00000-of-00008.parquet	000539
train-00007-of-00008.parquet	000533	0.0000		
train-00007-of-00008.parquet	000534	0.0000		
train-00007-of-00008.parquet	000535	0.0000		
train-00007-of-00008.parquet	000536	0.0000		
train-00007-of-00008.parquet	000537	0.0021	train-00000-of-00008.parquet	000550
train-00007-of-00008.parquet	000538	0.0000		
train-00007-of-00008.parquet	000539	0.0000		
train-00007-of-00008.parquet	000540	0.0000		
train-00007-of-00008.parquet	000541	0.0000		
train-00007-of-00008.parquet	000542	0.0000		
train-00007-of-00008.parquet	000543	0.0000		
train-00007-of-00008.parquet	000544	0.0000		
train-00007-of-00008.parquet	000545	0.0000		
train-00007-of-00008.parquet	000546	0.0000		
train-00007-of-00008.parquet	000547	0.0000		
train-00007-of-00008.parquet	000548	0.0017	train-00000-of-00008.parquet	000385
train-00007-of-00008.parquet	000549	0.0000		
train-00007-of-00008.parquet	000550	0.0033	train-00000-of-00008.parquet	000539
train-00007-of-00008.parquet	000551	0.0000		
train-00007-of-00008.parquet	000552	0.0000		
train-00007-of-00008.parquet	000553	0.0000		
train-00007-of-00008.parquet	000554	0.0000		
train-00007-of-00008.parquet	000555	0.0000		
train-00007-of-00008.parquet	000556	0.0000		
train-00007-of-00008.parquet	000557	0.0000		
train-00007-of-00008.parquet	000558	0.0000		
train-00007-of-00008.parquet	000559	0.0000		
train-00007-of-00008.parquet	000560	0.0000		
train-00007-of-00008.parquet	000561	0.0000		
train-00007-of-00008.parquet	000562	0.0000		
train-00007-of-00008.parquet	000563	0.0000		
train-00007-of-00008.parquet	000564	0.0000		
train-00007-of-00008.parquet	000565	0.0000		
train-00007-of-00008.parquet	000566	0.0000		
train-00007-of-00008.parquet	000567	0.0000		
train-00007-of-00008.parquet	000568	0.0000		
train-00007-of-00008.parquet	000569	0.0000		
train-00007-of-00008.parquet	000570	0.0000		
train-00007-of-00008.parquet	000571	0.0000		
train-00007-of-00008.parquet	000572	0.0000		
train-00007-of-00008.parquet	000573	0.0000		
train-00007-of-00008.parquet	000574	0.0090	train-00000-of-00008.parquet	000000
train-00007-of-00008.parquet	000575	0.0022	train-00000-of-00008.parquet	000638
train-00007-of-00008.parquet	000576	0.0000		
train-00007-of-00008.parquet	000577	0.0000		
train-00007-of-00008.parquet	000578	0.0000		
train-00007-of-00008.parquet	000579	0.0000		
train-00007-of-00008.parquet	000580	0.0000		
train-00007-of-00008.parquet	000581	0.0000		
train-00007-of-00008.parquet	000582	0.0000		
train-00007-of-00008.parquet	000583	0.0000		
train-00007-of-00008.parquet	000584	0.0017	train-00000-of-00008.parquet	000539
train-00007-of-00008.parquet	000585	0.0000		
train-00007-of-00008.parquet	000586	0.0000		
train-00007-of-00008.parquet	000587	0.0000		
train-00007-of-00008.parquet	000588	0.0000		
train-00007-of-00008.parquet	000589	0.0000		
train-00007-of-00008.parquet	000590	0.0083	train-00000-of-00008.parquet	000000
train-00007-of-00008.parquet	000591	0.0000		
train-00007-of-00008.parquet	000592	0.0000		
train-00007-of-00008.parquet	000593	0.0000		
train-00007-of-00008.parquet	000594	0.0000		
train-00007-of-00008.parquet	000595	0.0000		
train-00007-of-00008.parquet	000596	0.0000		
train-00007-of-00008.parquet	000597	0.0000		
train-00007-of-00008.parquet	000598	0.0000		
train-00007-of-00008.parquet	000599	0.0000		
train-00007-of-00008.parquet	000600	0.0000		
train-00007-of-00008.parquet	000601	0.0000		
train-00007-of-00008.parquet	000602	0.0000		
train-00007-of-00008.parquet	000603	0.0000		
train-00007-of-00008.parquet	000604	0.0000		
train-00007-of-00008.parquet	000605	0.0000		
train-00007-of-00008.parquet	000606	0.0000		
train-00007-of-00008.parquet	000607	0.0000		
train-00007-of-00008.parquet	000608	0.0000		
train-00007-of-00008.parquet	000609	0.0000		
train-00007-of-00008.parquet	000610	0.0000		
train-00007-of-00008.parquet	000611	0.0000		
train-00007-of-00008.parquet	000612	0.0000		
train-00007-of-00008.parquet	000613	0.0000		
train-00007-of-00008.parquet	000614	0.0058	train-00000-of-00008.parquet	000473
train-00007-of-00008.parquet	000615	0.0059	train-00000-of-00008.parquet	000473
train-00007-of-00008.parquet	000616	0.0092	train-00000-of-00008.parquet	000473
train-00007-of-00008.parquet	000617	0.0000		
train-00007-of-00008.parquet	000618	0.0044	train-00000-of-00008.parquet	000000
train-00007-of-00008.parquet	000619	0.0000		
train-00007-of-00008.parquet	000620	0.0000		
train-00007-of-00008.parquet	000621	0.0000		
train-00007-of-00008.parquet	000622	0.0000		
train-00007-of-00008.parquet	000623	0.0000		
train-00007-of-00008.parquet	000624	0.0000		
train-00007-of-00008.parquet	000625	0.0000		
train-00007-of-00008.parquet	000626	0.0000		
train-00007-of-00008.parquet	000627	0.0000		
train-00007-of-00008.parquet	000628	0.0000		
train-00007-of-00008.parquet	000629	0.0000		
train-00007-of-00008.parquet	000630	0.0000		
train-00007-of-00008.parquet	000631	0.0000		
train-00007-of-00008.parquet	000632	0.0000		
train-00007-of-00008.parquet	000633	0.0000		
train-00007-of-00008.parquet	000634	0.0000		
train-00007-of-00008.parquet	000635	0.0000		
train-00007-of-00008.parquet	000636	0.0089	train-00000-of-00008.parquet	000000
train-00007-of-00008.parquet	000637	0.0046	train-00000-of-00008.parquet	000000
train-00007-of-00008.parquet	000638	0.0000		
train-00007-of-00008.parquet	000639	0.0000		
train-00007-of-00008.parquet	000640	0.0000		
train-00007-of-00008.parquet	000641	0.0000		
train-00007-of-00008.parquet	000642	0.0000		
train-00007-of-00008.parquet	000643	0.0000		
train-00007-of-00008.parquet	000644	0.0020	train-00000-of-00008.parquet	000385
train-00007-of-00008.parquet	000645	0.0000		
train-00007-of-00008.parquet	000646	0.0000		
train-00007-of-00008.parquet	000647	0.0000		
train-00007-of-00008.parquet	000648	0.0000		
train-00007-of-00008.parquet	000649	0.0000		
train-00007-of-00008.parquet	000650	0.0000		
train-00007-of-00008.parquet	000651	0.0089	train-00000-of-00008.parquet	000473
train-00007-of-00008.parquet	000652	0.0036	train-00000-of-00008.parquet	000407
train-00007-of-00008.parquet	000653	0.0000		
train-00007-of-00008.parquet	000654	0.0027	train-00000-of-00008.parquet	000440
train-00007-of-00008.parquet	000655	0.0000		
train-00007-of-00008.parquet	000656	0.0031	train-00000-of-00008.parquet	000000
train-00007-of-00008.parquet	000657	0.0000		
train-00007-of-00008.parquet	000658	0.0023	train-00000-of-00008.parquet	000539
train-00007-of-00008.parquet	000659	0.0000		
train-00007-of-00008.parquet	000660	0.0044	train-00000-of-00008.parquet	000000
train-00007-of-00008.parquet	000661	0.0000		
train-00007-of-00008.parquet	000662	0.0026	train-00000-of-00008.parquet	000583
train-00007-of-00008.parquet	000663	0.0093	train-00000-of-00008.parquet	000000
train-00007-of-00008.parquet	000664	0.0062	train-00000-of-00008.parquet	000000
train-00007-of-00008.parquet	000665	0.0020	train-00000-of-00008.parquet	000000
train-00007-of-00008.parquet	000666	0.0014	train-00000-of-00008.parquet	000385
train-00007-of-00008.parquet	000667	0.0021	train-00000-of-00008.parquet	000000
train-00007-of-00008.parquet	000668	0.0019	train-00000-of-00008.parquet	000000
train-00007-of-00008.parquet	000669	0.0025	train-00000-of-00008.parquet	000000
train-00007-of-00008.parquet	000670	0.0000		
train-00007-of-00008.parquet	000671	0.0000		
train-00007-of-00008.parquet	000672	0.0000		
train-00007-of-00008.parquet	000673	0.0019	train-00000-of-00008.parquet	000000
train-00007-of-00008.parquet	000674	0.0075	train-00000-of-00008.parquet	000000
train-00007-of-00008.parquet	000675	0.0000		
train-00007-of-00008.parquet	000676	0.0100	train-00000-of-00008.parquet	000000
train-00007-of-00008.parquet	000677	0.0052	train-00000-of-00008.parquet	000000
train-00007-of-00008.parquet	000678	0.0058	train-00000-of-00008.parquet	000000
train-00007-of-00008.parquet	000679	0.0000		
train-00007-of-00008.parquet	000680	0.0000		
train-00007-of-00008.parquet	000681	0.0000		
train-00007-of-00008.parquet	000682	0.0000		
train-00007-of-00008.parquet	000683	0.0000		
train-00007-of-00008.parquet	000684	0.0000		
train-00007-of-00008.parquet	000685	0.0000		
train-00007-of-00008.parquet	000686	0.0000		
train-00007-of-00008.parquet	000687	0.0000		
train-00007-of-00008.parquet	000688	0.0000		
train-00007-of-00008.parquet	000689	0.0000		
train-00007-of-00008.parquet	000690	0.0000		
train-00007-of-00008.parquet	000691	0.0000		
train-00007-of-00008.parquet	000692	0.0000		
train-00007-of-00008.parquet	000693	0.0000		
train-00007-of-00008.parquet	000694	0.0000		
train-00007-of-00008.parquet	000695	0.0000		
train-00007-of-00008.parquet	000696	0.0000		
train-00007-of-00008.parquet	000697	0.0000		
train-00007-of-00008.parquet	000698	0.0000		
train-00007-of-00008.parquet	000699	0.0000		
train-00007-of-00008.parquet	000700	0.0000		
train-00007-of-00008.parquet	000701	0.0000		
train-00007-of-00008.parquet	000702	0.0000		
train-00007-of-00008.parquet	000703	0.0000		
train-00007-of-00008.parquet	000704	0.0000		
train-00007-of-00008.parquet	000705	0.0000		
train-00007-of-00008.parquet	000706	0.0000		
train-00007-of-00008.parquet	000707	0.0000		
train-00007-of-00008.parquet	000708	0.0000		
train-00007-of-00008.parquet	000709	0.0000		
train-00007-of-00008.parquet	000710	0.0000		
train-00007-of-00008.parquet	000711	0.0000		
train-00007-of-00008.parquet	000712	0.0000		
train-00007-of-00008.parquet	000713	0.0000		
train-00007-of-00008.parquet	000714	0.0000		
train-00007-of-00008.parquet	000715	0.0000		
train-00007-of-00008.parquet	000716	0.0000		
train-00007-of-00008.parquet	000717	0.0000		
train-00007-of-00008.parquet	000718	0.0000		
train-00007-of-00008.parquet	000719	0.0000		
train-00007-of-00008.parquet	000720	0.0000		
train-00007-of-00008.parquet	000721	0.0000		
train-00007-of-00008.parquet	000722	0.0000		
train-00007-of-00008.parquet	000723	0.0000		
train-00007-of-00008.parquet	000724	0.0000		
train-00007-of-00008.parquet	000725	0.0000		
train-00007-of-00008.parquet	000726	0.0000		
train-00007-of-00008.parquet	000727	0.0000		
train-00007-of-00008.parquet	000728	0.0000		
train-00007-of-00008.parquet	000729	0.0000		
train-00007-of-00008.parquet	000730	0.0000		
train-00007-of-00008.parquet	000731	0.0000		
train-00007-of-00008.parquet	000732	0.0000		
train-00007-of-00008.parquet	000733	0.0000		
train-00007-of-00008.parquet	000734	0.0000		
train-00007-of-00008.parquet	000735	0.0000		
train-00007-of-00008.parquet	000736	0.0000		
train-00007-of-00008.parquet	000737	0.0000		
train-00007-of-00008.parquet	000738	0.0000		
train-00007-of-00008.parquet	000739	0.0000		
train-00007-of-00008.parquet	000740	0.0000		
train-00007-of-00008.parquet	000741	0.0000		
train-00007-of-00008.parquet	000742	0.0000		
train-00007-of-00008.parquet	000743	0.0000		
train-00007-of-00008.parquet	000744	0.0000		
train-00007-of-00008.parquet	000745	0.0000		
train-00007-of-00008.parquet	000746	0.0000		
train-00007-of-00008.parquet	000747	0.0000		
train-00007-of-00008.parquet	000748	0.0000		
train-00007-of-00008.parquet	000749	0.0024	train-00000-of-00008.parquet	000583
train-00007-of-00008.parquet	000750	0.0000		
train-00007-of-00008.parquet	000751	0.0000		
train-00007-of-00008.parquet	000752	0.0000		
train-00007-of-00008.parquet	000753	0.0000		
train-00007-of-00008.parquet	000754	0.0000		
train-00007-of-00008.parquet	000755	0.0000		
train-00007-of-00008.parquet	000756	0.0000		
train-00007-of-00008.parquet	000757	0.0000		
train-00007-of-00008.parquet	000758	0.0000		
train-00007-of-00008.parquet	000759	0.0000		
train-00007-of-00008.parquet	000760	0.0000		
train-00007-of-00008.parquet	000761	0.0000		
train-00007-of-00008.parquet	000762	0.0000		
train-00007-of-00008.parquet	000763	0.0000		
train-00007-of-00008.parquet	000764	0.0000		
train-00007-of-00008.parquet	000765	0.0000		
train-00007-of-00008.parquet	000766	0.0000		
train-00007-of-00008.parquet	000767	0.0000		
train-00007-of-00008.parquet	000768	0.0000		
train-00007-of-00008.parquet	000769	0.0000		
train-00007-of-00008.parquet	000770	0.0000		
train-00007-of-00008.parquet	000771	0.0000		
train-00007-of-00008.parquet	000772	0.0000		
train-00007-of-00008.parquet	000773	0.0000		
train-00007-of-00008.parquet	000774	0.0000		
train-00007-of-00008.parquet	000775	0.0000		
train-00007-of-00008.parquet	000776	0.0000		
train-00007-of-00008.parquet	000777	0.0000		
train-00007-of-00008.parquet	000778	0.0000		
train-00007-of-00008.parquet	000779	0.0000		
train-00007-of-00008.parquet	000780	0.0000		
train-00007-of-00008.parquet	000781	0.0000		
train-00007-of-00008.parquet	000782	0.0000		
train-00007-of-00008.parquet	000783	0.0000		
train-00007-of-00008.parquet	000784	0.0000		
train-00007-of-00008.parquet	000785	0.0000		
train-00007-of-00008.parquet	000786	0.0000		
train-00007-of-00008.parquet	000787	0.0000		
train-00007-of-00008.parquet	000788	0.0000		
train-00007-of-00008.parquet	000789	0.0000		
train-00007-of-00008.parquet	000790	0.0000		
train-00007-of-00008.parquet	000791	0.0000		
train-00007-of-00008.parquet	000792	0.0000		
train-00007-of-00008.parquet	000793	0.0000		
train-00007-of-00008.parquet	000794	0.0000		
train-00007-of-00008.parquet	000795	0.0000		
train-00007-of-00008.parquet	000796	0.0014	train-00000-of-00008.parquet	000539
train-00007-of-00008.parquet	000797	0.0030	train-00000-of-00008.parquet	000000
train-00007-of-00008.parquet	000798	0.0000		
train-00007-of-00008.parquet	000799	0.0000		
train-00007-of-00008.parquet	000800	0.0020	train-00000-of-00008.parquet	000539
train-00007-of-00008.parquet	000801	0.0000		
train-00007-of-00008.parquet	000802	0.0000		
train-00007-of-00008.parquet	000803	0.0000		
train-00007-of-00008.parquet	000804	0.0000		
train-00007-of-00008.parquet	000805	0.0021	train-00000-of-00008.parquet	000550
train-00007-of-00008.parquet	000806	0.0000		
train-00007-of-00008.parquet	000807	0.0000		
train-00007-of-00008.parquet	000808	0.0000		
train-00007-of-00008.parquet	000809	0.0000		
train-00007-of-00008.parquet	000810	0.0000		
train-00007-of-00008.parquet	000811	0.0000		
train-00007-of-00008.parquet	000812	0.0000		
train-00007-of-00008.parquet	000813	0.0000		
train-00007-of-00008.parquet	000814	0.0000		
train-00007-of-00008.parquet	000815	0.0000		
train-00007-of-00008.parquet	000816	0.0017	train-00000-of-00008.parquet	000385
train-00007-of-00008.parquet	000817	0.0000		
train-00007-of-00008.parquet	000818	0.0033	train-00000-of-00008.parquet	000539
train-00007-of-00008.parquet	000819	0.0000		
train-00007-of-00008.parquet	000820	0.0000		
train-00007-of-00008.parquet	000821	0.0000		
train-00007-of-00008.parquet	000822	0.0000		
train-00007-of-00008.parquet	000823	0.0000		
train-00007-of-00008.parquet	000824	0.0000		
train-00007-of-00008.parquet	000825	0.0000		
train-00007-of-00008.parquet	000826	0.0000		
train-00007-of-00008.parquet	000827	0.0000		
train-00007-of-00008.parquet	000828	0.0000		
train-00007-of-00008.parquet	000829	0.0000		
train-00007-of-00008.parquet	000830	0.0000		
train-00007-of-00008.parquet	000831	0.0000		
train-00007-of-00008.parquet	000832	0.0000		
train-00007-of-00008.parquet	000833	0.0000		
train-00007-of-00008.parquet	000834	0.0000		
train-00007-of-00008.parquet	000835	0.0000		
train-00007-of-00008.parquet	000836	0.0000		
train-00007-of-00008.parquet	000837	0.0000		
train-00007-of-00008.parquet	000838	0.0000		
train-00007-of-00008.parquet	000839	0.0000		
train-00007-of-00008.parquet	000840	0.0000		
train-00007-of-00008.parquet	000841	0.0000		
train-00007-of-00008.parquet	000842	0.0090	train-00000-of-00008.parquet	000000
train-00007-of-00008.parquet	000843	0.0022	train-00000-of-00008.parquet	000638
train-00007-of-00008.parquet	000844	0.0000		
train-00007-of-00008.parquet	000845	0.0000		
train-00007-of-00008.parquet	000846	0.0000		
train-00007-of-00008.parquet	000847	0.0000		
train-00007-of-00008.parquet	000848	0.0000		
train-00007-of-00008.parquet	000849	0.0000		
train-00007-of-00008.parquet	000850	0.0000		
train-00007-of-00008.parquet	000851	0.0000		
train-00007-of-00008.parquet	000852	0.0017	train-00000-of-00008.parquet	000539
train-00007-of-00008.parquet	000853	0.0000		
train-00007-of-00008.parquet	000854	0.0000		
train-00007-of-00008.parquet	000855	0.0000		
train-00007-of-00008.parquet	000856	0.0000		
train-00007-of-00008.parquet	000857	0.0000		
train-00007-of-00008.parquet	000858	0.0083	train-00000-of-00008.parquet	000000
train-00007-of-00008.parquet	000859	0.0000		
train-00007-of-00008.parquet	000860	0.0000		
train-00007-of-00008.parquet	000861	0.0000		
train-00007-of-00008.parquet	000862	0.0000		
train-00007-of-00008.parquet	000863	0.0000		
train-00007-of-00008.parquet	000864	0.0000		
train-00007-of-00008.parquet	000865	0.0000		
train-00007-of-00008.parquet	000866	0.0000		
train-00007-of-00008.parquet	000867	0.0000		
train-00007-of-00008.parquet	000868	0.0000		
train-00007-of-00008.parquet	000869	0.0000		
train-00007-of-00008.parquet	000870	0.0000		
train-00007-of-00008.parquet	000871	0.0000		
train-00007-of-00008.parquet	000872	0.0000		
train-00007-of-00008.parquet	000873	0.0000		
train-00007-of-00008.parquet	000874	0.0000		
train-00007-of-00008.parquet	000875	0.0000		
train-00007-of-00008.parquet	000876	0.0000		
train-00007-of-00008.parquet	000877	0.0000		
train-00007-of-00008.parquet	000878	0.0000		
train-00007-of-00008.parquet	000879	0.0000		
train-00007-of-00008.parquet	000880	0.0000		
train-00007-of-00008.parquet	000881	0.0000		
train-00007-of-00008.parquet	000882	0.0058	train-00000-of-00008.parquet	000473
train-00007-of-00008.parquet	000883	0.0059	train-00000-of-00008.parquet	000473
train-00007-of-00008.parquet	000884	0.0092	train-00000-of-00008.parquet	000473
train-00007-of-00008.parquet	000885	0.0000		
train-00007-of-00008.parquet	000886	0.0044	train-00000-of-00008.parquet	000000
train-00007-of-00008.parquet	000887	0.0000		
train-00007-of-00008.parquet	000888	0.0000		
train-00007-of-00008.parquet	000889	0.0000		
train-00007-of-00008.parquet	000890	0.0000		
train-00007-of-00008.parquet	000891	0.0000		
train-00007-of-00008.parquet	000892	0.0000		
train-00007-of-00008.parquet	000893	0.0000		
train-00007-of-00008.parquet	000894	0.0000		
train-00007-of-00008.parquet	000895	0.0000		
train-00007-of-00008.parquet	000896	0.0000		
train-00007-of-00008.parquet	000897	0.0000		
train-00007-of-00008.parquet	000898	0.0000		
train-00007-of-00008.parquet	000899	0.0000		
train-00007-of-00008.parquet	000900	0.0000		
train-00007-of-00008.parquet	000901	0.0000		
train-00007-of-00008.parquet	000902	0.0000		
train-00007-of-00008.parquet	000903	0.0000		
train-00007-of-00008.parquet	000904	0.0089	train-00000-of-00008.parquet	000000
train-00007-of-00008.parquet	000905	0.0046	train-00000-of-00008.parquet	000000
train-00007-of-00008.parquet	000906	0.0000		
train-00007-of-00008.parquet	000907	0.0000		
train-00007-of-00008.parquet	000908	0.0000		
train-00007-of-00008.parquet	000909	0.0000		
train-00007-of-00008.parquet	000910	0.0000		
train-00007-of-00008.parquet	000911	0.0000		
train-00007-of-00008.parquet	000912	0.0020	train-00000-of-00008.parquet	000385
train-00007-of-00008.parquet	000913	0.0000		
train-00007-of-00008.parquet	000914	0.0000		
train-00007-of-00008.parquet	000915	0.0000		
train-00007-of-00008.parquet	000916	0.0000		
train-00007-of-00008.parquet	000917	0.0000		
train-00007-of-00008.parquet	000918	0.0000		
train-00007-of-00008.parquet	000919	0.0108	train-00000-of-00008.parquet	000473
train-00007-of-00008.parquet	000920	0.0000		
train-00007-of-00008.parquet	000921	0.0000		
train-00007-of-00008.parquet	000922	0.0000		
train-00007-of-00008.parquet	000923	0.0063	train-00000-of-00008.parquet	000473
train-00007-of-00008.parquet	000924	0.0000		
train-00007-of-00008.parquet	000925	0.0000		
train-00007-of-00008.parquet	000926	0.0000		
train-00007-of-00008.parquet	000927	0.0000		
train-00007-of-00008.parquet	000928	0.0000		
train-00007-of-00008.parquet	000929	0.0212	train-00000-of-00008.parquet	000000
train-00007-of-00008.parquet	000930	0.0019	train-00000-of-00008.parquet	000440
train-00007-of-00008.parquet	000931	0.0000		
train-00007-of-00008.parquet	000932	0.0123	train-00000-of-00008.parquet	000473
train-00007-of-00008.parquet	000933	0.0000		
train-00007-of-00008.parquet	000934	0.7179	train-00000-of-00008.parquet	000429
train-00007-of-00008.parquet	000935	0.0000		
train-00007-of-00008.parquet	000936	0.0000		
train-00007-of-00008.parquet	000937	0.0000		
train-00007-of-00008.parquet	000938	0.0021	train-00000-of-00008.parquet	000583
train-00007-of-00008.parquet	000939	0.0000		
train-00007-of-00008.parquet	000941	0.0000		
train-00007-of-00008.parquet	000942	0.0000		
train-00007-of-00008.parquet	000943	0.0000		
train-00007-of-00008.parquet	000944	0.0000		
train-00007-of-00008.parquet	000945	0.0000		
train-00007-of-00008.parquet	000946	0.0000		
train-00007-of-00008.parquet	000947	0.0000		
train-00007-of-00008.parquet	000948	0.0000		
train-00007-of-00008.parquet	000949	0.0000		
train-00007-of-00008.parquet	000950	0.0000		
train-00007-of-00008.parquet	000951	0.0023	train-00000-of-00008.parquet	000660
train-00007-of-00008.parquet	000952	0.0023	train-00000-of-00008.parquet	000451
train-00007-of-00008.parquet	000953	0.0047	train-00000-of-00008.parquet	000451
train-00007-of-00008.parquet	000954	0.0073	train-00000-of-00008.parquet	000451
train-00007-of-00008.parquet	000955	0.0046	train-00000-of-00008.parquet	000451
train-00007-of-00008.parquet	000956	0.0054	train-00000-of-00008.parquet	000495
train-00007-of-00008.parquet	000957	0.0000		
train-00007-of-00008.parquet	000958	0.0021	train-00000-of-00008.parquet	000022
train-00007-of-00008.parquet	000959	0.0000		
train-00007-of-00008.parquet	000960	0.0000		
train-00007-of-00008.parquet	000961	0.0137	train-00000-of-00008.parquet	000473
train-00007-of-00008.parquet	000962	0.2403	train-00000-of-00008.parquet	000473
train-00007-of-00008.parquet	000963	0.0032	train-00000-of-00008.parquet	000385
train-00007-of-00008.parquet	000964	0.0000		
train-00007-of-00008.parquet	000965	0.0000		
train-00007-of-00008.parquet	000966	0.0088	train-00000-of-00008.parquet	000000
train-00007-of-00008.parquet	000967	0.0098	train-00000-of-00008.parquet	000000
train-00007-of-00008.parquet	000968	0.0095	train-00000-of-00008.parquet	000000
train-00007-of-00008.parquet	000969	0.0000		
train-00007-of-00008.parquet	000970	0.0108	train-00000-of-00008.parquet	000000
train-00007-of-00008.parquet	000971	0.0100	train-00000-of-00008.parquet	000000
train-00007-of-00008.parquet	000972	0.0216	train-00000-of-00008.parquet	000473
train-00007-of-00008.parquet	000973	0.0000		
train-00007-of-00008.parquet	000974	0.0024	train-00000-of-00008.parquet	000396
train-00007-of-00008.parquet	000975	0.0024	train-00000-of-00008.parquet	000396
train-00007-of-00008.parquet	000976	0.0000		
train-00007-of-00008.parquet	000977	0.0262	train-00000-of-00008.parquet	000407
train-00007-of-00008.parquet	000978	0.0057	train-00000-of-00008.parquet	000396
train-00007-of-00008.parquet	000979	0.0035	train-00000-of-00008.parquet	000385
train-00007-of-00008.parquet	000981	0.0123	train-00000-of-00008.parquet	000473
train-00007-of-00008.parquet	000982	0.0000		
train-00007-of-00008.parquet	000983	0.5957	train-00000-of-00008.parquet	000429
train-00007-of-00008.parquet	000984	0.0103	train-00000-of-00008.parquet	000000
train-00007-of-00008.parquet	000985	0.2480	train-00000-of-00008.parquet	000473
train-00007-of-00008.parquet	000986	0.1290	train-00000-of-00008.parquet	000473
train-00007-of-00008.parquet	000987	0.0028	train-00000-of-00008.parquet	000385
train-00007-of-00008.parquet	000988	0.0045	train-00000-of-00008.parquet	000385
train-00007-of-00008.parquet	000989	0.0102	train-00000-of-00008.parquet	000000
train-00007-of-00008.parquet	000990	0.0104	train-00000-of-00008.parquet	000000
train-00007-of-00008.parquet	000991	0.0101	train-00000-of-00008.parquet	000000
train-00007-of-00008.parquet	000992	0.0099	train-00000-of-00008.parquet	000000
train-00007-of-00008.parquet	000993	0.0092	train-00000-of-00008.parquet	000000
train-00007-of-00008.parquet	000994	0.0111	train-00000-of-00008.parquet	000000
